"id","dishname","dishcode","reciepeitemname","pgNo","receipescoop","qty","inGm","inML","inPiece","comments","created_at"
1,"CHOLE BHATURE","D002","tea powder","6B","staff rice_gm_reciepe",125,125,NULL,NULL,"Seed from catalog.js","2026-09-20 11:00:52.316435+00"
2,"ONION PARATHA","D005","haldi powder","11","staff rice_gm_reciepe",200,200,NULL,NULL,"Seed from catalog.js","2026-09-20 11:00:52.316435+00"
3,"CHOLE  KULCHE","D001","staff rice","4","staff rice_gm_reciepe",100,100,NULL,NULL,"Seed from catalog.js","2026-09-20 11:00:52.316435+00"
4,"PINDI  CHOLE","D003","oil tin","7","staff rice_gm_reciepe",150,150,NULL,NULL,"Seed from catalog.js","2026-09-20 11:00:52.316435+00"
5,"EXTRA  KULCHA","D004","chilly powder","10","staff rice_gm_reciepe",175,175,NULL,NULL,"Seed from catalog.js","2026-09-20 11:00:52.316435+00"
6,"OTHER","D174","AMUL CREAM","76","AMUL CREAM_gm_reciepe",1,NULL,NULL,NULL,"","2026-09-20 11:01:17.762969+00"
7,"OTHER","D174","ALOO GOBI MATAR","D057","ALOO GOBI MATAR_1_portion",1,NULL,NULL,NULL,"","2026-09-20 11:01:17.762969+00"
8,"OTHER","D174","totalingredientsqty",NULL,NULL,2,NULL,NULL,NULL,"","2026-09-20 11:01:17.762969+00"
9,"OTHER","D174","totalprocessedqty",NULL,NULL,2,NULL,NULL,NULL,"","2026-09-20 11:01:17.762969+00"
10,"OTHER","D174","dish_out",NULL,NULL,NULL,0,0,0,"","2026-09-20 11:01:17.762969+00"
11,"VEG FRIED RICE","D034","ajinomoto","40","ajinomoto_gm_reciepe",15,NULL,NULL,NULL,"","2026-09-20 11:17:56.171747+00"
12,"VEG FRIED RICE","D034","ajinomoto","40","ajinomoto_gm_reciepe",15,NULL,NULL,NULL,"","2026-09-20 11:17:56.175601+00"
13,"VEG FRIED RICE","D034","black pepper","39B","black pepper_gm_reciepe",15,NULL,NULL,NULL,"","2026-09-20 11:17:56.171747+00"
14,"VEG FRIED RICE","D034","black pepper","39B","black pepper_gm_reciepe",15,NULL,NULL,NULL,"","2026-09-20 11:17:56.175601+00"
15,"VEG FRIED RICE","D034","Garlic","V10","Garlic_gm_reciepe",20,NULL,NULL,NULL,"","2026-09-20 11:17:56.171747+00"
16,"VEG FRIED RICE","D034","Garlic","V10","Garlic_gm_reciepe",20,NULL,NULL,NULL,"","2026-09-20 11:17:56.175601+00"
17,"VEG FRIED RICE","D034","Green Chilli","V2","Green Chilli_gm_reciepe",10,NULL,NULL,NULL,"","2026-09-20 11:17:56.171747+00"
18,"VEG FRIED RICE","D034","Green Chilli","V2","Green Chilli_gm_reciepe",10,NULL,NULL,NULL,"","2026-09-20 11:17:56.175601+00"
19,"VEG FRIED RICE","D034","Onion","V11","Onion_gm_reciepe",20,NULL,NULL,NULL,"","2026-09-20 11:17:56.171747+00"
20,"VEG FRIED RICE","D034","Onion","V11","Onion_gm_reciepe",20,NULL,NULL,NULL,"","2026-09-20 11:17:56.175601+00"
21,"VEG FRIED RICE","D034","salt","27A","salt_gm_reciepe",5,NULL,NULL,NULL,"","2026-09-20 11:17:56.171747+00"
22,"VEG FRIED RICE","D034","salt","27A","salt_gm_reciepe",5,NULL,NULL,NULL,"","2026-09-20 11:17:56.175601+00"
23,"VEG FRIED RICE","D034","soya sauce","43A","soya sauce_gm_reciepe",10,NULL,NULL,NULL,"","2026-09-20 11:17:56.171747+00"
24,"VEG FRIED RICE","D034","soya sauce","43A","soya sauce_gm_reciepe",10,NULL,NULL,NULL,"","2026-09-20 11:17:56.175601+00"
25,"VEG FRIED RICE","D034","white pepper","39A","white pepper_gm_reciepe",15,NULL,NULL,NULL,"","2026-09-20 11:17:56.171747+00"
26,"VEG FRIED RICE","D034","white pepper","39A","white pepper_gm_reciepe",15,NULL,NULL,NULL,"","2026-09-20 11:17:56.175601+00"
27,"VEG FRIED RICE","D034","PROCESSED RICE","P1","PROCESSED RICE_1_portion",200,NULL,NULL,NULL,"","2026-09-20 11:17:56.175601+00"
28,"VEG FRIED RICE","D034","PROCESSED RICE","P1","PROCESSED RICE_1_portion",200,NULL,NULL,NULL,"","2026-09-20 11:17:56.171747+00"
29,"VEG FRIED RICE","D034","totalingredientsqty",NULL,NULL,110,NULL,NULL,NULL,"","2026-09-20 11:17:56.175601+00"
30,"VEG FRIED RICE","D034","totalingredientsqty",NULL,NULL,110,NULL,NULL,NULL,"","2026-09-20 11:17:56.171747+00"
31,"VEG FRIED RICE","D034","totalprocessedqty",NULL,NULL,200,NULL,NULL,NULL,"","2026-09-20 11:17:56.175601+00"
32,"VEG FRIED RICE","D034","totalprocessedqty",NULL,NULL,200,NULL,NULL,NULL,"","2026-09-20 11:17:56.171747+00"
33,"VEG FRIED RICE","D034","dish_out",NULL,"VEG FRIED RICE                  _1_portion",NULL,0,0,0,"","2026-09-20 11:17:56.171747+00"
34,"VEG FRIED RICE","D034","dish_out",NULL,"VEG FRIED RICE                  _1_portion",NULL,0,0,0,"","2026-09-20 11:17:56.175601+00"
35,"VEG FRIED RICE","D034","ajinomoto","40","ajinomoto_gm_reciepe",15,NULL,NULL,NULL,"","2026-09-20 11:17:56.205596+00"
36,"VEG FRIED RICE","D034","ajinomoto","40","ajinomoto_gm_reciepe",15,NULL,NULL,NULL,"","2026-09-20 11:17:56.206267+00"
37,"VEG FRIED RICE","D034","black pepper","39B","black pepper_gm_reciepe",15,NULL,NULL,NULL,"","2026-09-20 11:17:56.205596+00"
38,"VEG FRIED RICE","D034","black pepper","39B","black pepper_gm_reciepe",15,NULL,NULL,NULL,"","2026-09-20 11:17:56.206267+00"
39,"VEG FRIED RICE","D034","Garlic","V10","Garlic_gm_reciepe",20,NULL,NULL,NULL,"","2026-09-20 11:17:56.205596+00"
40,"VEG FRIED RICE","D034","Garlic","V10","Garlic_gm_reciepe",20,NULL,NULL,NULL,"","2026-09-20 11:17:56.206267+00"
41,"VEG FRIED RICE","D034","Green Chilli","V2","Green Chilli_gm_reciepe",10,NULL,NULL,NULL,"","2026-09-20 11:17:56.205596+00"
42,"VEG FRIED RICE","D034","Green Chilli","V2","Green Chilli_gm_reciepe",10,NULL,NULL,NULL,"","2026-09-20 11:17:56.206267+00"
43,"VEG FRIED RICE","D034","Onion","V11","Onion_gm_reciepe",20,NULL,NULL,NULL,"","2026-09-20 11:17:56.205596+00"
44,"VEG FRIED RICE","D034","Onion","V11","Onion_gm_reciepe",20,NULL,NULL,NULL,"","2026-09-20 11:17:56.206267+00"
45,"VEG FRIED RICE","D034","salt","27A","salt_gm_reciepe",5,NULL,NULL,NULL,"","2026-09-20 11:17:56.205596+00"
46,"VEG FRIED RICE","D034","salt","27A","salt_gm_reciepe",5,NULL,NULL,NULL,"","2026-09-20 11:17:56.206267+00"
47,"VEG FRIED RICE","D034","soya sauce","43A","soya sauce_gm_reciepe",10,NULL,NULL,NULL,"","2026-09-20 11:17:56.205596+00"
48,"VEG FRIED RICE","D034","soya sauce","43A","soya sauce_gm_reciepe",10,NULL,NULL,NULL,"","2026-09-20 11:17:56.206267+00"
49,"VEG FRIED RICE","D034","white pepper","39A","white pepper_gm_reciepe",15,NULL,NULL,NULL,"","2026-09-20 11:17:56.205596+00"
50,"VEG FRIED RICE","D034","white pepper","39A","white pepper_gm_reciepe",15,NULL,NULL,NULL,"","2026-09-20 11:17:56.206267+00"
51,"VEG FRIED RICE","D034","PROCESSED RICE","P1","PROCESSED RICE_1_portion",200,NULL,NULL,NULL,"","2026-09-20 11:17:56.205596+00"
52,"VEG FRIED RICE","D034","PROCESSED RICE","P1","PROCESSED RICE_1_portion",200,NULL,NULL,NULL,"","2026-09-20 11:17:56.206267+00"
53,"VEG FRIED RICE","D034","totalingredientsqty",NULL,NULL,110,NULL,NULL,NULL,"","2026-09-20 11:17:56.205596+00"
54,"VEG FRIED RICE","D034","totalingredientsqty",NULL,NULL,110,NULL,NULL,NULL,"","2026-09-20 11:17:56.206267+00"
55,"VEG FRIED RICE","D034","totalprocessedqty",NULL,NULL,200,NULL,NULL,NULL,"","2026-09-20 11:17:56.205596+00"
56,"VEG FRIED RICE","D034","totalprocessedqty",NULL,NULL,200,NULL,NULL,NULL,"","2026-09-20 11:17:56.206267+00"
57,"VEG FRIED RICE","D034","dish_out",NULL,"VEG FRIED RICE                  _1_portion",NULL,0,0,0,"","2026-09-20 11:17:56.205596+00"
58,"VEG FRIED RICE","D034","dish_out",NULL,"VEG FRIED RICE                  _1_portion",NULL,0,0,0,"","2026-09-20 11:17:56.206267+00"
59,"Arrabiata Pasta","D160","black pepper","39B","black pepper_gm_reciepe",10,NULL,NULL,NULL,"","2026-09-20 11:19:36.972898+00"
60,"Arrabiata Pasta","D160","Broccoli","V15","Broccoli_gm_reciepe",10,NULL,NULL,NULL,"","2026-09-20 11:19:36.972898+00"
61,"Arrabiata Pasta","D160","cheese processed","81","cheese processed_gm_reciepe",30,NULL,NULL,NULL,"","2026-09-20 11:19:36.972898+00"
62,"Arrabiata Pasta","D160","corn","80","corn_gm_reciepe",10,NULL,NULL,NULL,"","2026-09-20 11:19:36.972898+00"
63,"Arrabiata Pasta","D160","RICH COOKING CREAM","75","RICH COOKING CREAM_gm_reciepe",350,NULL,NULL,NULL,"","2026-09-20 11:19:36.972898+00"
64,"Arrabiata Pasta","D160","Capsicum","V1","Capsicum_gm_reciepe",10,NULL,NULL,NULL,"","2026-09-20 11:19:36.972898+00"
65,"Arrabiata Pasta","D160","chilli flake","61","chilli flake_gm_reciepe",7,NULL,NULL,NULL,"","2026-09-20 11:19:36.972898+00"
66,"Arrabiata Pasta","D160","oregano","62","oregano_gm_reciepe",7,NULL,NULL,NULL,"","2026-09-20 11:19:36.972898+00"
67,"Arrabiata Pasta","D160","Garlic","V10","Garlic_gm_reciepe",3,NULL,NULL,NULL,"","2026-09-20 11:19:36.972898+00"
68,"Arrabiata Pasta","D160","olive","35A","olive_gm_reciepe",5,NULL,NULL,NULL,"","2026-09-20 11:19:36.972898+00"
69,"Arrabiata Pasta","D160","salt","27A","salt_gm_reciepe",10,NULL,NULL,NULL,"","2026-09-20 11:19:36.972898+00"
70,"Arrabiata Pasta","D160","white pepper","39A","white pepper_gm_reciepe",10,NULL,NULL,NULL,"","2026-09-20 11:19:36.972898+00"
71,"Arrabiata Pasta","D160","PASTA PROCESSED","P7","PASTA PROCESSED_1_portion",250,NULL,NULL,NULL,"","2026-09-20 11:19:36.972898+00"
72,"Arrabiata Pasta","D160","totalingredientsqty",NULL,NULL,462,NULL,NULL,NULL,"","2026-09-20 11:19:36.972898+00"
73,"Arrabiata Pasta","D160","totalprocessedqty",NULL,NULL,250,NULL,NULL,NULL,"","2026-09-20 11:19:36.972898+00"
74,"Arrabiata Pasta","D160","dish_out",NULL,"Arrabiata Pasta _1_portion",NULL,0,0,0,"","2026-09-20 11:19:36.972898+00"
75,"CHEESE  BURGER","D147","aloo tikki","77A","aloo tikki_gm_reciepe",70,NULL,NULL,NULL,"","2026-09-20 11:28:38.439463+00"
76,"CHEESE  BURGER","D147","cheese processed","81","cheese processed_gm_reciepe",10,NULL,NULL,NULL,"","2026-09-20 11:28:38.439463+00"
77,"CHEESE  BURGER","D147","cheese 1pc","82A","cheese 1pc_gm_reciepe",10,NULL,NULL,NULL,"","2026-09-20 11:28:38.439463+00"
78,"CHEESE  BURGER","D147","Cucumber","V12","Cucumber_gm_reciepe",30,NULL,NULL,NULL,"","2026-09-20 11:28:38.439463+00"
79,"CHEESE  BURGER","D147","metonese","50","metonese_gm_reciepe",30,NULL,NULL,NULL,"","2026-09-20 11:28:38.439463+00"
80,"CHEESE  BURGER","D147","Cabbage","V7","Cabbage_gm_reciepe",5,NULL,NULL,NULL,"","2026-09-20 11:28:38.439463+00"
81,"CHEESE  BURGER","D147","Onion","V11","Onion_gm_reciepe",10,NULL,NULL,NULL,"","2026-09-20 11:28:38.439463+00"
82,"CHEESE  BURGER","D147","thousand sauce","54","thousand sauce_gm_reciepe",20,NULL,NULL,NULL,"","2026-09-20 11:28:38.439463+00"
83,"CHEESE  BURGER","D147","Tomato","V18","Tomato_gm_reciepe",10,NULL,NULL,NULL,"","2026-09-20 11:28:38.439463+00"
84,"CHEESE  BURGER","D147","totalingredientsqty",NULL,NULL,195,NULL,NULL,NULL,"","2026-09-20 11:28:38.439463+00"
85,"CHEESE  BURGER","D147","totalprocessedqty",NULL,NULL,1,NULL,NULL,NULL,"","2026-09-20 11:28:38.439463+00"
86,"CHEESE  BURGER","D147","dish_out",NULL,"CHEESE  BURGER_1_portion",NULL,0,0,0,"","2026-09-20 11:28:38.439463+00"
87,"CHEESE  BURGER","D147","aloo tikki","77A","aloo tikki_gm_reciepe",70,NULL,NULL,NULL,"","2026-09-20 11:28:44.343314+00"
88,"CHEESE  BURGER","D147","cheese processed","81","cheese processed_gm_reciepe",10,NULL,NULL,NULL,"","2026-09-20 11:28:44.343314+00"
89,"CHEESE  BURGER","D147","cheese 1pc","82A","cheese 1pc_gm_reciepe",10,NULL,NULL,NULL,"","2026-09-20 11:28:44.343314+00"
90,"CHEESE  BURGER","D147","Cucumber","V12","Cucumber_gm_reciepe",30,NULL,NULL,NULL,"","2026-09-20 11:28:44.343314+00"
91,"CHEESE  BURGER","D147","metonese","50","metonese_gm_reciepe",30,NULL,NULL,NULL,"","2026-09-20 11:28:44.343314+00"
92,"CHEESE  BURGER","D147","Cabbage","V7","Cabbage_gm_reciepe",5,NULL,NULL,NULL,"","2026-09-20 11:28:44.343314+00"
93,"CHEESE  BURGER","D147","Onion","V11","Onion_gm_reciepe",10,NULL,NULL,NULL,"","2026-09-20 11:28:44.343314+00"
94,"CHEESE  BURGER","D147","thousand sauce","54","thousand sauce_gm_reciepe",20,NULL,NULL,NULL,"","2026-09-20 11:28:44.343314+00"
95,"CHEESE  BURGER","D147","Tomato","V18","Tomato_gm_reciepe",10,NULL,NULL,NULL,"","2026-09-20 11:28:44.343314+00"
96,"CHEESE  BURGER","D147","totalingredientsqty",NULL,NULL,195,NULL,NULL,NULL,"","2026-09-20 11:28:44.343314+00"
97,"CHEESE  BURGER","D147","totalprocessedqty",NULL,NULL,1,NULL,NULL,NULL,"","2026-09-20 11:28:44.343314+00"
98,"CHEESE  BURGER","D147","dish_out",NULL,"CHEESE  BURGER_1_portion",NULL,0,0,0,"","2026-09-20 11:28:44.343314+00"
99,"HOT AND SOUR SOUP","D022","Ginger","V3","Ginger_gm_reciepe",10,NULL,NULL,NULL,"","2026-09-20 11:29:25.846763+00"
100,"HOT AND SOUR SOUP","D022","ajinomoto","40","ajinomoto_gm_reciepe",15,NULL,NULL,NULL,"","2026-09-20 11:29:25.846763+00"
101,"HOT AND SOUR SOUP","D022","dhaniya","9","dhaniya_gm_reciepe",10,NULL,NULL,NULL,"","2026-09-20 11:29:25.846763+00"
102,"HOT AND SOUR SOUP","D022","Garlic","V10","Garlic_gm_reciepe",20,NULL,NULL,NULL,"","2026-09-20 11:29:25.846763+00"
103,"HOT AND SOUR SOUP","D022","Green Chilli","V2","Green Chilli_gm_reciepe",10,NULL,NULL,NULL,"","2026-09-20 11:29:25.846763+00"
104,"HOT AND SOUR SOUP","D022","Green Chilli","V2","Green Chilli_gm_reciepe",10,NULL,NULL,NULL,"","2026-09-20 11:29:25.846763+00"
105,"HOT AND SOUR SOUP","D022","green sauce","42","green sauce_gm_reciepe",10,NULL,NULL,NULL,"","2026-09-20 11:29:25.846763+00"
106,"HOT AND SOUR SOUP","D022","Lemon","V13","Lemon_gm_reciepe",18,NULL,NULL,NULL,"","2026-09-20 11:29:25.846763+00"
107,"HOT AND SOUR SOUP","D022","salt","27A","salt_gm_reciepe",5,NULL,NULL,NULL,"","2026-09-20 11:29:25.846763+00"
108,"HOT AND SOUR SOUP","D022","VINAGER","44","VINAGER_gm_reciepe",9,NULL,NULL,NULL,"","2026-09-20 11:29:25.846763+00"
109,"HOT AND SOUR SOUP","D022","white pepper","39A","white pepper_gm_reciepe",15,NULL,NULL,NULL,"","2026-09-20 11:29:25.846763+00"
110,"HOT AND SOUR SOUP","D022","totalingredientsqty",NULL,NULL,132,NULL,NULL,NULL,"","2026-09-20 11:29:25.846763+00"
111,"HOT AND SOUR SOUP","D022","totalprocessedqty",NULL,NULL,1,NULL,NULL,NULL,"","2026-09-20 11:29:25.846763+00"
112,"HOT AND SOUR SOUP","D022","dish_out",NULL,"HOT AND SOUR SOUP _1_portion",NULL,0,0,0,"","2026-09-20 11:29:25.846763+00"
113,"HOT AND SOUR SOUP","D022","Ginger","V3","Ginger_gm_reciepe",10,NULL,NULL,NULL,"","2026-09-20 11:29:30.408602+00"
114,"HOT AND SOUR SOUP","D022","ajinomoto","40","ajinomoto_gm_reciepe",15,NULL,NULL,NULL,"","2026-09-20 11:29:30.408602+00"
115,"HOT AND SOUR SOUP","D022","dhaniya","9","dhaniya_gm_reciepe",10,NULL,NULL,NULL,"","2026-09-20 11:29:30.408602+00"
116,"HOT AND SOUR SOUP","D022","Garlic","V10","Garlic_gm_reciepe",20,NULL,NULL,NULL,"","2026-09-20 11:29:30.408602+00"
117,"HOT AND SOUR SOUP","D022","Green Chilli","V2","Green Chilli_gm_reciepe",10,NULL,NULL,NULL,"","2026-09-20 11:29:30.408602+00"
118,"HOT AND SOUR SOUP","D022","Green Chilli","V2","Green Chilli_gm_reciepe",10,NULL,NULL,NULL,"","2026-09-20 11:29:30.408602+00"
119,"HOT AND SOUR SOUP","D022","green sauce","42","green sauce_gm_reciepe",10,NULL,NULL,NULL,"","2026-09-20 11:29:30.408602+00"
120,"HOT AND SOUR SOUP","D022","Lemon","V13","Lemon_gm_reciepe",18,NULL,NULL,NULL,"","2026-09-20 11:29:30.408602+00"
121,"HOT AND SOUR SOUP","D022","salt","27A","salt_gm_reciepe",5,NULL,NULL,NULL,"","2026-09-20 11:29:30.408602+00"
122,"HOT AND SOUR SOUP","D022","VINAGER","44","VINAGER_gm_reciepe",9,NULL,NULL,NULL,"","2026-09-20 11:29:30.408602+00"
123,"HOT AND SOUR SOUP","D022","white pepper","39A","white pepper_gm_reciepe",15,NULL,NULL,NULL,"","2026-09-20 11:29:30.408602+00"
124,"HOT AND SOUR SOUP","D022","totalingredientsqty",NULL,NULL,132,NULL,NULL,NULL,"","2026-09-20 11:29:30.408602+00"
125,"HOT AND SOUR SOUP","D022","totalprocessedqty",NULL,NULL,1,NULL,NULL,NULL,"","2026-09-20 11:29:30.408602+00"
126,"HOT AND SOUR SOUP","D022","dish_out",NULL,"HOT AND SOUR SOUP _1_portion",NULL,0,0,0,"","2026-09-20 11:29:30.408602+00"
127,"JEERA RICE","D092","PROCESSED RICE","P1","PROCESSED RICE_1_portion",300,NULL,NULL,NULL,"","2026-09-20 11:30:11.615887+00"
128,"JEERA RICE","D092","totalingredientsqty",NULL,NULL,1,NULL,NULL,NULL,"","2026-09-20 11:30:11.615887+00"
129,"JEERA RICE","D092","totalprocessedqty",NULL,NULL,300,NULL,NULL,NULL,"","2026-09-20 11:30:11.615887+00"
130,"JEERA RICE","D092","dish_out",NULL,"JEERA RICE_1_portion",NULL,0,0,0,"","2026-09-20 11:30:11.615887+00"
131,"JEERA RICE","D092","PROCESSED RICE","P1","PROCESSED RICE_1_portion",300,NULL,NULL,NULL,"","2026-09-20 11:30:15.004126+00"
132,"JEERA RICE","D092","totalingredientsqty",NULL,NULL,1,NULL,NULL,NULL,"","2026-09-20 11:30:15.004126+00"
133,"JEERA RICE","D092","totalprocessedqty",NULL,NULL,300,NULL,NULL,NULL,"","2026-09-20 11:30:15.004126+00"
134,"JEERA RICE","D092","dish_out",NULL,"JEERA RICE_1_portion",NULL,0,0,0,"","2026-09-20 11:30:15.004126+00"
135,"MIX veg","D059","amul butter","72","amul butter_gm_reciepe",40,NULL,NULL,NULL,"","2026-09-20 11:31:05.187842+00"
136,"MIX veg","D059","AMUL CREAM","76","AMUL CREAM_gm_reciepe",50,NULL,NULL,NULL,"","2026-09-20 11:31:05.187842+00"
137,"MIX veg","D059","Cabbage","V7","Cabbage_gm_reciepe",100,NULL,NULL,NULL,"","2026-09-20 11:31:05.187842+00"
138,"MIX veg","D059","matar","79","matar_gm_reciepe",50,NULL,NULL,NULL,"","2026-09-20 11:31:05.187842+00"
139,"MIX veg","D059","Onion","V11","Onion_gm_reciepe",50,NULL,NULL,NULL,"","2026-09-20 11:31:05.187842+00"
140,"MIX veg","D059","Tomato","V18","Tomato_gm_reciepe",50,NULL,NULL,NULL,"","2026-09-20 11:31:05.187842+00"
141,"MIX veg","D059","ONION GREAVY","P5","ONION GREAVY_1_portion",100,NULL,NULL,NULL,"","2026-09-20 11:31:05.187842+00"
142,"MIX veg","D059","TOMATO GREAVY","P4","TOMATO GREAVY_1_portion",100,NULL,NULL,NULL,"","2026-09-20 11:31:05.187842+00"
143,"MIX veg","D059","totalingredientsqty",NULL,NULL,340,NULL,NULL,NULL,"","2026-09-20 11:31:05.187842+00"
144,"MIX veg","D059","totalprocessedqty",NULL,NULL,200,NULL,NULL,NULL,"","2026-09-20 11:31:05.187842+00"
145,"MIX veg","D059","dish_out",NULL,"MIX veg_1_portion",NULL,0,0,0,"","2026-09-20 11:31:05.187842+00"
146,"MIX veg","D059","amul butter","72","amul butter_gm_reciepe",40,NULL,NULL,NULL,"","2026-09-20 11:31:08.339107+00"
147,"MIX veg","D059","AMUL CREAM","76","AMUL CREAM_gm_reciepe",50,NULL,NULL,NULL,"","2026-09-20 11:31:08.339107+00"
148,"MIX veg","D059","Cabbage","V7","Cabbage_gm_reciepe",100,NULL,NULL,NULL,"","2026-09-20 11:31:08.339107+00"
149,"MIX veg","D059","matar","79","matar_gm_reciepe",50,NULL,NULL,NULL,"","2026-09-20 11:31:08.339107+00"
150,"MIX veg","D059","Onion","V11","Onion_gm_reciepe",50,NULL,NULL,NULL,"","2026-09-20 11:31:08.339107+00"
151,"MIX veg","D059","Tomato","V18","Tomato_gm_reciepe",50,NULL,NULL,NULL,"","2026-09-20 11:31:08.339107+00"
152,"MIX veg","D059","ONION GREAVY","P5","ONION GREAVY_1_portion",100,NULL,NULL,NULL,"","2026-09-20 11:31:08.339107+00"
153,"MIX veg","D059","TOMATO GREAVY","P4","TOMATO GREAVY_1_portion",100,NULL,NULL,NULL,"","2026-09-20 11:31:08.339107+00"
154,"MIX veg","D059","totalingredientsqty",NULL,NULL,340,NULL,NULL,NULL,"","2026-09-20 11:31:08.339107+00"
155,"MIX veg","D059","totalprocessedqty",NULL,NULL,200,NULL,NULL,NULL,"","2026-09-20 11:31:08.339107+00"
156,"MIX veg","D059","dish_out",NULL,"MIX veg_1_portion",NULL,0,0,0,"","2026-09-20 11:31:08.339107+00"
157,"MIX veg","D059","amul butter","72","amul butter_gm_reciepe",40,NULL,NULL,NULL,"","2026-09-20 11:34:41.73744+00"
158,"MIX veg","D059","AMUL CREAM","76","AMUL CREAM_gm_reciepe",50,NULL,NULL,NULL,"","2026-09-20 11:34:41.73744+00"
159,"MIX veg","D059","Cabbage","V7","Cabbage_gm_reciepe",100,NULL,NULL,NULL,"","2026-09-20 11:34:41.73744+00"
160,"MIX veg","D059","matar","79","matar_gm_reciepe",50,NULL,NULL,NULL,"","2026-09-20 11:34:41.73744+00"
161,"MIX veg","D059","Onion","V11","Onion_gm_reciepe",50,NULL,NULL,NULL,"","2026-09-20 11:34:41.73744+00"
162,"MIX veg","D059","Tomato","V18","Tomato_gm_reciepe",50,NULL,NULL,NULL,"","2026-09-20 11:34:41.73744+00"
163,"MIX veg","D059","ONION GREAVY","P5","ONION GREAVY_1_portion",100,NULL,NULL,NULL,"","2026-09-20 11:34:41.73744+00"
164,"MIX veg","D059","TOMATO GREAVY","P4","TOMATO GREAVY_1_portion",100,NULL,NULL,NULL,"","2026-09-20 11:34:41.73744+00"
165,"MIX veg","D059","totalingredientsqty",NULL,NULL,340,NULL,NULL,NULL,"","2026-09-20 11:34:41.73744+00"
166,"MIX veg","D059","totalprocessedqty",NULL,NULL,200,NULL,NULL,NULL,"","2026-09-20 11:34:41.73744+00"
167,"MIX veg","D059","dish_out",NULL,"MIX veg_1_portion",NULL,0,0,0,"","2026-09-20 11:34:41.73744+00"
168,"Bombay Sandwich","D157","potato","V22","potato_gm_reciepe",100,NULL,NULL,NULL,"","2026-09-20 11:38:28.84214+00"
169,"Bombay Sandwich","D157","chaat masala","21B","chaat masala_gm_reciepe",0.5,NULL,NULL,NULL,"","2026-09-20 11:38:28.84214+00"
170,"Bombay Sandwich","D157","Green Chilli","V2","Green Chilli_gm_reciepe",10,NULL,NULL,NULL,"","2026-09-20 11:38:28.84214+00"
171,"Bombay Sandwich","D157","imli chutney","56","imli chutney_gm_reciepe",10,NULL,NULL,NULL,"","2026-09-20 11:38:28.84214+00"
172,"Bombay Sandwich","D157","Cucumber","V12","Cucumber_gm_reciepe",10,NULL,NULL,NULL,"","2026-09-20 11:38:28.84214+00"
173,"Bombay Sandwich","D157","metonese","50","metonese_gm_reciepe",30,NULL,NULL,NULL,"","2026-09-20 11:38:28.84214+00"
174,"Bombay Sandwich","D157","cheese processed","81","cheese processed_gm_reciepe",30,NULL,NULL,NULL,"","2026-09-20 11:38:28.84214+00"
175,"Bombay Sandwich","D157","Tomato","V18","Tomato_gm_reciepe",10,NULL,NULL,NULL,"","2026-09-20 11:38:28.84214+00"
176,"Bombay Sandwich","D157","potato","V22","potato_gm_reciepe",100,NULL,NULL,NULL,"","2026-09-20 11:38:28.84214+00"
177,"Bombay Sandwich","D157","green sauce","42","green sauce_gm_reciepe",10,NULL,NULL,NULL,"","2026-09-20 11:38:28.84214+00"
178,"Bombay Sandwich","D157","salt","27A","salt_gm_reciepe",0.5,NULL,NULL,NULL,"","2026-09-20 11:38:28.84214+00"
179,"Bombay Sandwich","D157","dhaniiya masala","9","dhaniiya masala_gm_reciepe",0.5,NULL,NULL,NULL,"","2026-09-20 11:38:28.84214+00"
180,"Bombay Sandwich","D157","totalingredientsqty",NULL,NULL,311.5,NULL,NULL,NULL,"","2026-09-20 11:38:28.84214+00"
181,"Bombay Sandwich","D157","totalprocessedqty",NULL,NULL,2,NULL,NULL,NULL,"","2026-09-20 11:38:28.84214+00"
182,"Bombay Sandwich","D157","dish_out",NULL,"Bombay Sandwich_1_portion",NULL,0,0,0,"","2026-09-20 11:38:28.84214+00"
183,"Bombay Sandwich","D157","potato","V22","potato_gm_reciepe",100,NULL,NULL,NULL,"","2026-09-20 11:38:28.97626+00"
184,"Bombay Sandwich","D157","chaat masala","21B","chaat masala_gm_reciepe",0.5,NULL,NULL,NULL,"","2026-09-20 11:38:28.97626+00"
185,"Bombay Sandwich","D157","Green Chilli","V2","Green Chilli_gm_reciepe",10,NULL,NULL,NULL,"","2026-09-20 11:38:28.97626+00"
186,"Bombay Sandwich","D157","imli chutney","56","imli chutney_gm_reciepe",10,NULL,NULL,NULL,"","2026-09-20 11:38:28.97626+00"
187,"Bombay Sandwich","D157","Cucumber","V12","Cucumber_gm_reciepe",10,NULL,NULL,NULL,"","2026-09-20 11:38:28.97626+00"
188,"Bombay Sandwich","D157","metonese","50","metonese_gm_reciepe",30,NULL,NULL,NULL,"","2026-09-20 11:38:28.97626+00"
189,"Bombay Sandwich","D157","cheese processed","81","cheese processed_gm_reciepe",30,NULL,NULL,NULL,"","2026-09-20 11:38:28.97626+00"
190,"Bombay Sandwich","D157","Tomato","V18","Tomato_gm_reciepe",10,NULL,NULL,NULL,"","2026-09-20 11:38:28.97626+00"
191,"Bombay Sandwich","D157","potato","V22","potato_gm_reciepe",100,NULL,NULL,NULL,"","2026-09-20 11:38:28.97626+00"
192,"Bombay Sandwich","D157","green sauce","42","green sauce_gm_reciepe",10,NULL,NULL,NULL,"","2026-09-20 11:38:28.97626+00"
193,"Bombay Sandwich","D157","salt","27A","salt_gm_reciepe",0.5,NULL,NULL,NULL,"","2026-09-20 11:38:28.97626+00"
194,"Bombay Sandwich","D157","dhaniiya masala","9","dhaniiya masala_gm_reciepe",0.5,NULL,NULL,NULL,"","2026-09-20 11:38:28.97626+00"
195,"Bombay Sandwich","D157","totalingredientsqty",NULL,NULL,311.5,NULL,NULL,NULL,"","2026-09-20 11:38:28.97626+00"
196,"Bombay Sandwich","D157","totalprocessedqty",NULL,NULL,2,NULL,NULL,NULL,"","2026-09-20 11:38:28.97626+00"
197,"Bombay Sandwich","D157","dish_out",NULL,"Bombay Sandwich_1_portion",NULL,0,0,0,"","2026-09-20 11:38:28.97626+00"
198,"Bombay Sandwich","D157","potato","V22","potato_gm_reciepe",100,NULL,NULL,NULL,"","2026-09-20 11:38:28.989616+00"
199,"Bombay Sandwich","D157","chaat masala","21B","chaat masala_gm_reciepe",0.5,NULL,NULL,NULL,"","2026-09-20 11:38:28.989616+00"
200,"Bombay Sandwich","D157","Green Chilli","V2","Green Chilli_gm_reciepe",10,NULL,NULL,NULL,"","2026-09-20 11:38:28.989616+00"
201,"Bombay Sandwich","D157","imli chutney","56","imli chutney_gm_reciepe",10,NULL,NULL,NULL,"","2026-09-20 11:38:28.989616+00"
202,"Bombay Sandwich","D157","Cucumber","V12","Cucumber_gm_reciepe",10,NULL,NULL,NULL,"","2026-09-20 11:38:28.989616+00"
203,"Bombay Sandwich","D157","metonese","50","metonese_gm_reciepe",30,NULL,NULL,NULL,"","2026-09-20 11:38:28.989616+00"
204,"Bombay Sandwich","D157","cheese processed","81","cheese processed_gm_reciepe",30,NULL,NULL,NULL,"","2026-09-20 11:38:28.989616+00"
205,"Bombay Sandwich","D157","Tomato","V18","Tomato_gm_reciepe",10,NULL,NULL,NULL,"","2026-09-20 11:38:28.989616+00"
206,"Bombay Sandwich","D157","potato","V22","potato_gm_reciepe",100,NULL,NULL,NULL,"","2026-09-20 11:38:28.989616+00"
207,"Bombay Sandwich","D157","green sauce","42","green sauce_gm_reciepe",10,NULL,NULL,NULL,"","2026-09-20 11:38:28.989616+00"
208,"Bombay Sandwich","D157","salt","27A","salt_gm_reciepe",0.5,NULL,NULL,NULL,"","2026-09-20 11:38:28.989616+00"
209,"Bombay Sandwich","D157","dhaniiya masala","9","dhaniiya masala_gm_reciepe",0.5,NULL,NULL,NULL,"","2026-09-20 11:38:28.989616+00"
210,"Bombay Sandwich","D157","totalingredientsqty",NULL,NULL,311.5,NULL,NULL,NULL,"","2026-09-20 11:38:28.989616+00"
211,"Bombay Sandwich","D157","totalprocessedqty",NULL,NULL,2,NULL,NULL,NULL,"","2026-09-20 11:38:28.989616+00"
212,"Bombay Sandwich","D157","dish_out",NULL,"Bombay Sandwich_1_portion",NULL,0,0,0,"","2026-09-20 11:38:28.989616+00"
213,"Bombay Sandwich","D157","potato","V22","potato_gm_reciepe",100,NULL,NULL,NULL,"","2026-09-20 11:38:29.003506+00"
214,"Bombay Sandwich","D157","chaat masala","21B","chaat masala_gm_reciepe",0.5,NULL,NULL,NULL,"","2026-09-20 11:38:29.003506+00"
215,"Bombay Sandwich","D157","Green Chilli","V2","Green Chilli_gm_reciepe",10,NULL,NULL,NULL,"","2026-09-20 11:38:29.003506+00"
216,"Bombay Sandwich","D157","imli chutney","56","imli chutney_gm_reciepe",10,NULL,NULL,NULL,"","2026-09-20 11:38:29.003506+00"
217,"Bombay Sandwich","D157","Cucumber","V12","Cucumber_gm_reciepe",10,NULL,NULL,NULL,"","2026-09-20 11:38:29.003506+00"
218,"Bombay Sandwich","D157","metonese","50","metonese_gm_reciepe",30,NULL,NULL,NULL,"","2026-09-20 11:38:29.003506+00"
219,"Bombay Sandwich","D157","cheese processed","81","cheese processed_gm_reciepe",30,NULL,NULL,NULL,"","2026-09-20 11:38:29.003506+00"
220,"Bombay Sandwich","D157","Tomato","V18","Tomato_gm_reciepe",10,NULL,NULL,NULL,"","2026-09-20 11:38:29.003506+00"
221,"Bombay Sandwich","D157","potato","V22","potato_gm_reciepe",100,NULL,NULL,NULL,"","2026-09-20 11:38:29.003506+00"
222,"Bombay Sandwich","D157","green sauce","42","green sauce_gm_reciepe",10,NULL,NULL,NULL,"","2026-09-20 11:38:29.003506+00"
223,"Bombay Sandwich","D157","salt","27A","salt_gm_reciepe",0.5,NULL,NULL,NULL,"","2026-09-20 11:38:29.003506+00"
224,"Bombay Sandwich","D157","dhaniiya masala","9","dhaniiya masala_gm_reciepe",0.5,NULL,NULL,NULL,"","2026-09-20 11:38:29.003506+00"
225,"Bombay Sandwich","D157","totalingredientsqty",NULL,NULL,311.5,NULL,NULL,NULL,"","2026-09-20 11:38:29.003506+00"
226,"Bombay Sandwich","D157","totalprocessedqty",NULL,NULL,2,NULL,NULL,NULL,"","2026-09-20 11:38:29.003506+00"
227,"Bombay Sandwich","D157","dish_out",NULL,"Bombay Sandwich_1_portion",NULL,0,0,0,"","2026-09-20 11:38:29.003506+00"
228,"Bombay Sandwich","D157","potato","V22","potato_gm_reciepe",100,NULL,NULL,NULL,"","2026-09-20 11:38:29.150268+00"
229,"Bombay Sandwich","D157","chaat masala","21B","chaat masala_gm_reciepe",0.5,NULL,NULL,NULL,"","2026-09-20 11:38:29.150268+00"
230,"Bombay Sandwich","D157","Green Chilli","V2","Green Chilli_gm_reciepe",10,NULL,NULL,NULL,"","2026-09-20 11:38:29.150268+00"
231,"Bombay Sandwich","D157","imli chutney","56","imli chutney_gm_reciepe",10,NULL,NULL,NULL,"","2026-09-20 11:38:29.150268+00"
232,"Bombay Sandwich","D157","Cucumber","V12","Cucumber_gm_reciepe",10,NULL,NULL,NULL,"","2026-09-20 11:38:29.150268+00"
233,"Bombay Sandwich","D157","metonese","50","metonese_gm_reciepe",30,NULL,NULL,NULL,"","2026-09-20 11:38:29.150268+00"
234,"Bombay Sandwich","D157","cheese processed","81","cheese processed_gm_reciepe",30,NULL,NULL,NULL,"","2026-09-20 11:38:29.150268+00"
235,"Bombay Sandwich","D157","Tomato","V18","Tomato_gm_reciepe",10,NULL,NULL,NULL,"","2026-09-20 11:38:29.150268+00"
236,"Bombay Sandwich","D157","potato","V22","potato_gm_reciepe",100,NULL,NULL,NULL,"","2026-09-20 11:38:29.150268+00"
237,"Bombay Sandwich","D157","green sauce","42","green sauce_gm_reciepe",10,NULL,NULL,NULL,"","2026-09-20 11:38:29.150268+00"
238,"Bombay Sandwich","D157","salt","27A","salt_gm_reciepe",0.5,NULL,NULL,NULL,"","2026-09-20 11:38:29.150268+00"
239,"Bombay Sandwich","D157","dhaniiya masala","9","dhaniiya masala_gm_reciepe",0.5,NULL,NULL,NULL,"","2026-09-20 11:38:29.150268+00"
240,"Bombay Sandwich","D157","totalingredientsqty",NULL,NULL,311.5,NULL,NULL,NULL,"","2026-09-20 11:38:29.150268+00"
241,"Bombay Sandwich","D157","totalprocessedqty",NULL,NULL,2,NULL,NULL,NULL,"","2026-09-20 11:38:29.150268+00"
242,"Bombay Sandwich","D157","dish_out",NULL,"Bombay Sandwich_1_portion",NULL,0,0,0,"","2026-09-20 11:38:29.150268+00"
243,"Bombay Sandwich","D157","potato","V22","potato_gm_reciepe",100,NULL,NULL,NULL,"","2026-09-20 11:38:29.164221+00"
244,"Bombay Sandwich","D157","chaat masala","21B","chaat masala_gm_reciepe",0.5,NULL,NULL,NULL,"","2026-09-20 11:38:29.164221+00"
245,"Bombay Sandwich","D157","Green Chilli","V2","Green Chilli_gm_reciepe",10,NULL,NULL,NULL,"","2026-09-20 11:38:29.164221+00"
246,"Bombay Sandwich","D157","imli chutney","56","imli chutney_gm_reciepe",10,NULL,NULL,NULL,"","2026-09-20 11:38:29.164221+00"
247,"Bombay Sandwich","D157","Cucumber","V12","Cucumber_gm_reciepe",10,NULL,NULL,NULL,"","2026-09-20 11:38:29.164221+00"
248,"Bombay Sandwich","D157","metonese","50","metonese_gm_reciepe",30,NULL,NULL,NULL,"","2026-09-20 11:38:29.164221+00"
249,"Bombay Sandwich","D157","cheese processed","81","cheese processed_gm_reciepe",30,NULL,NULL,NULL,"","2026-09-20 11:38:29.164221+00"
250,"Bombay Sandwich","D157","Tomato","V18","Tomato_gm_reciepe",10,NULL,NULL,NULL,"","2026-09-20 11:38:29.164221+00"
251,"Bombay Sandwich","D157","potato","V22","potato_gm_reciepe",100,NULL,NULL,NULL,"","2026-09-20 11:38:29.164221+00"
252,"Bombay Sandwich","D157","green sauce","42","green sauce_gm_reciepe",10,NULL,NULL,NULL,"","2026-09-20 11:38:29.164221+00"
253,"Bombay Sandwich","D157","salt","27A","salt_gm_reciepe",0.5,NULL,NULL,NULL,"","2026-09-20 11:38:29.164221+00"
254,"Bombay Sandwich","D157","dhaniiya masala","9","dhaniiya masala_gm_reciepe",0.5,NULL,NULL,NULL,"","2026-09-20 11:38:29.164221+00"
255,"Bombay Sandwich","D157","totalingredientsqty",NULL,NULL,311.5,NULL,NULL,NULL,"","2026-09-20 11:38:29.164221+00"
256,"Bombay Sandwich","D157","totalprocessedqty",NULL,NULL,2,NULL,NULL,NULL,"","2026-09-20 11:38:29.164221+00"
257,"Bombay Sandwich","D157","dish_out",NULL,"Bombay Sandwich_1_portion",NULL,0,0,0,"","2026-09-20 11:38:29.164221+00"
258,"BOONDI RAITA","D086","boondi","28B","boondi_gm_reciepe",100,NULL,NULL,NULL,"","2026-09-20 12:08:05.707814+00"
259,"BOONDI RAITA","D086","CURD","D2",NULL,250,NULL,NULL,NULL,"","2026-09-20 12:08:05.707814+00"
260,"BOONDI RAITA","D086","totalingredientsqty",NULL,NULL,350,NULL,NULL,NULL,"","2026-09-20 12:08:05.707814+00"
261,"BOONDI RAITA","D086","totalprocessedqty",NULL,NULL,0,NULL,NULL,NULL,"","2026-09-20 12:08:05.707814+00"
262,"BOONDI RAITA","D086","dish_out",NULL,"BOONDI RAITA_1_portion",NULL,0,0,0,"","2026-09-20 12:08:05.707814+00"
263,"BOONDI RAITA","D086","boondi","28B","boondi_gm_reciepe",100,NULL,NULL,NULL,"","2026-09-20 12:08:05.73591+00"
264,"BOONDI RAITA","D086","CURD","D2",NULL,250,NULL,NULL,NULL,"","2026-09-20 12:08:05.73591+00"
265,"BOONDI RAITA","D086","totalingredientsqty",NULL,NULL,350,NULL,NULL,NULL,"","2026-09-20 12:08:05.73591+00"
266,"BOONDI RAITA","D086","totalprocessedqty",NULL,NULL,0,NULL,NULL,NULL,"","2026-09-20 12:08:05.73591+00"
267,"BOONDI RAITA","D086","dish_out",NULL,"BOONDI RAITA_1_portion",NULL,0,0,0,"","2026-09-20 12:08:05.73591+00"
268,"CHEESE CORN MAGGI","D164","cheese processed","81","cheese processed_gm_reciepe",20,NULL,NULL,NULL,"","2026-09-20 12:11:31.311965+00"
269,"CHEESE CORN MAGGI","D164","maggi","67","maggi_gm_reciepe",70,NULL,NULL,NULL,"","2026-09-20 12:11:31.311965+00"
270,"CHEESE CORN MAGGI","D164","maggi masala","66","maggi masala_gm_reciepe",1,NULL,NULL,NULL,"","2026-09-20 12:11:31.311965+00"
271,"CHEESE CORN MAGGI","D164","totalingredientsqty",NULL,NULL,91,NULL,NULL,NULL,"","2026-09-20 12:11:31.311965+00"
272,"CHEESE CORN MAGGI","D164","totalprocessedqty",NULL,NULL,2,NULL,NULL,NULL,"","2026-09-20 12:11:31.311965+00"
273,"CHEESE CORN MAGGI","D164","dish_out",NULL,"CHEESE CORN MAGGI_1_portion",NULL,0,0,0,"","2026-09-20 12:11:31.311965+00"
274,"CHEESE CORN MAGGI","D164","cheese processed","81","cheese processed_gm_reciepe",20,NULL,NULL,NULL,"","2026-09-20 12:11:35.709186+00"
275,"CHEESE CORN MAGGI","D164","maggi","67","maggi_gm_reciepe",70,NULL,NULL,NULL,"","2026-09-20 12:11:35.709186+00"
276,"CHEESE CORN MAGGI","D164","maggi masala","66","maggi masala_gm_reciepe",1,NULL,NULL,NULL,"","2026-09-20 12:11:35.709186+00"
277,"CHEESE CORN MAGGI","D164","totalingredientsqty",NULL,NULL,91,NULL,NULL,NULL,"","2026-09-20 12:11:35.709186+00"
278,"CHEESE CORN MAGGI","D164","totalprocessedqty",NULL,NULL,2,NULL,NULL,NULL,"","2026-09-20 12:11:35.709186+00"
279,"CHEESE CORN MAGGI","D164","dish_out",NULL,"CHEESE CORN MAGGI_1_portion",NULL,0,0,0,"","2026-09-20 12:11:35.709186+00"
280,"CHEESE CORN MAGGI","D164","cheese processed","81","cheese processed_gm_reciepe",20,NULL,NULL,NULL,"","2026-09-20 12:29:38.108989+00"
281,"CHEESE CORN MAGGI","D164","maggi","67","maggi_gm_reciepe",70,NULL,NULL,NULL,"","2026-09-20 12:29:38.108989+00"
282,"CHEESE CORN MAGGI","D164","maggi masala","66","maggi masala_gm_reciepe",1,NULL,NULL,NULL,"","2026-09-20 12:29:38.108989+00"
283,"CHEESE CORN MAGGI","D164","totalingredientsqty",NULL,NULL,91,NULL,NULL,NULL,"","2026-09-20 12:29:38.108989+00"
284,"CHEESE CORN MAGGI","D164","totalprocessedqty",NULL,NULL,2,NULL,NULL,NULL,"","2026-09-20 12:29:38.108989+00"
285,"CHEESE CORN MAGGI","D164","dish_out",NULL,"CHEESE CORN MAGGI_1_portion",NULL,0,0,0,"","2026-09-20 12:29:38.108989+00"
286,"PANEER  BUTTER MASALA","D039","PANEER","D3",NULL,150,NULL,NULL,NULL,"","2026-09-20 12:34:51.034694+00"
287,"PANEER  BUTTER MASALA","D039","ONION GREAVY","P5","ONION GREAVY_1_portion",100,NULL,NULL,NULL,"","2026-09-20 12:34:51.034694+00"
288,"PANEER  BUTTER MASALA","D039","TOMATO GREAVY","P4","TOMATO GREAVY_1_portion",100,NULL,NULL,NULL,"","2026-09-20 12:34:51.034694+00"
289,"PANEER  BUTTER MASALA","D039","totalingredientsqty",NULL,NULL,151,NULL,NULL,NULL,"","2026-09-20 12:34:51.034694+00"
290,"PANEER  BUTTER MASALA","D039","totalprocessedqty",NULL,NULL,201,NULL,NULL,NULL,"","2026-09-20 12:34:51.034694+00"
291,"PANEER  BUTTER MASALA","D039","dish_out",NULL,"PANEER  BUTTER MASALA _1_portion",NULL,0,0,0,"","2026-09-20 12:34:51.034694+00"
292,"PANEER  BUTTER MASALA","D039","PANEER","D3",NULL,150,NULL,NULL,NULL,"","2026-09-20 12:34:51.06372+00"
293,"PANEER  BUTTER MASALA","D039","ONION GREAVY","P5","ONION GREAVY_1_portion",100,NULL,NULL,NULL,"","2026-09-20 12:34:51.06372+00"
294,"PANEER  BUTTER MASALA","D039","TOMATO GREAVY","P4","TOMATO GREAVY_1_portion",100,NULL,NULL,NULL,"","2026-09-20 12:34:51.06372+00"
295,"PANEER  BUTTER MASALA","D039","totalingredientsqty",NULL,NULL,151,NULL,NULL,NULL,"","2026-09-20 12:34:51.06372+00"
296,"PANEER  BUTTER MASALA","D039","totalprocessedqty",NULL,NULL,201,NULL,NULL,NULL,"","2026-09-20 12:34:51.06372+00"
297,"PANEER  BUTTER MASALA","D039","dish_out",NULL,"PANEER  BUTTER MASALA _1_portion",NULL,0,0,0,"","2026-09-20 12:34:51.06372+00"
298,"PANEER  BUTTER MASALA","D039","PANEER","D3",NULL,150,NULL,NULL,NULL,"","2026-09-20 12:36:29.372381+00"
299,"PANEER  BUTTER MASALA","D039","ONION GREAVY","P5","ONION GREAVY_1_portion",100,NULL,NULL,NULL,"","2026-09-20 12:36:29.372381+00"
300,"PANEER  BUTTER MASALA","D039","TOMATO GREAVY","P4","TOMATO GREAVY_1_portion",100,NULL,NULL,NULL,"","2026-09-20 12:36:29.372381+00"
301,"PANEER  BUTTER MASALA","D039","totalingredientsqty",NULL,NULL,151,NULL,NULL,NULL,"","2026-09-20 12:36:29.372381+00"
302,"PANEER  BUTTER MASALA","D039","totalprocessedqty",NULL,NULL,201,NULL,NULL,NULL,"","2026-09-20 12:36:29.372381+00"
303,"PANEER  BUTTER MASALA","D039","dish_out",NULL,"PANEER  BUTTER MASALA _1_portion",NULL,0,0,0,"","2026-09-20 12:36:29.372381+00"
304,"Virgin Mojito","D123","lemon mojito","57A","lemon mojito_gm_reciepe",85,NULL,NULL,NULL,"","2026-09-20 12:45:42.870308+00"
305,"Virgin Mojito","D123","soda","97","soda_gm_reciepe",60,NULL,NULL,NULL,"","2026-09-20 12:45:42.870308+00"
306,"Virgin Mojito","D123","Mint Leaves","V17","Mint Leaves_gm_reciepe",0.5,NULL,NULL,NULL,"","2026-09-20 12:45:42.870308+00"
307,"Virgin Mojito","D123","totalingredientsqty",NULL,NULL,145.5,NULL,NULL,NULL,"","2026-09-20 12:45:42.870308+00"
308,"Virgin Mojito","D123","totalprocessedqty",NULL,NULL,2,NULL,NULL,NULL,"","2026-09-20 12:45:42.870308+00"
309,"Virgin Mojito","D123","dish_out",NULL,"Virgin Mojito_1_portion",NULL,0,0,0,"","2026-09-20 12:45:42.870308+00"
310,"Veg Pizza","D139","chilly + oregano","61 62","chilly + oregano_gm_reciepe",14,NULL,NULL,NULL,"","2026-09-20 13:00:12.096397+00"
311,"Veg Pizza","D139","chilly + oregano","61 62","chilly + oregano_gm_reciepe",14,NULL,NULL,NULL,"","2026-09-20 13:00:12.096338+00"
312,"Veg Pizza","D139","corn","80","corn_gm_reciepe",15,NULL,NULL,NULL,"","2026-09-20 13:00:12.096397+00"
313,"Veg Pizza","D139","corn","80","corn_gm_reciepe",15,NULL,NULL,NULL,"","2026-09-20 13:00:12.096338+00"
314,"Veg Pizza","D139","jelipino","60B","jelipino_gm_reciepe",9,NULL,NULL,NULL,"","2026-09-20 13:00:12.096397+00"
315,"Veg Pizza","D139","jelipino","60B","jelipino_gm_reciepe",9,NULL,NULL,NULL,"","2026-09-20 13:00:12.096338+00"
316,"Veg Pizza","D139","metonese","50","metonese_gm_reciepe",10,NULL,NULL,NULL,"","2026-09-20 13:00:12.096397+00"
317,"Veg Pizza","D139","metonese","50","metonese_gm_reciepe",10,NULL,NULL,NULL,"","2026-09-20 13:00:12.096338+00"
318,"Veg Pizza","D139","mozerella","74","mozerella_gm_reciepe",100,NULL,NULL,NULL,"","2026-09-20 13:00:12.096397+00"
319,"Veg Pizza","D139","mozerella","74","mozerella_gm_reciepe",100,NULL,NULL,NULL,"","2026-09-20 13:00:12.096338+00"
320,"Veg Pizza","D139","olive","35A","olive_gm_reciepe",9,NULL,NULL,NULL,"","2026-09-20 13:00:12.096397+00"
321,"Veg Pizza","D139","Capsicum","V1","Capsicum_gm_reciepe",13,NULL,NULL,NULL,"","2026-09-20 13:00:12.096397+00"
322,"Veg Pizza","D139","olive","35A","olive_gm_reciepe",9,NULL,NULL,NULL,"","2026-09-20 13:00:12.096338+00"
323,"Veg Pizza","D139","totalingredientsqty",NULL,NULL,170,NULL,NULL,NULL,"","2026-09-20 13:00:12.096397+00"
324,"Veg Pizza","D139","Capsicum","V1","Capsicum_gm_reciepe",13,NULL,NULL,NULL,"","2026-09-20 13:00:12.096338+00"
325,"Veg Pizza","D139","totalprocessedqty",NULL,NULL,0,NULL,NULL,NULL,"","2026-09-20 13:00:12.096397+00"
326,"Veg Pizza","D139","totalingredientsqty",NULL,NULL,170,NULL,NULL,NULL,"","2026-09-20 13:00:12.096338+00"
327,"Veg Pizza","D139","dish_out",NULL,"Veg Pizza_1_portion",NULL,0,0,0,"","2026-09-20 13:00:12.096397+00"
328,"Veg Pizza","D139","totalprocessedqty",NULL,NULL,0,NULL,NULL,NULL,"","2026-09-20 13:00:12.096338+00"
329,"Veg Pizza","D139","dish_out",NULL,"Veg Pizza_1_portion",NULL,0,0,0,"","2026-09-20 13:00:12.096338+00"
330,"HARA BHARA KABAB","D017","Ginger","V3","Ginger_gm_reciepe",10,NULL,NULL,NULL,"","2026-09-21 11:51:31.901854+00"
331,"HARA BHARA KABAB","D017","potato","V22","potato_gm_reciepe",450,NULL,NULL,NULL,"","2026-09-21 11:51:31.901854+00"
332,"HARA BHARA KABAB","D017","Beans","V5","Beans_gm_reciepe",800,NULL,NULL,NULL,"","2026-09-21 11:51:31.901854+00"
333,"HARA BHARA KABAB","D017","bread crum","29A","bread crum_gm_reciepe",300,NULL,NULL,NULL,"","2026-09-21 11:51:31.901854+00"
334,"HARA BHARA KABAB","D017","Carrot","V4","Carrot_gm_reciepe",800,NULL,NULL,NULL,"","2026-09-21 11:51:31.901854+00"
335,"HARA BHARA KABAB","D017","corn flor","36A","corn flor_gm_reciepe",250,NULL,NULL,NULL,"","2026-09-21 11:51:31.901854+00"
336,"HARA BHARA KABAB","D017","Green Chilli","V2","Green Chilli_gm_reciepe",30,NULL,NULL,NULL,"","2026-09-21 11:51:31.901854+00"
337,"HARA BHARA KABAB","D017","maida","2","maida_gm_reciepe",250,NULL,NULL,NULL,"","2026-09-21 11:51:31.901854+00"
338,"HARA BHARA KABAB","D017","matar","79","matar_gm_reciepe",250,NULL,NULL,NULL,"","2026-09-21 11:51:31.901854+00"
339,"HARA BHARA KABAB","D017","PANEER","D3",NULL,250,NULL,NULL,NULL,"","2026-09-21 11:51:31.901854+00"
340,"HARA BHARA KABAB","D017","totalingredientsqty",NULL,NULL,3390,NULL,NULL,NULL,"","2026-09-21 11:51:31.901854+00"
341,"HARA BHARA KABAB","D017","totalprocessedqty",NULL,NULL,2,NULL,NULL,NULL,"","2026-09-21 11:51:31.901854+00"
342,"HARA BHARA KABAB","D017","dish_out",NULL,"HARA BHARA KABAB_1_portion",NULL,0,0,0,"","2026-09-21 11:51:31.901854+00"
343,"HARA BHARA KABAB","D017","Ginger","V3","Ginger_gm_reciepe",10,NULL,NULL,NULL,"","2026-09-21 11:51:35.869022+00"
344,"HARA BHARA KABAB","D017","potato","V22","potato_gm_reciepe",450,NULL,NULL,NULL,"","2026-09-21 11:51:35.869022+00"
345,"HARA BHARA KABAB","D017","Beans","V5","Beans_gm_reciepe",800,NULL,NULL,NULL,"","2026-09-21 11:51:35.869022+00"
346,"HARA BHARA KABAB","D017","bread crum","29A","bread crum_gm_reciepe",300,NULL,NULL,NULL,"","2026-09-21 11:51:35.869022+00"
347,"HARA BHARA KABAB","D017","Carrot","V4","Carrot_gm_reciepe",800,NULL,NULL,NULL,"","2026-09-21 11:51:35.869022+00"
348,"HARA BHARA KABAB","D017","corn flor","36A","corn flor_gm_reciepe",250,NULL,NULL,NULL,"","2026-09-21 11:51:35.869022+00"
349,"HARA BHARA KABAB","D017","Green Chilli","V2","Green Chilli_gm_reciepe",30,NULL,NULL,NULL,"","2026-09-21 11:51:35.869022+00"
350,"HARA BHARA KABAB","D017","maida","2","maida_gm_reciepe",250,NULL,NULL,NULL,"","2026-09-21 11:51:35.869022+00"
351,"HARA BHARA KABAB","D017","matar","79","matar_gm_reciepe",250,NULL,NULL,NULL,"","2026-09-21 11:51:35.869022+00"
352,"HARA BHARA KABAB","D017","PANEER","D3",NULL,250,NULL,NULL,NULL,"","2026-09-21 11:51:35.869022+00"
353,"HARA BHARA KABAB","D017","totalingredientsqty",NULL,NULL,3390,NULL,NULL,NULL,"","2026-09-21 11:51:35.869022+00"
354,"HARA BHARA KABAB","D017","totalprocessedqty",NULL,NULL,2,NULL,NULL,NULL,"","2026-09-21 11:51:35.869022+00"
355,"HARA BHARA KABAB","D017","dish_out",NULL,"HARA BHARA KABAB_1_portion",NULL,0,0,0,"","2026-09-21 11:51:35.869022+00"
356,"HARA BHARA KABAB","D017","Ginger","V3","Ginger_gm_reciepe",10,NULL,NULL,NULL,"","2026-09-21 11:53:05.124437+00"
357,"HARA BHARA KABAB","D017","potato","V22","potato_gm_reciepe",450,NULL,NULL,NULL,"","2026-09-21 11:53:05.124437+00"
358,"HARA BHARA KABAB","D017","Beans","V5","Beans_gm_reciepe",800,NULL,NULL,NULL,"","2026-09-21 11:53:05.124437+00"
359,"HARA BHARA KABAB","D017","bread crum","29A","bread crum_gm_reciepe",300,NULL,NULL,NULL,"","2026-09-21 11:53:05.124437+00"
360,"HARA BHARA KABAB","D017","Carrot","V4","Carrot_gm_reciepe",800,NULL,NULL,NULL,"","2026-09-21 11:53:05.124437+00"
361,"HARA BHARA KABAB","D017","corn flor","36A","corn flor_gm_reciepe",250,NULL,NULL,NULL,"","2026-09-21 11:53:05.124437+00"
362,"HARA BHARA KABAB","D017","Green Chilli","V2","Green Chilli_gm_reciepe",30,NULL,NULL,NULL,"","2026-09-21 11:53:05.124437+00"
363,"HARA BHARA KABAB","D017","maida","2","maida_gm_reciepe",250,NULL,NULL,NULL,"","2026-09-21 11:53:05.124437+00"
364,"HARA BHARA KABAB","D017","matar","79","matar_gm_reciepe",250,NULL,NULL,NULL,"","2026-09-21 11:53:05.124437+00"
365,"HARA BHARA KABAB","D017","PANEER","D3",NULL,250,NULL,NULL,NULL,"","2026-09-21 11:53:05.124437+00"
366,"HARA BHARA KABAB","D017","totalingredientsqty",NULL,NULL,3390,NULL,NULL,NULL,"","2026-09-21 11:53:05.124437+00"
367,"HARA BHARA KABAB","D017","totalprocessedqty",NULL,NULL,2,NULL,NULL,NULL,"","2026-09-21 11:53:05.124437+00"
368,"HARA BHARA KABAB","D017","dish_out",NULL,"HARA BHARA KABAB_1_portion",NULL,0,0,0,"","2026-09-21 11:53:05.124437+00"
369,"GREEN SALAD","D081","Carrot","V4","Carrot_gm_reciepe",200,NULL,NULL,NULL,"","2026-09-21 11:55:52.223849+00"
370,"GREEN SALAD","D081","Cucumber","V12","Cucumber_gm_reciepe",150,NULL,NULL,NULL,"","2026-09-21 11:55:52.223849+00"
371,"GREEN SALAD","D081","Lemon","V13","Lemon_gm_reciepe",100,NULL,NULL,NULL,"","2026-09-21 11:55:52.223849+00"
372,"GREEN SALAD","D081","Onion","V11","Onion_gm_reciepe",100,NULL,NULL,NULL,"","2026-09-21 11:55:52.223849+00"
373,"GREEN SALAD","D081","Tomato","V18","Tomato_gm_reciepe",100,NULL,NULL,NULL,"","2026-09-21 11:55:52.223849+00"
374,"GREEN SALAD","D081","totalingredientsqty",NULL,NULL,650,NULL,NULL,NULL,"","2026-09-21 11:55:52.223849+00"
375,"GREEN SALAD","D081","totalprocessedqty",NULL,NULL,2,NULL,NULL,NULL,"","2026-09-21 11:55:52.223849+00"
376,"GREEN SALAD","D081","dish_out",NULL,"GREEN SALAD_1_portion",NULL,0,0,0,"","2026-09-21 11:55:52.223849+00"
377,"GREEN SALAD","D081","Carrot","V4","Carrot_gm_reciepe",200,NULL,NULL,NULL,"","2026-09-21 11:55:55.736327+00"
378,"GREEN SALAD","D081","Cucumber","V12","Cucumber_gm_reciepe",150,NULL,NULL,NULL,"","2026-09-21 11:55:55.736327+00"
379,"GREEN SALAD","D081","Lemon","V13","Lemon_gm_reciepe",100,NULL,NULL,NULL,"","2026-09-21 11:55:55.736327+00"
380,"GREEN SALAD","D081","Onion","V11","Onion_gm_reciepe",100,NULL,NULL,NULL,"","2026-09-21 11:55:55.736327+00"
381,"GREEN SALAD","D081","Tomato","V18","Tomato_gm_reciepe",100,NULL,NULL,NULL,"","2026-09-21 11:55:55.736327+00"
382,"GREEN SALAD","D081","totalingredientsqty",NULL,NULL,650,NULL,NULL,NULL,"","2026-09-21 11:55:55.736327+00"
383,"GREEN SALAD","D081","totalprocessedqty",NULL,NULL,2,NULL,NULL,NULL,"","2026-09-21 11:55:55.736327+00"
384,"GREEN SALAD","D081","dish_out",NULL,"GREEN SALAD_1_portion",NULL,0,0,0,"","2026-09-21 11:55:55.736327+00"
385,"HONEY CHILLY POTATO","D012","Ginger","V3","Ginger_gm_reciepe",10,NULL,NULL,NULL,"","2026-09-21 11:59:11.400299+00"
386,"HONEY CHILLY POTATO","D012","ajinomoto","40","ajinomoto_gm_reciepe",15,NULL,NULL,NULL,"","2026-09-21 11:59:11.400299+00"
387,"HONEY CHILLY POTATO","D012","dhaniya","9","dhaniya_gm_reciepe",10,NULL,NULL,NULL,"","2026-09-21 11:59:11.400299+00"
388,"HONEY CHILLY POTATO","D012","Garlic","V10","Garlic_gm_reciepe",20,NULL,NULL,NULL,"","2026-09-21 11:59:11.400299+00"
389,"HONEY CHILLY POTATO","D012","Green Chilli","V2","Green Chilli_gm_reciepe",10,NULL,NULL,NULL,"","2026-09-21 11:59:11.400299+00"
390,"HONEY CHILLY POTATO","D012","Spring Onion","V8","Spring Onion_gm_reciepe",1,NULL,NULL,NULL,"","2026-09-21 11:59:11.400299+00"
391,"HONEY CHILLY POTATO","D012","Onion","V11","Onion_gm_reciepe",20,NULL,NULL,NULL,"","2026-09-21 11:59:11.400299+00"
392,"HONEY CHILLY POTATO","D012","lal mirch","110","lal mirch_gm_reciepe",15,NULL,NULL,NULL,"","2026-09-21 11:59:11.400299+00"
393,"HONEY CHILLY POTATO","D012","salt","27A","salt_gm_reciepe",5,NULL,NULL,NULL,"","2026-09-21 11:59:11.400299+00"
394,"HONEY CHILLY POTATO","D012","schezwan sauce","41","schezwan sauce_gm_reciepe",20,NULL,NULL,NULL,"","2026-09-21 11:59:11.400299+00"
395,"HONEY CHILLY POTATO","D012","sugar","6","sugar_gm_reciepe",10,NULL,NULL,NULL,"","2026-09-21 11:59:11.400299+00"
396,"HONEY CHILLY POTATO","D012","TOMATO KETCHUP","71B","TOMATO KETCHUP_gm_reciepe",10,NULL,NULL,NULL,"","2026-09-21 11:59:11.400299+00"
397,"HONEY CHILLY POTATO","D012","white pepper","39A","white pepper_gm_reciepe",15,NULL,NULL,NULL,"","2026-09-21 11:59:11.400299+00"
398,"HONEY CHILLY POTATO","D012","totalingredientsqty",NULL,NULL,161,NULL,NULL,NULL,"","2026-09-21 11:59:11.400299+00"
399,"HONEY CHILLY POTATO","D012","totalprocessedqty",NULL,NULL,2,NULL,NULL,NULL,"","2026-09-21 11:59:11.400299+00"
400,"HONEY CHILLY POTATO","D012","dish_out",NULL,"HONEY CHILLY POTATO_1_portion",NULL,0,0,0,"","2026-09-21 11:59:11.400299+00"
401,"HONEY CHILLY POTATO","D012","Ginger","V3","Ginger_gm_reciepe",10,NULL,NULL,NULL,"","2026-09-21 11:59:16.96473+00"
402,"HONEY CHILLY POTATO","D012","ajinomoto","40","ajinomoto_gm_reciepe",15,NULL,NULL,NULL,"","2026-09-21 11:59:16.96473+00"
403,"HONEY CHILLY POTATO","D012","dhaniya","9","dhaniya_gm_reciepe",10,NULL,NULL,NULL,"","2026-09-21 11:59:16.96473+00"
404,"HONEY CHILLY POTATO","D012","Garlic","V10","Garlic_gm_reciepe",20,NULL,NULL,NULL,"","2026-09-21 11:59:16.96473+00"
405,"HONEY CHILLY POTATO","D012","Green Chilli","V2","Green Chilli_gm_reciepe",10,NULL,NULL,NULL,"","2026-09-21 11:59:16.96473+00"
406,"HONEY CHILLY POTATO","D012","Spring Onion","V8","Spring Onion_gm_reciepe",1,NULL,NULL,NULL,"","2026-09-21 11:59:16.96473+00"
407,"HONEY CHILLY POTATO","D012","Onion","V11","Onion_gm_reciepe",20,NULL,NULL,NULL,"","2026-09-21 11:59:16.96473+00"
408,"HONEY CHILLY POTATO","D012","lal mirch","110","lal mirch_gm_reciepe",15,NULL,NULL,NULL,"","2026-09-21 11:59:16.96473+00"
409,"HONEY CHILLY POTATO","D012","salt","27A","salt_gm_reciepe",5,NULL,NULL,NULL,"","2026-09-21 11:59:16.96473+00"
410,"HONEY CHILLY POTATO","D012","schezwan sauce","41","schezwan sauce_gm_reciepe",20,NULL,NULL,NULL,"","2026-09-21 11:59:16.96473+00"
411,"HONEY CHILLY POTATO","D012","sugar","6","sugar_gm_reciepe",10,NULL,NULL,NULL,"","2026-09-21 11:59:16.96473+00"
412,"HONEY CHILLY POTATO","D012","TOMATO KETCHUP","71B","TOMATO KETCHUP_gm_reciepe",10,NULL,NULL,NULL,"","2026-09-21 11:59:16.96473+00"
413,"HONEY CHILLY POTATO","D012","white pepper","39A","white pepper_gm_reciepe",15,NULL,NULL,NULL,"","2026-09-21 11:59:16.96473+00"
414,"HONEY CHILLY POTATO","D012","totalingredientsqty",NULL,NULL,161,NULL,NULL,NULL,"","2026-09-21 11:59:16.96473+00"
415,"HONEY CHILLY POTATO","D012","totalprocessedqty",NULL,NULL,2,NULL,NULL,NULL,"","2026-09-21 11:59:16.96473+00"
416,"HONEY CHILLY POTATO","D012","dish_out",NULL,"HONEY CHILLY POTATO_1_portion",NULL,0,0,0,"","2026-09-21 11:59:16.96473+00"
417,"HOT AND SOUR SOUP","D022","Ginger","V3","Ginger_gm_reciepe",10,NULL,NULL,NULL,"","2026-09-21 12:04:56.479989+00"
418,"HOT AND SOUR SOUP","D022","Ginger","V3","Ginger_gm_reciepe",10,NULL,NULL,NULL,"","2026-09-21 12:04:56.480225+00"
419,"HOT AND SOUR SOUP","D022","ajinomoto","40","ajinomoto_gm_reciepe",15,NULL,NULL,NULL,"","2026-09-21 12:04:56.480225+00"
420,"HOT AND SOUR SOUP","D022","ajinomoto","40","ajinomoto_gm_reciepe",15,NULL,NULL,NULL,"","2026-09-21 12:04:56.479989+00"
421,"HOT AND SOUR SOUP","D022","dhaniya","9","dhaniya_gm_reciepe",10,NULL,NULL,NULL,"","2026-09-21 12:04:56.480225+00"
422,"HOT AND SOUR SOUP","D022","Garlic","V10","Garlic_gm_reciepe",20,NULL,NULL,NULL,"","2026-09-21 12:04:56.480225+00"
423,"HOT AND SOUR SOUP","D022","dhaniya","9","dhaniya_gm_reciepe",10,NULL,NULL,NULL,"","2026-09-21 12:04:56.479989+00"
424,"HOT AND SOUR SOUP","D022","green sauce","42","green sauce_gm_reciepe",10,NULL,NULL,NULL,"","2026-09-21 12:04:56.480225+00"
425,"HOT AND SOUR SOUP","D022","Lemon","V13","Lemon_gm_reciepe",18,NULL,NULL,NULL,"","2026-09-21 12:04:56.480225+00"
426,"HOT AND SOUR SOUP","D022","Garlic","V10","Garlic_gm_reciepe",20,NULL,NULL,NULL,"","2026-09-21 12:04:56.479989+00"
427,"HOT AND SOUR SOUP","D022","vinegar","44","vinegar_gm_reciepe",9,NULL,NULL,NULL,"","2026-09-21 12:04:56.480225+00"
428,"HOT AND SOUR SOUP","D022","white pepper","39A","white pepper_gm_reciepe",15,NULL,NULL,NULL,"","2026-09-21 12:04:56.480225+00"
429,"HOT AND SOUR SOUP","D022","totalingredientsqty",NULL,NULL,107,NULL,NULL,NULL,"","2026-09-21 12:04:56.480225+00"
430,"HOT AND SOUR SOUP","D022","green sauce","42","green sauce_gm_reciepe",10,NULL,NULL,NULL,"","2026-09-21 12:04:56.479989+00"
431,"HOT AND SOUR SOUP","D022","totalprocessedqty",NULL,NULL,0,NULL,NULL,NULL,"","2026-09-21 12:04:56.480225+00"
432,"HOT AND SOUR SOUP","D022","dish_out",NULL,"HOT AND SOUR SOUP _1_portion",NULL,0,0,0,"","2026-09-21 12:04:56.480225+00"
433,"HOT AND SOUR SOUP","D022","Lemon","V13","Lemon_gm_reciepe",18,NULL,NULL,NULL,"","2026-09-21 12:04:56.479989+00"
434,"HOT AND SOUR SOUP","D022","vinegar","44","vinegar_gm_reciepe",9,NULL,NULL,NULL,"","2026-09-21 12:04:56.479989+00"
435,"HOT AND SOUR SOUP","D022","white pepper","39A","white pepper_gm_reciepe",15,NULL,NULL,NULL,"","2026-09-21 12:04:56.479989+00"
436,"HOT AND SOUR SOUP","D022","totalingredientsqty",NULL,NULL,107,NULL,NULL,NULL,"","2026-09-21 12:04:56.479989+00"
437,"HOT AND SOUR SOUP","D022","totalprocessedqty",NULL,NULL,0,NULL,NULL,NULL,"","2026-09-21 12:04:56.479989+00"
438,"HOT AND SOUR SOUP","D022","dish_out",NULL,"HOT AND SOUR SOUP _1_portion",NULL,0,0,0,"","2026-09-21 12:04:56.479989+00"
439,"KACHUMBER SALAD","D082","Carrot","V4","Carrot_gm_reciepe",200,NULL,NULL,NULL,"","2026-09-21 12:28:07.786329+00"
440,"KACHUMBER SALAD","D082","chat amsala","21B","chat amsala_gm_reciepe",3,NULL,NULL,NULL,"","2026-09-21 12:28:07.786329+00"
441,"KACHUMBER SALAD","D082","Cucumber","V12","Cucumber_gm_reciepe",150,NULL,NULL,NULL,"","2026-09-21 12:28:07.786329+00"
442,"KACHUMBER SALAD","D082","CURD","D2",NULL,250,NULL,NULL,NULL,"","2026-09-21 12:28:07.786329+00"
443,"KACHUMBER SALAD","D082","degi mirch","12","degi mirch_gm_reciepe",3,NULL,NULL,NULL,"","2026-09-21 12:28:07.786329+00"
444,"KACHUMBER SALAD","D082","lal mirch","110","lal mirch_gm_reciepe",2,NULL,NULL,NULL,"","2026-09-21 12:28:07.786329+00"
445,"KACHUMBER SALAD","D082","salt","27A","salt_gm_reciepe",2,NULL,NULL,NULL,"","2026-09-21 12:28:07.786329+00"
446,"KACHUMBER SALAD","D082","Tomato","V18","Tomato_gm_reciepe",100,NULL,NULL,NULL,"","2026-09-21 12:28:07.786329+00"
447,"KACHUMBER SALAD","D082","totalingredientsqty",NULL,NULL,710,NULL,NULL,NULL,"","2026-09-21 12:28:07.786329+00"
448,"KACHUMBER SALAD","D082","totalprocessedqty",NULL,NULL,2,NULL,NULL,NULL,"","2026-09-21 12:28:07.786329+00"
449,"KACHUMBER SALAD","D082","dish_out",NULL,"KACHUMBER SALAD_1_portion",NULL,0,0,0,"","2026-09-21 12:28:07.786329+00"
450,"KACHUMBER SALAD","D082","Carrot","V4","Carrot_gm_reciepe",200,NULL,NULL,NULL,"","2026-09-21 12:29:40.017626+00"
451,"KACHUMBER SALAD","D082","chat amsala","21B","chat amsala_gm_reciepe",3,NULL,NULL,NULL,"","2026-09-21 12:29:40.017626+00"
452,"KACHUMBER SALAD","D082","Cucumber","V12","Cucumber_gm_reciepe",150,NULL,NULL,NULL,"","2026-09-21 12:29:40.017626+00"
453,"KACHUMBER SALAD","D082","CURD","D2",NULL,250,NULL,NULL,NULL,"","2026-09-21 12:29:40.017626+00"
454,"KACHUMBER SALAD","D082","degi mirch","12","degi mirch_gm_reciepe",3,NULL,NULL,NULL,"","2026-09-21 12:29:40.017626+00"
455,"KACHUMBER SALAD","D082","lal mirch","110","lal mirch_gm_reciepe",2,NULL,NULL,NULL,"","2026-09-21 12:29:40.017626+00"
456,"KACHUMBER SALAD","D082","salt","27A","salt_gm_reciepe",2,NULL,NULL,NULL,"","2026-09-21 12:29:40.017626+00"
457,"KACHUMBER SALAD","D082","Tomato","V18","Tomato_gm_reciepe",100,NULL,NULL,NULL,"","2026-09-21 12:29:40.017626+00"
458,"KACHUMBER SALAD","D082","totalingredientsqty",NULL,NULL,710,NULL,NULL,NULL,"","2026-09-21 12:29:40.017626+00"
459,"KACHUMBER SALAD","D082","totalprocessedqty",NULL,NULL,2,NULL,NULL,NULL,"","2026-09-21 12:29:40.017626+00"
460,"KACHUMBER SALAD","D082","dish_out",NULL,"KACHUMBER SALAD_1_portion",NULL,0,0,0,"","2026-09-21 12:29:40.017626+00"
461,"MANCHOW SOUP","D023","Ginger","V3","Ginger_gm_reciepe",10,NULL,NULL,NULL,"","2026-09-21 13:09:21.519581+00"
462,"MANCHOW SOUP","D023","ajinomoto","40","ajinomoto_gm_reciepe",15,NULL,NULL,NULL,"","2026-09-21 13:09:21.519581+00"
463,"MANCHOW SOUP","D023","black pepper","39B","black pepper_gm_reciepe",10,NULL,NULL,NULL,"","2026-09-21 13:09:21.519581+00"
464,"MANCHOW SOUP","D023","corn flor","36A","corn flor_gm_reciepe",30,NULL,NULL,NULL,"","2026-09-21 13:09:21.519581+00"
465,"MANCHOW SOUP","D023","dhaniya","9","dhaniya_gm_reciepe",10,NULL,NULL,NULL,"","2026-09-21 13:09:21.519581+00"
466,"MANCHOW SOUP","D023","Garlic","V10","Garlic_gm_reciepe",20,NULL,NULL,NULL,"","2026-09-21 13:09:21.519581+00"
467,"MANCHOW SOUP","D023","Green Chilli","V2","Green Chilli_gm_reciepe",10,NULL,NULL,NULL,"","2026-09-21 13:09:21.519581+00"
468,"MANCHOW SOUP","D023","green sauce","42","green sauce_gm_reciepe",10,NULL,NULL,NULL,"","2026-09-21 13:09:21.519581+00"
469,"MANCHOW SOUP","D023","Spring Onion","V8","Spring Onion_gm_reciepe",10,NULL,NULL,NULL,"","2026-09-21 13:09:21.519581+00"
470,"MANCHOW SOUP","D023","lal mirch","110","lal mirch_gm_reciepe",15,NULL,NULL,NULL,"","2026-09-21 13:09:21.519581+00"
471,"MANCHOW SOUP","D023","soya sauce","43A","soya sauce_gm_reciepe",10,NULL,NULL,NULL,"","2026-09-21 13:09:21.519581+00"
472,"MANCHOW SOUP","D023","white pepper","39A","white pepper_gm_reciepe",15,NULL,NULL,NULL,"","2026-09-21 13:09:21.519581+00"
473,"MANCHOW SOUP","D023","totalingredientsqty",NULL,NULL,165,NULL,NULL,NULL,"","2026-09-21 13:09:21.519581+00"
474,"MANCHOW SOUP","D023","totalprocessedqty",NULL,NULL,0,NULL,NULL,NULL,"","2026-09-21 13:09:21.519581+00"
475,"MANCHOW SOUP","D023","dish_out",NULL,"MANCHOW SOUP _1_portion",NULL,0,0,0,"","2026-09-21 13:09:21.519581+00"
476,"MANCHOW SOUP","D023","Ginger","V3","Ginger_gm_reciepe",10,NULL,NULL,NULL,"","2026-09-21 13:11:15.505245+00"
477,"MANCHOW SOUP","D023","ajinomoto","40","ajinomoto_gm_reciepe",15,NULL,NULL,NULL,"","2026-09-21 13:11:15.505245+00"
478,"MANCHOW SOUP","D023","black pepper","39B","black pepper_gm_reciepe",10,NULL,NULL,NULL,"","2026-09-21 13:11:15.505245+00"
479,"MANCHOW SOUP","D023","corn flor","36A","corn flor_gm_reciepe",30,NULL,NULL,NULL,"","2026-09-21 13:11:15.505245+00"
480,"MANCHOW SOUP","D023","dhaniya","9","dhaniya_gm_reciepe",10,NULL,NULL,NULL,"","2026-09-21 13:11:15.505245+00"
481,"MANCHOW SOUP","D023","Garlic","V10","Garlic_gm_reciepe",20,NULL,NULL,NULL,"","2026-09-21 13:11:15.505245+00"
482,"MANCHOW SOUP","D023","Green Chilli","V2","Green Chilli_gm_reciepe",10,NULL,NULL,NULL,"","2026-09-21 13:11:15.505245+00"
483,"MANCHOW SOUP","D023","green sauce","42","green sauce_gm_reciepe",10,NULL,NULL,NULL,"","2026-09-21 13:11:15.505245+00"
484,"MANCHOW SOUP","D023","Spring Onion","V8","Spring Onion_gm_reciepe",10,NULL,NULL,NULL,"","2026-09-21 13:11:15.505245+00"
485,"MANCHOW SOUP","D023","lal mirch","110","lal mirch_gm_reciepe",15,NULL,NULL,NULL,"","2026-09-21 13:11:15.505245+00"
486,"MANCHOW SOUP","D023","soya sauce","43A","soya sauce_gm_reciepe",10,NULL,NULL,NULL,"","2026-09-21 13:11:15.505245+00"
487,"MANCHOW SOUP","D023","white pepper","39A","white pepper_gm_reciepe",15,NULL,NULL,NULL,"","2026-09-21 13:11:15.505245+00"
488,"MANCHOW SOUP","D023","totalingredientsqty",NULL,NULL,165,NULL,NULL,NULL,"","2026-09-21 13:11:15.505245+00"
489,"MANCHOW SOUP","D023","totalprocessedqty",NULL,NULL,0,NULL,NULL,NULL,"","2026-09-21 13:11:15.505245+00"
490,"MANCHOW SOUP","D023","dish_out",NULL,"MANCHOW SOUP _1_portion",NULL,0,0,0,"","2026-09-21 13:11:15.505245+00"
491,"MANCHURIAN","D011","Ginger","V3","Ginger_gm_reciepe",10,NULL,NULL,NULL,"","2026-09-21 13:12:00.736859+00"
492,"MANCHURIAN","D011","corn floor","36A","corn floor_gm_reciepe",30,NULL,NULL,NULL,"","2026-09-21 13:12:00.736859+00"
493,"MANCHURIAN","D011","dhaniya","9","dhaniya_gm_reciepe",10,NULL,NULL,NULL,"","2026-09-21 13:12:00.736859+00"
494,"MANCHURIAN","D011","Garlic","V10","Garlic_gm_reciepe",20,NULL,NULL,NULL,"","2026-09-21 13:12:00.736859+00"
495,"MANCHURIAN","D011","Green Chilli","V2","Green Chilli_gm_reciepe",10,NULL,NULL,NULL,"","2026-09-21 13:12:00.736859+00"
496,"MANCHURIAN","D011","green sauce","42","green sauce_gm_reciepe",10,NULL,NULL,NULL,"","2026-09-21 13:12:00.736859+00"
497,"MANCHURIAN","D011","Spring Onion","V8","Spring Onion_gm_reciepe",10,NULL,NULL,NULL,"","2026-09-21 13:12:00.736859+00"
498,"MANCHURIAN","D011","Onion","V11","Onion_gm_reciepe",20,NULL,NULL,NULL,"","2026-09-21 13:12:00.736859+00"
499,"MANCHURIAN","D011","lal mirch","110","lal mirch_gm_reciepe",15,NULL,NULL,NULL,"","2026-09-21 13:12:00.736859+00"
500,"MANCHURIAN","D011","salt","27A","salt_gm_reciepe",5,NULL,NULL,NULL,"","2026-09-21 13:12:00.736859+00"
501,"MANCHURIAN","D011","schezwan sauce","41","schezwan sauce_gm_reciepe",20,NULL,NULL,NULL,"","2026-09-21 13:12:00.736859+00"
502,"MANCHURIAN","D011","soya sauce","43A","soya sauce_gm_reciepe",10,NULL,NULL,NULL,"","2026-09-21 13:12:00.736859+00"
503,"MANCHURIAN","D011","TOMATO KETCHUP","71B","TOMATO KETCHUP_gm_reciepe",20,NULL,NULL,NULL,"","2026-09-21 13:12:00.736859+00"
504,"MANCHURIAN","D011","totalingredientsqty",NULL,NULL,190,NULL,NULL,NULL,"","2026-09-21 13:12:00.736859+00"
505,"MANCHURIAN","D011","totalprocessedqty",NULL,NULL,0,NULL,NULL,NULL,"","2026-09-21 13:12:00.736859+00"
506,"MANCHURIAN","D011","dish_out",NULL,"MANCHURIAN_1_portion",NULL,0,0,0,"","2026-09-21 13:12:00.736859+00"
507,"Margherita Pizza","D142","mozerella","74","mozerella_gm_reciepe",10,NULL,NULL,NULL,"","2026-09-21 13:39:31.871652+00"
508,"Margherita Pizza","D142","chilly flakes+oregano","61  62","chilly flakes+oregano_gm_reciepe",14,NULL,NULL,NULL,"","2026-09-21 13:39:31.871652+00"
509,"Margherita Pizza","D142","pasta sauce","48","pasta sauce_gm_reciepe",30,NULL,NULL,NULL,"","2026-09-21 13:39:31.871652+00"
510,"Margherita Pizza","D142","dal","5","dal_gm_reciepe",250,NULL,NULL,NULL,"","2026-09-21 13:39:31.871652+00"
511,"Margherita Pizza","D142","matar","79","matar_gm_reciepe",15,NULL,NULL,NULL,"","2026-09-21 13:39:31.871652+00"
512,"Margherita Pizza","D142","rice","3","rice_gm_reciepe",250,NULL,NULL,NULL,"","2026-09-21 13:39:31.871652+00"
513,"Margherita Pizza","D142","chat amsala","21B","chat amsala_gm_reciepe",2,NULL,NULL,NULL,"","2026-09-21 13:39:31.871652+00"
514,"Margherita Pizza","D142","Coriander","V9","Coriander_gm_reciepe",3,NULL,NULL,NULL,"","2026-09-21 13:39:31.871652+00"
515,"Margherita Pizza","D142","Cucumber","V12","Cucumber_gm_reciepe",20,NULL,NULL,NULL,"","2026-09-21 13:39:31.871652+00"
516,"Margherita Pizza","D142","Lemon","V13","Lemon_gm_reciepe",25,NULL,NULL,NULL,"","2026-09-21 13:39:31.871652+00"
517,"Margherita Pizza","D142","Onion","V11","Onion_gm_reciepe",20,NULL,NULL,NULL,"","2026-09-21 13:39:31.871652+00"
518,"Margherita Pizza","D142","lal mirch","110","lal mirch_gm_reciepe",2,NULL,NULL,NULL,"","2026-09-21 13:39:31.871652+00"
519,"Margherita Pizza","D142","salt","27A","salt_gm_reciepe",3,NULL,NULL,NULL,"","2026-09-21 13:39:31.871652+00"
520,"Margherita Pizza","D142","Tomato","V18","Tomato_gm_reciepe",20,NULL,NULL,NULL,"","2026-09-21 13:39:31.871652+00"
521,"Margherita Pizza","D142","totalingredientsqty",NULL,NULL,664,NULL,NULL,NULL,"","2026-09-21 13:39:31.871652+00"
522,"Margherita Pizza","D142","totalprocessedqty",NULL,NULL,0,NULL,NULL,NULL,"","2026-09-21 13:39:31.871652+00"
523,"Margherita Pizza","D142","dish_out",NULL,"Margherita Pizza_1_portion",NULL,0,0,0,"","2026-09-21 13:39:31.871652+00"
524,"Margherita Pizza","D142","mozerella","74","mozerella_gm_reciepe",10,NULL,NULL,NULL,"","2026-09-21 13:41:27.875092+00"
525,"Margherita Pizza","D142","chilly flakes+oregano","61  62","chilly flakes+oregano_gm_reciepe",14,NULL,NULL,NULL,"","2026-09-21 13:41:27.875092+00"
526,"Margherita Pizza","D142","pasta sauce","48","pasta sauce_gm_reciepe",30,NULL,NULL,NULL,"","2026-09-21 13:41:27.875092+00"
527,"Margherita Pizza","D142","PIZZA BASE","B3",NULL,1,NULL,NULL,NULL,"","2026-09-21 13:41:27.875092+00"
528,"Margherita Pizza","D142","totalingredientsqty",NULL,NULL,55,NULL,NULL,NULL,"","2026-09-21 13:41:27.875092+00"
529,"Margherita Pizza","D142","totalprocessedqty",NULL,NULL,0,NULL,NULL,NULL,"","2026-09-21 13:41:27.875092+00"
530,"Margherita Pizza","D142","dish_out",NULL,"Margherita Pizza_1_portion",NULL,0,0,0,"","2026-09-21 13:41:27.875092+00"
531,"Margherita Pizza","D142","mozerella","74","mozerella_gm_reciepe",10,NULL,NULL,NULL,"","2026-09-21 13:41:27.882305+00"
532,"Margherita Pizza","D142","chilly flakes+oregano","61  62","chilly flakes+oregano_gm_reciepe",14,NULL,NULL,NULL,"","2026-09-21 13:41:27.882305+00"
533,"Margherita Pizza","D142","pasta sauce","48","pasta sauce_gm_reciepe",30,NULL,NULL,NULL,"","2026-09-21 13:41:27.882305+00"
534,"Margherita Pizza","D142","PIZZA BASE","B3",NULL,1,NULL,NULL,NULL,"","2026-09-21 13:41:27.882305+00"
535,"Margherita Pizza","D142","totalingredientsqty",NULL,NULL,55,NULL,NULL,NULL,"","2026-09-21 13:41:27.882305+00"
536,"Margherita Pizza","D142","totalprocessedqty",NULL,NULL,0,NULL,NULL,NULL,"","2026-09-21 13:41:27.882305+00"
537,"Margherita Pizza","D142","dish_out",NULL,"Margherita Pizza_1_portion",NULL,0,0,0,"","2026-09-21 13:41:27.882305+00"
538,"Margherita Pizza","D142","mozerella","74","mozerella_gm_reciepe",10,NULL,NULL,NULL,"","2026-09-21 13:41:27.89651+00"
539,"Margherita Pizza","D142","chilly flakes+oregano","61  62","chilly flakes+oregano_gm_reciepe",14,NULL,NULL,NULL,"","2026-09-21 13:41:27.89651+00"
540,"Margherita Pizza","D142","pasta sauce","48","pasta sauce_gm_reciepe",30,NULL,NULL,NULL,"","2026-09-21 13:41:27.89651+00"
541,"Margherita Pizza","D142","PIZZA BASE","B3",NULL,1,NULL,NULL,NULL,"","2026-09-21 13:41:27.89651+00"
542,"Margherita Pizza","D142","totalingredientsqty",NULL,NULL,55,NULL,NULL,NULL,"","2026-09-21 13:41:27.89651+00"
543,"Margherita Pizza","D142","totalprocessedqty",NULL,NULL,0,NULL,NULL,NULL,"","2026-09-21 13:41:27.89651+00"
544,"Margherita Pizza","D142","dish_out",NULL,"Margherita Pizza_1_portion",NULL,0,0,0,"","2026-09-21 13:41:27.89651+00"
545,"MASALA DAL KHICHDI","D096","dal","5","dal_gm_reciepe",250,NULL,NULL,NULL,"","2026-09-21 13:43:14.890917+00"
546,"MASALA DAL KHICHDI","D096","matar","79","matar_gm_reciepe",15,NULL,NULL,NULL,"","2026-09-21 13:43:14.890917+00"
547,"MASALA DAL KHICHDI","D096","rice","3","rice_gm_reciepe",250,NULL,NULL,NULL,"","2026-09-21 13:43:14.890917+00"
548,"MASALA DAL KHICHDI","D096","totalingredientsqty",NULL,NULL,515,NULL,NULL,NULL,"","2026-09-21 13:43:14.890917+00"
549,"MASALA DAL KHICHDI","D096","totalprocessedqty",NULL,NULL,0,NULL,NULL,NULL,"","2026-09-21 13:43:14.890917+00"
550,"MASALA DAL KHICHDI","D096","dish_out",NULL,"MASALA DAL KHICHDI_1_portion",NULL,0,0,0,"","2026-09-21 13:43:14.890917+00"
551,"MASALA PAPAD","D067","chat amsala","21B","chat amsala_gm_reciepe",2,NULL,NULL,NULL,"","2026-09-21 13:48:03.823+00"
552,"MASALA PAPAD","D067","Coriander","V9","Coriander_gm_reciepe",3,NULL,NULL,NULL,"","2026-09-21 13:48:03.823+00"
553,"MASALA PAPAD","D067","Cucumber","V12","Cucumber_gm_reciepe",20,NULL,NULL,NULL,"","2026-09-21 13:48:03.823+00"
554,"MASALA PAPAD","D067","Lemon","V13","Lemon_gm_reciepe",25,NULL,NULL,NULL,"","2026-09-21 13:48:03.823+00"
555,"MASALA PAPAD","D067","Onion","V11","Onion_gm_reciepe",20,NULL,NULL,NULL,"","2026-09-21 13:48:03.823+00"
556,"MASALA PAPAD","D067","lal mirch","110","lal mirch_gm_reciepe",2,NULL,NULL,NULL,"","2026-09-21 13:48:03.823+00"
557,"MASALA PAPAD","D067","salt","27A","salt_gm_reciepe",3,NULL,NULL,NULL,"","2026-09-21 13:48:03.823+00"
558,"MASALA PAPAD","D067","Tomato","V18","Tomato_gm_reciepe",20,NULL,NULL,NULL,"","2026-09-21 13:48:03.823+00"
559,"MASALA PAPAD","D067","totalingredientsqty",NULL,NULL,95,NULL,NULL,NULL,"","2026-09-21 13:48:03.823+00"
560,"MASALA PAPAD","D067","totalprocessedqty",NULL,NULL,0,NULL,NULL,NULL,"","2026-09-21 13:48:03.823+00"
561,"MASALA PAPAD","D067","dish_out",NULL,"MASALA PAPAD_1_portion",NULL,0,0,0,"","2026-09-21 13:48:03.823+00"
562,"MIX VEG PARATHA","D007","aaata","1","aaata_gm_reciepe",150,NULL,NULL,NULL,"","2026-09-21 14:10:24.831809+00"
563,"MIX VEG PARATHA","D007","Beans","V5","Beans_gm_reciepe",30,NULL,NULL,NULL,"","2026-09-21 14:10:24.831809+00"
564,"MIX VEG PARATHA","D007","Carrot","V4","Carrot_gm_reciepe",30,NULL,NULL,NULL,"","2026-09-21 14:10:24.831809+00"
565,"MIX VEG PARATHA","D007","matar","79","matar_gm_reciepe",30,NULL,NULL,NULL,"","2026-09-21 14:10:24.831809+00"
566,"MIX VEG PARATHA","D007","PANEER","D3",NULL,50,NULL,NULL,NULL,"","2026-09-21 14:10:24.831809+00"
567,"MIX VEG PARATHA","D007","totalingredientsqty",NULL,NULL,290,NULL,NULL,NULL,"","2026-09-21 14:10:24.831809+00"
568,"MIX VEG PARATHA","D007","totalprocessedqty",NULL,NULL,0,NULL,NULL,NULL,"","2026-09-21 14:10:24.831809+00"
569,"MIX VEG PARATHA","D007","dish_out",NULL,"MIX VEG PARATHA_1_portion",NULL,0,0,0,"","2026-09-21 14:10:24.831809+00"
570,"MIX RAITA","D085","chat masala","21B","chat masala_gm_reciepe",2,NULL,NULL,NULL,"","2026-09-21 14:13:29.273355+00"
571,"MIX RAITA","D085","Cucumber","V12","Cucumber_gm_reciepe",150,NULL,NULL,NULL,"","2026-09-21 14:13:29.273355+00"
572,"MIX RAITA","D085","CURD","D2",NULL,250,NULL,NULL,NULL,"","2026-09-21 14:13:29.273355+00"
573,"MIX RAITA","D085","degi mirch","12","degi mirch_gm_reciepe",2,NULL,NULL,NULL,"","2026-09-21 14:13:29.273355+00"
574,"MIX RAITA","D085","Onion","V11","Onion_gm_reciepe",100,NULL,NULL,NULL,"","2026-09-21 14:13:29.273355+00"
575,"MIX RAITA","D085","lal mirch","110","lal mirch_gm_reciepe",3,NULL,NULL,NULL,"","2026-09-21 14:13:29.273355+00"
576,"MIX RAITA","D085","salt","27A","salt_gm_reciepe",3,NULL,NULL,NULL,"","2026-09-21 14:13:29.273355+00"
577,"MIX RAITA","D085","Tomato","V18","Tomato_gm_reciepe",100,NULL,NULL,NULL,"","2026-09-21 14:13:29.273355+00"
578,"MIX RAITA","D085","totalingredientsqty",NULL,NULL,610,NULL,NULL,NULL,"","2026-09-21 14:13:29.273355+00"
579,"MIX RAITA","D085","totalprocessedqty",NULL,NULL,2,NULL,NULL,NULL,"","2026-09-21 14:13:29.273355+00"
580,"MIX RAITA","D085","dish_out",NULL,"MIX RAITA_1_portion",NULL,0,0,0,"","2026-09-21 14:13:29.273355+00"
581,"MIX RAITA","D085","chat masala","21B","chat masala_gm_reciepe",2,NULL,NULL,NULL,"","2026-09-21 14:13:35.643802+00"
582,"MIX RAITA","D085","Cucumber","V12","Cucumber_gm_reciepe",150,NULL,NULL,NULL,"","2026-09-21 14:13:35.643802+00"
583,"MIX RAITA","D085","CURD","D2",NULL,250,NULL,NULL,NULL,"","2026-09-21 14:13:35.643802+00"
584,"MIX RAITA","D085","degi mirch","12","degi mirch_gm_reciepe",2,NULL,NULL,NULL,"","2026-09-21 14:13:35.643802+00"
585,"MIX RAITA","D085","Onion","V11","Onion_gm_reciepe",100,NULL,NULL,NULL,"","2026-09-21 14:13:35.643802+00"
586,"MIX RAITA","D085","lal mirch","110","lal mirch_gm_reciepe",3,NULL,NULL,NULL,"","2026-09-21 14:13:35.643802+00"
587,"MIX RAITA","D085","salt","27A","salt_gm_reciepe",3,NULL,NULL,NULL,"","2026-09-21 14:13:35.643802+00"
588,"MIX RAITA","D085","Tomato","V18","Tomato_gm_reciepe",100,NULL,NULL,NULL,"","2026-09-21 14:13:35.643802+00"
589,"MIX RAITA","D085","totalingredientsqty",NULL,NULL,610,NULL,NULL,NULL,"","2026-09-21 14:13:35.643802+00"
590,"MIX RAITA","D085","totalprocessedqty",NULL,NULL,2,NULL,NULL,NULL,"","2026-09-21 14:13:35.643802+00"
591,"MIX RAITA","D085","dish_out",NULL,"MIX RAITA_1_portion",NULL,0,0,0,"","2026-09-21 14:13:35.643802+00"
592,"MIX VEG PARATHA","D007","aaata","1","aaata_gm_reciepe",150,NULL,NULL,NULL,"","2026-09-21 14:15:40.601591+00"
593,"MIX VEG PARATHA","D007","Carrot","V4","Carrot_gm_reciepe",30,NULL,NULL,NULL,"","2026-09-21 14:15:40.601591+00"
594,"MIX VEG PARATHA","D007","matar","79","matar_gm_reciepe",30,NULL,NULL,NULL,"","2026-09-21 14:15:40.601591+00"
595,"MIX VEG PARATHA","D007","PANEER","D3",NULL,50,NULL,NULL,NULL,"","2026-09-21 14:15:40.601591+00"
596,"MIX VEG PARATHA","D007","totalingredientsqty",NULL,NULL,260,NULL,NULL,NULL,"","2026-09-21 14:15:40.601591+00"
597,"MIX VEG PARATHA","D007","totalprocessedqty",NULL,NULL,2,NULL,NULL,NULL,"","2026-09-21 14:15:40.601591+00"
598,"MIX VEG PARATHA","D007","dish_out",NULL,"MIX VEG PARATHA_1_portion",NULL,0,0,0,"","2026-09-21 14:15:40.601591+00"
599,"ONION PARATHA","D005","aaata","1","aaata_gm_reciepe",150,NULL,NULL,NULL,"","2026-09-21 14:18:48.712815+00"
600,"ONION PARATHA","D005","potato","V22","potato_gm_reciepe",100,NULL,NULL,NULL,"","2026-09-21 14:18:48.712815+00"
601,"ONION PARATHA","D005","PANEER","D3",NULL,50,NULL,NULL,NULL,"","2026-09-21 14:18:48.712815+00"
602,"ONION PARATHA","D005","totalingredientsqty",NULL,NULL,300,NULL,NULL,NULL,"","2026-09-21 14:18:48.712815+00"
603,"ONION PARATHA","D005","totalprocessedqty",NULL,NULL,0,NULL,NULL,NULL,"","2026-09-21 14:18:48.712815+00"
604,"ONION PARATHA","D005","dish_out",NULL,"ONION PARATHA_1_portion",NULL,0,0,0,"","2026-09-21 14:18:48.712815+00"
605,"Paneer Makhani Pizza","D140","Capsicum","V1","Capsicum_gm_reciepe",10,NULL,NULL,NULL,"","2026-09-21 14:23:47.240699+00"
606,"Paneer Makhani Pizza","D140","Green Chilli","V2","Green Chilli_gm_reciepe",1.2,NULL,NULL,NULL,"","2026-09-21 14:23:47.240699+00"
607,"Paneer Makhani Pizza","D140","Coriander","V9","Coriander_gm_reciepe",7,NULL,NULL,NULL,"","2026-09-21 14:23:47.240699+00"
608,"Paneer Makhani Pizza","D140","metonese","50","metonese_gm_reciepe",10,NULL,NULL,NULL,"","2026-09-21 14:23:47.240699+00"
609,"Paneer Makhani Pizza","D140","mozerella","74","mozerella_gm_reciepe",100,NULL,NULL,NULL,"","2026-09-21 14:23:47.240699+00"
610,"Paneer Makhani Pizza","D140","PANEER","D3",NULL,100,NULL,NULL,NULL,"","2026-09-21 14:23:47.240699+00"
611,"Paneer Makhani Pizza","D140","PIZZA BASE","B3",NULL,1,NULL,NULL,NULL,"","2026-09-21 14:23:47.240699+00"
612,"Paneer Makhani Pizza","D140","pasta pizza sauce","48","pasta pizza sauce_gm_reciepe",30,NULL,NULL,NULL,"","2026-09-21 14:23:47.240699+00"
613,"Paneer Makhani Pizza","D140","Onion","V11","Onion_gm_reciepe",5,NULL,NULL,NULL,"","2026-09-21 14:23:47.240699+00"
614,"Paneer Makhani Pizza","D140","totalingredientsqty",NULL,NULL,264.2,NULL,NULL,NULL,"","2026-09-21 14:23:47.240699+00"
615,"Paneer Makhani Pizza","D140","totalprocessedqty",NULL,NULL,0,NULL,NULL,NULL,"","2026-09-21 14:23:47.240699+00"
616,"Paneer Makhani Pizza","D140","dish_out",NULL,"Paneer Makhani Pizza_1_portion",NULL,0,0,0,"","2026-09-21 14:23:47.240699+00"
617,"PANEER PARATHA","D009","aaata","1","aaata_gm_reciepe",150,NULL,NULL,NULL,"","2026-09-21 14:27:36.522454+00"
618,"PANEER PARATHA","D009","PANEER","D3",NULL,50,NULL,NULL,NULL,"","2026-09-21 14:27:36.522454+00"
619,"PANEER PARATHA","D009","totalingredientsqty",NULL,NULL,200,NULL,NULL,NULL,"","2026-09-21 14:27:36.522454+00"
620,"PANEER PARATHA","D009","totalprocessedqty",NULL,NULL,2,NULL,NULL,NULL,"","2026-09-21 14:27:36.522454+00"
621,"PANEER PARATHA","D009","dish_out",NULL,"PANEER PARATHA_1_portion",NULL,0,0,0,"","2026-09-21 14:27:36.522454+00"
622,"PANEER TIKKA","D018","CURD","D2",NULL,250,NULL,NULL,NULL,"","2026-09-21 14:29:15.958067+00"
623,"PANEER TIKKA","D018","PANEER","D3",NULL,140,NULL,NULL,NULL,"","2026-09-21 14:29:15.958067+00"
624,"PANEER TIKKA","D018","sarso tel","23A","sarso tel_gm_reciepe",100,NULL,NULL,NULL,"","2026-09-21 14:29:15.958067+00"
625,"PANEER TIKKA","D018","totalingredientsqty",NULL,NULL,490,NULL,NULL,NULL,"","2026-09-21 14:29:15.958067+00"
626,"PANEER TIKKA","D018","totalprocessedqty",NULL,NULL,0,NULL,NULL,NULL,"","2026-09-21 14:29:15.958067+00"
627,"PANEER TIKKA","D018","dish_out",NULL,"PANEER TIKKA_1_portion",NULL,0,0,0,"","2026-09-21 14:29:15.958067+00"
628,"Paneer Tikka Sandwich","D155","metonese","50","metonese_gm_reciepe",30,NULL,NULL,NULL,"","2026-09-21 14:32:53.269989+00"
629,"Paneer Tikka Sandwich","D155","PANEER","D3",NULL,100,NULL,NULL,NULL,"","2026-09-21 14:32:53.269989+00"
630,"Paneer Tikka Sandwich","D155","cheese processed","81","cheese processed_gm_reciepe",15,NULL,NULL,NULL,"","2026-09-21 14:32:53.269989+00"
631,"Paneer Tikka Sandwich","D155","tika sauce","52","tika sauce_gm_reciepe",30,NULL,NULL,NULL,"","2026-09-21 14:32:53.269989+00"
632,"Paneer Tikka Sandwich","D155","totalingredientsqty",NULL,NULL,175,NULL,NULL,NULL,"","2026-09-21 14:32:53.269989+00"
633,"Paneer Tikka Sandwich","D155","totalprocessedqty",NULL,NULL,2,NULL,NULL,NULL,"","2026-09-21 14:32:53.269989+00"
634,"Paneer Tikka Sandwich","D155","dish_out",NULL,"Paneer Tikka Sandwich_1_portion",NULL,0,0,0,"","2026-09-21 14:32:53.269989+00"
635,"Peri Peri Fries","D112","fries","78","fries_gm_reciepe",250,NULL,NULL,NULL,"","2026-09-21 14:40:14.882436+00"
636,"Peri Peri Fries","D112","peri peri masala","64","peri peri masala_gm_reciepe",15,NULL,NULL,NULL,"","2026-09-21 14:40:14.882436+00"
637,"Peri Peri Fries","D112","totalingredientsqty",NULL,NULL,265,NULL,NULL,NULL,"","2026-09-21 14:40:14.882436+00"
638,"Peri Peri Fries","D112","totalprocessedqty",NULL,NULL,2,NULL,NULL,NULL,"","2026-09-21 14:40:14.882436+00"
639,"Peri Peri Fries","D112","dish_out",NULL,"Peri Peri Fries_1_portion",NULL,0,0,0,"","2026-09-21 14:40:14.882436+00"
640,"PERI PERI BURGER","D148","aloo tikki","77A","aloo tikki_gm_reciepe",70,NULL,NULL,NULL,"","2026-09-21 14:42:56.838238+00"
641,"PERI PERI BURGER","D148","BURGER BUN","B2",NULL,1,NULL,NULL,NULL,"","2026-09-21 14:42:56.838238+00"
642,"PERI PERI BURGER","D148","Cucumber","V12","Cucumber_gm_reciepe",30,NULL,NULL,NULL,"","2026-09-21 14:42:56.838238+00"
643,"PERI PERI BURGER","D148","metonese","50","metonese_gm_reciepe",30,NULL,NULL,NULL,"","2026-09-21 14:42:56.838238+00"
644,"PERI PERI BURGER","D148","Cabbage","V7","Cabbage_gm_reciepe",5,NULL,NULL,NULL,"","2026-09-21 14:42:56.838238+00"
645,"PERI PERI BURGER","D148","Onion","V11","Onion_gm_reciepe",10,NULL,NULL,NULL,"","2026-09-21 14:42:56.838238+00"
646,"PERI PERI BURGER","D148","Capsicum","V1","Capsicum_gm_reciepe",10,NULL,NULL,NULL,"","2026-09-21 14:42:56.838238+00"
647,"PERI PERI BURGER","D148","Tomato","V18","Tomato_gm_reciepe",10,NULL,NULL,NULL,"","2026-09-21 14:42:56.838238+00"
648,"PERI PERI BURGER","D148","thousand sauce","54","thousand sauce_gm_reciepe",20,NULL,NULL,NULL,"","2026-09-21 14:42:56.838238+00"
649,"PERI PERI BURGER","D148","totalingredientsqty",NULL,NULL,186,NULL,NULL,NULL,"","2026-09-21 14:42:56.838238+00"
650,"PERI PERI BURGER","D148","totalprocessedqty",NULL,NULL,0,NULL,NULL,NULL,"","2026-09-21 14:42:56.838238+00"
651,"PERI PERI BURGER","D148","dish_out",NULL,"PERI PERI BURGER_1_portion",NULL,0,0,0,"","2026-09-21 14:42:56.838238+00"
652,"PERI PERI MAGGI","D163","maggi","67","maggi_gm_reciepe",70,NULL,NULL,NULL,"","2026-09-21 15:00:44.34439+00"
653,"PERI PERI MAGGI","D163","maggi masala","66","maggi masala_gm_reciepe",1,NULL,NULL,NULL,"","2026-09-21 15:00:44.34439+00"
654,"PERI PERI MAGGI","D163","peri peri sauce","49","peri peri sauce_gm_reciepe",20,NULL,NULL,NULL,"","2026-09-21 15:00:44.34439+00"
655,"PERI PERI MAGGI","D163","peri peri masala","64","peri peri masala_gm_reciepe",10,NULL,NULL,NULL,"","2026-09-21 15:00:44.34439+00"
656,"PERI PERI MAGGI","D163","totalingredientsqty",NULL,NULL,101,NULL,NULL,NULL,"","2026-09-21 15:00:44.34439+00"
657,"PERI PERI MAGGI","D163","totalprocessedqty",NULL,NULL,0,NULL,NULL,NULL,"","2026-09-21 15:00:44.34439+00"
658,"PERI PERI MAGGI","D163","dish_out",NULL,"PERI PERI MAGGI_1_portion",NULL,0,0,0,"","2026-09-21 15:00:44.34439+00"
659,"Peri Peri Pizza","D143","Capsicum","V1","Capsicum_gm_reciepe",10,NULL,NULL,NULL,"","2026-09-21 15:09:43.955198+00"
660,"Peri Peri Pizza","D143","jalapeno","60B","jalapeno_gm_reciepe",5,NULL,NULL,NULL,"","2026-09-21 15:09:43.955198+00"
661,"Peri Peri Pizza","D143","meyonese","50","meyonese_gm_reciepe",100,NULL,NULL,NULL,"","2026-09-21 15:09:43.955198+00"
662,"Peri Peri Pizza","D143","mozerella","74","mozerella_gm_reciepe",100,NULL,NULL,NULL,"","2026-09-21 15:09:43.955198+00"
663,"Peri Peri Pizza","D143","pizza sauce","48","pizza sauce_gm_reciepe",30,NULL,NULL,NULL,"","2026-09-21 15:09:43.955198+00"
664,"Peri Peri Pizza","D143","Onion","V11","Onion_gm_reciepe",5,NULL,NULL,NULL,"","2026-09-21 15:09:43.955198+00"
665,"Peri Peri Pizza","D143","red peprica","60A","red peprica_gm_reciepe",5,NULL,NULL,NULL,"","2026-09-21 15:09:43.955198+00"
666,"Peri Peri Pizza","D143","totalingredientsqty",NULL,NULL,255,NULL,NULL,NULL,"","2026-09-21 15:09:43.955198+00"
667,"Peri Peri Pizza","D143","totalprocessedqty",NULL,NULL,0,NULL,NULL,NULL,"","2026-09-21 15:09:43.955198+00"
668,"Peri Peri Pizza","D143","dish_out",NULL,"Peri Peri Pizza_1_portion",NULL,0,0,0,"","2026-09-21 15:09:43.955198+00"
669,"Pizza Sandwich","D158","corn","80","corn_gm_reciepe",100,NULL,NULL,NULL,"","2026-09-21 15:34:45.302575+00"
670,"Pizza Sandwich","D158","mozerella","74","mozerella_gm_reciepe",50,NULL,NULL,NULL,"","2026-09-21 15:34:45.302575+00"
671,"Pizza Sandwich","D158","metonese","50","metonese_gm_reciepe",30,NULL,NULL,NULL,"","2026-09-21 15:34:45.302575+00"
672,"Pizza Sandwich","D158","Capsicum","V1","Capsicum_gm_reciepe",10,NULL,NULL,NULL,"","2026-09-21 15:34:45.302575+00"
673,"Pizza Sandwich","D158","totalingredientsqty",NULL,NULL,190,NULL,NULL,NULL,"","2026-09-21 15:34:45.302575+00"
674,"Pizza Sandwich","D158","totalprocessedqty",NULL,NULL,0,NULL,NULL,NULL,"","2026-09-21 15:34:45.302575+00"
675,"Pizza Sandwich","D158","dish_out",NULL,"Pizza Sandwich_1_portion",NULL,0,0,0,"","2026-09-21 15:34:45.302575+00"
676,"PLAIN MAGGI","D162","maggi","67","maggi_gm_reciepe",1,NULL,NULL,NULL,"","2026-09-21 15:36:27.228526+00"
677,"PLAIN MAGGI","D162","maggi masala","66","maggi masala_gm_reciepe",1,NULL,NULL,NULL,"","2026-09-21 15:36:27.228526+00"
678,"PLAIN MAGGI","D162","totalingredientsqty",NULL,NULL,2,NULL,NULL,NULL,"","2026-09-21 15:36:27.228526+00"
679,"PLAIN MAGGI","D162","totalprocessedqty",NULL,NULL,0,NULL,NULL,NULL,"","2026-09-21 15:36:27.228526+00"
680,"PLAIN MAGGI","D162","dish_out",NULL,"PLAIN MAGGI _1_portion",NULL,0,0,0,"","2026-09-21 15:36:27.228526+00"
681,"PUNJABI MAGGI","D166","butter","73","butter_gm_reciepe",20,NULL,NULL,NULL,"","2026-09-21 15:40:38.194519+00"
682,"PUNJABI MAGGI","D166","degi mirch","12","degi mirch_gm_reciepe",5,NULL,NULL,NULL,"","2026-09-21 15:40:38.194519+00"
683,"PUNJABI MAGGI","D166","Carrot","V4","Carrot_gm_reciepe",10,NULL,NULL,NULL,"","2026-09-21 15:40:38.194519+00"
684,"PUNJABI MAGGI","D166","jeera","15","jeera_gm_reciepe",5,NULL,NULL,NULL,"","2026-09-21 15:40:38.194519+00"
685,"PUNJABI MAGGI","D166","kitchen king","13","kitchen king_gm_reciepe",5,NULL,NULL,NULL,"","2026-09-21 15:40:38.194519+00"
686,"PUNJABI MAGGI","D166","lal mirch","110","lal mirch_gm_reciepe",5,NULL,NULL,NULL,"","2026-09-21 15:40:38.194519+00"
687,"PUNJABI MAGGI","D166","Garlic","V10","Garlic_gm_reciepe",5,NULL,NULL,NULL,"","2026-09-21 15:40:38.194519+00"
688,"PUNJABI MAGGI","D166","maggi","67","maggi_gm_reciepe",70,NULL,NULL,NULL,"","2026-09-21 15:40:38.194519+00"
689,"PUNJABI MAGGI","D166","Onion","V11","Onion_gm_reciepe",10,NULL,NULL,NULL,"","2026-09-21 15:40:38.194519+00"
690,"PUNJABI MAGGI","D166","Capsicum","V1","Capsicum_gm_reciepe",10,NULL,NULL,NULL,"","2026-09-21 15:40:38.194519+00"
691,"PUNJABI MAGGI","D166","totalingredientsqty",NULL,NULL,145,NULL,NULL,NULL,"","2026-09-21 15:40:38.194519+00"
692,"PUNJABI MAGGI","D166","totalprocessedqty",NULL,NULL,0,NULL,NULL,NULL,"","2026-09-21 15:40:38.194519+00"
693,"PUNJABI MAGGI","D166","dish_out",NULL,"PUNJABI MAGGI_1_portion",NULL,0,0,0,"","2026-09-21 15:40:38.194519+00"
694,"PUNJABI MAGGI","D166","butter","73","butter_gm_reciepe",20,NULL,NULL,NULL,"","2026-09-21 15:46:59.746891+00"
695,"PUNJABI MAGGI","D166","degi mirch","12","degi mirch_gm_reciepe",5,NULL,NULL,NULL,"","2026-09-21 15:46:59.746891+00"
696,"PUNJABI MAGGI","D166","Carrot","V4","Carrot_gm_reciepe",10,NULL,NULL,NULL,"","2026-09-21 15:46:59.746891+00"
697,"PUNJABI MAGGI","D166","jeera","15","jeera_gm_reciepe",5,NULL,NULL,NULL,"","2026-09-21 15:46:59.746891+00"
698,"PUNJABI MAGGI","D166","kitchen king","13","kitchen king_gm_reciepe",5,NULL,NULL,NULL,"","2026-09-21 15:46:59.746891+00"
699,"PUNJABI MAGGI","D166","lal mirch","110","lal mirch_gm_reciepe",5,NULL,NULL,NULL,"","2026-09-21 15:46:59.746891+00"
700,"PUNJABI MAGGI","D166","Garlic","V10","Garlic_gm_reciepe",5,NULL,NULL,NULL,"","2026-09-21 15:46:59.746891+00"
701,"PUNJABI MAGGI","D166","maggi","67","maggi_gm_reciepe",70,NULL,NULL,NULL,"","2026-09-21 15:46:59.746891+00"
702,"PUNJABI MAGGI","D166","Onion","V11","Onion_gm_reciepe",10,NULL,NULL,NULL,"","2026-09-21 15:46:59.746891+00"
703,"PUNJABI MAGGI","D166","Capsicum","V1","Capsicum_gm_reciepe",10,NULL,NULL,NULL,"","2026-09-21 15:46:59.746891+00"
704,"PUNJABI MAGGI","D166","totalingredientsqty",NULL,NULL,145,NULL,NULL,NULL,"","2026-09-21 15:46:59.746891+00"
705,"PUNJABI MAGGI","D166","totalprocessedqty",NULL,NULL,0,NULL,NULL,NULL,"","2026-09-21 15:46:59.746891+00"
706,"PUNJABI MAGGI","D166","dish_out",NULL,"PUNJABI MAGGI_1_portion",NULL,0,0,0,"","2026-09-21 15:46:59.746891+00"
707,"PYAZ KULCHA (ROTI)","D075","aaata","1","aaata_gm_reciepe",100,NULL,NULL,NULL,"","2026-09-21 15:49:29.557509+00"
708,"PYAZ KULCHA (ROTI)","D075","Onion","V11","Onion_gm_reciepe",20,NULL,NULL,NULL,"","2026-09-21 15:49:29.557509+00"
709,"PYAZ KULCHA (ROTI)","D075","aaata","1","aaata_gm_reciepe",100,NULL,NULL,NULL,"","2026-09-21 15:49:29.557509+00"
710,"PYAZ KULCHA (ROTI)","D075","Onion","V11","Onion_gm_reciepe",20,NULL,NULL,NULL,"","2026-09-21 15:49:29.557509+00"
711,"PYAZ KULCHA (ROTI)","D075","totalingredientsqty",NULL,NULL,240,NULL,NULL,NULL,"","2026-09-21 15:49:29.557509+00"
712,"PYAZ KULCHA (ROTI)","D075","totalprocessedqty",NULL,NULL,2,NULL,NULL,NULL,"","2026-09-21 15:49:29.557509+00"
713,"PYAZ KULCHA (ROTI)","D075","dish_out",NULL,"PYAZ KULCHA (ROTI)_1_portion",NULL,0,0,0,"","2026-09-21 15:49:29.557509+00"
714,"TOMATO SOUP","D021","ajinomoto","40","ajinomoto_gm_reciepe",15,NULL,NULL,NULL,"","2026-09-21 15:54:33.437586+00"
715,"TOMATO SOUP","D021","amul butter","72","amul butter_gm_reciepe",20,NULL,NULL,NULL,"","2026-09-21 15:54:33.437586+00"
716,"TOMATO SOUP","D021","black pepper","39B","black pepper_gm_reciepe",15,NULL,NULL,NULL,"","2026-09-21 15:54:33.437586+00"
717,"TOMATO SOUP","D021","sugar","6","sugar_gm_reciepe",30,NULL,NULL,NULL,"","2026-09-21 15:54:33.437586+00"
718,"TOMATO SOUP","D021","TOMATO KETCHUP","71B","TOMATO KETCHUP_gm_reciepe",90,NULL,NULL,NULL,"","2026-09-21 15:54:33.437586+00"
719,"TOMATO SOUP","D021","totalingredientsqty",NULL,NULL,170,NULL,NULL,NULL,"","2026-09-21 15:54:33.437586+00"
720,"TOMATO SOUP","D021","totalprocessedqty",NULL,NULL,0,NULL,NULL,NULL,"","2026-09-21 15:54:33.437586+00"
721,"TOMATO SOUP","D021","dish_out",NULL,"TOMATO SOUP  _1_portion",NULL,0,0,0,"","2026-09-21 15:54:33.437586+00"
722,"ALOO LEHSUNI PARATHA","D008","aaata","1","aaata_gm_reciepe",150,NULL,NULL,NULL,"","2026-09-23 10:54:15.801156+00"
723,"ALOO LEHSUNI PARATHA","D008","potato","V22","potato_gm_reciepe",100,NULL,NULL,NULL,"","2026-09-23 10:54:15.801156+00"
724,"ALOO LEHSUNI PARATHA","D008","totalingredientsqty",NULL,NULL,250,NULL,NULL,NULL,"","2026-09-23 10:54:15.801156+00"
725,"ALOO LEHSUNI PARATHA","D008","totalprocessedqty",NULL,NULL,0,NULL,NULL,NULL,"","2026-09-23 10:54:15.801156+00"
726,"ALOO LEHSUNI PARATHA","D008","dish_out",NULL,"ALOO LEHSUNI PARATHA_1_portion",NULL,0,0,0,"","2026-09-23 10:54:15.801156+00"
727,"ALOO PARATHA","D006","aaata","1","aaata_gm_reciepe",150,NULL,NULL,NULL,"","2026-09-23 10:56:39.965963+00"
728,"ALOO PARATHA","D006","potato","V22","potato_gm_reciepe",150,NULL,NULL,NULL,"","2026-09-23 10:56:39.965963+00"
729,"ALOO PARATHA","D006","Onion","V11","Onion_gm_reciepe",30,NULL,NULL,NULL,"","2026-09-23 10:56:39.965963+00"
730,"ALOO PARATHA","D006","totalingredientsqty",NULL,NULL,330,NULL,NULL,NULL,"","2026-09-23 10:56:39.965963+00"
731,"ALOO PARATHA","D006","totalprocessedqty",NULL,NULL,0,NULL,NULL,NULL,"","2026-09-23 10:56:39.965963+00"
732,"ALOO PARATHA","D006","dish_out",NULL,"ALOO PARATHA_1_portion",NULL,0,0,0,"","2026-09-23 10:56:39.965963+00"
733,"CRISPY VEG","D010","Garlic","V10","Garlic_gm_reciepe",10,NULL,NULL,NULL,"","2026-09-23 11:12:53.195915+00"
734,"CRISPY VEG","D010","ajinomoto","40","ajinomoto_gm_reciepe",15,NULL,NULL,NULL,"","2026-09-23 11:12:53.195915+00"
735,"CRISPY VEG","D010","Coriander","V9","Coriander_gm_reciepe",10,NULL,NULL,NULL,"","2026-09-23 11:12:53.195915+00"
736,"CRISPY VEG","D010","Green Chilli","V2","Green Chilli_gm_reciepe",10,NULL,NULL,NULL,"","2026-09-23 11:12:53.195915+00"
737,"CRISPY VEG","D010","Spring Onion","V8","Spring Onion_gm_reciepe",10,NULL,NULL,NULL,"","2026-09-23 11:12:53.195915+00"
738,"CRISPY VEG","D010","Onion","V11","Onion_gm_reciepe",20,NULL,NULL,NULL,"","2026-09-23 11:12:53.195915+00"
739,"CRISPY VEG","D010","lal mirch","110","lal mirch_gm_reciepe",15,NULL,NULL,NULL,"","2026-09-23 11:12:53.195915+00"
740,"CRISPY VEG","D010","schezwan","41","schezwan_gm_reciepe",20,NULL,NULL,NULL,"","2026-09-23 11:12:53.195915+00"
741,"CRISPY VEG","D010","sugar","6","sugar_gm_reciepe",10,NULL,NULL,NULL,"","2026-09-23 11:12:53.195915+00"
742,"CRISPY VEG","D010","tomato kechup","37","tomato kechup_gm_reciepe",10,NULL,NULL,NULL,"","2026-09-23 11:12:53.195915+00"
743,"CRISPY VEG","D010","white pepper","39A","white pepper_gm_reciepe",15,NULL,NULL,NULL,"","2026-09-23 11:12:53.195915+00"
744,"CRISPY VEG","D010","totalingredientsqty",NULL,NULL,145,NULL,NULL,NULL,"","2026-09-23 11:12:53.195915+00"
745,"CRISPY VEG","D010","totalprocessedqty",NULL,NULL,0,NULL,NULL,NULL,"","2026-09-23 11:12:53.195915+00"
746,"CRISPY VEG","D010","dish_out",NULL,"CRISPY VEG_1_portion",NULL,0,0,0,"","2026-09-23 11:12:53.195915+00"
747,"JEERA GARLIC RICE","D093","Garlic","V10","Garlic_gm_reciepe",10,NULL,NULL,NULL,"","2026-09-23 11:14:37.590099+00"
748,"JEERA GARLIC RICE","D093","jeera","15","jeera_gm_reciepe",5,NULL,NULL,NULL,"","2026-09-23 11:14:37.590099+00"
749,"JEERA GARLIC RICE","D093","rice","3","rice_gm_reciepe",100,NULL,NULL,NULL,"","2026-09-23 11:14:37.590099+00"
750,"JEERA GARLIC RICE","D093","totalingredientsqty",NULL,NULL,115,NULL,NULL,NULL,"","2026-09-23 11:14:37.590099+00"
751,"JEERA GARLIC RICE","D093","totalprocessedqty",NULL,NULL,2,NULL,NULL,NULL,"","2026-09-23 11:14:37.590099+00"
752,"JEERA GARLIC RICE","D093","dish_out",NULL,"JEERA GARLIC RICE_1_portion",NULL,0,0,0,"","2026-09-23 11:14:37.590099+00"
753,"MAHARAJA BURGER","D150","aloo tikki","77A","aloo tikki_gm_reciepe",70,NULL,NULL,NULL,"","2026-09-23 11:19:00.550077+00"
754,"MAHARAJA BURGER","D150","cheese processed","81","cheese processed_gm_reciepe",10,NULL,NULL,NULL,"","2026-09-23 11:19:00.550077+00"
755,"MAHARAJA BURGER","D150","cheese 1pc","82A","cheese 1pc_gm_reciepe",10,NULL,NULL,NULL,"","2026-09-23 11:19:00.550077+00"
756,"MAHARAJA BURGER","D150","Cucumber","V12","Cucumber_gm_reciepe",30,NULL,NULL,NULL,"","2026-09-23 11:19:00.550077+00"
757,"MAHARAJA BURGER","D150","metonese","50","metonese_gm_reciepe",30,NULL,NULL,NULL,"","2026-09-23 11:19:00.550077+00"
758,"MAHARAJA BURGER","D150","Cabbage","V7","Cabbage_gm_reciepe",5,NULL,NULL,NULL,"","2026-09-23 11:19:00.550077+00"
759,"MAHARAJA BURGER","D150","Onion","V11","Onion_gm_reciepe",10,NULL,NULL,NULL,"","2026-09-23 11:19:00.550077+00"
760,"MAHARAJA BURGER","D150","Tomato","V18","Tomato_gm_reciepe",10,NULL,NULL,NULL,"","2026-09-23 11:19:00.550077+00"
761,"MAHARAJA BURGER","D150","thousand sauce","54","thousand sauce_gm_reciepe",20,NULL,NULL,NULL,"","2026-09-23 11:19:00.550077+00"
762,"MAHARAJA BURGER","D150","totalingredientsqty",NULL,NULL,195,NULL,NULL,NULL,"","2026-09-23 11:19:00.550077+00"
763,"MAHARAJA BURGER","D150","totalprocessedqty",NULL,NULL,0,NULL,NULL,NULL,"","2026-09-23 11:19:00.550077+00"
764,"MAHARAJA BURGER","D150","dish_out",NULL,"MAHARAJA BURGER_1_portion",NULL,0,0,0,"","2026-09-23 11:19:00.550077+00"
765,"Makhani Sandwich","D151","WHITE BREAD","B1",NULL,1,NULL,NULL,NULL,"","2026-09-23 11:21:50.155403+00"
766,"Makhani Sandwich","D151","Coriander","V9","Coriander_gm_reciepe",2,NULL,NULL,NULL,"","2026-09-23 11:21:50.155403+00"
767,"Makhani Sandwich","D151","makhani sauce","51A","makhani sauce_gm_reciepe",30,NULL,NULL,NULL,"","2026-09-23 11:21:50.155403+00"
768,"Makhani Sandwich","D151","metonese","50","metonese_gm_reciepe",30,NULL,NULL,NULL,"","2026-09-23 11:21:50.155403+00"
769,"Makhani Sandwich","D151","PANEER","D3",NULL,60,NULL,NULL,NULL,"","2026-09-23 11:21:50.155403+00"
770,"Makhani Sandwich","D151","proccess chese","81","proccess chese_gm_reciepe",15,NULL,NULL,NULL,"","2026-09-23 11:21:50.155403+00"
771,"Makhani Sandwich","D151","Onion","V11","Onion_gm_reciepe",10,NULL,NULL,NULL,"","2026-09-23 11:21:50.155403+00"
772,"Makhani Sandwich","D151","Capsicum","V1","Capsicum_gm_reciepe",15,NULL,NULL,NULL,"","2026-09-23 11:21:50.155403+00"
773,"Makhani Sandwich","D151","totalingredientsqty",NULL,NULL,163,NULL,NULL,NULL,"","2026-09-23 11:21:50.155403+00"
774,"Makhani Sandwich","D151","totalprocessedqty",NULL,NULL,2,NULL,NULL,NULL,"","2026-09-23 11:21:50.155403+00"
775,"Makhani Sandwich","D151","dish_out",NULL,"Makhani Sandwich_1_portion",NULL,0,0,0,"","2026-09-23 11:21:50.155403+00"
776,"VEGGIE BURGER","D149","aloo tikki","77A","aloo tikki_gm_reciepe",70,NULL,NULL,NULL,"","2026-09-23 11:27:48.165347+00"
777,"VEGGIE BURGER","D149","BURGER BUN","B2",NULL,1,NULL,NULL,NULL,"","2026-09-23 11:27:48.165347+00"
778,"VEGGIE BURGER","D149","metonese","50","metonese_gm_reciepe",30,NULL,NULL,NULL,"","2026-09-23 11:27:48.165347+00"
779,"VEGGIE BURGER","D149","Cabbage","V7","Cabbage_gm_reciepe",5,NULL,NULL,NULL,"","2026-09-23 11:27:48.165347+00"
780,"VEGGIE BURGER","D149","Onion","V11","Onion_gm_reciepe",10,NULL,NULL,NULL,"","2026-09-23 11:27:48.165347+00"
781,"VEGGIE BURGER","D149","Capsicum","V1","Capsicum_gm_reciepe",10,NULL,NULL,NULL,"","2026-09-23 11:27:48.165347+00"
782,"VEGGIE BURGER","D149","Tomato","V18","Tomato_gm_reciepe",10,NULL,NULL,NULL,"","2026-09-23 11:27:48.165347+00"
783,"VEGGIE BURGER","D149","thousand sauce","54","thousand sauce_gm_reciepe",30,NULL,NULL,NULL,"","2026-09-23 11:27:48.165347+00"
784,"VEGGIE BURGER","D149","totalingredientsqty",NULL,NULL,166,NULL,NULL,NULL,"","2026-09-23 11:27:48.165347+00"
785,"VEGGIE BURGER","D149","totalprocessedqty",NULL,NULL,2,NULL,NULL,NULL,"","2026-09-23 11:27:48.165347+00"
786,"VEGGIE BURGER","D149","dish_out",NULL,"VEGGIE BURGER_1_portion",NULL,0,0,0,"","2026-09-23 11:27:48.165347+00"
787,"Veg Pizza","D139","chilly flakes+oregano","61  62","chilly flakes+oregano_gm_reciepe",14,NULL,NULL,NULL,"","2026-09-23 11:31:43.920886+00"
788,"Veg Pizza","D139","corn","80","corn_gm_reciepe",15,NULL,NULL,NULL,"","2026-09-23 11:31:43.920886+00"
789,"Veg Pizza","D139","jelipino","60B","jelipino_gm_reciepe",9,NULL,NULL,NULL,"","2026-09-23 11:31:43.920886+00"
790,"Veg Pizza","D139","metonese","50","metonese_gm_reciepe",100,NULL,NULL,NULL,"","2026-09-23 11:31:43.920886+00"
791,"Veg Pizza","D139","mozrella","74","mozrella_gm_reciepe",10,NULL,NULL,NULL,"","2026-09-23 11:31:43.920886+00"
792,"Veg Pizza","D139","olive","35A","olive_gm_reciepe",9,NULL,NULL,NULL,"","2026-09-23 11:31:43.920886+00"
793,"Veg Pizza","D139","pizza pasta sauce","48","pizza pasta sauce_gm_reciepe",30,NULL,NULL,NULL,"","2026-09-23 11:31:43.920886+00"
794,"Veg Pizza","D139","Onion","V11","Onion_gm_reciepe",5,NULL,NULL,NULL,"","2026-09-23 11:31:43.920886+00"
795,"Veg Pizza","D139","Capsicum","V1","Capsicum_gm_reciepe",13,NULL,NULL,NULL,"","2026-09-23 11:31:43.920886+00"
796,"Veg Pizza","D139","meyonese","50","meyonese_gm_reciepe",10,NULL,NULL,NULL,"","2026-09-23 11:31:43.920886+00"
797,"Veg Pizza","D139","totalingredientsqty",NULL,NULL,215,NULL,NULL,NULL,"","2026-09-23 11:31:43.920886+00"
798,"Veg Pizza","D139","totalprocessedqty",NULL,NULL,2,NULL,NULL,NULL,"","2026-09-23 11:31:43.920886+00"
799,"Veg Pizza","D139","dish_out",NULL,"Veg Pizza_1_portion",NULL,0,0,0,"","2026-09-23 11:31:43.920886+00"
800,"ALOO GOBI MATAR","D057","potato","V22","potato_gm_reciepe",100,NULL,NULL,NULL,"","2026-09-23 11:59:07.607207+00"
801,"ALOO GOBI MATAR","D057","butter","73","butter_gm_reciepe",1,NULL,NULL,NULL,"","2026-09-23 11:59:07.607207+00"
802,"ALOO GOBI MATAR","D057","Cauliflower","V6","Cauliflower_gm_reciepe",100,NULL,NULL,NULL,"","2026-09-23 11:59:07.607207+00"
803,"ALOO GOBI MATAR","D057","matar","79","matar_gm_reciepe",50,NULL,NULL,NULL,"","2026-09-23 11:59:07.607207+00"
804,"ALOO GOBI MATAR","D057","Onion","V11","Onion_gm_reciepe",50,NULL,NULL,NULL,"","2026-09-23 11:59:07.607207+00"
805,"ALOO GOBI MATAR","D057","Tomato","V18","Tomato_gm_reciepe",50,NULL,NULL,NULL,"","2026-09-23 11:59:07.607207+00"
806,"ALOO GOBI MATAR","D057","Chop masala","p10",NULL,150,NULL,NULL,NULL,"","2026-09-23 11:59:07.607207+00"
807,"ALOO GOBI MATAR","D057","totalingredientsqty",NULL,NULL,352,NULL,NULL,NULL,"","2026-09-23 11:59:07.607207+00"
808,"ALOO GOBI MATAR","D057","totalprocessedqty",NULL,NULL,150,NULL,NULL,NULL,"","2026-09-23 11:59:07.607207+00"
809,"ALOO GOBI MATAR","D057","dish_out",NULL,"ALOO GOBI MATAR_1_portion",NULL,0,0,0,"","2026-09-23 11:59:07.607207+00"
810,"Chola Masala Rice Bowl","D170","Tomato","V18","Tomato_gm_reciepe",100,NULL,NULL,NULL,"","2026-09-23 12:15:50.048818+00"
811,"Chola Masala Rice Bowl","D170","maida","2","maida_gm_reciepe",60,NULL,NULL,NULL,"","2026-09-23 12:15:50.048818+00"
812,"Chola Masala Rice Bowl","D170","processed chola","p11",NULL,150,NULL,NULL,NULL,"","2026-09-23 12:15:50.048818+00"
813,"Chola Masala Rice Bowl","D170","ONION GREAVY","P5","ONION GREAVY_1_portion",100,NULL,NULL,NULL,"","2026-09-23 12:15:50.048818+00"
814,"Chola Masala Rice Bowl","D170","PROCESSED RICE","P1","PROCESSED RICE_1_portion",300,NULL,NULL,NULL,"","2026-09-23 12:15:50.048818+00"
815,"Chola Masala Rice Bowl","D170","totalingredientsqty",NULL,NULL,160,NULL,NULL,NULL,"","2026-09-23 12:15:50.048818+00"
816,"Chola Masala Rice Bowl","D170","totalprocessedqty",NULL,NULL,550,NULL,NULL,NULL,"","2026-09-23 12:15:50.048818+00"
817,"Chola Masala Rice Bowl","D170","dish_out",NULL,"Chola Masala Rice Bowl_1_portion",NULL,0,0,0,"","2026-09-23 12:15:50.048818+00"
818,"CHOLE BHATURE","D002","maida","2","maida_gm_reciepe",60,NULL,NULL,NULL,"","2026-09-23 12:18:58.455991+00"
819,"CHOLE BHATURE","D002","processed chola","p11",NULL,200,NULL,NULL,NULL,"","2026-09-23 12:18:58.455991+00"
820,"CHOLE BHATURE","D002","totalingredientsqty",NULL,NULL,60,NULL,NULL,NULL,"","2026-09-23 12:18:58.455991+00"
821,"CHOLE BHATURE","D002","totalprocessedqty",NULL,NULL,200,NULL,NULL,NULL,"","2026-09-23 12:18:58.455991+00"
822,"CHOLE BHATURE","D002","dish_out",NULL,"CHOLE BHATURE_1_portion",NULL,0,0,0,"","2026-09-23 12:18:58.455991+00"
823,"VEG KOFTA","D054","oil tin","7","oil tin_gm_reciepe",5,NULL,NULL,NULL,"","2026-09-23 12:33:26.750601+00"
824,"VEG KOFTA","D054","potato","V22","potato_gm_reciepe",40,NULL,NULL,NULL,"","2026-09-23 12:33:26.750601+00"
825,"VEG KOFTA","D054","PANEER","D3",NULL,40,NULL,NULL,NULL,"","2026-09-23 12:33:26.750601+00"
826,"VEG KOFTA","D054","corn flor","36A","corn flor_gm_reciepe",5,NULL,NULL,NULL,"","2026-09-23 12:33:26.750601+00"
827,"VEG KOFTA","D054","cream","75","cream_gm_reciepe",10,NULL,NULL,NULL,"","2026-09-23 12:33:26.750601+00"
828,"VEG KOFTA","D054","butter","73","butter_gm_reciepe",10,NULL,NULL,NULL,"","2026-09-23 12:33:26.750601+00"
829,"VEG KOFTA","D054","MIX veg","D059","MIX veg_1_portion",60,NULL,NULL,NULL,"","2026-09-23 12:33:26.750601+00"
830,"VEG KOFTA","D054","ONION GREAVY","P5","ONION GREAVY_1_portion",90,NULL,NULL,NULL,"","2026-09-23 12:33:26.750601+00"
831,"VEG KOFTA","D054","TOMATO GREAVY","P4","TOMATO GREAVY_1_portion",50,NULL,NULL,NULL,"","2026-09-23 12:33:26.750601+00"
832,"VEG KOFTA","D054","totalingredientsqty",NULL,NULL,110,NULL,NULL,NULL,"","2026-09-23 12:33:26.750601+00"
833,"VEG KOFTA","D054","totalprocessedqty",NULL,NULL,200,NULL,NULL,NULL,"","2026-09-23 12:33:26.750601+00"
834,"VEG KOFTA","D054","dish_out",NULL,"VEG KOFTA_1_portion",NULL,0,0,0,"","2026-09-23 12:33:26.750601+00"
835,"DAL tadka","D063","oil tin","7","oil tin_gm_reciepe",7,NULL,NULL,NULL,"","2026-09-23 12:38:38.465785+00"
836,"DAL tadka","D063","Garlic","V10","Garlic_gm_reciepe",10,NULL,NULL,NULL,"","2026-09-23 12:38:38.465785+00"
837,"DAL tadka","D063","jeera","15","jeera_gm_reciepe",5,NULL,NULL,NULL,"","2026-09-23 12:38:38.465785+00"
838,"DAL tadka","D063","Onion","V11","Onion_gm_reciepe",20,NULL,NULL,NULL,"","2026-09-23 12:38:38.465785+00"
839,"DAL tadka","D063","Tomato","V18","Tomato_gm_reciepe",10,NULL,NULL,NULL,"","2026-09-23 12:38:38.465785+00"
840,"DAL tadka","D063","Coriander","V9","Coriander_gm_reciepe",5,NULL,NULL,NULL,"","2026-09-23 12:38:38.465785+00"
841,"DAL tadka","D063","lal mirch","110","lal mirch_gm_reciepe",1,NULL,NULL,NULL,"","2026-09-23 12:38:38.465785+00"
842,"DAL tadka","D063","PROCESSED DAL","P2","PROCESSED DAL_1_portion",250,NULL,NULL,NULL,"","2026-09-23 12:38:38.465785+00"
843,"DAL tadka","D063","totalingredientsqty",NULL,NULL,58,NULL,NULL,NULL,"","2026-09-23 12:38:38.465785+00"
844,"DAL tadka","D063","totalprocessedqty",NULL,NULL,250,NULL,NULL,NULL,"","2026-09-23 12:38:38.465785+00"
845,"DAL tadka","D063","dish_out",NULL,"DAL tadka_1_portion",NULL,0,0,0,"","2026-09-23 12:38:38.465785+00"
846,"VEG BIRYANI","D097","ROSE WATER","25A","ROSE WATER_gm_reciepe",1,NULL,NULL,NULL,"","2026-09-23 12:42:58.236798+00"
847,"VEG BIRYANI","D097","KEVDA JAL","25B","KEVDA JAL _gm_reciepe",1,NULL,NULL,NULL,"","2026-09-23 12:42:58.236798+00"
848,"VEG BIRYANI","D097","Ginger","V3","Ginger_gm_reciepe",10,NULL,NULL,NULL,"","2026-09-23 12:42:58.236798+00"
849,"VEG BIRYANI","D097","Onion","V11","Onion_gm_reciepe",15,NULL,NULL,NULL,"","2026-09-23 12:42:58.236798+00"
850,"VEG BIRYANI","D097","green peas","79","green peas_gm_reciepe",15,NULL,NULL,NULL,"","2026-09-23 12:42:58.236798+00"
851,"VEG BIRYANI","D097","GHEE","21A","GHEE_gm_reciepe",2,NULL,NULL,NULL,"","2026-09-23 12:42:58.236798+00"
852,"VEG BIRYANI","D097","oil tin","7","oil tin_gm_reciepe",5,NULL,NULL,NULL,"","2026-09-23 12:42:58.236798+00"
853,"VEG BIRYANI","D097","CURD","D2",NULL,15,NULL,NULL,NULL,"","2026-09-23 12:42:58.236798+00"
854,"VEG BIRYANI","D097","Mint Leaves","V17","Mint Leaves_gm_reciepe",2,NULL,NULL,NULL,"","2026-09-23 12:42:58.236798+00"
855,"VEG BIRYANI","D097","PROCESSED RICE","P1","PROCESSED RICE_1_portion",250,NULL,NULL,NULL,"","2026-09-23 12:42:58.236798+00"
856,"VEG BIRYANI","D097","Chop masala","p10",NULL,20,NULL,NULL,NULL,"","2026-09-23 12:42:58.236798+00"
857,"VEG BIRYANI","D097","MIX veg","D059","MIX veg_1_portion",40,NULL,NULL,NULL,"","2026-09-23 12:42:58.236798+00"
858,"VEG BIRYANI","D097","totalingredientsqty",NULL,NULL,66,NULL,NULL,NULL,"","2026-09-23 12:42:58.236798+00"
859,"VEG BIRYANI","D097","totalprocessedqty",NULL,NULL,310,NULL,NULL,NULL,"","2026-09-23 12:42:58.236798+00"
860,"VEG BIRYANI","D097","dish_out",NULL,"VEG BIRYANI_1_portion",NULL,0,0,0,"","2026-09-23 12:42:58.236798+00"
861,"MIX veg","D059","green peas","79","green peas_gm_reciepe",15,NULL,NULL,NULL,"","2026-09-23 13:17:23.695855+00"
862,"MIX veg","D059","cream","75","cream_gm_reciepe",10,NULL,NULL,NULL,"","2026-09-23 13:17:23.695855+00"
863,"MIX veg","D059","butter","73","butter_gm_reciepe",10,NULL,NULL,NULL,"","2026-09-23 13:17:23.695855+00"
864,"MIX veg","D059","Chop veggie","p12",NULL,65,NULL,NULL,NULL,"","2026-09-23 13:17:23.695855+00"
865,"MIX veg","D059","ONION GREAVY","P5","ONION GREAVY_1_portion",80,NULL,NULL,NULL,"","2026-09-23 13:17:23.695855+00"
866,"MIX veg","D059","TOMATO GREAVY","P4","TOMATO GREAVY_1_portion",40,NULL,NULL,NULL,"","2026-09-23 13:17:23.695855+00"
867,"MIX veg","D059","Chop masala","p10",NULL,20,NULL,NULL,NULL,"","2026-09-23 13:17:23.695855+00"
868,"MIX veg","D059","totalingredientsqty",NULL,NULL,35,NULL,NULL,NULL,"","2026-09-23 13:17:23.695855+00"
869,"MIX veg","D059","totalprocessedqty",NULL,NULL,205,NULL,NULL,NULL,"","2026-09-23 13:17:23.695855+00"
870,"MIX veg","D059","dish_out",NULL,"MIX veg_1_portion",NULL,0,0,0,"","2026-09-23 13:17:23.695855+00"
871,"VEG KADHAI","D052","green peas","79","green peas_gm_reciepe",15,NULL,NULL,NULL,"","2026-09-23 13:33:17.595405+00"
872,"VEG KADHAI","D052","AMUL CREAM","76","AMUL CREAM_gm_reciepe",5,NULL,NULL,NULL,"","2026-09-23 13:33:17.595405+00"
873,"VEG KADHAI","D052","oil tin","7","oil tin_gm_reciepe",3,NULL,NULL,NULL,"","2026-09-23 13:33:17.595405+00"
874,"VEG KADHAI","D052","Chop veggie","p12",NULL,100,NULL,NULL,NULL,"","2026-09-23 13:33:17.595405+00"
875,"VEG KADHAI","D052","Chop masala","p10",NULL,25,NULL,NULL,NULL,"","2026-09-23 13:33:17.595405+00"
876,"VEG KADHAI","D052","TOMATO GREAVY","P4","TOMATO GREAVY_1_portion",50,NULL,NULL,NULL,"","2026-09-23 13:33:17.595405+00"
877,"VEG KADHAI","D052","ONION GREAVY","P5","ONION GREAVY_1_portion",100,NULL,NULL,NULL,"","2026-09-23 13:33:17.595405+00"
878,"VEG KADHAI","D052","KAJU MAGAJ GREAVY","P6","KAJU MAGAJ GREAVY_1_portion",35,NULL,NULL,NULL,"","2026-09-23 13:33:17.595405+00"
879,"VEG KADHAI","D052","totalingredientsqty",NULL,NULL,23,NULL,NULL,NULL,"","2026-09-23 13:33:17.595405+00"
880,"VEG KADHAI","D052","totalprocessedqty",NULL,NULL,310,NULL,NULL,NULL,"","2026-09-23 13:33:17.595405+00"
881,"VEG KADHAI","D052","dish_out",NULL,"VEG KADHAI_1_portion",NULL,0,0,0,"","2026-09-23 13:33:17.595405+00"
882,"VEG KADHAI","D052","green peas","79","green peas_gm_reciepe",15,NULL,NULL,NULL,"","2026-09-23 13:33:37.743125+00"
883,"VEG KADHAI","D052","AMUL CREAM","76","AMUL CREAM_gm_reciepe",5,NULL,NULL,NULL,"","2026-09-23 13:33:37.743125+00"
884,"VEG KADHAI","D052","oil tin","7","oil tin_gm_reciepe",3,NULL,NULL,NULL,"","2026-09-23 13:33:37.743125+00"
885,"VEG KADHAI","D052","Chop veggie","p12",NULL,100,NULL,NULL,NULL,"","2026-09-23 13:33:37.743125+00"
886,"VEG KADHAI","D052","Chop masala","p10",NULL,25,NULL,NULL,NULL,"","2026-09-23 13:33:37.743125+00"
887,"VEG KADHAI","D052","TOMATO GREAVY","P4","TOMATO GREAVY_1_portion",50,NULL,NULL,NULL,"","2026-09-23 13:33:37.743125+00"
888,"VEG KADHAI","D052","ONION GREAVY","P5","ONION GREAVY_1_portion",100,NULL,NULL,NULL,"","2026-09-23 13:33:37.743125+00"
889,"VEG KADHAI","D052","KAJU MAGAJ GREAVY","P6","KAJU MAGAJ GREAVY_1_portion",35,NULL,NULL,NULL,"","2026-09-23 13:33:37.743125+00"
890,"VEG KADHAI","D052","totalingredientsqty",NULL,NULL,23,NULL,NULL,NULL,"","2026-09-23 13:33:37.743125+00"
891,"VEG KADHAI","D052","totalprocessedqty",NULL,NULL,310,NULL,NULL,NULL,"","2026-09-23 13:33:37.743125+00"
892,"VEG KADHAI","D052","dish_out",NULL,"VEG KADHAI_1_portion",NULL,0,0,0,"","2026-09-23 13:33:37.743125+00"
893,"DAL  makhani","D061","BLACK MUNG DAL","17B","BLACK MUNG DAL_gm_reciepe",150,NULL,NULL,NULL,"","2026-09-23 13:37:31.245944+00"
894,"DAL  makhani","D061","chana dal","17A","chana dal_gm_reciepe",20,NULL,NULL,NULL,"","2026-09-23 13:37:31.245944+00"
895,"DAL  makhani","D061","RAJMA","18B","RAJMA _gm_reciepe",10,NULL,NULL,NULL,"","2026-09-23 13:37:31.245944+00"
896,"DAL  makhani","D061","oil tin","7","oil tin_gm_reciepe",7,NULL,NULL,NULL,"","2026-09-23 13:37:31.245944+00"
897,"DAL  makhani","D061","Ginger","V3","Ginger_gm_reciepe",15,NULL,NULL,NULL,"","2026-09-23 13:37:31.245944+00"
898,"DAL  makhani","D061","Tomato","V18","Tomato_gm_reciepe",20,NULL,NULL,NULL,"","2026-09-23 13:37:31.245944+00"
899,"DAL  makhani","D061","kasturi methi","8","kasturi methi_gm_reciepe",2,NULL,NULL,NULL,"","2026-09-23 13:37:31.245944+00"
900,"DAL  makhani","D061","lal mirch","110","lal mirch_gm_reciepe",8,NULL,NULL,NULL,"","2026-09-23 13:37:31.245944+00"
901,"DAL  makhani","D061","totalingredientsqty",NULL,NULL,232,NULL,NULL,NULL,"","2026-09-23 13:37:31.245944+00"
902,"DAL  makhani","D061","totalprocessedqty",NULL,NULL,2,NULL,NULL,NULL,"","2026-09-23 13:37:31.245944+00"
903,"DAL  makhani","D061","dish_out",NULL,"DAL  makhani_1_portion",NULL,0,0,0,"","2026-09-23 13:37:31.245944+00"
904,"MASALA DAL KHICHDI","D096","oil tin","7","oil tin_gm_reciepe",5,NULL,NULL,NULL,"","2026-09-23 13:40:27.951053+00"
905,"MASALA DAL KHICHDI","D096","Garlic","V10","Garlic_gm_reciepe",5,NULL,NULL,NULL,"","2026-09-23 13:40:27.951053+00"
906,"MASALA DAL KHICHDI","D096","jeera","15","jeera_gm_reciepe",1,NULL,NULL,NULL,"","2026-09-23 13:40:27.951053+00"
907,"MASALA DAL KHICHDI","D096","GHEE","21A","GHEE_gm_reciepe",5,NULL,NULL,NULL,"","2026-09-23 13:40:27.951053+00"
908,"MASALA DAL KHICHDI","D096","Coriander","V9","Coriander_gm_reciepe",2,NULL,NULL,NULL,"","2026-09-23 13:40:27.951053+00"
909,"MASALA DAL KHICHDI","D096","PROCESSED DAL","P2","PROCESSED DAL_1_portion",150,NULL,NULL,NULL,"","2026-09-23 13:40:27.951053+00"
910,"MASALA DAL KHICHDI","D096","PROCESSED RICE","P1","PROCESSED RICE_1_portion",70,NULL,NULL,NULL,"","2026-09-23 13:40:27.951053+00"
911,"MASALA DAL KHICHDI","D096","Chop masala","p10",NULL,15,NULL,NULL,NULL,"","2026-09-23 13:40:27.951053+00"
912,"MASALA DAL KHICHDI","D096","totalingredientsqty",NULL,NULL,18,NULL,NULL,NULL,"","2026-09-23 13:40:27.951053+00"
913,"MASALA DAL KHICHDI","D096","totalprocessedqty",NULL,NULL,235,NULL,NULL,NULL,"","2026-09-23 13:40:27.951053+00"
914,"MASALA DAL KHICHDI","D096","dish_out",NULL,"MASALA DAL KHICHDI_1_portion",NULL,0,0,0,"","2026-09-23 13:40:27.951053+00"
915,"KAJU CURRY","D072","kaju","22A","kaju_gm_reciepe",150,NULL,NULL,NULL,"","2026-09-23 13:52:01.682997+00"
916,"KAJU CURRY","D072","ONION GREAVY","P5","ONION GREAVY_1_portion",100,NULL,NULL,NULL,"","2026-09-23 13:52:01.682997+00"
917,"KAJU CURRY","D072","TOMATO GREAVY","P4","TOMATO GREAVY_1_portion",100,NULL,NULL,NULL,"","2026-09-23 13:52:01.682997+00"
918,"KAJU CURRY","D072","KAJU MAGAJ GREAVY","P6","KAJU MAGAJ GREAVY_1_portion",100,NULL,NULL,NULL,"","2026-09-23 13:52:01.682997+00"
919,"KAJU CURRY","D072","totalingredientsqty",NULL,NULL,150,NULL,NULL,NULL,"","2026-09-23 13:52:01.682997+00"
920,"KAJU CURRY","D072","totalprocessedqty",NULL,NULL,300,NULL,NULL,NULL,"","2026-09-23 13:52:01.682997+00"
921,"KAJU CURRY","D072","dish_out",NULL,"KAJU CURRY_1_portion",NULL,0,0,0,"","2026-09-23 13:52:01.682997+00"
922,"VEG KEEMA KASTURI","D056","butter","73","butter_gm_reciepe",40,NULL,NULL,NULL,"","2026-09-23 13:55:01.149712+00"
923,"VEG KEEMA KASTURI","D056","cream","75","cream_gm_reciepe",50,NULL,NULL,NULL,"","2026-09-23 13:55:01.149712+00"
924,"VEG KEEMA KASTURI","D056","Cabbage","V7","Cabbage_gm_reciepe",100,NULL,NULL,NULL,"","2026-09-23 13:55:01.149712+00"
925,"VEG KEEMA KASTURI","D056","Onion","V11","Onion_gm_reciepe",50,NULL,NULL,NULL,"","2026-09-23 13:55:01.149712+00"
926,"VEG KEEMA KASTURI","D056","PANEER","D3",NULL,20,NULL,NULL,NULL,"","2026-09-23 13:55:01.149712+00"
927,"VEG KEEMA KASTURI","D056","Tomato","V18","Tomato_gm_reciepe",50,NULL,NULL,NULL,"","2026-09-23 13:55:01.149712+00"
928,"VEG KEEMA KASTURI","D056","Chop masala","p10",NULL,100,NULL,NULL,NULL,"","2026-09-23 13:55:01.149712+00"
929,"VEG KEEMA KASTURI","D056","MIX veg","D059","MIX veg_1_portion",100,NULL,NULL,NULL,"","2026-09-23 13:55:01.149712+00"
930,"VEG KEEMA KASTURI","D056","totalingredientsqty",NULL,NULL,311,NULL,NULL,NULL,"","2026-09-23 13:55:01.149712+00"
931,"VEG KEEMA KASTURI","D056","totalprocessedqty",NULL,NULL,200,NULL,NULL,NULL,"","2026-09-23 13:55:01.149712+00"
932,"VEG KEEMA KASTURI","D056","dish_out",NULL,"VEG KEEMA KASTURI_1_portion",NULL,0,0,0,"","2026-09-23 13:55:01.149712+00"
933,"PANEER LABABDAR","D041","amul butter","72","amul butter_gm_reciepe",40,NULL,NULL,NULL,"","2026-09-23 14:01:21.54192+00"
934,"PANEER LABABDAR","D041","cheese 1pc","82A","cheese 1pc_gm_reciepe",20,NULL,NULL,NULL,"","2026-09-23 14:01:21.54192+00"
935,"PANEER LABABDAR","D041","cream 30","75","cream 30_gm_reciepe",50,NULL,NULL,NULL,"","2026-09-23 14:01:21.54192+00"
936,"PANEER LABABDAR","D041","Onion","V11","Onion_gm_reciepe",250,NULL,NULL,NULL,"","2026-09-23 14:01:21.54192+00"
937,"PANEER LABABDAR","D041","PANEER","D3",NULL,100,NULL,NULL,NULL,"","2026-09-23 14:01:21.54192+00"
938,"PANEER LABABDAR","D041","Capsicum","V1","Capsicum_gm_reciepe",20,NULL,NULL,NULL,"","2026-09-23 14:01:21.54192+00"
939,"PANEER LABABDAR","D041","Onion","V11","Onion_gm_reciepe",20,NULL,NULL,NULL,"","2026-09-23 14:01:21.54192+00"
940,"PANEER LABABDAR","D041","Tomato","V18","Tomato_gm_reciepe",250,NULL,NULL,NULL,"","2026-09-23 14:01:21.54192+00"
941,"PANEER LABABDAR","D041","Chop masala","p10",NULL,250,NULL,NULL,NULL,"","2026-09-23 14:01:21.54192+00"
942,"PANEER LABABDAR","D041","totalingredientsqty",NULL,NULL,750,NULL,NULL,NULL,"","2026-09-23 14:01:21.54192+00"
943,"PANEER LABABDAR","D041","totalprocessedqty",NULL,NULL,251,NULL,NULL,NULL,"","2026-09-23 14:01:21.54192+00"
944,"PANEER LABABDAR","D041","dish_out",NULL,"PANEER LABABDAR_1_portion",NULL,0,0,0,"","2026-09-23 14:01:21.54192+00"
945,"PANEER TAWA MASALA","D050","butter","73","butter_gm_reciepe",40,NULL,NULL,NULL,"","2026-09-23 14:36:55.446701+00"
946,"PANEER TAWA MASALA","D050","cream","75","cream_gm_reciepe",50,NULL,NULL,NULL,"","2026-09-23 14:36:55.446701+00"
947,"PANEER TAWA MASALA","D050","Onion","V11","Onion_gm_reciepe",250,NULL,NULL,NULL,"","2026-09-23 14:36:55.446701+00"
948,"PANEER TAWA MASALA","D050","PANEER","D3",NULL,100,NULL,NULL,NULL,"","2026-09-23 14:36:55.446701+00"
949,"PANEER TAWA MASALA","D050","Capsicum","V1","Capsicum_gm_reciepe",65,NULL,NULL,NULL,"","2026-09-23 14:36:55.446701+00"
950,"PANEER TAWA MASALA","D050","Tomato","V18","Tomato_gm_reciepe",250,NULL,NULL,NULL,"","2026-09-23 14:36:55.446701+00"
951,"PANEER TAWA MASALA","D050","Chop masala","p10",NULL,150,NULL,NULL,NULL,"","2026-09-23 14:36:55.446701+00"
952,"PANEER TAWA MASALA","D050","totalingredientsqty",NULL,NULL,755,NULL,NULL,NULL,"","2026-09-23 14:36:55.446701+00"
953,"PANEER TAWA MASALA","D050","totalprocessedqty",NULL,NULL,150,NULL,NULL,NULL,"","2026-09-23 14:36:55.446701+00"
954,"PANEER TAWA MASALA","D050","dish_out",NULL,"PANEER TAWA MASALA_1_portion",NULL,0,0,0,"","2026-09-23 14:36:55.446701+00"
955,"SEV TAMATAR","D058","Onion","V11","Onion_gm_reciepe",200,NULL,NULL,NULL,"","2026-09-23 14:39:31.984928+00"
956,"SEV TAMATAR","D058","sev","111A","sev_gm_reciepe",50,NULL,NULL,NULL,"","2026-09-23 14:39:31.984928+00"
957,"SEV TAMATAR","D058","Tomato","V18","Tomato_gm_reciepe",200,NULL,NULL,NULL,"","2026-09-23 14:39:31.984928+00"
958,"SEV TAMATAR","D058","ONION GREAVY","P5","ONION GREAVY_1_portion",100,NULL,NULL,NULL,"","2026-09-23 14:39:31.984928+00"
959,"SEV TAMATAR","D058","Chop masala","p10",NULL,50,NULL,NULL,NULL,"","2026-09-23 14:39:31.984928+00"
960,"SEV TAMATAR","D058","TOMATO GREAVY","P4","TOMATO GREAVY_1_portion",100,NULL,NULL,NULL,"","2026-09-23 14:39:31.984928+00"
961,"SEV TAMATAR","D058","totalingredientsqty",NULL,NULL,450,NULL,NULL,NULL,"","2026-09-23 14:39:31.984928+00"
962,"SEV TAMATAR","D058","totalprocessedqty",NULL,NULL,250,NULL,NULL,NULL,"","2026-09-23 14:39:31.984928+00"
963,"SEV TAMATAR","D058","dish_out",NULL,"SEV TAMATAR_1_portion",NULL,0,0,0,"","2026-09-23 14:39:31.984928+00"
964,"SEV TAMATAR","D058","Onion","V11","Onion_gm_reciepe",200,NULL,NULL,NULL,"","2026-09-23 14:41:38.508726+00"
965,"SEV TAMATAR","D058","sev","111A","sev_gm_reciepe",50,NULL,NULL,NULL,"","2026-09-23 14:41:38.508726+00"
966,"SEV TAMATAR","D058","Tomato","V18","Tomato_gm_reciepe",200,NULL,NULL,NULL,"","2026-09-23 14:41:38.508726+00"
967,"SEV TAMATAR","D058","ONION GREAVY","P5","ONION GREAVY_1_portion",100,NULL,NULL,NULL,"","2026-09-23 14:41:38.508726+00"
968,"SEV TAMATAR","D058","Chop masala","p10",NULL,50,NULL,NULL,NULL,"","2026-09-23 14:41:38.508726+00"
969,"SEV TAMATAR","D058","TOMATO GREAVY","P4","TOMATO GREAVY_1_portion",100,NULL,NULL,NULL,"","2026-09-23 14:41:38.508726+00"
970,"SEV TAMATAR","D058","totalingredientsqty",NULL,NULL,450,NULL,NULL,NULL,"","2026-09-23 14:41:38.508726+00"
971,"SEV TAMATAR","D058","totalprocessedqty",NULL,NULL,250,NULL,NULL,NULL,"","2026-09-23 14:41:38.508726+00"
972,"SEV TAMATAR","D058","dish_out",NULL,"SEV TAMATAR_1_portion",NULL,0,0,0,"","2026-09-23 14:41:38.508726+00"
973,"VEG KADHAI","D052","butter","73","butter_gm_reciepe",40,NULL,NULL,NULL,"","2026-09-23 14:59:15.732178+00"
974,"VEG KADHAI","D052","cream","75","cream_gm_reciepe",40,NULL,NULL,NULL,"","2026-09-23 14:59:15.732178+00"
975,"VEG KADHAI","D052","Cabbage","V7","Cabbage_gm_reciepe",100,NULL,NULL,NULL,"","2026-09-23 14:59:15.732178+00"
976,"VEG KADHAI","D052","matar","79","matar_gm_reciepe",50,NULL,NULL,NULL,"","2026-09-23 14:59:15.732178+00"
977,"VEG KADHAI","D052","Capsicum","V1","Capsicum_gm_reciepe",60,NULL,NULL,NULL,"","2026-09-23 14:59:15.732178+00"
978,"VEG KADHAI","D052","Tomato","V18","Tomato_gm_reciepe",50,NULL,NULL,NULL,"","2026-09-23 14:59:15.732178+00"
979,"VEG KADHAI","D052","Chop masala","p10",NULL,100,NULL,NULL,NULL,"","2026-09-23 14:59:15.732178+00"
980,"VEG KADHAI","D052","MIX veg","D059","MIX veg_1_portion",100,NULL,NULL,NULL,"","2026-09-23 14:59:15.732178+00"
981,"VEG KADHAI","D052","totalingredientsqty",NULL,NULL,340,NULL,NULL,NULL,"","2026-09-23 14:59:15.732178+00"
982,"VEG KADHAI","D052","totalprocessedqty",NULL,NULL,200,NULL,NULL,NULL,"","2026-09-23 14:59:15.732178+00"
983,"VEG KADHAI","D052","dish_out",NULL,"VEG KADHAI_1_portion",NULL,0,0,0,"","2026-09-23 14:59:15.732178+00"
984,"Pink SauCE Pasta","D161","Broccoli","V15","Broccoli_gm_reciepe",20,NULL,NULL,NULL,"","2026-09-24 09:32:45.713191+00"
985,"Pink SauCE Pasta","D161","Green Chilli","V2","Green Chilli_gm_reciepe",10,NULL,NULL,NULL,"","2026-09-24 09:32:45.713191+00"
986,"Pink SauCE Pasta","D161","corn","80","corn_gm_reciepe",10,NULL,NULL,NULL,"","2026-09-24 09:32:45.713191+00"
987,"Pink SauCE Pasta","D161","cream","75","cream_gm_reciepe",350,NULL,NULL,NULL,"","2026-09-24 09:32:45.713191+00"
988,"Pink SauCE Pasta","D161","oregano","62","oregano_gm_reciepe",7,NULL,NULL,NULL,"","2026-09-24 09:32:45.713191+00"
989,"Pink SauCE Pasta","D161","pasta","63","pasta_gm_reciepe",200,NULL,NULL,NULL,"","2026-09-24 09:32:45.713191+00"
990,"Pink SauCE Pasta","D161","pasta sauce","48","pasta sauce_gm_reciepe",10,NULL,NULL,NULL,"","2026-09-24 09:32:45.713191+00"
991,"Pink SauCE Pasta","D161","schezwan","41","schezwan_gm_reciepe",10,NULL,NULL,NULL,"","2026-09-24 09:32:45.713191+00"
992,"Pink SauCE Pasta","D161","Capsicum","V1","Capsicum_gm_reciepe",10,NULL,NULL,NULL,"","2026-09-24 09:32:45.713191+00"
993,"Pink SauCE Pasta","D161","totalingredientsqty",NULL,NULL,627,NULL,NULL,NULL,"","2026-09-24 09:32:45.713191+00"
994,"Pink SauCE Pasta","D161","totalprocessedqty",NULL,NULL,2,NULL,NULL,NULL,"","2026-09-24 09:32:45.713191+00"
995,"Pink SauCE Pasta","D161","dish_out",NULL,"Pink SauCE Pasta_1_portion",NULL,0,0,0,"","2026-09-24 09:32:45.713191+00"
