dish_code,dish_name,scoop_item_name,scoop_item_id,destination_unit,scoop_name,factor,conversion_chain,qty_in_grams,qty_in_ml,qty_in_piece,unused
"D001","CHOLE  KULCHE","CHOLE  KULCHE","D001","portion","CHOLE  KULCHE_1_portion","1",,,,"1","False"
"D001","CHOLE  KULCHE","CHOLE  KULCHE","D001","gm","CHOLE  KULCHE_gm_reciepe","1","gm:1:gm","1",,,"False"
"D001","CHOLE  KULCHE","CHOLE  KULCHE","D001","ml","CHOLE  KULCHE_ml_reciepe","1","ml:1:ml",,"1",,"False"
"D001","CHOLE  KULCHE","CHOLE  KULCHE","D001","piece","CHOLE  KULCHE_piece_in","1","portion:1:piece",,,"1","False"
"D001","CHOLE  KULCHE","CHOLE  KULCHE","D001","piece","CHOLE  KULCHE_piece_out","1","portion:1:piece",,,"1","False"
"D001","CHOLE  KULCHE","CHOLE  KULCHE","D001","piece","CHOLE  KULCHE_piece_reciepe","1","piece:1:piece",,,"1","False"
"D001","CHOLE  KULCHE","CHOLE  KULCHE","D001","portion","CHOLE  KULCHE_portion_reciepe","1","portion:1:portion",,,"1","False"
"D002","CHOLE BHATURE","CHOLE BHATURE","D002","portion","CHOLE BHATURE_1_portion","1",,,,"1","False"
"D002","CHOLE BHATURE","CHOLE BHATURE","D002","gm","CHOLE BHATURE_gm_reciepe","1","gm:1:gm","1",,,"False"
"D002","CHOLE BHATURE","CHOLE BHATURE","D002","ml","CHOLE BHATURE_ml_reciepe","1","ml:1:ml",,"1",,"False"
"D002","CHOLE BHATURE","CHOLE BHATURE","D002","piece","CHOLE BHATURE_piece_in","1","portion:1:piece",,,"1","False"
"D002","CHOLE BHATURE","CHOLE BHATURE","D002","piece","CHOLE BHATURE_piece_out","1","portion:1:piece",,,"1","False"
"D002","CHOLE BHATURE","CHOLE BHATURE","D002","piece","CHOLE BHATURE_piece_reciepe","1","piece:1:piece",,,"1","False"
"D002","CHOLE BHATURE","CHOLE BHATURE","D002","portion","CHOLE BHATURE_portion_reciepe","1","portion:1:portion",,,"1","False"
"D003","PINDI  CHOLE","PINDI  CHOLE","D003","portion","PINDI  CHOLE_1_portion","1",,,,"1","False"
"D003","PINDI  CHOLE","PINDI  CHOLE","D003","gm","PINDI  CHOLE_gm_reciepe","1","gm:1:gm","1",,,"False"
"D003","PINDI  CHOLE","PINDI  CHOLE","D003","ml","PINDI  CHOLE_ml_reciepe","1","ml:1:ml",,"1",,"False"
"D003","PINDI  CHOLE","PINDI  CHOLE","D003","piece","PINDI  CHOLE_piece_in","1","portion:1:piece",,,"1","False"
"D003","PINDI  CHOLE","PINDI  CHOLE","D003","piece","PINDI  CHOLE_piece_out","1","portion:1:piece",,,"1","False"
"D003","PINDI  CHOLE","PINDI  CHOLE","D003","piece","PINDI  CHOLE_piece_reciepe","1","piece:1:piece",,,"1","False"
"D003","PINDI  CHOLE","PINDI  CHOLE","D003","portion","PINDI  CHOLE_portion_reciepe","1","portion:1:portion",,,"1","False"
"D004","EXTRA  KULCHA","EXTRA  KULCHA","D004","portion","EXTRA  KULCHA_1_portion","1",,,,"1","False"
"D004","EXTRA  KULCHA","EXTRA  KULCHA","D004","gm","EXTRA  KULCHA_gm_reciepe","1","gm:1:gm","1",,,"False"
"D004","EXTRA  KULCHA","EXTRA  KULCHA","D004","ml","EXTRA  KULCHA_ml_reciepe","1","ml:1:ml",,"1",,"False"
"D004","EXTRA  KULCHA","EXTRA  KULCHA","D004","piece","EXTRA  KULCHA_piece_in","1","portion:1:piece",,,"1","False"
"D004","EXTRA  KULCHA","EXTRA  KULCHA","D004","piece","EXTRA  KULCHA_piece_out","1","portion:1:piece",,,"1","False"
"D004","EXTRA  KULCHA","EXTRA  KULCHA","D004","piece","EXTRA  KULCHA_piece_reciepe","1","piece:1:piece",,,"1","False"
"D004","EXTRA  KULCHA","EXTRA  KULCHA","D004","portion","EXTRA  KULCHA_portion_reciepe","1","portion:1:portion",,,"1","False"
"D005","ONION PARATHA","ONION PARATHA","D005","portion","ONION PARATHA_1_portion","1",,,,"1","False"
"D005","ONION PARATHA","ONION PARATHA","D005","gm","ONION PARATHA_gm_reciepe","1","gm:1:gm","1",,,"False"
"D005","ONION PARATHA","ONION PARATHA","D005","ml","ONION PARATHA_ml_reciepe","1","ml:1:ml",,"1",,"False"
"D005","ONION PARATHA","ONION PARATHA","D005","piece","ONION PARATHA_piece_in","1","portion:1:piece",,,"1","False"
"D005","ONION PARATHA","ONION PARATHA","D005","piece","ONION PARATHA_piece_out","1","portion:1:piece",,,"1","False"
"D005","ONION PARATHA","ONION PARATHA","D005","piece","ONION PARATHA_piece_reciepe","1","piece:1:piece",,,"1","False"
"D005","ONION PARATHA","ONION PARATHA","D005","portion","ONION PARATHA_portion_reciepe","1","portion:1:portion",,,"1","False"
"D006","ALOO PARATHA","ALOO PARATHA","D006","portion","ALOO PARATHA_1_portion","1",,,,"1","False"
"D006","ALOO PARATHA","ALOO PARATHA","D006","gm","ALOO PARATHA_gm_reciepe","1","gm:1:gm","1",,,"False"
"D006","ALOO PARATHA","ALOO PARATHA","D006","ml","ALOO PARATHA_ml_reciepe","1","ml:1:ml",,"1",,"False"
"D006","ALOO PARATHA","ALOO PARATHA","D006","piece","ALOO PARATHA_piece_in","1","portion:1:piece",,,"1","False"
"D006","ALOO PARATHA","ALOO PARATHA","D006","piece","ALOO PARATHA_piece_out","1","portion:1:piece",,,"1","False"
"D006","ALOO PARATHA","ALOO PARATHA","D006","piece","ALOO PARATHA_piece_reciepe","1","piece:1:piece",,,"1","False"
"D006","ALOO PARATHA","ALOO PARATHA","D006","portion","ALOO PARATHA_portion_reciepe","1","portion:1:portion",,,"1","False"
"D007","MIX VEG PARATHA","MIX VEG PARATHA","D007","portion","MIX VEG PARATHA_1_portion","1",,,,"1","False"
"D007","MIX VEG PARATHA","MIX VEG PARATHA","D007","gm","MIX VEG PARATHA_gm_reciepe","1","gm:1:gm","1",,,"False"
"D007","MIX VEG PARATHA","MIX VEG PARATHA","D007","ml","MIX VEG PARATHA_ml_reciepe","1","ml:1:ml",,"1",,"False"
"D007","MIX VEG PARATHA","MIX VEG PARATHA","D007","piece","MIX VEG PARATHA_piece_in","1","portion:1:piece",,,"1","False"
"D007","MIX VEG PARATHA","MIX VEG PARATHA","D007","piece","MIX VEG PARATHA_piece_out","1","portion:1:piece",,,"1","False"
"D007","MIX VEG PARATHA","MIX VEG PARATHA","D007","piece","MIX VEG PARATHA_piece_reciepe","1","piece:1:piece",,,"1","False"
"D007","MIX VEG PARATHA","MIX VEG PARATHA","D007","portion","MIX VEG PARATHA_portion_reciepe","1","portion:1:portion",,,"1","False"
"D008","ALOO LEHSUNI PARATHA","ALOO LEHSUNI PARATHA","D008","portion","ALOO LEHSUNI PARATHA_1_portion","1",,,,"1","False"
"D008","ALOO LEHSUNI PARATHA","ALOO LEHSUNI PARATHA","D008","gm","ALOO LEHSUNI PARATHA_gm_reciepe","1","gm:1:gm","1",,,"False"
"D008","ALOO LEHSUNI PARATHA","ALOO LEHSUNI PARATHA","D008","ml","ALOO LEHSUNI PARATHA_ml_reciepe","1","ml:1:ml",,"1",,"False"
"D008","ALOO LEHSUNI PARATHA","ALOO LEHSUNI PARATHA","D008","piece","ALOO LEHSUNI PARATHA_piece_in","1","portion:1:piece",,,"1","False"
"D008","ALOO LEHSUNI PARATHA","ALOO LEHSUNI PARATHA","D008","piece","ALOO LEHSUNI PARATHA_piece_out","1","portion:1:piece",,,"1","False"
"D008","ALOO LEHSUNI PARATHA","ALOO LEHSUNI PARATHA","D008","piece","ALOO LEHSUNI PARATHA_piece_reciepe","1","piece:1:piece",,,"1","False"
"D008","ALOO LEHSUNI PARATHA","ALOO LEHSUNI PARATHA","D008","portion","ALOO LEHSUNI PARATHA_portion_reciepe","1","portion:1:portion",,,"1","False"
"D009","PANEER PARATHA","PANEER PARATHA","D009","portion","PANEER PARATHA_1_portion","1",,,,"1","False"
"D009","PANEER PARATHA","PANEER PARATHA","D009","gm","PANEER PARATHA_gm_reciepe","1","gm:1:gm","1",,,"False"
"D009","PANEER PARATHA","PANEER PARATHA","D009","ml","PANEER PARATHA_ml_reciepe","1","ml:1:ml",,"1",,"False"
"D009","PANEER PARATHA","PANEER PARATHA","D009","piece","PANEER PARATHA_piece_in","1","portion:1:piece",,,"1","False"
"D009","PANEER PARATHA","PANEER PARATHA","D009","piece","PANEER PARATHA_piece_out","1","portion:1:piece",,,"1","False"
"D009","PANEER PARATHA","PANEER PARATHA","D009","piece","PANEER PARATHA_piece_reciepe","1","piece:1:piece",,,"1","False"
"D009","PANEER PARATHA","PANEER PARATHA","D009","portion","PANEER PARATHA_portion_reciepe","1","portion:1:portion",,,"1","False"
"D010","CRISPY VEG","CRISPY VEG","D010","portion","CRISPY VEG_1_portion","1",,,,"1","False"
"D010","CRISPY VEG","CRISPY VEG","D010","gm","CRISPY VEG_gm_reciepe","1","gm:1:gm","1",,,"False"
"D010","CRISPY VEG","CRISPY VEG","D010","ml","CRISPY VEG_ml_reciepe","1","ml:1:ml",,"1",,"False"
"D010","CRISPY VEG","CRISPY VEG","D010","piece","CRISPY VEG_piece_in","1","portion:1:piece",,,"1","False"
"D010","CRISPY VEG","CRISPY VEG","D010","piece","CRISPY VEG_piece_out","1","portion:1:piece",,,"1","False"
"D010","CRISPY VEG","CRISPY VEG","D010","piece","CRISPY VEG_piece_reciepe","1","piece:1:piece",,,"1","False"
"D010","CRISPY VEG","CRISPY VEG","D010","portion","CRISPY VEG_portion_reciepe","1","portion:1:portion",,,"1","False"
"D011","MANCHURIAN","MANCHURIAN","D011","portion","MANCHURIAN_1_portion","1",,,,"1","False"
"D011","MANCHURIAN","MANCHURIAN","D011","gm","MANCHURIAN_gm_reciepe","1","gm:1:gm","1",,,"False"
"D011","MANCHURIAN","MANCHURIAN","D011","ml","MANCHURIAN_ml_reciepe","1","ml:1:ml",,"1",,"False"
"D011","MANCHURIAN","MANCHURIAN","D011","piece","MANCHURIAN_piece_in","1","portion:1:piece",,,"1","False"
"D011","MANCHURIAN","MANCHURIAN","D011","piece","MANCHURIAN_piece_out","1","portion:1:piece",,,"1","False"
"D011","MANCHURIAN","MANCHURIAN","D011","piece","MANCHURIAN_piece_reciepe","1","piece:1:piece",,,"1","False"
"D011","MANCHURIAN","MANCHURIAN","D011","portion","MANCHURIAN_portion_reciepe","1","portion:1:portion",,,"1","False"
"D012","HONEY CHILLY POTATO","HONEY CHILLY POTATO","D012","portion","HONEY CHILLY POTATO_1_portion","1",,,,"1","False"
"D012","HONEY CHILLY POTATO","HONEY CHILLY POTATO","D012","gm","HONEY CHILLY POTATO_gm_reciepe","1","gm:1:gm","1",,,"False"
"D012","HONEY CHILLY POTATO","HONEY CHILLY POTATO","D012","ml","HONEY CHILLY POTATO_ml_reciepe","1","ml:1:ml",,"1",,"False"
"D012","HONEY CHILLY POTATO","HONEY CHILLY POTATO","D012","piece","HONEY CHILLY POTATO_piece_in","1","portion:1:piece",,,"1","False"
"D012","HONEY CHILLY POTATO","HONEY CHILLY POTATO","D012","piece","HONEY CHILLY POTATO_piece_out","1","portion:1:piece",,,"1","False"
"D012","HONEY CHILLY POTATO","HONEY CHILLY POTATO","D012","piece","HONEY CHILLY POTATO_piece_reciepe","1","piece:1:piece",,,"1","False"
"D012","HONEY CHILLY POTATO","HONEY CHILLY POTATO","D012","portion","HONEY CHILLY POTATO_portion_reciepe","1","portion:1:portion",,,"1","False"
"D013","CHILLY PANEER","CHILLY PANEER","D013","portion","CHILLY PANEER_1_portion","1",,,,"1","False"
"D013","CHILLY PANEER","CHILLY PANEER","D013","gm","CHILLY PANEER_gm_reciepe","1","gm:1:gm","1",,,"False"
"D013","CHILLY PANEER","CHILLY PANEER","D013","ml","CHILLY PANEER_ml_reciepe","1","ml:1:ml",,"1",,"False"
"D013","CHILLY PANEER","CHILLY PANEER","D013","piece","CHILLY PANEER_piece_in","1","portion:1:piece",,,"1","False"
"D013","CHILLY PANEER","CHILLY PANEER","D013","piece","CHILLY PANEER_piece_out","1","portion:1:piece",,,"1","False"
"D013","CHILLY PANEER","CHILLY PANEER","D013","piece","CHILLY PANEER_piece_reciepe","1","piece:1:piece",,,"1","False"
"D013","CHILLY PANEER","CHILLY PANEER","D013","portion","CHILLY PANEER_portion_reciepe","1","portion:1:portion",,,"1","False"
"D014","PANEER 65","PANEER 65","D014","portion","PANEER 65_1_portion","1",,,,"1","False"
"D014","PANEER 65","PANEER 65","D014","gm","PANEER 65_gm_reciepe","1","gm:1:gm","1",,,"False"
"D014","PANEER 65","PANEER 65","D014","ml","PANEER 65_ml_reciepe","1","ml:1:ml",,"1",,"False"
"D014","PANEER 65","PANEER 65","D014","piece","PANEER 65_piece_in","1","portion:1:piece",,,"1","False"
"D014","PANEER 65","PANEER 65","D014","piece","PANEER 65_piece_out","1","portion:1:piece",,,"1","False"
"D014","PANEER 65","PANEER 65","D014","piece","PANEER 65_piece_reciepe","1","piece:1:piece",,,"1","False"
"D014","PANEER 65","PANEER 65","D014","portion","PANEER 65_portion_reciepe","1","portion:1:portion",,,"1","False"
"D015","CRISPY CORN","CRISPY CORN","D015","portion","CRISPY CORN_1_portion","1",,,,"1","False"
"D015","CRISPY CORN","CRISPY CORN","D015","gm","CRISPY CORN_gm_reciepe","1","gm:1:gm","1",,,"False"
"D015","CRISPY CORN","CRISPY CORN","D015","ml","CRISPY CORN_ml_reciepe","1","ml:1:ml",,"1",,"False"
"D015","CRISPY CORN","CRISPY CORN","D015","piece","CRISPY CORN_piece_in","1","portion:1:piece",,,"1","False"
"D015","CRISPY CORN","CRISPY CORN","D015","piece","CRISPY CORN_piece_out","1","portion:1:piece",,,"1","False"
"D015","CRISPY CORN","CRISPY CORN","D015","piece","CRISPY CORN_piece_reciepe","1","piece:1:piece",,,"1","False"
"D015","CRISPY CORN","CRISPY CORN","D015","portion","CRISPY CORN_portion_reciepe","1","portion:1:portion",,,"1","False"
"D016","GOBI MANCHURIAN","GOBI MANCHURIAN","D016","portion","GOBI MANCHURIAN_1_portion","1",,,,"1","False"
"D016","GOBI MANCHURIAN","GOBI MANCHURIAN","D016","gm","GOBI MANCHURIAN_gm_reciepe","1","gm:1:gm","1",,,"False"
"D016","GOBI MANCHURIAN","GOBI MANCHURIAN","D016","ml","GOBI MANCHURIAN_ml_reciepe","1","ml:1:ml",,"1",,"False"
"D016","GOBI MANCHURIAN","GOBI MANCHURIAN","D016","piece","GOBI MANCHURIAN_piece_in","1","portion:1:piece",,,"1","False"
"D016","GOBI MANCHURIAN","GOBI MANCHURIAN","D016","piece","GOBI MANCHURIAN_piece_out","1","portion:1:piece",,,"1","False"
"D016","GOBI MANCHURIAN","GOBI MANCHURIAN","D016","piece","GOBI MANCHURIAN_piece_reciepe","1","piece:1:piece",,,"1","False"
"D016","GOBI MANCHURIAN","GOBI MANCHURIAN","D016","portion","GOBI MANCHURIAN_portion_reciepe","1","portion:1:portion",,,"1","False"
"D017","HARA BHARA KABAB","HARA BHARA KABAB","D017","portion","HARA BHARA KABAB_1_portion","1",,,,"1","False"
"D017","HARA BHARA KABAB","HARA BHARA KABAB","D017","gm","HARA BHARA KABAB_gm_reciepe","1","gm:1:gm","1",,,"False"
"D017","HARA BHARA KABAB","HARA BHARA KABAB","D017","ml","HARA BHARA KABAB_ml_reciepe","1","ml:1:ml",,"1",,"False"
"D017","HARA BHARA KABAB","HARA BHARA KABAB","D017","piece","HARA BHARA KABAB_piece_in","1","portion:1:piece",,,"1","False"
"D017","HARA BHARA KABAB","HARA BHARA KABAB","D017","piece","HARA BHARA KABAB_piece_out","1","portion:1:piece",,,"1","False"
"D017","HARA BHARA KABAB","HARA BHARA KABAB","D017","piece","HARA BHARA KABAB_piece_reciepe","1","piece:1:piece",,,"1","False"
"D017","HARA BHARA KABAB","HARA BHARA KABAB","D017","portion","HARA BHARA KABAB_portion_reciepe","1","portion:1:portion",,,"1","False"
"D018","PANEER TIKKA","PANEER TIKKA","D018","portion","PANEER TIKKA_1_portion","1",,,,"1","False"
"D018","PANEER TIKKA","PANEER TIKKA","D018","gm","PANEER TIKKA_gm_reciepe","1","gm:1:gm","1",,,"False"
"D018","PANEER TIKKA","PANEER TIKKA","D018","ml","PANEER TIKKA_ml_reciepe","1","ml:1:ml",,"1",,"False"
"D018","PANEER TIKKA","PANEER TIKKA","D018","piece","PANEER TIKKA_piece_in","1","portion:1:piece",,,"1","False"
"D018","PANEER TIKKA","PANEER TIKKA","D018","piece","PANEER TIKKA_piece_out","1","portion:1:piece",,,"1","False"
"D018","PANEER TIKKA","PANEER TIKKA","D018","piece","PANEER TIKKA_piece_reciepe","1","piece:1:piece",,,"1","False"
"D018","PANEER TIKKA","PANEER TIKKA","D018","portion","PANEER TIKKA_portion_reciepe","1","portion:1:portion",,,"1","False"
"D019","PEPPER PANEER DRY","PEPPER PANEER DRY","D019","portion","PEPPER PANEER DRY_1_portion","1",,,,"1","False"
"D019","PEPPER PANEER DRY","PEPPER PANEER DRY","D019","gm","PEPPER PANEER DRY_gm_reciepe","1","gm:1:gm","1",,,"False"
"D019","PEPPER PANEER DRY","PEPPER PANEER DRY","D019","ml","PEPPER PANEER DRY_ml_reciepe","1","ml:1:ml",,"1",,"False"
"D019","PEPPER PANEER DRY","PEPPER PANEER DRY","D019","piece","PEPPER PANEER DRY_piece_in","1","portion:1:piece",,,"1","False"
"D019","PEPPER PANEER DRY","PEPPER PANEER DRY","D019","piece","PEPPER PANEER DRY_piece_out","1","portion:1:piece",,,"1","False"
"D019","PEPPER PANEER DRY","PEPPER PANEER DRY","D019","piece","PEPPER PANEER DRY_piece_reciepe","1","piece:1:piece",,,"1","False"
"D019","PEPPER PANEER DRY","PEPPER PANEER DRY","D019","portion","PEPPER PANEER DRY_portion_reciepe","1","portion:1:portion",,,"1","False"
"D020","CORN CHEESE BALLS","CORN CHEESE BALLS","D020","portion","CORN CHEESE BALLS_1_portion","1",,,,"1","False"
"D020","CORN CHEESE BALLS","CORN CHEESE BALLS","D020","gm","CORN CHEESE BALLS_gm_reciepe","1","gm:1:gm","1",,,"False"
"D020","CORN CHEESE BALLS","CORN CHEESE BALLS","D020","ml","CORN CHEESE BALLS_ml_reciepe","1","ml:1:ml",,"1",,"False"
"D020","CORN CHEESE BALLS","CORN CHEESE BALLS","D020","piece","CORN CHEESE BALLS_piece_in","1","portion:1:piece",,,"1","False"
"D020","CORN CHEESE BALLS","CORN CHEESE BALLS","D020","piece","CORN CHEESE BALLS_piece_out","1","portion:1:piece",,,"1","False"
"D020","CORN CHEESE BALLS","CORN CHEESE BALLS","D020","piece","CORN CHEESE BALLS_piece_reciepe","1","piece:1:piece",,,"1","False"
"D020","CORN CHEESE BALLS","CORN CHEESE BALLS","D020","portion","CORN CHEESE BALLS_portion_reciepe","1","portion:1:portion",,,"1","False"
"D021","TOMATO SOUP","TOMATO SOUP","D021","portion","TOMATO SOUP_1_portion","1",,,,"1","False"
"D021","TOMATO SOUP","TOMATO SOUP","D021","gm","TOMATO SOUP_gm_reciepe","1","gm:1:gm","1",,,"False"
"D021","TOMATO SOUP","TOMATO SOUP","D021","ml","TOMATO SOUP_ml_reciepe","1","ml:1:ml",,"1",,"False"
"D021","TOMATO SOUP","TOMATO SOUP","D021","piece","TOMATO SOUP_piece_in","1","portion:1:piece",,,"1","False"
"D021","TOMATO SOUP","TOMATO SOUP","D021","piece","TOMATO SOUP_piece_out","1","portion:1:piece",,,"1","False"
"D021","TOMATO SOUP","TOMATO SOUP","D021","piece","TOMATO SOUP_piece_reciepe","1","piece:1:piece",,,"1","False"
"D021","TOMATO SOUP","TOMATO SOUP","D021","portion","TOMATO SOUP_portion_reciepe","1","portion:1:portion",,,"1","False"
"D022","HOT AND SOUR SOUP","HOT AND SOUR SOUP","D022","portion","HOT AND SOUR SOUP_1_portion","1",,,,"1","False"
"D022","HOT AND SOUR SOUP","HOT AND SOUR SOUP","D022","gm","HOT AND SOUR SOUP_gm_reciepe","1","gm:1:gm","1",,,"False"
"D022","HOT AND SOUR SOUP","HOT AND SOUR SOUP","D022","ml","HOT AND SOUR SOUP_ml_reciepe","1","ml:1:ml",,"1",,"False"
"D022","HOT AND SOUR SOUP","HOT AND SOUR SOUP","D022","piece","HOT AND SOUR SOUP_piece_in","1","portion:1:piece",,,"1","False"
"D022","HOT AND SOUR SOUP","HOT AND SOUR SOUP","D022","piece","HOT AND SOUR SOUP_piece_out","1","portion:1:piece",,,"1","False"
"D022","HOT AND SOUR SOUP","HOT AND SOUR SOUP","D022","piece","HOT AND SOUR SOUP_piece_reciepe","1","piece:1:piece",,,"1","False"
"D022","HOT AND SOUR SOUP","HOT AND SOUR SOUP","D022","portion","HOT AND SOUR SOUP_portion_reciepe","1","portion:1:portion",,,"1","False"
"D023","MANCHOW SOUP","MANCHOW SOUP","D023","portion","MANCHOW SOUP_1_portion","1",,,,"1","False"
"D023","MANCHOW SOUP","MANCHOW SOUP","D023","gm","MANCHOW SOUP_gm_reciepe","1","gm:1:gm","1",,,"False"
"D023","MANCHOW SOUP","MANCHOW SOUP","D023","ml","MANCHOW SOUP_ml_reciepe","1","ml:1:ml",,"1",,"False"
"D023","MANCHOW SOUP","MANCHOW SOUP","D023","piece","MANCHOW SOUP_piece_in","1","portion:1:piece",,,"1","False"
"D023","MANCHOW SOUP","MANCHOW SOUP","D023","piece","MANCHOW SOUP_piece_out","1","portion:1:piece",,,"1","False"
"D023","MANCHOW SOUP","MANCHOW SOUP","D023","piece","MANCHOW SOUP_piece_reciepe","1","piece:1:piece",,,"1","False"
"D023","MANCHOW SOUP","MANCHOW SOUP","D023","portion","MANCHOW SOUP_portion_reciepe","1","portion:1:portion",,,"1","False"
"D024","SWEET CORN SOUP","SWEET CORN SOUP","D024","portion","SWEET CORN SOUP_1_portion","1",,,,"1","False"
"D024","SWEET CORN SOUP","SWEET CORN SOUP","D024","gm","SWEET CORN SOUP_gm_reciepe","1","gm:1:gm","1",,,"False"
"D024","SWEET CORN SOUP","SWEET CORN SOUP","D024","ml","SWEET CORN SOUP_ml_reciepe","1","ml:1:ml",,"1",,"False"
"D024","SWEET CORN SOUP","SWEET CORN SOUP","D024","piece","SWEET CORN SOUP_piece_in","1","portion:1:piece",,,"1","False"
"D024","SWEET CORN SOUP","SWEET CORN SOUP","D024","piece","SWEET CORN SOUP_piece_out","1","portion:1:piece",,,"1","False"
"D024","SWEET CORN SOUP","SWEET CORN SOUP","D024","piece","SWEET CORN SOUP_piece_reciepe","1","piece:1:piece",,,"1","False"
"D024","SWEET CORN SOUP","SWEET CORN SOUP","D024","portion","SWEET CORN SOUP_portion_reciepe","1","portion:1:portion",,,"1","False"
"D025","CHILLY GARLIC NOODLES","CHILLY GARLIC NOODLES","D025","portion","CHILLY GARLIC NOODLES_1_portion","1",,,,"1","False"
"D025","CHILLY GARLIC NOODLES","CHILLY GARLIC NOODLES","D025","gm","CHILLY GARLIC NOODLES_gm_reciepe","1","gm:1:gm","1",,,"False"
"D025","CHILLY GARLIC NOODLES","CHILLY GARLIC NOODLES","D025","ml","CHILLY GARLIC NOODLES_ml_reciepe","1","ml:1:ml",,"1",,"False"
"D025","CHILLY GARLIC NOODLES","CHILLY GARLIC NOODLES","D025","piece","CHILLY GARLIC NOODLES_piece_in","1","portion:1:piece",,,"1","False"
"D025","CHILLY GARLIC NOODLES","CHILLY GARLIC NOODLES","D025","piece","CHILLY GARLIC NOODLES_piece_out","1","portion:1:piece",,,"1","False"
"D025","CHILLY GARLIC NOODLES","CHILLY GARLIC NOODLES","D025","piece","CHILLY GARLIC NOODLES_piece_reciepe","1","piece:1:piece",,,"1","False"
"D025","CHILLY GARLIC NOODLES","CHILLY GARLIC NOODLES","D025","portion","CHILLY GARLIC NOODLES_portion_reciepe","1","portion:1:portion",,,"1","False"
"D026","VEG NOODLES","VEG NOODLES","D026","portion","VEG NOODLES_1_portion","1",,,,"1","False"
"D026","VEG NOODLES","VEG NOODLES","D026","gm","VEG NOODLES_gm_reciepe","1","gm:1:gm","1",,,"False"
"D026","VEG NOODLES","VEG NOODLES","D026","ml","VEG NOODLES_ml_reciepe","1","ml:1:ml",,"1",,"False"
"D026","VEG NOODLES","VEG NOODLES","D026","piece","VEG NOODLES_piece_in","1","portion:1:piece",,,"1","False"
"D026","VEG NOODLES","VEG NOODLES","D026","piece","VEG NOODLES_piece_out","1","portion:1:piece",,,"1","False"
"D026","VEG NOODLES","VEG NOODLES","D026","piece","VEG NOODLES_piece_reciepe","1","piece:1:piece",,,"1","False"
"D026","VEG NOODLES","VEG NOODLES","D026","portion","VEG NOODLES_portion_reciepe","1","portion:1:portion",,,"1","False"
"D027","HAKKA NOODLES","HAKKA NOODLES","D027","portion","HAKKA NOODLES_1_portion","1",,,,"1","False"
"D027","HAKKA NOODLES","HAKKA NOODLES","D027","gm","HAKKA NOODLES_gm_reciepe","1","gm:1:gm","1",,,"False"
"D027","HAKKA NOODLES","HAKKA NOODLES","D027","ml","HAKKA NOODLES_ml_reciepe","1","ml:1:ml",,"1",,"False"
"D027","HAKKA NOODLES","HAKKA NOODLES","D027","piece","HAKKA NOODLES_piece_in","1","portion:1:piece",,,"1","False"
"D027","HAKKA NOODLES","HAKKA NOODLES","D027","piece","HAKKA NOODLES_piece_out","1","portion:1:piece",,,"1","False"
"D027","HAKKA NOODLES","HAKKA NOODLES","D027","piece","HAKKA NOODLES_piece_reciepe","1","piece:1:piece",,,"1","False"
"D027","HAKKA NOODLES","HAKKA NOODLES","D027","portion","HAKKA NOODLES_portion_reciepe","1","portion:1:portion",,,"1","False"
"D028","paneer NOODLES","paneer NOODLES","D028","portion","paneer NOODLES_1_portion","1",,,,"1","False"
"D028","paneer NOODLES","paneer NOODLES","D028","gm","paneer NOODLES_gm_reciepe","1","gm:1:gm","1",,,"False"
"D028","paneer NOODLES","paneer NOODLES","D028","ml","paneer NOODLES_ml_reciepe","1","ml:1:ml",,"1",,"False"
"D028","paneer NOODLES","paneer NOODLES","D028","piece","paneer NOODLES_piece_in","1","portion:1:piece",,,"1","False"
"D028","paneer NOODLES","paneer NOODLES","D028","piece","paneer NOODLES_piece_out","1","portion:1:piece",,,"1","False"
"D028","paneer NOODLES","paneer NOODLES","D028","piece","paneer NOODLES_piece_reciepe","1","piece:1:piece",,,"1","False"
"D028","paneer NOODLES","paneer NOODLES","D028","portion","paneer NOODLES_portion_reciepe","1","portion:1:portion",,,"1","False"
"D029","SCHEZWAN NOODLES","SCHEZWAN NOODLES","D029","portion","SCHEZWAN NOODLES_1_portion","1",,,,"1","False"
"D029","SCHEZWAN NOODLES","SCHEZWAN NOODLES","D029","gm","SCHEZWAN NOODLES_gm_reciepe","1","gm:1:gm","1",,,"False"
"D029","SCHEZWAN NOODLES","SCHEZWAN NOODLES","D029","ml","SCHEZWAN NOODLES_ml_reciepe","1","ml:1:ml",,"1",,"False"
"D029","SCHEZWAN NOODLES","SCHEZWAN NOODLES","D029","piece","SCHEZWAN NOODLES_piece_in","1","portion:1:piece",,,"1","False"
"D029","SCHEZWAN NOODLES","SCHEZWAN NOODLES","D029","piece","SCHEZWAN NOODLES_piece_out","1","portion:1:piece",,,"1","False"
"D029","SCHEZWAN NOODLES","SCHEZWAN NOODLES","D029","piece","SCHEZWAN NOODLES_piece_reciepe","1","piece:1:piece",,,"1","False"
"D029","SCHEZWAN NOODLES","SCHEZWAN NOODLES","D029","portion","SCHEZWAN NOODLES_portion_reciepe","1","portion:1:portion",,,"1","False"
"D030","paneer SCHEZWAN NOODLES","paneer SCHEZWAN NOODLES","D030","portion","paneer SCHEZWAN NOODLES_1_portion","1",,,,"1","False"
"D030","paneer SCHEZWAN NOODLES","paneer SCHEZWAN NOODLES","D030","gm","paneer SCHEZWAN NOODLES_gm_reciepe","1","gm:1:gm","1",,,"False"
"D030","paneer SCHEZWAN NOODLES","paneer SCHEZWAN NOODLES","D030","ml","paneer SCHEZWAN NOODLES_ml_reciepe","1","ml:1:ml",,"1",,"False"
"D030","paneer SCHEZWAN NOODLES","paneer SCHEZWAN NOODLES","D030","piece","paneer SCHEZWAN NOODLES_piece_in","1","portion:1:piece",,,"1","False"
"D030","paneer SCHEZWAN NOODLES","paneer SCHEZWAN NOODLES","D030","piece","paneer SCHEZWAN NOODLES_piece_out","1","portion:1:piece",,,"1","False"
"D030","paneer SCHEZWAN NOODLES","paneer SCHEZWAN NOODLES","D030","piece","paneer SCHEZWAN NOODLES_piece_reciepe","1","piece:1:piece",,,"1","False"
"D030","paneer SCHEZWAN NOODLES","paneer SCHEZWAN NOODLES","D030","portion","paneer SCHEZWAN NOODLES_portion_reciepe","1","portion:1:portion",,,"1","False"
"D031","MANCHURIAN NOODLES","MANCHURIAN NOODLES","D031","portion","MANCHURIAN NOODLES_1_portion","1",,,,"1","False"
"D031","MANCHURIAN NOODLES","MANCHURIAN NOODLES","D031","gm","MANCHURIAN NOODLES_gm_reciepe","1","gm:1:gm","1",,,"False"
"D031","MANCHURIAN NOODLES","MANCHURIAN NOODLES","D031","ml","MANCHURIAN NOODLES_ml_reciepe","1","ml:1:ml",,"1",,"False"
"D031","MANCHURIAN NOODLES","MANCHURIAN NOODLES","D031","piece","MANCHURIAN NOODLES_piece_in","1","portion:1:piece",,,"1","False"
"D031","MANCHURIAN NOODLES","MANCHURIAN NOODLES","D031","piece","MANCHURIAN NOODLES_piece_out","1","portion:1:piece",,,"1","False"
"D031","MANCHURIAN NOODLES","MANCHURIAN NOODLES","D031","piece","MANCHURIAN NOODLES_piece_reciepe","1","piece:1:piece",,,"1","False"
"D031","MANCHURIAN NOODLES","MANCHURIAN NOODLES","D031","portion","MANCHURIAN NOODLES_portion_reciepe","1","portion:1:portion",,,"1","False"
"D032","COCKTAIL RICE","COCKTAIL RICE","D032","portion","COCKTAIL RICE_1_portion","1",,,,"1","False"
"D032","COCKTAIL RICE","COCKTAIL RICE","D032","gm","COCKTAIL RICE_gm_reciepe","1","gm:1:gm","1",,,"False"
"D032","COCKTAIL RICE","COCKTAIL RICE","D032","ml","COCKTAIL RICE_ml_reciepe","1","ml:1:ml",,"1",,"False"
"D032","COCKTAIL RICE","COCKTAIL RICE","D032","piece","COCKTAIL RICE_piece_in","1","portion:1:piece",,,"1","False"
"D032","COCKTAIL RICE","COCKTAIL RICE","D032","piece","COCKTAIL RICE_piece_out","1","portion:1:piece",,,"1","False"
"D032","COCKTAIL RICE","COCKTAIL RICE","D032","piece","COCKTAIL RICE_piece_reciepe","1","piece:1:piece",,,"1","False"
"D032","COCKTAIL RICE","COCKTAIL RICE","D032","portion","COCKTAIL RICE_portion_reciepe","1","portion:1:portion",,,"1","False"
"D033","CHINESE MANCHURIAN BOWL ( NOODLES / RICE)","CHINESE MANCHURIAN BOWL ( NOODLES / RICE)","D033","portion","CHINESE MANCHURIAN BOWL ( NOODLES / RICE)_1_portion","1",,,,"1","False"
"D033","CHINESE MANCHURIAN BOWL ( NOODLES / RICE)","CHINESE MANCHURIAN BOWL ( NOODLES / RICE)","D033","gm","CHINESE MANCHURIAN BOWL ( NOODLES / RICE)_gm_reciepe","1","gm:1:gm","1",,,"False"
"D033","CHINESE MANCHURIAN BOWL ( NOODLES / RICE)","CHINESE MANCHURIAN BOWL ( NOODLES / RICE)","D033","ml","CHINESE MANCHURIAN BOWL ( NOODLES / RICE)_ml_reciepe","1","ml:1:ml",,"1",,"False"
"D033","CHINESE MANCHURIAN BOWL ( NOODLES / RICE)","CHINESE MANCHURIAN BOWL ( NOODLES / RICE)","D033","piece","CHINESE MANCHURIAN BOWL ( NOODLES / RICE)_piece_in","1","portion:1:piece",,,"1","False"
"D033","CHINESE MANCHURIAN BOWL ( NOODLES / RICE)","CHINESE MANCHURIAN BOWL ( NOODLES / RICE)","D033","piece","CHINESE MANCHURIAN BOWL ( NOODLES / RICE)_piece_out","1","portion:1:piece",,,"1","False"
"D033","CHINESE MANCHURIAN BOWL ( NOODLES / RICE)","CHINESE MANCHURIAN BOWL ( NOODLES / RICE)","D033","piece","CHINESE MANCHURIAN BOWL ( NOODLES / RICE)_piece_reciepe","1","piece:1:piece",,,"1","False"
"D033","CHINESE MANCHURIAN BOWL ( NOODLES / RICE)","CHINESE MANCHURIAN BOWL ( NOODLES / RICE)","D033","portion","CHINESE MANCHURIAN BOWL ( NOODLES / RICE)_portion_reciepe","1","portion:1:portion",,,"1","False"
"D034","VEG FRIED RICE","VEG FRIED RICE","D034","portion","VEG FRIED RICE_1_portion","1",,,,"1","False"
"D034","VEG FRIED RICE","VEG FRIED RICE","D034","gm","VEG FRIED RICE_gm_reciepe","1","gm:1:gm","1",,,"False"
"D034","VEG FRIED RICE","VEG FRIED RICE","D034","ml","VEG FRIED RICE_ml_reciepe","1","ml:1:ml",,"1",,"False"
"D034","VEG FRIED RICE","VEG FRIED RICE","D034","piece","VEG FRIED RICE_piece_in","1","portion:1:piece",,,"1","False"
"D034","VEG FRIED RICE","VEG FRIED RICE","D034","piece","VEG FRIED RICE_piece_out","1","portion:1:piece",,,"1","False"
"D034","VEG FRIED RICE","VEG FRIED RICE","D034","piece","VEG FRIED RICE_piece_reciepe","1","piece:1:piece",,,"1","False"
"D034","VEG FRIED RICE","VEG FRIED RICE","D034","portion","VEG FRIED RICE_portion_reciepe","1","portion:1:portion",,,"1","False"
"D035","SCHEZWAN FRIED RICE","SCHEZWAN FRIED RICE","D035","portion","SCHEZWAN FRIED RICE_1_portion","1",,,,"1","False"
"D035","SCHEZWAN FRIED RICE","SCHEZWAN FRIED RICE","D035","gm","SCHEZWAN FRIED RICE_gm_reciepe","1","gm:1:gm","1",,,"False"
"D035","SCHEZWAN FRIED RICE","SCHEZWAN FRIED RICE","D035","ml","SCHEZWAN FRIED RICE_ml_reciepe","1","ml:1:ml",,"1",,"False"
"D035","SCHEZWAN FRIED RICE","SCHEZWAN FRIED RICE","D035","piece","SCHEZWAN FRIED RICE_piece_in","1","portion:1:piece",,,"1","False"
"D035","SCHEZWAN FRIED RICE","SCHEZWAN FRIED RICE","D035","piece","SCHEZWAN FRIED RICE_piece_out","1","portion:1:piece",,,"1","False"
"D035","SCHEZWAN FRIED RICE","SCHEZWAN FRIED RICE","D035","piece","SCHEZWAN FRIED RICE_piece_reciepe","1","piece:1:piece",,,"1","False"
"D035","SCHEZWAN FRIED RICE","SCHEZWAN FRIED RICE","D035","portion","SCHEZWAN FRIED RICE_portion_reciepe","1","portion:1:portion",,,"1","False"
"D036","PANEER FRIED RICE","PANEER FRIED RICE","D036","portion","PANEER FRIED RICE_1_portion","1",,,,"1","False"
"D036","PANEER FRIED RICE","PANEER FRIED RICE","D036","gm","PANEER FRIED RICE_gm_reciepe","1","gm:1:gm","1",,,"False"
"D036","PANEER FRIED RICE","PANEER FRIED RICE","D036","ml","PANEER FRIED RICE_ml_reciepe","1","ml:1:ml",,"1",,"False"
"D036","PANEER FRIED RICE","PANEER FRIED RICE","D036","piece","PANEER FRIED RICE_piece_in","1","portion:1:piece",,,"1","False"
"D036","PANEER FRIED RICE","PANEER FRIED RICE","D036","piece","PANEER FRIED RICE_piece_out","1","portion:1:piece",,,"1","False"
"D036","PANEER FRIED RICE","PANEER FRIED RICE","D036","piece","PANEER FRIED RICE_piece_reciepe","1","piece:1:piece",,,"1","False"
"D036","PANEER FRIED RICE","PANEER FRIED RICE","D036","portion","PANEER FRIED RICE_portion_reciepe","1","portion:1:portion",,,"1","False"
"D037","MANCHURIAN FRIED RICE","MANCHURIAN FRIED RICE","D037","portion","MANCHURIAN FRIED RICE_1_portion","1",,,,"1","False"
"D037","MANCHURIAN FRIED RICE","MANCHURIAN FRIED RICE","D037","gm","MANCHURIAN FRIED RICE_gm_reciepe","1","gm:1:gm","1",,,"False"
"D037","MANCHURIAN FRIED RICE","MANCHURIAN FRIED RICE","D037","ml","MANCHURIAN FRIED RICE_ml_reciepe","1","ml:1:ml",,"1",,"False"
"D037","MANCHURIAN FRIED RICE","MANCHURIAN FRIED RICE","D037","piece","MANCHURIAN FRIED RICE_piece_in","1","portion:1:piece",,,"1","False"
"D037","MANCHURIAN FRIED RICE","MANCHURIAN FRIED RICE","D037","piece","MANCHURIAN FRIED RICE_piece_out","1","portion:1:piece",,,"1","False"
"D037","MANCHURIAN FRIED RICE","MANCHURIAN FRIED RICE","D037","piece","MANCHURIAN FRIED RICE_piece_reciepe","1","piece:1:piece",,,"1","False"
"D037","MANCHURIAN FRIED RICE","MANCHURIAN FRIED RICE","D037","portion","MANCHURIAN FRIED RICE_portion_reciepe","1","portion:1:portion",,,"1","False"
"D038","TRIPLE SCHEZWAN RICE","TRIPLE SCHEZWAN RICE","D038","portion","TRIPLE SCHEZWAN RICE_1_portion","1",,,,"1","False"
"D038","TRIPLE SCHEZWAN RICE","TRIPLE SCHEZWAN RICE","D038","gm","TRIPLE SCHEZWAN RICE_gm_reciepe","1","gm:1:gm","1",,,"False"
"D038","TRIPLE SCHEZWAN RICE","TRIPLE SCHEZWAN RICE","D038","ml","TRIPLE SCHEZWAN RICE_ml_reciepe","1","ml:1:ml",,"1",,"False"
"D038","TRIPLE SCHEZWAN RICE","TRIPLE SCHEZWAN RICE","D038","piece","TRIPLE SCHEZWAN RICE_piece_in","1","portion:1:piece",,,"1","False"
"D038","TRIPLE SCHEZWAN RICE","TRIPLE SCHEZWAN RICE","D038","piece","TRIPLE SCHEZWAN RICE_piece_out","1","portion:1:piece",,,"1","False"
"D038","TRIPLE SCHEZWAN RICE","TRIPLE SCHEZWAN RICE","D038","piece","TRIPLE SCHEZWAN RICE_piece_reciepe","1","piece:1:piece",,,"1","False"
"D038","TRIPLE SCHEZWAN RICE","TRIPLE SCHEZWAN RICE","D038","portion","TRIPLE SCHEZWAN RICE_portion_reciepe","1","portion:1:portion",,,"1","False"
"D039","PANEER  BUTTER MASALA","PANEER  BUTTER MASALA","D039","portion","PANEER  BUTTER MASALA_1_portion","1",,,,"1","False"
"D039","PANEER  BUTTER MASALA","PANEER  BUTTER MASALA","D039","gm","PANEER  BUTTER MASALA_gm_reciepe","1","gm:1:gm","1",,,"False"
"D039","PANEER  BUTTER MASALA","PANEER  BUTTER MASALA","D039","ml","PANEER  BUTTER MASALA_ml_reciepe","1","ml:1:ml",,"1",,"False"
"D039","PANEER  BUTTER MASALA","PANEER  BUTTER MASALA","D039","piece","PANEER  BUTTER MASALA_piece_in","1","portion:1:piece",,,"1","False"
"D039","PANEER  BUTTER MASALA","PANEER  BUTTER MASALA","D039","piece","PANEER  BUTTER MASALA_piece_out","1","portion:1:piece",,,"1","False"
"D039","PANEER  BUTTER MASALA","PANEER  BUTTER MASALA","D039","piece","PANEER  BUTTER MASALA_piece_reciepe","1","piece:1:piece",,,"1","False"
"D039","PANEER  BUTTER MASALA","PANEER  BUTTER MASALA","D039","portion","PANEER  BUTTER MASALA_portion_reciepe","1","portion:1:portion",,,"1","False"
"D040","KADHAI PANEER","KADHAI PANEER","D040","portion","KADHAI PANEER_1_portion","1",,,,"1","False"
"D040","KADHAI PANEER","KADHAI PANEER","D040","gm","KADHAI PANEER_gm_reciepe","1","gm:1:gm","1",,,"False"
"D040","KADHAI PANEER","KADHAI PANEER","D040","ml","KADHAI PANEER_ml_reciepe","1","ml:1:ml",,"1",,"False"
"D040","KADHAI PANEER","KADHAI PANEER","D040","piece","KADHAI PANEER_piece_in","1","portion:1:piece",,,"1","False"
"D040","KADHAI PANEER","KADHAI PANEER","D040","piece","KADHAI PANEER_piece_out","1","portion:1:piece",,,"1","False"
"D040","KADHAI PANEER","KADHAI PANEER","D040","piece","KADHAI PANEER_piece_reciepe","1","piece:1:piece",,,"1","False"
"D040","KADHAI PANEER","KADHAI PANEER","D040","portion","KADHAI PANEER_portion_reciepe","1","portion:1:portion",,,"1","False"
"D041","PANEER LABABDAR","PANEER LABABDAR","D041","portion","PANEER LABABDAR_1_portion","1",,,,"1","False"
"D041","PANEER LABABDAR","PANEER LABABDAR","D041","gm","PANEER LABABDAR_gm_reciepe","1","gm:1:gm","1",,,"False"
"D041","PANEER LABABDAR","PANEER LABABDAR","D041","ml","PANEER LABABDAR_ml_reciepe","1","ml:1:ml",,"1",,"False"
"D041","PANEER LABABDAR","PANEER LABABDAR","D041","piece","PANEER LABABDAR_piece_in","1","portion:1:piece",,,"1","False"
"D041","PANEER LABABDAR","PANEER LABABDAR","D041","piece","PANEER LABABDAR_piece_out","1","portion:1:piece",,,"1","False"
"D041","PANEER LABABDAR","PANEER LABABDAR","D041","piece","PANEER LABABDAR_piece_reciepe","1","piece:1:piece",,,"1","False"
"D041","PANEER LABABDAR","PANEER LABABDAR","D041","portion","PANEER LABABDAR_portion_reciepe","1","portion:1:portion",,,"1","False"
"D042","PANEER TIKKA MASALA","PANEER TIKKA MASALA","D042","portion","PANEER TIKKA MASALA_1_portion","1",,,,"1","False"
"D042","PANEER TIKKA MASALA","PANEER TIKKA MASALA","D042","gm","PANEER TIKKA MASALA_gm_reciepe","1","gm:1:gm","1",,,"False"
"D042","PANEER TIKKA MASALA","PANEER TIKKA MASALA","D042","ml","PANEER TIKKA MASALA_ml_reciepe","1","ml:1:ml",,"1",,"False"
"D042","PANEER TIKKA MASALA","PANEER TIKKA MASALA","D042","piece","PANEER TIKKA MASALA_piece_in","1","portion:1:piece",,,"1","False"
"D042","PANEER TIKKA MASALA","PANEER TIKKA MASALA","D042","piece","PANEER TIKKA MASALA_piece_out","1","portion:1:piece",,,"1","False"
"D042","PANEER TIKKA MASALA","PANEER TIKKA MASALA","D042","piece","PANEER TIKKA MASALA_piece_reciepe","1","piece:1:piece",,,"1","False"
"D042","PANEER TIKKA MASALA","PANEER TIKKA MASALA","D042","portion","PANEER TIKKA MASALA_portion_reciepe","1","portion:1:portion",,,"1","False"
"D043","PANEER  KHURCHAN","PANEER  KHURCHAN","D043","portion","PANEER  KHURCHAN_1_portion","1",,,,"1","False"
"D043","PANEER  KHURCHAN","PANEER  KHURCHAN","D043","gm","PANEER  KHURCHAN_gm_reciepe","1","gm:1:gm","1",,,"False"
"D043","PANEER  KHURCHAN","PANEER  KHURCHAN","D043","ml","PANEER  KHURCHAN_ml_reciepe","1","ml:1:ml",,"1",,"False"
"D043","PANEER  KHURCHAN","PANEER  KHURCHAN","D043","piece","PANEER  KHURCHAN_piece_in","1","portion:1:piece",,,"1","False"
"D043","PANEER  KHURCHAN","PANEER  KHURCHAN","D043","piece","PANEER  KHURCHAN_piece_out","1","portion:1:piece",,,"1","False"
"D043","PANEER  KHURCHAN","PANEER  KHURCHAN","D043","piece","PANEER  KHURCHAN_piece_reciepe","1","piece:1:piece",,,"1","False"
"D043","PANEER  KHURCHAN","PANEER  KHURCHAN","D043","portion","PANEER  KHURCHAN_portion_reciepe","1","portion:1:portion",,,"1","False"
"D044","PANEER BHURJI","PANEER BHURJI","D044","portion","PANEER BHURJI_1_portion","1",,,,"1","False"
"D044","PANEER BHURJI","PANEER BHURJI","D044","gm","PANEER BHURJI_gm_reciepe","1","gm:1:gm","1",,,"False"
"D044","PANEER BHURJI","PANEER BHURJI","D044","ml","PANEER BHURJI_ml_reciepe","1","ml:1:ml",,"1",,"False"
"D044","PANEER BHURJI","PANEER BHURJI","D044","piece","PANEER BHURJI_piece_in","1","portion:1:piece",,,"1","False"
"D044","PANEER BHURJI","PANEER BHURJI","D044","piece","PANEER BHURJI_piece_out","1","portion:1:piece",,,"1","False"
"D044","PANEER BHURJI","PANEER BHURJI","D044","piece","PANEER BHURJI_piece_reciepe","1","piece:1:piece",,,"1","False"
"D044","PANEER BHURJI","PANEER BHURJI","D044","portion","PANEER BHURJI_portion_reciepe","1","portion:1:portion",,,"1","False"
"D045","PANEER PUNJABI","PANEER PUNJABI","D045","portion","PANEER PUNJABI_1_portion","1",,,,"1","False"
"D045","PANEER PUNJABI","PANEER PUNJABI","D045","gm","PANEER PUNJABI_gm_reciepe","1","gm:1:gm","1",,,"False"
"D045","PANEER PUNJABI","PANEER PUNJABI","D045","ml","PANEER PUNJABI_ml_reciepe","1","ml:1:ml",,"1",,"False"
"D045","PANEER PUNJABI","PANEER PUNJABI","D045","piece","PANEER PUNJABI_piece_in","1","portion:1:piece",,,"1","False"
"D045","PANEER PUNJABI","PANEER PUNJABI","D045","piece","PANEER PUNJABI_piece_out","1","portion:1:piece",,,"1","False"
"D045","PANEER PUNJABI","PANEER PUNJABI","D045","piece","PANEER PUNJABI_piece_reciepe","1","piece:1:piece",,,"1","False"
"D045","PANEER PUNJABI","PANEER PUNJABI","D045","portion","PANEER PUNJABI_portion_reciepe","1","portion:1:portion",,,"1","False"
"D046","LEHSUNI PANEERPALAK PANEER","LEHSUNI PANEERPALAK PANEER","D046","portion","LEHSUNI PANEERPALAK PANEER_1_portion","1",,,,"1","False"
"D046","LEHSUNI PANEERPALAK PANEER","LEHSUNI PANEERPALAK PANEER","D046","gm","LEHSUNI PANEERPALAK PANEER_gm_reciepe","1","gm:1:gm","1",,,"False"
"D046","LEHSUNI PANEERPALAK PANEER","LEHSUNI PANEERPALAK PANEER","D046","ml","LEHSUNI PANEERPALAK PANEER_ml_reciepe","1","ml:1:ml",,"1",,"False"
"D046","LEHSUNI PANEERPALAK PANEER","LEHSUNI PANEERPALAK PANEER","D046","piece","LEHSUNI PANEERPALAK PANEER_piece_in","1","portion:1:piece",,,"1","False"
"D046","LEHSUNI PANEERPALAK PANEER","LEHSUNI PANEERPALAK PANEER","D046","piece","LEHSUNI PANEERPALAK PANEER_piece_out","1","portion:1:piece",,,"1","False"
"D046","LEHSUNI PANEERPALAK PANEER","LEHSUNI PANEERPALAK PANEER","D046","piece","LEHSUNI PANEERPALAK PANEER_piece_reciepe","1","piece:1:piece",,,"1","False"
"D046","LEHSUNI PANEERPALAK PANEER","LEHSUNI PANEERPALAK PANEER","D046","portion","LEHSUNI PANEERPALAK PANEER_portion_reciepe","1","portion:1:portion",,,"1","False"
"D047","PANEER KOLHAPURI","PANEER KOLHAPURI","D047","portion","PANEER KOLHAPURI_1_portion","1",,,,"1","False"
"D047","PANEER KOLHAPURI","PANEER KOLHAPURI","D047","gm","PANEER KOLHAPURI_gm_reciepe","1","gm:1:gm","1",,,"False"
"D047","PANEER KOLHAPURI","PANEER KOLHAPURI","D047","ml","PANEER KOLHAPURI_ml_reciepe","1","ml:1:ml",,"1",,"False"
"D047","PANEER KOLHAPURI","PANEER KOLHAPURI","D047","piece","PANEER KOLHAPURI_piece_in","1","portion:1:piece",,,"1","False"
"D047","PANEER KOLHAPURI","PANEER KOLHAPURI","D047","piece","PANEER KOLHAPURI_piece_out","1","portion:1:piece",,,"1","False"
"D047","PANEER KOLHAPURI","PANEER KOLHAPURI","D047","piece","PANEER KOLHAPURI_piece_reciepe","1","piece:1:piece",,,"1","False"
"D047","PANEER KOLHAPURI","PANEER KOLHAPURI","D047","portion","PANEER KOLHAPURI_portion_reciepe","1","portion:1:portion",,,"1","False"
"D048","shahi PANEER","shahi PANEER","D048","portion","shahi PANEER_1_portion","1",,,,"1","False"
"D048","shahi PANEER","shahi PANEER","D048","gm","shahi PANEER_gm_reciepe","1","gm:1:gm","1",,,"False"
"D048","shahi PANEER","shahi PANEER","D048","ml","shahi PANEER_ml_reciepe","1","ml:1:ml",,"1",,"False"
"D048","shahi PANEER","shahi PANEER","D048","piece","shahi PANEER_piece_in","1","portion:1:piece",,,"1","False"
"D048","shahi PANEER","shahi PANEER","D048","piece","shahi PANEER_piece_out","1","portion:1:piece",,,"1","False"
"D048","shahi PANEER","shahi PANEER","D048","piece","shahi PANEER_piece_reciepe","1","piece:1:piece",,,"1","False"
"D048","shahi PANEER","shahi PANEER","D048","portion","shahi PANEER_portion_reciepe","1","portion:1:portion",,,"1","False"
"D049","MATAR PANEER","MATAR PANEER","D049","portion","MATAR PANEER_1_portion","1",,,,"1","False"
"D049","MATAR PANEER","MATAR PANEER","D049","gm","MATAR PANEER_gm_reciepe","1","gm:1:gm","1",,,"False"
"D049","MATAR PANEER","MATAR PANEER","D049","ml","MATAR PANEER_ml_reciepe","1","ml:1:ml",,"1",,"False"
"D049","MATAR PANEER","MATAR PANEER","D049","piece","MATAR PANEER_piece_in","1","portion:1:piece",,,"1","False"
"D049","MATAR PANEER","MATAR PANEER","D049","piece","MATAR PANEER_piece_out","1","portion:1:piece",,,"1","False"
"D049","MATAR PANEER","MATAR PANEER","D049","piece","MATAR PANEER_piece_reciepe","1","piece:1:piece",,,"1","False"
"D049","MATAR PANEER","MATAR PANEER","D049","portion","MATAR PANEER_portion_reciepe","1","portion:1:portion",,,"1","False"
"D050","PANEER TAWA MASALA","PANEER TAWA MASALA","D050","portion","PANEER TAWA MASALA_1_portion","1",,,,"1","False"
"D050","PANEER TAWA MASALA","PANEER TAWA MASALA","D050","gm","PANEER TAWA MASALA_gm_reciepe","1","gm:1:gm","1",,,"False"
"D050","PANEER TAWA MASALA","PANEER TAWA MASALA","D050","ml","PANEER TAWA MASALA_ml_reciepe","1","ml:1:ml",,"1",,"False"
"D050","PANEER TAWA MASALA","PANEER TAWA MASALA","D050","piece","PANEER TAWA MASALA_piece_in","1","portion:1:piece",,,"1","False"
"D050","PANEER TAWA MASALA","PANEER TAWA MASALA","D050","piece","PANEER TAWA MASALA_piece_out","1","portion:1:piece",,,"1","False"
"D050","PANEER TAWA MASALA","PANEER TAWA MASALA","D050","piece","PANEER TAWA MASALA_piece_reciepe","1","piece:1:piece",,,"1","False"
"D050","PANEER TAWA MASALA","PANEER TAWA MASALA","D050","portion","PANEER TAWA MASALA_portion_reciepe","1","portion:1:portion",,,"1","False"
"D051","PANEER ANGARA","PANEER ANGARA","D051","portion","PANEER ANGARA_1_portion","1",,,,"1","False"
"D051","PANEER ANGARA","PANEER ANGARA","D051","gm","PANEER ANGARA_gm_reciepe","1","gm:1:gm","1",,,"False"
"D051","PANEER ANGARA","PANEER ANGARA","D051","ml","PANEER ANGARA_ml_reciepe","1","ml:1:ml",,"1",,"False"
"D051","PANEER ANGARA","PANEER ANGARA","D051","piece","PANEER ANGARA_piece_in","1","portion:1:piece",,,"1","False"
"D051","PANEER ANGARA","PANEER ANGARA","D051","piece","PANEER ANGARA_piece_out","1","portion:1:piece",,,"1","False"
"D051","PANEER ANGARA","PANEER ANGARA","D051","piece","PANEER ANGARA_piece_reciepe","1","piece:1:piece",,,"1","False"
"D051","PANEER ANGARA","PANEER ANGARA","D051","portion","PANEER ANGARA_portion_reciepe","1","portion:1:portion",,,"1","False"
"D052","VEG KADHAI","VEG KADHAI","D052","portion","VEG KADHAI_1_portion","1",,,,"1","False"
"D052","VEG KADHAI","VEG KADHAI","D052","gm","VEG KADHAI_gm_reciepe","1","gm:1:gm","1",,,"False"
"D052","VEG KADHAI","VEG KADHAI","D052","ml","VEG KADHAI_ml_reciepe","1","ml:1:ml",,"1",,"False"
"D052","VEG KADHAI","VEG KADHAI","D052","piece","VEG KADHAI_piece_in","1","portion:1:piece",,,"1","False"
"D052","VEG KADHAI","VEG KADHAI","D052","piece","VEG KADHAI_piece_out","1","portion:1:piece",,,"1","False"
"D052","VEG KADHAI","VEG KADHAI","D052","piece","VEG KADHAI_piece_reciepe","1","piece:1:piece",,,"1","False"
"D052","VEG KADHAI","VEG KADHAI","D052","portion","VEG KADHAI_portion_reciepe","1","portion:1:portion",,,"1","False"
"D053","VEG ANGARA","VEG ANGARA","D053","portion","VEG ANGARA_1_portion","1",,,,"1","False"
"D053","VEG ANGARA","VEG ANGARA","D053","gm","VEG ANGARA_gm_reciepe","1","gm:1:gm","1",,,"False"
"D053","VEG ANGARA","VEG ANGARA","D053","ml","VEG ANGARA_ml_reciepe","1","ml:1:ml",,"1",,"False"
"D053","VEG ANGARA","VEG ANGARA","D053","piece","VEG ANGARA_piece_in","1","portion:1:piece",,,"1","False"
"D053","VEG ANGARA","VEG ANGARA","D053","piece","VEG ANGARA_piece_out","1","portion:1:piece",,,"1","False"
"D053","VEG ANGARA","VEG ANGARA","D053","piece","VEG ANGARA_piece_reciepe","1","piece:1:piece",,,"1","False"
"D053","VEG ANGARA","VEG ANGARA","D053","portion","VEG ANGARA_portion_reciepe","1","portion:1:portion",,,"1","False"
"D054","VEG KOFTA","VEG KOFTA","D054","portion","VEG KOFTA_1_portion","1",,,,"1","False"
"D054","VEG KOFTA","VEG KOFTA","D054","gm","VEG KOFTA_gm_reciepe","1","gm:1:gm","1",,,"False"
"D054","VEG KOFTA","VEG KOFTA","D054","ml","VEG KOFTA_ml_reciepe","1","ml:1:ml",,"1",,"False"
"D054","VEG KOFTA","VEG KOFTA","D054","piece","VEG KOFTA_piece_in","1","portion:1:piece",,,"1","False"
"D054","VEG KOFTA","VEG KOFTA","D054","piece","VEG KOFTA_piece_out","1","portion:1:piece",,,"1","False"
"D054","VEG KOFTA","VEG KOFTA","D054","piece","VEG KOFTA_piece_reciepe","1","piece:1:piece",,,"1","False"
"D054","VEG KOFTA","VEG KOFTA","D054","portion","VEG KOFTA_portion_reciepe","1","portion:1:portion",,,"1","False"
"D055","MUSHROOM DO PYAZA","MUSHROOM DO PYAZA","D055","portion","MUSHROOM DO PYAZA_1_portion","1",,,,"1","False"
"D055","MUSHROOM DO PYAZA","MUSHROOM DO PYAZA","D055","gm","MUSHROOM DO PYAZA_gm_reciepe","1","gm:1:gm","1",,,"False"
"D055","MUSHROOM DO PYAZA","MUSHROOM DO PYAZA","D055","ml","MUSHROOM DO PYAZA_ml_reciepe","1","ml:1:ml",,"1",,"False"
"D055","MUSHROOM DO PYAZA","MUSHROOM DO PYAZA","D055","piece","MUSHROOM DO PYAZA_piece_in","1","portion:1:piece",,,"1","False"
"D055","MUSHROOM DO PYAZA","MUSHROOM DO PYAZA","D055","piece","MUSHROOM DO PYAZA_piece_out","1","portion:1:piece",,,"1","False"
"D055","MUSHROOM DO PYAZA","MUSHROOM DO PYAZA","D055","piece","MUSHROOM DO PYAZA_piece_reciepe","1","piece:1:piece",,,"1","False"
"D055","MUSHROOM DO PYAZA","MUSHROOM DO PYAZA","D055","portion","MUSHROOM DO PYAZA_portion_reciepe","1","portion:1:portion",,,"1","False"
"D056","VEG KEEMA KASTURI","VEG KEEMA KASTURI","D056","portion","VEG KEEMA KASTURI_1_portion","1",,,,"1","False"
"D056","VEG KEEMA KASTURI","VEG KEEMA KASTURI","D056","gm","VEG KEEMA KASTURI_gm_reciepe","1","gm:1:gm","1",,,"False"
"D056","VEG KEEMA KASTURI","VEG KEEMA KASTURI","D056","ml","VEG KEEMA KASTURI_ml_reciepe","1","ml:1:ml",,"1",,"False"
"D056","VEG KEEMA KASTURI","VEG KEEMA KASTURI","D056","piece","VEG KEEMA KASTURI_piece_in","1","portion:1:piece",,,"1","False"
"D056","VEG KEEMA KASTURI","VEG KEEMA KASTURI","D056","piece","VEG KEEMA KASTURI_piece_out","1","portion:1:piece",,,"1","False"
"D056","VEG KEEMA KASTURI","VEG KEEMA KASTURI","D056","piece","VEG KEEMA KASTURI_piece_reciepe","1","piece:1:piece",,,"1","False"
"D056","VEG KEEMA KASTURI","VEG KEEMA KASTURI","D056","portion","VEG KEEMA KASTURI_portion_reciepe","1","portion:1:portion",,,"1","False"
"D057","ALOO GOBI MATAR","ALOO GOBI MATAR","D057","portion","ALOO GOBI MATAR_1_portion","1",,,,"1","False"
"D057","ALOO GOBI MATAR","ALOO GOBI MATAR","D057","gm","ALOO GOBI MATAR_gm_reciepe","1","gm:1:gm","1",,,"False"
"D057","ALOO GOBI MATAR","ALOO GOBI MATAR","D057","ml","ALOO GOBI MATAR_ml_reciepe","1","ml:1:ml",,"1",,"False"
"D057","ALOO GOBI MATAR","ALOO GOBI MATAR","D057","piece","ALOO GOBI MATAR_piece_in","1","portion:1:piece",,,"1","False"
"D057","ALOO GOBI MATAR","ALOO GOBI MATAR","D057","piece","ALOO GOBI MATAR_piece_out","1","portion:1:piece",,,"1","False"
"D057","ALOO GOBI MATAR","ALOO GOBI MATAR","D057","piece","ALOO GOBI MATAR_piece_reciepe","1","piece:1:piece",,,"1","False"
"D057","ALOO GOBI MATAR","ALOO GOBI MATAR","D057","portion","ALOO GOBI MATAR_portion_reciepe","1","portion:1:portion",,,"1","False"
"D058","SEV TAMATAR","SEV TAMATAR","D058","portion","SEV TAMATAR_1_portion","1",,,,"1","False"
"D058","SEV TAMATAR","SEV TAMATAR","D058","gm","SEV TAMATAR_gm_reciepe","1","gm:1:gm","1",,,"False"
"D058","SEV TAMATAR","SEV TAMATAR","D058","ml","SEV TAMATAR_ml_reciepe","1","ml:1:ml",,"1",,"False"
"D058","SEV TAMATAR","SEV TAMATAR","D058","piece","SEV TAMATAR_piece_in","1","portion:1:piece",,,"1","False"
"D058","SEV TAMATAR","SEV TAMATAR","D058","piece","SEV TAMATAR_piece_out","1","portion:1:piece",,,"1","False"
"D058","SEV TAMATAR","SEV TAMATAR","D058","piece","SEV TAMATAR_piece_reciepe","1","piece:1:piece",,,"1","False"
"D058","SEV TAMATAR","SEV TAMATAR","D058","portion","SEV TAMATAR_portion_reciepe","1","portion:1:portion",,,"1","False"
"D059","MIX veg","MIX veg","D059","portion","MIX veg_1_portion","1",,,,"1","False"
"D059","MIX veg","MIX veg","D059","gm","MIX veg_gm_reciepe","1","gm:1:gm","1",,,"False"
"D059","MIX veg","MIX veg","D059","ml","MIX veg_ml_reciepe","1","ml:1:ml",,"1",,"False"
"D059","MIX veg","MIX veg","D059","piece","MIX veg_piece_in","1","portion:1:piece",,,"1","False"
"D059","MIX veg","MIX veg","D059","piece","MIX veg_piece_out","1","portion:1:piece",,,"1","False"
"D059","MIX veg","MIX veg","D059","piece","MIX veg_piece_reciepe","1","piece:1:piece",,,"1","False"
"D059","MIX veg","MIX veg","D059","portion","MIX veg_portion_reciepe","1","portion:1:portion",,,"1","False"
"D060","VEG kolhapuri","VEG kolhapuri","D060","portion","VEG kolhapuri_1_portion","1",,,,"1","False"
"D060","VEG kolhapuri","VEG kolhapuri","D060","gm","VEG kolhapuri_gm_reciepe","1","gm:1:gm","1",,,"False"
"D060","VEG kolhapuri","VEG kolhapuri","D060","ml","VEG kolhapuri_ml_reciepe","1","ml:1:ml",,"1",,"False"
"D060","VEG kolhapuri","VEG kolhapuri","D060","piece","VEG kolhapuri_piece_in","1","portion:1:piece",,,"1","False"
"D060","VEG kolhapuri","VEG kolhapuri","D060","piece","VEG kolhapuri_piece_out","1","portion:1:piece",,,"1","False"
"D060","VEG kolhapuri","VEG kolhapuri","D060","piece","VEG kolhapuri_piece_reciepe","1","piece:1:piece",,,"1","False"
"D060","VEG kolhapuri","VEG kolhapuri","D060","portion","VEG kolhapuri_portion_reciepe","1","portion:1:portion",,,"1","False"
"D061","DAL  makhani","DAL  makhani","D061","portion","DAL  makhani_1_portion","1",,,,"1","False"
"D061","DAL  makhani","DAL  makhani","D061","gm","DAL  makhani_gm_reciepe","1","gm:1:gm","1",,,"False"
"D061","DAL  makhani","DAL  makhani","D061","ml","DAL  makhani_ml_reciepe","1","ml:1:ml",,"1",,"False"
"D061","DAL  makhani","DAL  makhani","D061","piece","DAL  makhani_piece_in","1","portion:1:piece",,,"1","False"
"D061","DAL  makhani","DAL  makhani","D061","piece","DAL  makhani_piece_out","1","portion:1:piece",,,"1","False"
"D061","DAL  makhani","DAL  makhani","D061","piece","DAL  makhani_piece_reciepe","1","piece:1:piece",,,"1","False"
"D061","DAL  makhani","DAL  makhani","D061","portion","DAL  makhani_portion_reciepe","1","portion:1:portion",,,"1","False"
"D062","DAL  fry","DAL  fry","D062","portion","DAL  fry_1_portion","1",,,,"1","False"
"D062","DAL  fry","DAL  fry","D062","gm","DAL  fry_gm_reciepe","1","gm:1:gm","1",,,"False"
"D062","DAL  fry","DAL  fry","D062","ml","DAL  fry_ml_reciepe","1","ml:1:ml",,"1",,"False"
"D062","DAL  fry","DAL  fry","D062","piece","DAL  fry_piece_in","1","portion:1:piece",,,"1","False"
"D062","DAL  fry","DAL  fry","D062","piece","DAL  fry_piece_out","1","portion:1:piece",,,"1","False"
"D062","DAL  fry","DAL  fry","D062","piece","DAL  fry_piece_reciepe","1","piece:1:piece",,,"1","False"
"D062","DAL  fry","DAL  fry","D062","portion","DAL  fry_portion_reciepe","1","portion:1:portion",,,"1","False"
"D063","DAL tadka","DAL tadka","D063","portion","DAL tadka_1_portion","1",,,,"1","False"
"D063","DAL tadka","DAL tadka","D063","gm","DAL tadka_gm_reciepe","1","gm:1:gm","1",,,"False"
"D063","DAL tadka","DAL tadka","D063","ml","DAL tadka_ml_reciepe","1","ml:1:ml",,"1",,"False"
"D063","DAL tadka","DAL tadka","D063","piece","DAL tadka_piece_in","1","portion:1:piece",,,"1","False"
"D063","DAL tadka","DAL tadka","D063","piece","DAL tadka_piece_out","1","portion:1:piece",,,"1","False"
"D063","DAL tadka","DAL tadka","D063","piece","DAL tadka_piece_reciepe","1","piece:1:piece",,,"1","False"
"D063","DAL tadka","DAL tadka","D063","portion","DAL tadka_portion_reciepe","1","portion:1:portion",,,"1","False"
"D064","PUNJabi DAL TADKA","PUNJabi DAL TADKA","D064","portion","PUNJabi DAL TADKA_1_portion","1",,,,"1","False"
"D064","PUNJabi DAL TADKA","PUNJabi DAL TADKA","D064","gm","PUNJabi DAL TADKA_gm_reciepe","1","gm:1:gm","1",,,"False"
"D064","PUNJabi DAL TADKA","PUNJabi DAL TADKA","D064","ml","PUNJabi DAL TADKA_ml_reciepe","1","ml:1:ml",,"1",,"False"
"D064","PUNJabi DAL TADKA","PUNJabi DAL TADKA","D064","piece","PUNJabi DAL TADKA_piece_in","1","portion:1:piece",,,"1","False"
"D064","PUNJabi DAL TADKA","PUNJabi DAL TADKA","D064","piece","PUNJabi DAL TADKA_piece_out","1","portion:1:piece",,,"1","False"
"D064","PUNJabi DAL TADKA","PUNJabi DAL TADKA","D064","piece","PUNJabi DAL TADKA_piece_reciepe","1","piece:1:piece",,,"1","False"
"D064","PUNJabi DAL TADKA","PUNJabi DAL TADKA","D064","portion","PUNJabi DAL TADKA_portion_reciepe","1","portion:1:portion",,,"1","False"
"D065","ROASTED PAPAD","ROASTED PAPAD","D065","portion","ROASTED PAPAD_1_portion","1",,,,"1","False"
"D065","ROASTED PAPAD","ROASTED PAPAD","D065","gm","ROASTED PAPAD_gm_reciepe","1","gm:1:gm","1",,,"False"
"D065","ROASTED PAPAD","ROASTED PAPAD","D065","ml","ROASTED PAPAD_ml_reciepe","1","ml:1:ml",,"1",,"False"
"D065","ROASTED PAPAD","ROASTED PAPAD","D065","piece","ROASTED PAPAD_piece_in","1","portion:1:piece",,,"1","False"
"D065","ROASTED PAPAD","ROASTED PAPAD","D065","piece","ROASTED PAPAD_piece_out","1","portion:1:piece",,,"1","False"
"D065","ROASTED PAPAD","ROASTED PAPAD","D065","piece","ROASTED PAPAD_piece_reciepe","1","piece:1:piece",,,"1","False"
"D065","ROASTED PAPAD","ROASTED PAPAD","D065","portion","ROASTED PAPAD_portion_reciepe","1","portion:1:portion",,,"1","False"
"D066","FRIED PAPAD","FRIED PAPAD","D066","portion","FRIED PAPAD_1_portion","1",,,,"1","False"
"D066","FRIED PAPAD","FRIED PAPAD","D066","gm","FRIED PAPAD_gm_reciepe","1","gm:1:gm","1",,,"False"
"D066","FRIED PAPAD","FRIED PAPAD","D066","ml","FRIED PAPAD_ml_reciepe","1","ml:1:ml",,"1",,"False"
"D066","FRIED PAPAD","FRIED PAPAD","D066","piece","FRIED PAPAD_piece_in","1","portion:1:piece",,,"1","False"
"D066","FRIED PAPAD","FRIED PAPAD","D066","piece","FRIED PAPAD_piece_out","1","portion:1:piece",,,"1","False"
"D066","FRIED PAPAD","FRIED PAPAD","D066","piece","FRIED PAPAD_piece_reciepe","1","piece:1:piece",,,"1","False"
"D066","FRIED PAPAD","FRIED PAPAD","D066","portion","FRIED PAPAD_portion_reciepe","1","portion:1:portion",,,"1","False"
"D067","MASALA PAPAD","MASALA PAPAD","D067","portion","MASALA PAPAD_1_portion","1",,,,"1","False"
"D067","MASALA PAPAD","MASALA PAPAD","D067","gm","MASALA PAPAD_gm_reciepe","1","gm:1:gm","1",,,"False"
"D067","MASALA PAPAD","MASALA PAPAD","D067","ml","MASALA PAPAD_ml_reciepe","1","ml:1:ml",,"1",,"False"
"D067","MASALA PAPAD","MASALA PAPAD","D067","piece","MASALA PAPAD_piece_in","1","portion:1:piece",,,"1","False"
"D067","MASALA PAPAD","MASALA PAPAD","D067","piece","MASALA PAPAD_piece_out","1","portion:1:piece",,,"1","False"
"D067","MASALA PAPAD","MASALA PAPAD","D067","piece","MASALA PAPAD_piece_reciepe","1","piece:1:piece",,,"1","False"
"D067","MASALA PAPAD","MASALA PAPAD","D067","portion","MASALA PAPAD_portion_reciepe","1","portion:1:portion",,,"1","False"
"D068","NARGIS KOFTA","NARGIS KOFTA","D068","portion","NARGIS KOFTA_1_portion","1",,,,"1","False"
"D068","NARGIS KOFTA","NARGIS KOFTA","D068","gm","NARGIS KOFTA_gm_reciepe","1","gm:1:gm","1",,,"False"
"D068","NARGIS KOFTA","NARGIS KOFTA","D068","ml","NARGIS KOFTA_ml_reciepe","1","ml:1:ml",,"1",,"False"
"D068","NARGIS KOFTA","NARGIS KOFTA","D068","piece","NARGIS KOFTA_piece_in","1","portion:1:piece",,,"1","False"
"D068","NARGIS KOFTA","NARGIS KOFTA","D068","piece","NARGIS KOFTA_piece_out","1","portion:1:piece",,,"1","False"
"D068","NARGIS KOFTA","NARGIS KOFTA","D068","piece","NARGIS KOFTA_piece_reciepe","1","piece:1:piece",,,"1","False"
"D068","NARGIS KOFTA","NARGIS KOFTA","D068","portion","NARGIS KOFTA_portion_reciepe","1","portion:1:portion",,,"1","False"
"D069","RAJA-RANI KOFTA","RAJA-RANI KOFTA","D069","portion","RAJA-RANI KOFTA_1_portion","1",,,,"1","False"
"D069","RAJA-RANI KOFTA","RAJA-RANI KOFTA","D069","gm","RAJA-RANI KOFTA_gm_reciepe","1","gm:1:gm","1",,,"False"
"D069","RAJA-RANI KOFTA","RAJA-RANI KOFTA","D069","ml","RAJA-RANI KOFTA_ml_reciepe","1","ml:1:ml",,"1",,"False"
"D069","RAJA-RANI KOFTA","RAJA-RANI KOFTA","D069","piece","RAJA-RANI KOFTA_piece_in","1","portion:1:piece",,,"1","False"
"D069","RAJA-RANI KOFTA","RAJA-RANI KOFTA","D069","piece","RAJA-RANI KOFTA_piece_out","1","portion:1:piece",,,"1","False"
"D069","RAJA-RANI KOFTA","RAJA-RANI KOFTA","D069","piece","RAJA-RANI KOFTA_piece_reciepe","1","piece:1:piece",,,"1","False"
"D069","RAJA-RANI KOFTA","RAJA-RANI KOFTA","D069","portion","RAJA-RANI KOFTA_portion_reciepe","1","portion:1:portion",,,"1","False"
"D070","METHI MALAI MATAR","METHI MALAI MATAR","D070","portion","METHI MALAI MATAR_1_portion","1",,,,"1","False"
"D070","METHI MALAI MATAR","METHI MALAI MATAR","D070","gm","METHI MALAI MATAR_gm_reciepe","1","gm:1:gm","1",,,"False"
"D070","METHI MALAI MATAR","METHI MALAI MATAR","D070","ml","METHI MALAI MATAR_ml_reciepe","1","ml:1:ml",,"1",,"False"
"D070","METHI MALAI MATAR","METHI MALAI MATAR","D070","piece","METHI MALAI MATAR_piece_in","1","portion:1:piece",,,"1","False"
"D070","METHI MALAI MATAR","METHI MALAI MATAR","D070","piece","METHI MALAI MATAR_piece_out","1","portion:1:piece",,,"1","False"
"D070","METHI MALAI MATAR","METHI MALAI MATAR","D070","piece","METHI MALAI MATAR_piece_reciepe","1","piece:1:piece",,,"1","False"
"D070","METHI MALAI MATAR","METHI MALAI MATAR","D070","portion","METHI MALAI MATAR_portion_reciepe","1","portion:1:portion",,,"1","False"
"D071","MALAI KOFTA","MALAI KOFTA","D071","portion","MALAI KOFTA_1_portion","1",,,,"1","False"
"D071","MALAI KOFTA","MALAI KOFTA","D071","gm","MALAI KOFTA_gm_reciepe","1","gm:1:gm","1",,,"False"
"D071","MALAI KOFTA","MALAI KOFTA","D071","ml","MALAI KOFTA_ml_reciepe","1","ml:1:ml",,"1",,"False"
"D071","MALAI KOFTA","MALAI KOFTA","D071","piece","MALAI KOFTA_piece_in","1","portion:1:piece",,,"1","False"
"D071","MALAI KOFTA","MALAI KOFTA","D071","piece","MALAI KOFTA_piece_out","1","portion:1:piece",,,"1","False"
"D071","MALAI KOFTA","MALAI KOFTA","D071","piece","MALAI KOFTA_piece_reciepe","1","piece:1:piece",,,"1","False"
"D071","MALAI KOFTA","MALAI KOFTA","D071","portion","MALAI KOFTA_portion_reciepe","1","portion:1:portion",,,"1","False"
"D072","KAJU CURRY","KAJU CURRY","D072","portion","KAJU CURRY_1_portion","1",,,,"1","False"
"D072","KAJU CURRY","KAJU CURRY","D072","gm","KAJU CURRY_gm_reciepe","1","gm:1:gm","1",,,"False"
"D072","KAJU CURRY","KAJU CURRY","D072","ml","KAJU CURRY_ml_reciepe","1","ml:1:ml",,"1",,"False"
"D072","KAJU CURRY","KAJU CURRY","D072","piece","KAJU CURRY_piece_in","1","portion:1:piece",,,"1","False"
"D072","KAJU CURRY","KAJU CURRY","D072","piece","KAJU CURRY_piece_out","1","portion:1:piece",,,"1","False"
"D072","KAJU CURRY","KAJU CURRY","D072","piece","KAJU CURRY_piece_reciepe","1","piece:1:piece",,,"1","False"
"D072","KAJU CURRY","KAJU CURRY","D072","portion","KAJU CURRY_portion_reciepe","1","portion:1:portion",,,"1","False"
"D073","TANDOORI ROTI","TANDOORI ROTI","D073","portion","TANDOORI ROTI_1_portion","1",,,,"1","False"
"D073","TANDOORI ROTI","TANDOORI ROTI","D073","gm","TANDOORI ROTI_gm_reciepe","1","gm:1:gm","1",,,"False"
"D073","TANDOORI ROTI","TANDOORI ROTI","D073","ml","TANDOORI ROTI_ml_reciepe","1","ml:1:ml",,"1",,"False"
"D073","TANDOORI ROTI","TANDOORI ROTI","D073","piece","TANDOORI ROTI_piece_in","1","portion:1:piece",,,"1","False"
"D073","TANDOORI ROTI","TANDOORI ROTI","D073","piece","TANDOORI ROTI_piece_out","1","portion:1:piece",,,"1","False"
"D073","TANDOORI ROTI","TANDOORI ROTI","D073","piece","TANDOORI ROTI_piece_reciepe","1","piece:1:piece",,,"1","False"
"D073","TANDOORI ROTI","TANDOORI ROTI","D073","portion","TANDOORI ROTI_portion_reciepe","1","portion:1:portion",,,"1","False"
"D074","BUTTER TANDOORI ROTI","BUTTER TANDOORI ROTI","D074","portion","BUTTER TANDOORI ROTI_1_portion","1",,,,"1","False"
"D074","BUTTER TANDOORI ROTI","BUTTER TANDOORI ROTI","D074","gm","BUTTER TANDOORI ROTI_gm_reciepe","1","gm:1:gm","1",,,"False"
"D074","BUTTER TANDOORI ROTI","BUTTER TANDOORI ROTI","D074","ml","BUTTER TANDOORI ROTI_ml_reciepe","1","ml:1:ml",,"1",,"False"
"D074","BUTTER TANDOORI ROTI","BUTTER TANDOORI ROTI","D074","piece","BUTTER TANDOORI ROTI_piece_in","1","portion:1:piece",,,"1","False"
"D074","BUTTER TANDOORI ROTI","BUTTER TANDOORI ROTI","D074","piece","BUTTER TANDOORI ROTI_piece_out","1","portion:1:piece",,,"1","False"
"D074","BUTTER TANDOORI ROTI","BUTTER TANDOORI ROTI","D074","piece","BUTTER TANDOORI ROTI_piece_reciepe","1","piece:1:piece",,,"1","False"
"D074","BUTTER TANDOORI ROTI","BUTTER TANDOORI ROTI","D074","portion","BUTTER TANDOORI ROTI_portion_reciepe","1","portion:1:portion",,,"1","False"
"D075","PYAZ KULCHA (ROTI)","PYAZ KULCHA (ROTI)","D075","portion","PYAZ KULCHA (ROTI)_1_portion","1",,,,"1","False"
"D075","PYAZ KULCHA (ROTI)","PYAZ KULCHA (ROTI)","D075","gm","PYAZ KULCHA (ROTI)_gm_reciepe","1","gm:1:gm","1",,,"False"
"D075","PYAZ KULCHA (ROTI)","PYAZ KULCHA (ROTI)","D075","ml","PYAZ KULCHA (ROTI)_ml_reciepe","1","ml:1:ml",,"1",,"False"
"D075","PYAZ KULCHA (ROTI)","PYAZ KULCHA (ROTI)","D075","piece","PYAZ KULCHA (ROTI)_piece_in","1","portion:1:piece",,,"1","False"
"D075","PYAZ KULCHA (ROTI)","PYAZ KULCHA (ROTI)","D075","piece","PYAZ KULCHA (ROTI)_piece_out","1","portion:1:piece",,,"1","False"
"D075","PYAZ KULCHA (ROTI)","PYAZ KULCHA (ROTI)","D075","piece","PYAZ KULCHA (ROTI)_piece_reciepe","1","piece:1:piece",,,"1","False"
"D075","PYAZ KULCHA (ROTI)","PYAZ KULCHA (ROTI)","D075","portion","PYAZ KULCHA (ROTI)_portion_reciepe","1","portion:1:portion",,,"1","False"
"D076","BUTTER NAAN","BUTTER NAAN","D076","portion","BUTTER NAAN_1_portion","1",,,,"1","False"
"D076","BUTTER NAAN","BUTTER NAAN","D076","gm","BUTTER NAAN_gm_reciepe","1","gm:1:gm","1",,,"False"
"D076","BUTTER NAAN","BUTTER NAAN","D076","ml","BUTTER NAAN_ml_reciepe","1","ml:1:ml",,"1",,"False"
"D076","BUTTER NAAN","BUTTER NAAN","D076","piece","BUTTER NAAN_piece_in","1","portion:1:piece",,,"1","False"
"D076","BUTTER NAAN","BUTTER NAAN","D076","piece","BUTTER NAAN_piece_out","1","portion:1:piece",,,"1","False"
"D076","BUTTER NAAN","BUTTER NAAN","D076","piece","BUTTER NAAN_piece_reciepe","1","piece:1:piece",,,"1","False"
"D076","BUTTER NAAN","BUTTER NAAN","D076","portion","BUTTER NAAN_portion_reciepe","1","portion:1:portion",,,"1","False"
"D077","GARLIC NAAN","GARLIC NAAN","D077","portion","GARLIC NAAN_1_portion","1",,,,"1","False"
"D077","GARLIC NAAN","GARLIC NAAN","D077","gm","GARLIC NAAN_gm_reciepe","1","gm:1:gm","1",,,"False"
"D077","GARLIC NAAN","GARLIC NAAN","D077","ml","GARLIC NAAN_ml_reciepe","1","ml:1:ml",,"1",,"False"
"D077","GARLIC NAAN","GARLIC NAAN","D077","piece","GARLIC NAAN_piece_in","1","portion:1:piece",,,"1","False"
"D077","GARLIC NAAN","GARLIC NAAN","D077","piece","GARLIC NAAN_piece_out","1","portion:1:piece",,,"1","False"
"D077","GARLIC NAAN","GARLIC NAAN","D077","piece","GARLIC NAAN_piece_reciepe","1","piece:1:piece",,,"1","False"
"D077","GARLIC NAAN","GARLIC NAAN","D077","portion","GARLIC NAAN_portion_reciepe","1","portion:1:portion",,,"1","False"
"D078","GARLIC BUTTER NAAN","GARLIC BUTTER NAAN","D078","portion","GARLIC BUTTER NAAN_1_portion","1",,,,"1","False"
"D078","GARLIC BUTTER NAAN","GARLIC BUTTER NAAN","D078","gm","GARLIC BUTTER NAAN_gm_reciepe","1","gm:1:gm","1",,,"False"
"D078","GARLIC BUTTER NAAN","GARLIC BUTTER NAAN","D078","ml","GARLIC BUTTER NAAN_ml_reciepe","1","ml:1:ml",,"1",,"False"
"D078","GARLIC BUTTER NAAN","GARLIC BUTTER NAAN","D078","piece","GARLIC BUTTER NAAN_piece_in","1","portion:1:piece",,,"1","False"
"D078","GARLIC BUTTER NAAN","GARLIC BUTTER NAAN","D078","piece","GARLIC BUTTER NAAN_piece_out","1","portion:1:piece",,,"1","False"
"D078","GARLIC BUTTER NAAN","GARLIC BUTTER NAAN","D078","piece","GARLIC BUTTER NAAN_piece_reciepe","1","piece:1:piece",,,"1","False"
"D078","GARLIC BUTTER NAAN","GARLIC BUTTER NAAN","D078","portion","GARLIC BUTTER NAAN_portion_reciepe","1","portion:1:portion",,,"1","False"
"D079","LACHHA PARATHA","LACHHA PARATHA","D079","portion","LACHHA PARATHA_1_portion","1",,,,"1","False"
"D079","LACHHA PARATHA","LACHHA PARATHA","D079","gm","LACHHA PARATHA_gm_reciepe","1","gm:1:gm","1",,,"False"
"D079","LACHHA PARATHA","LACHHA PARATHA","D079","ml","LACHHA PARATHA_ml_reciepe","1","ml:1:ml",,"1",,"False"
"D079","LACHHA PARATHA","LACHHA PARATHA","D079","piece","LACHHA PARATHA_piece_in","1","portion:1:piece",,,"1","False"
"D079","LACHHA PARATHA","LACHHA PARATHA","D079","piece","LACHHA PARATHA_piece_out","1","portion:1:piece",,,"1","False"
"D079","LACHHA PARATHA","LACHHA PARATHA","D079","piece","LACHHA PARATHA_piece_reciepe","1","piece:1:piece",,,"1","False"
"D079","LACHHA PARATHA","LACHHA PARATHA","D079","portion","LACHHA PARATHA_portion_reciepe","1","portion:1:portion",,,"1","False"
"D080","Breads","Breads","D080","portion","Breads_1_portion","1",,,,"1","False"
"D080","Breads","Breads","D080","gm","Breads_gm_reciepe","1","gm:1:gm","1",,,"False"
"D080","Breads","Breads","D080","ml","Breads_ml_reciepe","1","ml:1:ml",,"1",,"False"
"D080","Breads","Breads","D080","piece","Breads_piece_in","1","portion:1:piece",,,"1","False"
"D080","Breads","Breads","D080","piece","Breads_piece_out","1","portion:1:piece",,,"1","False"
"D080","Breads","Breads","D080","piece","Breads_piece_reciepe","1","piece:1:piece",,,"1","False"
"D080","Breads","Breads","D080","portion","Breads_portion_reciepe","1","portion:1:portion",,,"1","False"
"D081","GREEN SALAD","GREEN SALAD","D081","portion","GREEN SALAD_1_portion","1",,,,"1","False"
"D081","GREEN SALAD","GREEN SALAD","D081","gm","GREEN SALAD_gm_reciepe","1","gm:1:gm","1",,,"False"
"D081","GREEN SALAD","GREEN SALAD","D081","ml","GREEN SALAD_ml_reciepe","1","ml:1:ml",,"1",,"False"
"D081","GREEN SALAD","GREEN SALAD","D081","piece","GREEN SALAD_piece_in","1","portion:1:piece",,,"1","False"
"D081","GREEN SALAD","GREEN SALAD","D081","piece","GREEN SALAD_piece_out","1","portion:1:piece",,,"1","False"
"D081","GREEN SALAD","GREEN SALAD","D081","piece","GREEN SALAD_piece_reciepe","1","piece:1:piece",,,"1","False"
"D081","GREEN SALAD","GREEN SALAD","D081","portion","GREEN SALAD_portion_reciepe","1","portion:1:portion",,,"1","False"
"D082","KACHUMBER SALAD","KACHUMBER SALAD","D082","portion","KACHUMBER SALAD_1_portion","1",,,,"1","False"
"D082","KACHUMBER SALAD","KACHUMBER SALAD","D082","gm","KACHUMBER SALAD_gm_reciepe","1","gm:1:gm","1",,,"False"
"D082","KACHUMBER SALAD","KACHUMBER SALAD","D082","ml","KACHUMBER SALAD_ml_reciepe","1","ml:1:ml",,"1",,"False"
"D082","KACHUMBER SALAD","KACHUMBER SALAD","D082","piece","KACHUMBER SALAD_piece_in","1","portion:1:piece",,,"1","False"
"D082","KACHUMBER SALAD","KACHUMBER SALAD","D082","piece","KACHUMBER SALAD_piece_out","1","portion:1:piece",,,"1","False"
"D082","KACHUMBER SALAD","KACHUMBER SALAD","D082","piece","KACHUMBER SALAD_piece_reciepe","1","piece:1:piece",,,"1","False"
"D082","KACHUMBER SALAD","KACHUMBER SALAD","D082","portion","KACHUMBER SALAD_portion_reciepe","1","portion:1:portion",,,"1","False"
"D083","DAHI KACHUMBER","DAHI KACHUMBER","D083","portion","DAHI KACHUMBER_1_portion","1",,,,"1","False"
"D083","DAHI KACHUMBER","DAHI KACHUMBER","D083","gm","DAHI KACHUMBER_gm_reciepe","1","gm:1:gm","1",,,"False"
"D083","DAHI KACHUMBER","DAHI KACHUMBER","D083","ml","DAHI KACHUMBER_ml_reciepe","1","ml:1:ml",,"1",,"False"
"D083","DAHI KACHUMBER","DAHI KACHUMBER","D083","piece","DAHI KACHUMBER_piece_in","1","portion:1:piece",,,"1","False"
"D083","DAHI KACHUMBER","DAHI KACHUMBER","D083","piece","DAHI KACHUMBER_piece_out","1","portion:1:piece",,,"1","False"
"D083","DAHI KACHUMBER","DAHI KACHUMBER","D083","piece","DAHI KACHUMBER_piece_reciepe","1","piece:1:piece",,,"1","False"
"D083","DAHI KACHUMBER","DAHI KACHUMBER","D083","portion","DAHI KACHUMBER_portion_reciepe","1","portion:1:portion",,,"1","False"
"D084","CURD","CURD","D084","portion","CURD_1_portion","1",,,,"1","False"
"D084","CURD","CURD","D084","gm","CURD_gm_reciepe","1","gm:1:gm","1",,,"False"
"D084","CURD","CURD","D084","ml","CURD_ml_reciepe","1","ml:1:ml",,"1",,"False"
"D084","CURD","CURD","D084","piece","CURD_piece_in","1","portion:1:piece",,,"1","False"
"D084","CURD","CURD","D084","piece","CURD_piece_out","1","portion:1:piece",,,"1","False"
"D084","CURD","CURD","D084","piece","CURD_piece_reciepe","1","piece:1:piece",,,"1","False"
"D084","CURD","CURD","D084","portion","CURD_portion_reciepe","1","portion:1:portion",,,"1","False"
"D085","MIX RAITA","MIX RAITA","D085","portion","MIX RAITA_1_portion","1",,,,"1","False"
"D085","MIX RAITA","MIX RAITA","D085","gm","MIX RAITA_gm_reciepe","1","gm:1:gm","1",,,"False"
"D085","MIX RAITA","MIX RAITA","D085","ml","MIX RAITA_ml_reciepe","1","ml:1:ml",,"1",,"False"
"D085","MIX RAITA","MIX RAITA","D085","piece","MIX RAITA_piece_in","1","portion:1:piece",,,"1","False"
"D085","MIX RAITA","MIX RAITA","D085","piece","MIX RAITA_piece_out","1","portion:1:piece",,,"1","False"
"D085","MIX RAITA","MIX RAITA","D085","piece","MIX RAITA_piece_reciepe","1","piece:1:piece",,,"1","False"
"D085","MIX RAITA","MIX RAITA","D085","portion","MIX RAITA_portion_reciepe","1","portion:1:portion",,,"1","False"
"D086","BOONDI RAITA","BOONDI RAITA","D086","portion","BOONDI RAITA_1_portion","1",,,,"1","False"
"D086","BOONDI RAITA","BOONDI RAITA","D086","gm","BOONDI RAITA_gm_reciepe","1","gm:1:gm","1",,,"False"
"D086","BOONDI RAITA","BOONDI RAITA","D086","ml","BOONDI RAITA_ml_reciepe","1","ml:1:ml",,"1",,"False"
"D086","BOONDI RAITA","BOONDI RAITA","D086","piece","BOONDI RAITA_piece_in","1","portion:1:piece",,,"1","False"
"D086","BOONDI RAITA","BOONDI RAITA","D086","piece","BOONDI RAITA_piece_out","1","portion:1:piece",,,"1","False"
"D086","BOONDI RAITA","BOONDI RAITA","D086","piece","BOONDI RAITA_piece_reciepe","1","piece:1:piece",,,"1","False"
"D086","BOONDI RAITA","BOONDI RAITA","D086","portion","BOONDI RAITA_portion_reciepe","1","portion:1:portion",,,"1","False"
"D087","BUTTERMILK","BUTTERMILK","D087","portion","BUTTERMILK_1_portion","1",,,,"1","False"
"D087","BUTTERMILK","BUTTERMILK","D087","gm","BUTTERMILK_gm_reciepe","1","gm:1:gm","1",,,"False"
"D087","BUTTERMILK","BUTTERMILK","D087","ml","BUTTERMILK_ml_reciepe","1","ml:1:ml",,"1",,"False"
"D087","BUTTERMILK","BUTTERMILK","D087","piece","BUTTERMILK_piece_in","1","portion:1:piece",,,"1","False"
"D087","BUTTERMILK","BUTTERMILK","D087","piece","BUTTERMILK_piece_out","1","portion:1:piece",,,"1","False"
"D087","BUTTERMILK","BUTTERMILK","D087","piece","BUTTERMILK_piece_reciepe","1","piece:1:piece",,,"1","False"
"D087","BUTTERMILK","BUTTERMILK","D087","portion","BUTTERMILK_portion_reciepe","1","portion:1:portion",,,"1","False"
"D088","LEMON SODA","LEMON SODA","D088","portion","LEMON SODA_1_portion","1",,,,"1","False"
"D088","LEMON SODA","LEMON SODA","D088","gm","LEMON SODA_gm_reciepe","1","gm:1:gm","1",,,"False"
"D088","LEMON SODA","LEMON SODA","D088","ml","LEMON SODA_ml_reciepe","1","ml:1:ml",,"1",,"False"
"D088","LEMON SODA","LEMON SODA","D088","piece","LEMON SODA_piece_in","1","portion:1:piece",,,"1","False"
"D088","LEMON SODA","LEMON SODA","D088","piece","LEMON SODA_piece_out","1","portion:1:piece",,,"1","False"
"D088","LEMON SODA","LEMON SODA","D088","piece","LEMON SODA_piece_reciepe","1","piece:1:piece",,,"1","False"
"D088","LEMON SODA","LEMON SODA","D088","portion","LEMON SODA_portion_reciepe","1","portion:1:portion",,,"1","False"
"D089","SOFT DRINK","SOFT DRINK","D089","portion","SOFT DRINK_1_portion","1",,,,"1","False"
"D089","SOFT DRINK","SOFT DRINK","D089","gm","SOFT DRINK_gm_reciepe","1","gm:1:gm","1",,,"False"
"D089","SOFT DRINK","SOFT DRINK","D089","ml","SOFT DRINK_ml_reciepe","1","ml:1:ml",,"1",,"False"
"D089","SOFT DRINK","SOFT DRINK","D089","piece","SOFT DRINK_piece_in","1","portion:1:piece",,,"1","False"
"D089","SOFT DRINK","SOFT DRINK","D089","piece","SOFT DRINK_piece_out","1","portion:1:piece",,,"1","False"
"D089","SOFT DRINK","SOFT DRINK","D089","piece","SOFT DRINK_piece_reciepe","1","piece:1:piece",,,"1","False"
"D089","SOFT DRINK","SOFT DRINK","D089","portion","SOFT DRINK_portion_reciepe","1","portion:1:portion",,,"1","False"
"D090","AMUL BUTTER","AMUL BUTTER","D090","portion","AMUL BUTTER_1_portion","1",,,,"1","False"
"D090","AMUL BUTTER","AMUL BUTTER","D090","gm","AMUL BUTTER_gm_reciepe","1","gm:1:gm","1",,,"False"
"D090","AMUL BUTTER","AMUL BUTTER","D090","ml","AMUL BUTTER_ml_reciepe","1","ml:1:ml",,"1",,"False"
"D090","AMUL BUTTER","AMUL BUTTER","D090","piece","AMUL BUTTER_piece_in","1","portion:1:piece",,,"1","False"
"D090","AMUL BUTTER","AMUL BUTTER","D090","piece","AMUL BUTTER_piece_out","1","portion:1:piece",,,"1","False"
"D090","AMUL BUTTER","AMUL BUTTER","D090","piece","AMUL BUTTER_piece_reciepe","1","piece:1:piece",,,"1","False"
"D090","AMUL BUTTER","AMUL BUTTER","D090","portion","AMUL BUTTER_portion_reciepe","1","portion:1:portion",,,"1","False"
"D091","STEAM RICE","STEAM RICE","D091","portion","STEAM RICE_1_portion","1",,,,"1","False"
"D091","STEAM RICE","STEAM RICE","D091","gm","STEAM RICE_gm_reciepe","1","gm:1:gm","1",,,"False"
"D091","STEAM RICE","STEAM RICE","D091","ml","STEAM RICE_ml_reciepe","1","ml:1:ml",,"1",,"False"
"D091","STEAM RICE","STEAM RICE","D091","piece","STEAM RICE_piece_in","1","portion:1:piece",,,"1","False"
"D091","STEAM RICE","STEAM RICE","D091","piece","STEAM RICE_piece_out","1","portion:1:piece",,,"1","False"
"D091","STEAM RICE","STEAM RICE","D091","piece","STEAM RICE_piece_reciepe","1","piece:1:piece",,,"1","False"
"D091","STEAM RICE","STEAM RICE","D091","portion","STEAM RICE_portion_reciepe","1","portion:1:portion",,,"1","False"
"D092","JEERA RICE","JEERA RICE","D092","portion","JEERA RICE_1_portion","1",,,,"1","False"
"D092","JEERA RICE","JEERA RICE","D092","gm","JEERA RICE_gm_reciepe","1","gm:1:gm","1",,,"False"
"D092","JEERA RICE","JEERA RICE","D092","ml","JEERA RICE_ml_reciepe","1","ml:1:ml",,"1",,"False"
"D092","JEERA RICE","JEERA RICE","D092","piece","JEERA RICE_piece_in","1","portion:1:piece",,,"1","False"
"D092","JEERA RICE","JEERA RICE","D092","piece","JEERA RICE_piece_out","1","portion:1:piece",,,"1","False"
"D092","JEERA RICE","JEERA RICE","D092","piece","JEERA RICE_piece_reciepe","1","piece:1:piece",,,"1","False"
"D092","JEERA RICE","JEERA RICE","D092","portion","JEERA RICE_portion_reciepe","1","portion:1:portion",,,"1","False"
"D093","JEERA GARLIC RICE","JEERA GARLIC RICE","D093","portion","JEERA GARLIC RICE_1_portion","1",,,,"1","False"
"D093","JEERA GARLIC RICE","JEERA GARLIC RICE","D093","gm","JEERA GARLIC RICE_gm_reciepe","1","gm:1:gm","1",,,"False"
"D093","JEERA GARLIC RICE","JEERA GARLIC RICE","D093","ml","JEERA GARLIC RICE_ml_reciepe","1","ml:1:ml",,"1",,"False"
"D093","JEERA GARLIC RICE","JEERA GARLIC RICE","D093","piece","JEERA GARLIC RICE_piece_in","1","portion:1:piece",,,"1","False"
"D093","JEERA GARLIC RICE","JEERA GARLIC RICE","D093","piece","JEERA GARLIC RICE_piece_out","1","portion:1:piece",,,"1","False"
"D093","JEERA GARLIC RICE","JEERA GARLIC RICE","D093","piece","JEERA GARLIC RICE_piece_reciepe","1","piece:1:piece",,,"1","False"
"D093","JEERA GARLIC RICE","JEERA GARLIC RICE","D093","portion","JEERA GARLIC RICE_portion_reciepe","1","portion:1:portion",,,"1","False"
"D094","VEG PULAO","VEG PULAO","D094","portion","VEG PULAO_1_portion","1",,,,"1","False"
"D094","VEG PULAO","VEG PULAO","D094","gm","VEG PULAO_gm_reciepe","1","gm:1:gm","1",,,"False"
"D094","VEG PULAO","VEG PULAO","D094","ml","VEG PULAO_ml_reciepe","1","ml:1:ml",,"1",,"False"
"D094","VEG PULAO","VEG PULAO","D094","piece","VEG PULAO_piece_in","1","portion:1:piece",,,"1","False"
"D094","VEG PULAO","VEG PULAO","D094","piece","VEG PULAO_piece_out","1","portion:1:piece",,,"1","False"
"D094","VEG PULAO","VEG PULAO","D094","piece","VEG PULAO_piece_reciepe","1","piece:1:piece",,,"1","False"
"D094","VEG PULAO","VEG PULAO","D094","portion","VEG PULAO_portion_reciepe","1","portion:1:portion",,,"1","False"
"D095","VEG TAWA PULAO","VEG TAWA PULAO","D095","portion","VEG TAWA PULAO_1_portion","1",,,,"1","False"
"D095","VEG TAWA PULAO","VEG TAWA PULAO","D095","gm","VEG TAWA PULAO_gm_reciepe","1","gm:1:gm","1",,,"False"
"D095","VEG TAWA PULAO","VEG TAWA PULAO","D095","ml","VEG TAWA PULAO_ml_reciepe","1","ml:1:ml",,"1",,"False"
"D095","VEG TAWA PULAO","VEG TAWA PULAO","D095","piece","VEG TAWA PULAO_piece_in","1","portion:1:piece",,,"1","False"
"D095","VEG TAWA PULAO","VEG TAWA PULAO","D095","piece","VEG TAWA PULAO_piece_out","1","portion:1:piece",,,"1","False"
"D095","VEG TAWA PULAO","VEG TAWA PULAO","D095","piece","VEG TAWA PULAO_piece_reciepe","1","piece:1:piece",,,"1","False"
"D095","VEG TAWA PULAO","VEG TAWA PULAO","D095","portion","VEG TAWA PULAO_portion_reciepe","1","portion:1:portion",,,"1","False"
"D096","MASALA DAL KHICHDI","MASALA DAL KHICHDI","D096","portion","MASALA DAL KHICHDI_1_portion","1",,,,"1","False"
"D096","MASALA DAL KHICHDI","MASALA DAL KHICHDI","D096","gm","MASALA DAL KHICHDI_gm_reciepe","1","gm:1:gm","1",,,"False"
"D096","MASALA DAL KHICHDI","MASALA DAL KHICHDI","D096","ml","MASALA DAL KHICHDI_ml_reciepe","1","ml:1:ml",,"1",,"False"
"D096","MASALA DAL KHICHDI","MASALA DAL KHICHDI","D096","piece","MASALA DAL KHICHDI_piece_in","1","portion:1:piece",,,"1","False"
"D096","MASALA DAL KHICHDI","MASALA DAL KHICHDI","D096","piece","MASALA DAL KHICHDI_piece_out","1","portion:1:piece",,,"1","False"
"D096","MASALA DAL KHICHDI","MASALA DAL KHICHDI","D096","piece","MASALA DAL KHICHDI_piece_reciepe","1","piece:1:piece",,,"1","False"
"D096","MASALA DAL KHICHDI","MASALA DAL KHICHDI","D096","portion","MASALA DAL KHICHDI_portion_reciepe","1","portion:1:portion",,,"1","False"
"D097","VEG BIRYANI","VEG BIRYANI","D097","portion","VEG BIRYANI_1_portion","1",,,,"1","False"
"D097","VEG BIRYANI","VEG BIRYANI","D097","gm","VEG BIRYANI_gm_reciepe","1","gm:1:gm","1",,,"False"
"D097","VEG BIRYANI","VEG BIRYANI","D097","ml","VEG BIRYANI_ml_reciepe","1","ml:1:ml",,"1",,"False"
"D097","VEG BIRYANI","VEG BIRYANI","D097","piece","VEG BIRYANI_piece_in","1","portion:1:piece",,,"1","False"
"D097","VEG BIRYANI","VEG BIRYANI","D097","piece","VEG BIRYANI_piece_out","1","portion:1:piece",,,"1","False"
"D097","VEG BIRYANI","VEG BIRYANI","D097","piece","VEG BIRYANI_piece_reciepe","1","piece:1:piece",,,"1","False"
"D097","VEG BIRYANI","VEG BIRYANI","D097","portion","VEG BIRYANI_portion_reciepe","1","portion:1:portion",,,"1","False"
"D098","VEG DUM BIRYANI","VEG DUM BIRYANI","D098","portion","VEG DUM BIRYANI_1_portion","1",,,,"1","False"
"D098","VEG DUM BIRYANI","VEG DUM BIRYANI","D098","gm","VEG DUM BIRYANI_gm_reciepe","1","gm:1:gm","1",,,"False"
"D098","VEG DUM BIRYANI","VEG DUM BIRYANI","D098","ml","VEG DUM BIRYANI_ml_reciepe","1","ml:1:ml",,"1",,"False"
"D098","VEG DUM BIRYANI","VEG DUM BIRYANI","D098","piece","VEG DUM BIRYANI_piece_in","1","portion:1:piece",,,"1","False"
"D098","VEG DUM BIRYANI","VEG DUM BIRYANI","D098","piece","VEG DUM BIRYANI_piece_out","1","portion:1:piece",,,"1","False"
"D098","VEG DUM BIRYANI","VEG DUM BIRYANI","D098","piece","VEG DUM BIRYANI_piece_reciepe","1","piece:1:piece",,,"1","False"
"D098","VEG DUM BIRYANI","VEG DUM BIRYANI","D098","portion","VEG DUM BIRYANI_portion_reciepe","1","portion:1:portion",,,"1","False"
"D099","HYDERABADI BIRYANI","HYDERABADI BIRYANI","D099","portion","HYDERABADI BIRYANI_1_portion","1",,,,"1","False"
"D099","HYDERABADI BIRYANI","HYDERABADI BIRYANI","D099","gm","HYDERABADI BIRYANI_gm_reciepe","1","gm:1:gm","1",,,"False"
"D099","HYDERABADI BIRYANI","HYDERABADI BIRYANI","D099","ml","HYDERABADI BIRYANI_ml_reciepe","1","ml:1:ml",,"1",,"False"
"D099","HYDERABADI BIRYANI","HYDERABADI BIRYANI","D099","piece","HYDERABADI BIRYANI_piece_in","1","portion:1:piece",,,"1","False"
"D099","HYDERABADI BIRYANI","HYDERABADI BIRYANI","D099","piece","HYDERABADI BIRYANI_piece_out","1","portion:1:piece",,,"1","False"
"D099","HYDERABADI BIRYANI","HYDERABADI BIRYANI","D099","piece","HYDERABADI BIRYANI_piece_reciepe","1","piece:1:piece",,,"1","False"
"D099","HYDERABADI BIRYANI","HYDERABADI BIRYANI","D099","portion","HYDERABADI BIRYANI_portion_reciepe","1","portion:1:portion",,,"1","False"
"D100","KASHMIRI PULAO","KASHMIRI PULAO","D100","portion","KASHMIRI PULAO_1_portion","1",,,,"1","False"
"D100","KASHMIRI PULAO","KASHMIRI PULAO","D100","gm","KASHMIRI PULAO_gm_reciepe","1","gm:1:gm","1",,,"False"
"D100","KASHMIRI PULAO","KASHMIRI PULAO","D100","ml","KASHMIRI PULAO_ml_reciepe","1","ml:1:ml",,"1",,"False"
"D100","KASHMIRI PULAO","KASHMIRI PULAO","D100","piece","KASHMIRI PULAO_piece_in","1","portion:1:piece",,,"1","False"
"D100","KASHMIRI PULAO","KASHMIRI PULAO","D100","piece","KASHMIRI PULAO_piece_out","1","portion:1:piece",,,"1","False"
"D100","KASHMIRI PULAO","KASHMIRI PULAO","D100","piece","KASHMIRI PULAO_piece_reciepe","1","piece:1:piece",,,"1","False"
"D100","KASHMIRI PULAO","KASHMIRI PULAO","D100","portion","KASHMIRI PULAO_portion_reciepe","1","portion:1:portion",,,"1","False"
"D101","Classic Choco Brownie","Classic Choco Brownie","D101","portion","Classic Choco Brownie_1_portion","1",,,,"1","False"
"D101","Classic Choco Brownie","Classic Choco Brownie","D101","gm","Classic Choco Brownie_gm_reciepe","1","gm:1:gm","1",,,"False"
"D101","Classic Choco Brownie","Classic Choco Brownie","D101","ml","Classic Choco Brownie_ml_reciepe","1","ml:1:ml",,"1",,"False"
"D101","Classic Choco Brownie","Classic Choco Brownie","D101","piece","Classic Choco Brownie_piece_in","1","portion:1:piece",,,"1","False"
"D101","Classic Choco Brownie","Classic Choco Brownie","D101","piece","Classic Choco Brownie_piece_out","1","portion:1:piece",,,"1","False"
"D101","Classic Choco Brownie","Classic Choco Brownie","D101","piece","Classic Choco Brownie_piece_reciepe","1","piece:1:piece",,,"1","False"
"D101","Classic Choco Brownie","Classic Choco Brownie","D101","portion","Classic Choco Brownie_portion_reciepe","1","portion:1:portion",,,"1","False"
"D102","HOT BROWNIE + ICECREAM","HOT BROWNIE + ICECREAM","D102","portion","HOT BROWNIE + ICECREAM_1_portion","1",,,,"1","False"
"D102","HOT BROWNIE + ICECREAM","HOT BROWNIE + ICECREAM","D102","gm","HOT BROWNIE + ICECREAM_gm_reciepe","1","gm:1:gm","1",,,"False"
"D102","HOT BROWNIE + ICECREAM","HOT BROWNIE + ICECREAM","D102","ml","HOT BROWNIE + ICECREAM_ml_reciepe","1","ml:1:ml",,"1",,"False"
"D102","HOT BROWNIE + ICECREAM","HOT BROWNIE + ICECREAM","D102","piece","HOT BROWNIE + ICECREAM_piece_in","1","portion:1:piece",,,"1","False"
"D102","HOT BROWNIE + ICECREAM","HOT BROWNIE + ICECREAM","D102","piece","HOT BROWNIE + ICECREAM_piece_out","1","portion:1:piece",,,"1","False"
"D102","HOT BROWNIE + ICECREAM","HOT BROWNIE + ICECREAM","D102","piece","HOT BROWNIE + ICECREAM_piece_reciepe","1","piece:1:piece",,,"1","False"
"D102","HOT BROWNIE + ICECREAM","HOT BROWNIE + ICECREAM","D102","portion","HOT BROWNIE + ICECREAM_portion_reciepe","1","portion:1:portion",,,"1","False"
"D103","GULAB JAMUN","GULAB JAMUN","D103","portion","GULAB JAMUN_1_portion","1",,,,"1","False"
"D103","GULAB JAMUN","GULAB JAMUN","D103","gm","GULAB JAMUN_gm_reciepe","1","gm:1:gm","1",,,"False"
"D103","GULAB JAMUN","GULAB JAMUN","D103","ml","GULAB JAMUN_ml_reciepe","1","ml:1:ml",,"1",,"False"
"D103","GULAB JAMUN","GULAB JAMUN","D103","piece","GULAB JAMUN_piece_in","1","portion:1:piece",,,"1","False"
"D103","GULAB JAMUN","GULAB JAMUN","D103","piece","GULAB JAMUN_piece_out","1","portion:1:piece",,,"1","False"
"D103","GULAB JAMUN","GULAB JAMUN","D103","piece","GULAB JAMUN_piece_reciepe","1","piece:1:piece",,,"1","False"
"D103","GULAB JAMUN","GULAB JAMUN","D103","portion","GULAB JAMUN_portion_reciepe","1","portion:1:portion",,,"1","False"
"D104","ICE CREAM Scoop","ICE CREAM Scoop","D104","portion","ICE CREAM Scoop_1_portion","1",,,,"1","False"
"D104","ICE CREAM Scoop","ICE CREAM Scoop","D104","gm","ICE CREAM Scoop_gm_reciepe","1","gm:1:gm","1",,,"False"
"D104","ICE CREAM Scoop","ICE CREAM Scoop","D104","ml","ICE CREAM Scoop_ml_reciepe","1","ml:1:ml",,"1",,"False"
"D104","ICE CREAM Scoop","ICE CREAM Scoop","D104","piece","ICE CREAM Scoop_piece_in","1","portion:1:piece",,,"1","False"
"D104","ICE CREAM Scoop","ICE CREAM Scoop","D104","piece","ICE CREAM Scoop_piece_out","1","portion:1:piece",,,"1","False"
"D104","ICE CREAM Scoop","ICE CREAM Scoop","D104","piece","ICE CREAM Scoop_piece_reciepe","1","piece:1:piece",,,"1","False"
"D104","ICE CREAM Scoop","ICE CREAM Scoop","D104","portion","ICE CREAM Scoop_portion_reciepe","1","portion:1:portion",,,"1","False"
"D105","GULAB JAMUN + ICE CREAM","GULAB JAMUN + ICE CREAM","D105","portion","GULAB JAMUN + ICE CREAM_1_portion","1",,,,"1","False"
"D105","GULAB JAMUN + ICE CREAM","GULAB JAMUN + ICE CREAM","D105","gm","GULAB JAMUN + ICE CREAM_gm_reciepe","1","gm:1:gm","1",,,"False"
"D105","GULAB JAMUN + ICE CREAM","GULAB JAMUN + ICE CREAM","D105","ml","GULAB JAMUN + ICE CREAM_ml_reciepe","1","ml:1:ml",,"1",,"False"
"D105","GULAB JAMUN + ICE CREAM","GULAB JAMUN + ICE CREAM","D105","piece","GULAB JAMUN + ICE CREAM_piece_in","1","portion:1:piece",,,"1","False"
"D105","GULAB JAMUN + ICE CREAM","GULAB JAMUN + ICE CREAM","D105","piece","GULAB JAMUN + ICE CREAM_piece_out","1","portion:1:piece",,,"1","False"
"D105","GULAB JAMUN + ICE CREAM","GULAB JAMUN + ICE CREAM","D105","piece","GULAB JAMUN + ICE CREAM_piece_reciepe","1","piece:1:piece",,,"1","False"
"D105","GULAB JAMUN + ICE CREAM","GULAB JAMUN + ICE CREAM","D105","portion","GULAB JAMUN + ICE CREAM_portion_reciepe","1","portion:1:portion",,,"1","False"
"D106","SIZZLING BROWNIE","SIZZLING BROWNIE","D106","portion","SIZZLING BROWNIE_1_portion","1",,,,"1","False"
"D106","SIZZLING BROWNIE","SIZZLING BROWNIE","D106","gm","SIZZLING BROWNIE_gm_reciepe","1","gm:1:gm","1",,,"False"
"D106","SIZZLING BROWNIE","SIZZLING BROWNIE","D106","ml","SIZZLING BROWNIE_ml_reciepe","1","ml:1:ml",,"1",,"False"
"D106","SIZZLING BROWNIE","SIZZLING BROWNIE","D106","piece","SIZZLING BROWNIE_piece_in","1","portion:1:piece",,,"1","False"
"D106","SIZZLING BROWNIE","SIZZLING BROWNIE","D106","piece","SIZZLING BROWNIE_piece_out","1","portion:1:piece",,,"1","False"
"D106","SIZZLING BROWNIE","SIZZLING BROWNIE","D106","piece","SIZZLING BROWNIE_piece_reciepe","1","piece:1:piece",,,"1","False"
"D106","SIZZLING BROWNIE","SIZZLING BROWNIE","D106","portion","SIZZLING BROWNIE_portion_reciepe","1","portion:1:portion",,,"1","False"
"D107","DELUXE THALI / Fast Track DeluxE Mini Meal","DELUXE THALI / Fast Track DeluxE Mini Meal","D107","portion","DELUXE THALI / Fast Track DeluxE Mini Meal_1_portion","1",,,,"1","False"
"D107","DELUXE THALI / Fast Track DeluxE Mini Meal","DELUXE THALI / Fast Track DeluxE Mini Meal","D107","gm","DELUXE THALI / Fast Track DeluxE Mini Meal_gm_reciepe","1","gm:1:gm","1",,,"False"
"D107","DELUXE THALI / Fast Track DeluxE Mini Meal","DELUXE THALI / Fast Track DeluxE Mini Meal","D107","ml","DELUXE THALI / Fast Track DeluxE Mini Meal_ml_reciepe","1","ml:1:ml",,"1",,"False"
"D107","DELUXE THALI / Fast Track DeluxE Mini Meal","DELUXE THALI / Fast Track DeluxE Mini Meal","D107","piece","DELUXE THALI / Fast Track DeluxE Mini Meal_piece_in","1","portion:1:piece",,,"1","False"
"D107","DELUXE THALI / Fast Track DeluxE Mini Meal","DELUXE THALI / Fast Track DeluxE Mini Meal","D107","piece","DELUXE THALI / Fast Track DeluxE Mini Meal_piece_out","1","portion:1:piece",,,"1","False"
"D107","DELUXE THALI / Fast Track DeluxE Mini Meal","DELUXE THALI / Fast Track DeluxE Mini Meal","D107","piece","DELUXE THALI / Fast Track DeluxE Mini Meal_piece_reciepe","1","piece:1:piece",,,"1","False"
"D107","DELUXE THALI / Fast Track DeluxE Mini Meal","DELUXE THALI / Fast Track DeluxE Mini Meal","D107","portion","DELUXE THALI / Fast Track DeluxE Mini Meal_portion_reciepe","1","portion:1:portion",,,"1","False"
"D108","VEG THALI / Fast Track Mini Meal","VEG THALI / Fast Track Mini Meal","D108","portion","VEG THALI / Fast Track Mini Meal_1_portion","1",,,,"1","False"
"D108","VEG THALI / Fast Track Mini Meal","VEG THALI / Fast Track Mini Meal","D108","gm","VEG THALI / Fast Track Mini Meal_gm_reciepe","1","gm:1:gm","1",,,"False"
"D108","VEG THALI / Fast Track Mini Meal","VEG THALI / Fast Track Mini Meal","D108","ml","VEG THALI / Fast Track Mini Meal_ml_reciepe","1","ml:1:ml",,"1",,"False"
"D108","VEG THALI / Fast Track Mini Meal","VEG THALI / Fast Track Mini Meal","D108","piece","VEG THALI / Fast Track Mini Meal_piece_in","1","portion:1:piece",,,"1","False"
"D108","VEG THALI / Fast Track Mini Meal","VEG THALI / Fast Track Mini Meal","D108","piece","VEG THALI / Fast Track Mini Meal_piece_out","1","portion:1:piece",,,"1","False"
"D108","VEG THALI / Fast Track Mini Meal","VEG THALI / Fast Track Mini Meal","D108","piece","VEG THALI / Fast Track Mini Meal_piece_reciepe","1","piece:1:piece",,,"1","False"
"D108","VEG THALI / Fast Track Mini Meal","VEG THALI / Fast Track Mini Meal","D108","portion","VEG THALI / Fast Track Mini Meal_portion_reciepe","1","portion:1:portion",,,"1","False"
"D109","SKYWALK SPECIAL THALI","SKYWALK SPECIAL THALI","D109","portion","SKYWALK SPECIAL THALI_1_portion","1",,,,"1","False"
"D109","SKYWALK SPECIAL THALI","SKYWALK SPECIAL THALI","D109","gm","SKYWALK SPECIAL THALI_gm_reciepe","1","gm:1:gm","1",,,"False"
"D109","SKYWALK SPECIAL THALI","SKYWALK SPECIAL THALI","D109","ml","SKYWALK SPECIAL THALI_ml_reciepe","1","ml:1:ml",,"1",,"False"
"D109","SKYWALK SPECIAL THALI","SKYWALK SPECIAL THALI","D109","piece","SKYWALK SPECIAL THALI_piece_in","1","portion:1:piece",,,"1","False"
"D109","SKYWALK SPECIAL THALI","SKYWALK SPECIAL THALI","D109","piece","SKYWALK SPECIAL THALI_piece_out","1","portion:1:piece",,,"1","False"
"D109","SKYWALK SPECIAL THALI","SKYWALK SPECIAL THALI","D109","piece","SKYWALK SPECIAL THALI_piece_reciepe","1","piece:1:piece",,,"1","False"
"D109","SKYWALK SPECIAL THALI","SKYWALK SPECIAL THALI","D109","portion","SKYWALK SPECIAL THALI_portion_reciepe","1","portion:1:portion",,,"1","False"
"D110","Family Celebration Combo                ₹899","Family Celebration Combo                ₹899","D110","portion","Family Celebration Combo                ₹899_1_portion","1",,,,"1","False"
"D110","Family Celebration Combo                ₹899","Family Celebration Combo                ₹899","D110","gm","Family Celebration Combo                ₹899_gm_reciepe","1","gm:1:gm","1",,,"False"
"D110","Family Celebration Combo                ₹899","Family Celebration Combo                ₹899","D110","ml","Family Celebration Combo                ₹899_ml_reciepe","1","ml:1:ml",,"1",,"False"
"D110","Family Celebration Combo                ₹899","Family Celebration Combo                ₹899","D110","piece","Family Celebration Combo                ₹899_piece_in","1","portion:1:piece",,,"1","False"
"D110","Family Celebration Combo                ₹899","Family Celebration Combo                ₹899","D110","piece","Family Celebration Combo                ₹899_piece_out","1","portion:1:piece",,,"1","False"
"D110","Family Celebration Combo                ₹899","Family Celebration Combo                ₹899","D110","piece","Family Celebration Combo                ₹899_piece_reciepe","1","piece:1:piece",,,"1","False"
"D110","Family Celebration Combo                ₹899","Family Celebration Combo                ₹899","D110","portion","Family Celebration Combo                ₹899_portion_reciepe","1","portion:1:portion",,,"1","False"
"D111","FAMILY COMBO                         ₹799","FAMILY COMBO                         ₹799","D111","portion","FAMILY COMBO                         ₹799_1_portion","1",,,,"1","False"
"D111","FAMILY COMBO                         ₹799","FAMILY COMBO                         ₹799","D111","gm","FAMILY COMBO                         ₹799_gm_reciepe","1","gm:1:gm","1",,,"False"
"D111","FAMILY COMBO                         ₹799","FAMILY COMBO                         ₹799","D111","ml","FAMILY COMBO                         ₹799_ml_reciepe","1","ml:1:ml",,"1",,"False"
"D111","FAMILY COMBO                         ₹799","FAMILY COMBO                         ₹799","D111","piece","FAMILY COMBO                         ₹799_piece_in","1","portion:1:piece",,,"1","False"
"D111","FAMILY COMBO                         ₹799","FAMILY COMBO                         ₹799","D111","piece","FAMILY COMBO                         ₹799_piece_out","1","portion:1:piece",,,"1","False"
"D111","FAMILY COMBO                         ₹799","FAMILY COMBO                         ₹799","D111","piece","FAMILY COMBO                         ₹799_piece_reciepe","1","piece:1:piece",,,"1","False"
"D111","FAMILY COMBO                         ₹799","FAMILY COMBO                         ₹799","D111","portion","FAMILY COMBO                         ₹799_portion_reciepe","1","portion:1:portion",,,"1","False"
"D112","Peri Peri Fries","Peri Peri Fries","D112","portion","Peri Peri Fries_1_portion","1",,,,"1","False"
"D112","Peri Peri Fries","Peri Peri Fries","D112","gm","Peri Peri Fries_gm_reciepe","1","gm:1:gm","1",,,"False"
"D112","Peri Peri Fries","Peri Peri Fries","D112","ml","Peri Peri Fries_ml_reciepe","1","ml:1:ml",,"1",,"False"
"D112","Peri Peri Fries","Peri Peri Fries","D112","piece","Peri Peri Fries_piece_in","1","portion:1:piece",,,"1","False"
"D112","Peri Peri Fries","Peri Peri Fries","D112","piece","Peri Peri Fries_piece_out","1","portion:1:piece",,,"1","False"
"D112","Peri Peri Fries","Peri Peri Fries","D112","piece","Peri Peri Fries_piece_reciepe","1","piece:1:piece",,,"1","False"
"D112","Peri Peri Fries","Peri Peri Fries","D112","portion","Peri Peri Fries_portion_reciepe","1","portion:1:portion",,,"1","False"
"D113","Cheese Fries","Cheese Fries","D113","portion","Cheese Fries_1_portion","1",,,,"1","False"
"D113","Cheese Fries","Cheese Fries","D113","gm","Cheese Fries_gm_reciepe","1","gm:1:gm","1",,,"False"
"D113","Cheese Fries","Cheese Fries","D113","ml","Cheese Fries_ml_reciepe","1","ml:1:ml",,"1",,"False"
"D113","Cheese Fries","Cheese Fries","D113","piece","Cheese Fries_piece_in","1","portion:1:piece",,,"1","False"
"D113","Cheese Fries","Cheese Fries","D113","piece","Cheese Fries_piece_out","1","portion:1:piece",,,"1","False"
"D113","Cheese Fries","Cheese Fries","D113","piece","Cheese Fries_piece_reciepe","1","piece:1:piece",,,"1","False"
"D113","Cheese Fries","Cheese Fries","D113","portion","Cheese Fries_portion_reciepe","1","portion:1:portion",,,"1","False"
"D114","Salted Fries","Salted Fries","D114","portion","Salted Fries_1_portion","1",,,,"1","False"
"D114","Salted Fries","Salted Fries","D114","gm","Salted Fries_gm_reciepe","1","gm:1:gm","1",,,"False"
"D114","Salted Fries","Salted Fries","D114","ml","Salted Fries_ml_reciepe","1","ml:1:ml",,"1",,"False"
"D114","Salted Fries","Salted Fries","D114","piece","Salted Fries_piece_in","1","portion:1:piece",,,"1","False"
"D114","Salted Fries","Salted Fries","D114","piece","Salted Fries_piece_out","1","portion:1:piece",,,"1","False"
"D114","Salted Fries","Salted Fries","D114","piece","Salted Fries_piece_reciepe","1","piece:1:piece",,,"1","False"
"D114","Salted Fries","Salted Fries","D114","portion","Salted Fries_portion_reciepe","1","portion:1:portion",,,"1","False"
"D115","Classic Nachos","Classic Nachos","D115","portion","Classic Nachos_1_portion","1",,,,"1","False"
"D115","Classic Nachos","Classic Nachos","D115","gm","Classic Nachos_gm_reciepe","1","gm:1:gm","1",,,"False"
"D115","Classic Nachos","Classic Nachos","D115","ml","Classic Nachos_ml_reciepe","1","ml:1:ml",,"1",,"False"
"D115","Classic Nachos","Classic Nachos","D115","piece","Classic Nachos_piece_in","1","portion:1:piece",,,"1","False"
"D115","Classic Nachos","Classic Nachos","D115","piece","Classic Nachos_piece_out","1","portion:1:piece",,,"1","False"
"D115","Classic Nachos","Classic Nachos","D115","piece","Classic Nachos_piece_reciepe","1","piece:1:piece",,,"1","False"
"D115","Classic Nachos","Classic Nachos","D115","portion","Classic Nachos_portion_reciepe","1","portion:1:portion",,,"1","False"
"D116","Mexican Loaded Cheese Nachos","Mexican Loaded Cheese Nachos","D116","portion","Mexican Loaded Cheese Nachos_1_portion","1",,,,"1","False"
"D116","Mexican Loaded Cheese Nachos","Mexican Loaded Cheese Nachos","D116","gm","Mexican Loaded Cheese Nachos_gm_reciepe","1","gm:1:gm","1",,,"False"
"D116","Mexican Loaded Cheese Nachos","Mexican Loaded Cheese Nachos","D116","ml","Mexican Loaded Cheese Nachos_ml_reciepe","1","ml:1:ml",,"1",,"False"
"D116","Mexican Loaded Cheese Nachos","Mexican Loaded Cheese Nachos","D116","piece","Mexican Loaded Cheese Nachos_piece_in","1","portion:1:piece",,,"1","False"
"D116","Mexican Loaded Cheese Nachos","Mexican Loaded Cheese Nachos","D116","piece","Mexican Loaded Cheese Nachos_piece_out","1","portion:1:piece",,,"1","False"
"D116","Mexican Loaded Cheese Nachos","Mexican Loaded Cheese Nachos","D116","piece","Mexican Loaded Cheese Nachos_piece_reciepe","1","piece:1:piece",,,"1","False"
"D116","Mexican Loaded Cheese Nachos","Mexican Loaded Cheese Nachos","D116","portion","Mexican Loaded Cheese Nachos_portion_reciepe","1","portion:1:portion",,,"1","False"
"D117","Black Coffee","Black Coffee","D117","portion","Black Coffee_1_portion","1",,,,"1","False"
"D117","Black Coffee","Black Coffee","D117","gm","Black Coffee_gm_reciepe","1","gm:1:gm","1",,,"False"
"D117","Black Coffee","Black Coffee","D117","ml","Black Coffee_ml_reciepe","1","ml:1:ml",,"1",,"False"
"D117","Black Coffee","Black Coffee","D117","piece","Black Coffee_piece_in","1","portion:1:piece",,,"1","False"
"D117","Black Coffee","Black Coffee","D117","piece","Black Coffee_piece_out","1","portion:1:piece",,,"1","False"
"D117","Black Coffee","Black Coffee","D117","piece","Black Coffee_piece_reciepe","1","piece:1:piece",,,"1","False"
"D117","Black Coffee","Black Coffee","D117","portion","Black Coffee_portion_reciepe","1","portion:1:portion",,,"1","False"
"D118","Classic Hot Coffee","Classic Hot Coffee","D118","portion","Classic Hot Coffee_1_portion","1",,,,"1","False"
"D118","Classic Hot Coffee","Classic Hot Coffee","D118","gm","Classic Hot Coffee_gm_reciepe","1","gm:1:gm","1",,,"False"
"D118","Classic Hot Coffee","Classic Hot Coffee","D118","ml","Classic Hot Coffee_ml_reciepe","1","ml:1:ml",,"1",,"False"
"D118","Classic Hot Coffee","Classic Hot Coffee","D118","piece","Classic Hot Coffee_piece_in","1","portion:1:piece",,,"1","False"
"D118","Classic Hot Coffee","Classic Hot Coffee","D118","piece","Classic Hot Coffee_piece_out","1","portion:1:piece",,,"1","False"
"D118","Classic Hot Coffee","Classic Hot Coffee","D118","piece","Classic Hot Coffee_piece_reciepe","1","piece:1:piece",,,"1","False"
"D118","Classic Hot Coffee","Classic Hot Coffee","D118","portion","Classic Hot Coffee_portion_reciepe","1","portion:1:portion",,,"1","False"
"D119","Cappuccino","Cappuccino","D119","portion","Cappuccino_1_portion","1",,,,"1","False"
"D119","Cappuccino","Cappuccino","D119","gm","Cappuccino_gm_reciepe","1","gm:1:gm","1",,,"False"
"D119","Cappuccino","Cappuccino","D119","ml","Cappuccino_ml_reciepe","1","ml:1:ml",,"1",,"False"
"D119","Cappuccino","Cappuccino","D119","piece","Cappuccino_piece_in","1","portion:1:piece",,,"1","False"
"D119","Cappuccino","Cappuccino","D119","piece","Cappuccino_piece_out","1","portion:1:piece",,,"1","False"
"D119","Cappuccino","Cappuccino","D119","piece","Cappuccino_piece_reciepe","1","piece:1:piece",,,"1","False"
"D119","Cappuccino","Cappuccino","D119","portion","Cappuccino_portion_reciepe","1","portion:1:portion",,,"1","False"
"D120","Tea","Tea","D120","portion","Tea_1_portion","1",,,,"1","False"
"D120","Tea","Tea","D120","gm","Tea_gm_reciepe","1","gm:1:gm","1",,,"False"
"D120","Tea","Tea","D120","ml","Tea_ml_reciepe","1","ml:1:ml",,"1",,"False"
"D120","Tea","Tea","D120","piece","Tea_piece_in","1","portion:1:piece",,,"1","False"
"D120","Tea","Tea","D120","piece","Tea_piece_out","1","portion:1:piece",,,"1","False"
"D120","Tea","Tea","D120","piece","Tea_piece_reciepe","1","piece:1:piece",,,"1","False"
"D120","Tea","Tea","D120","portion","Tea_portion_reciepe","1","portion:1:portion",,,"1","False"
"D121","PEACH ICED TEA","PEACH ICED TEA","D121","portion","PEACH ICED TEA_1_portion","1",,,,"1","False"
"D121","PEACH ICED TEA","PEACH ICED TEA","D121","gm","PEACH ICED TEA_gm_reciepe","1","gm:1:gm","1",,,"False"
"D121","PEACH ICED TEA","PEACH ICED TEA","D121","ml","PEACH ICED TEA_ml_reciepe","1","ml:1:ml",,"1",,"False"
"D121","PEACH ICED TEA","PEACH ICED TEA","D121","piece","PEACH ICED TEA_piece_in","1","portion:1:piece",,,"1","False"
"D121","PEACH ICED TEA","PEACH ICED TEA","D121","piece","PEACH ICED TEA_piece_out","1","portion:1:piece",,,"1","False"
"D121","PEACH ICED TEA","PEACH ICED TEA","D121","piece","PEACH ICED TEA_piece_reciepe","1","piece:1:piece",,,"1","False"
"D121","PEACH ICED TEA","PEACH ICED TEA","D121","portion","PEACH ICED TEA_portion_reciepe","1","portion:1:portion",,,"1","False"
"D122","Coke Float","Coke Float","D122","portion","Coke Float_1_portion","1",,,,"1","False"
"D122","Coke Float","Coke Float","D122","gm","Coke Float_gm_reciepe","1","gm:1:gm","1",,,"False"
"D122","Coke Float","Coke Float","D122","ml","Coke Float_ml_reciepe","1","ml:1:ml",,"1",,"False"
"D122","Coke Float","Coke Float","D122","piece","Coke Float_piece_in","1","portion:1:piece",,,"1","False"
"D122","Coke Float","Coke Float","D122","piece","Coke Float_piece_out","1","portion:1:piece",,,"1","False"
"D122","Coke Float","Coke Float","D122","piece","Coke Float_piece_reciepe","1","piece:1:piece",,,"1","False"
"D122","Coke Float","Coke Float","D122","portion","Coke Float_portion_reciepe","1","portion:1:portion",,,"1","False"
"D123","Virgin Mojito","Virgin Mojito","D123","portion","Virgin Mojito_1_portion","1",,,,"1","False"
"D123","Virgin Mojito","Virgin Mojito","D123","gm","Virgin Mojito_gm_reciepe","1","gm:1:gm","1",,,"False"
"D123","Virgin Mojito","Virgin Mojito","D123","ml","Virgin Mojito_ml_reciepe","1","ml:1:ml",,"1",,"False"
"D123","Virgin Mojito","Virgin Mojito","D123","piece","Virgin Mojito_piece_in","1","portion:1:piece",,,"1","False"
"D123","Virgin Mojito","Virgin Mojito","D123","piece","Virgin Mojito_piece_out","1","portion:1:piece",,,"1","False"
"D123","Virgin Mojito","Virgin Mojito","D123","piece","Virgin Mojito_piece_reciepe","1","piece:1:piece",,,"1","False"
"D123","Virgin Mojito","Virgin Mojito","D123","portion","Virgin Mojito_portion_reciepe","1","portion:1:portion",,,"1","False"
"D124","Blue Ocean Mojito","Blue Ocean Mojito","D124","portion","Blue Ocean Mojito_1_portion","1",,,,"1","False"
"D124","Blue Ocean Mojito","Blue Ocean Mojito","D124","gm","Blue Ocean Mojito_gm_reciepe","1","gm:1:gm","1",,,"False"
"D124","Blue Ocean Mojito","Blue Ocean Mojito","D124","ml","Blue Ocean Mojito_ml_reciepe","1","ml:1:ml",,"1",,"False"
"D124","Blue Ocean Mojito","Blue Ocean Mojito","D124","piece","Blue Ocean Mojito_piece_in","1","portion:1:piece",,,"1","False"
"D124","Blue Ocean Mojito","Blue Ocean Mojito","D124","piece","Blue Ocean Mojito_piece_out","1","portion:1:piece",,,"1","False"
"D124","Blue Ocean Mojito","Blue Ocean Mojito","D124","piece","Blue Ocean Mojito_piece_reciepe","1","piece:1:piece",,,"1","False"
"D124","Blue Ocean Mojito","Blue Ocean Mojito","D124","portion","Blue Ocean Mojito_portion_reciepe","1","portion:1:portion",,,"1","False"
"D125","Coke/SPRITE/THUMBSUP","Coke/SPRITE/THUMBSUP","D125","portion","Coke/SPRITE/THUMBSUP_1_portion","1",,,,"1","False"
"D125","Coke/SPRITE/THUMBSUP","Coke/SPRITE/THUMBSUP","D125","gm","Coke/SPRITE/THUMBSUP_gm_reciepe","1","gm:1:gm","1",,,"False"
"D125","Coke/SPRITE/THUMBSUP","Coke/SPRITE/THUMBSUP","D125","ml","Coke/SPRITE/THUMBSUP_ml_reciepe","1","ml:1:ml",,"1",,"False"
"D125","Coke/SPRITE/THUMBSUP","Coke/SPRITE/THUMBSUP","D125","piece","Coke/SPRITE/THUMBSUP_piece_in","1","portion:1:piece",,,"1","False"
"D125","Coke/SPRITE/THUMBSUP","Coke/SPRITE/THUMBSUP","D125","piece","Coke/SPRITE/THUMBSUP_piece_out","1","portion:1:piece",,,"1","False"
"D125","Coke/SPRITE/THUMBSUP","Coke/SPRITE/THUMBSUP","D125","piece","Coke/SPRITE/THUMBSUP_piece_reciepe","1","piece:1:piece",,,"1","False"
"D125","Coke/SPRITE/THUMBSUP","Coke/SPRITE/THUMBSUP","D125","portion","Coke/SPRITE/THUMBSUP_portion_reciepe","1","portion:1:portion",,,"1","False"
"D126","Lemon Soda","Lemon Soda","D126","portion","Lemon Soda_1_portion","1",,,,"1","False"
"D126","Lemon Soda","Lemon Soda","D126","gm","Lemon Soda_gm_reciepe","1","gm:1:gm","1",,,"False"
"D126","Lemon Soda","Lemon Soda","D126","ml","Lemon Soda_ml_reciepe","1","ml:1:ml",,"1",,"False"
"D126","Lemon Soda","Lemon Soda","D126","piece","Lemon Soda_piece_in","1","portion:1:piece",,,"1","False"
"D126","Lemon Soda","Lemon Soda","D126","piece","Lemon Soda_piece_out","1","portion:1:piece",,,"1","False"
"D126","Lemon Soda","Lemon Soda","D126","piece","Lemon Soda_piece_reciepe","1","piece:1:piece",,,"1","False"
"D126","Lemon Soda","Lemon Soda","D126","portion","Lemon Soda_portion_reciepe","1","portion:1:portion",,,"1","False"
"D127","Classic cold Coffee","Classic cold Coffee","D127","portion","Classic cold Coffee_1_portion","1",,,,"1","False"
"D127","Classic cold Coffee","Classic cold Coffee","D127","gm","Classic cold Coffee_gm_reciepe","1","gm:1:gm","1",,,"False"
"D127","Classic cold Coffee","Classic cold Coffee","D127","ml","Classic cold Coffee_ml_reciepe","1","ml:1:ml",,"1",,"False"
"D127","Classic cold Coffee","Classic cold Coffee","D127","piece","Classic cold Coffee_piece_in","1","portion:1:piece",,,"1","False"
"D127","Classic cold Coffee","Classic cold Coffee","D127","piece","Classic cold Coffee_piece_out","1","portion:1:piece",,,"1","False"
"D127","Classic cold Coffee","Classic cold Coffee","D127","piece","Classic cold Coffee_piece_reciepe","1","piece:1:piece",,,"1","False"
"D127","Classic cold Coffee","Classic cold Coffee","D127","portion","Classic cold Coffee_portion_reciepe","1","portion:1:portion",,,"1","False"
"D128","Choco Cold Coffee","Choco Cold Coffee","D128","portion","Choco Cold Coffee_1_portion","1",,,,"1","False"
"D128","Choco Cold Coffee","Choco Cold Coffee","D128","gm","Choco Cold Coffee_gm_reciepe","1","gm:1:gm","1",,,"False"
"D128","Choco Cold Coffee","Choco Cold Coffee","D128","ml","Choco Cold Coffee_ml_reciepe","1","ml:1:ml",,"1",,"False"
"D128","Choco Cold Coffee","Choco Cold Coffee","D128","piece","Choco Cold Coffee_piece_in","1","portion:1:piece",,,"1","False"
"D128","Choco Cold Coffee","Choco Cold Coffee","D128","piece","Choco Cold Coffee_piece_out","1","portion:1:piece",,,"1","False"
"D128","Choco Cold Coffee","Choco Cold Coffee","D128","piece","Choco Cold Coffee_piece_reciepe","1","piece:1:piece",,,"1","False"
"D128","Choco Cold Coffee","Choco Cold Coffee","D128","portion","Choco Cold Coffee_portion_reciepe","1","portion:1:portion",,,"1","False"
"D129","Brownie Cold Coffee","Brownie Cold Coffee","D129","portion","Brownie Cold Coffee_1_portion","1",,,,"1","False"
"D129","Brownie Cold Coffee","Brownie Cold Coffee","D129","gm","Brownie Cold Coffee_gm_reciepe","1","gm:1:gm","1",,,"False"
"D129","Brownie Cold Coffee","Brownie Cold Coffee","D129","ml","Brownie Cold Coffee_ml_reciepe","1","ml:1:ml",,"1",,"False"
"D129","Brownie Cold Coffee","Brownie Cold Coffee","D129","piece","Brownie Cold Coffee_piece_in","1","portion:1:piece",,,"1","False"
"D129","Brownie Cold Coffee","Brownie Cold Coffee","D129","piece","Brownie Cold Coffee_piece_out","1","portion:1:piece",,,"1","False"
"D129","Brownie Cold Coffee","Brownie Cold Coffee","D129","piece","Brownie Cold Coffee_piece_reciepe","1","piece:1:piece",,,"1","False"
"D129","Brownie Cold Coffee","Brownie Cold Coffee","D129","portion","Brownie Cold Coffee_portion_reciepe","1","portion:1:portion",,,"1","False"
"D130","Hazelnut Cold Coffee","Hazelnut Cold Coffee","D130","portion","Hazelnut Cold Coffee_1_portion","1",,,,"1","False"
"D130","Hazelnut Cold Coffee","Hazelnut Cold Coffee","D130","gm","Hazelnut Cold Coffee_gm_reciepe","1","gm:1:gm","1",,,"False"
"D130","Hazelnut Cold Coffee","Hazelnut Cold Coffee","D130","ml","Hazelnut Cold Coffee_ml_reciepe","1","ml:1:ml",,"1",,"False"
"D130","Hazelnut Cold Coffee","Hazelnut Cold Coffee","D130","piece","Hazelnut Cold Coffee_piece_in","1","portion:1:piece",,,"1","False"
"D130","Hazelnut Cold Coffee","Hazelnut Cold Coffee","D130","piece","Hazelnut Cold Coffee_piece_out","1","portion:1:piece",,,"1","False"
"D130","Hazelnut Cold Coffee","Hazelnut Cold Coffee","D130","piece","Hazelnut Cold Coffee_piece_reciepe","1","piece:1:piece",,,"1","False"
"D130","Hazelnut Cold Coffee","Hazelnut Cold Coffee","D130","portion","Hazelnut Cold Coffee_portion_reciepe","1","portion:1:portion",,,"1","False"
"D131","Classic Chocolate Shake","Classic Chocolate Shake","D131","portion","Classic Chocolate Shake_1_portion","1",,,,"1","False"
"D131","Classic Chocolate Shake","Classic Chocolate Shake","D131","gm","Classic Chocolate Shake_gm_reciepe","1","gm:1:gm","1",,,"False"
"D131","Classic Chocolate Shake","Classic Chocolate Shake","D131","ml","Classic Chocolate Shake_ml_reciepe","1","ml:1:ml",,"1",,"False"
"D131","Classic Chocolate Shake","Classic Chocolate Shake","D131","piece","Classic Chocolate Shake_piece_in","1","portion:1:piece",,,"1","False"
"D131","Classic Chocolate Shake","Classic Chocolate Shake","D131","piece","Classic Chocolate Shake_piece_out","1","portion:1:piece",,,"1","False"
"D131","Classic Chocolate Shake","Classic Chocolate Shake","D131","piece","Classic Chocolate Shake_piece_reciepe","1","piece:1:piece",,,"1","False"
"D131","Classic Chocolate Shake","Classic Chocolate Shake","D131","portion","Classic Chocolate Shake_portion_reciepe","1","portion:1:portion",,,"1","False"
"D132","Chocolate Oreo Shake","Chocolate Oreo Shake","D132","portion","Chocolate Oreo Shake_1_portion","1",,,,"1","False"
"D132","Chocolate Oreo Shake","Chocolate Oreo Shake","D132","gm","Chocolate Oreo Shake_gm_reciepe","1","gm:1:gm","1",,,"False"
"D132","Chocolate Oreo Shake","Chocolate Oreo Shake","D132","ml","Chocolate Oreo Shake_ml_reciepe","1","ml:1:ml",,"1",,"False"
"D132","Chocolate Oreo Shake","Chocolate Oreo Shake","D132","piece","Chocolate Oreo Shake_piece_in","1","portion:1:piece",,,"1","False"
"D132","Chocolate Oreo Shake","Chocolate Oreo Shake","D132","piece","Chocolate Oreo Shake_piece_out","1","portion:1:piece",,,"1","False"
"D132","Chocolate Oreo Shake","Chocolate Oreo Shake","D132","piece","Chocolate Oreo Shake_piece_reciepe","1","piece:1:piece",,,"1","False"
"D132","Chocolate Oreo Shake","Chocolate Oreo Shake","D132","portion","Chocolate Oreo Shake_portion_reciepe","1","portion:1:portion",,,"1","False"
"D133","Kit Kat Shake","Kit Kat Shake","D133","portion","Kit Kat Shake_1_portion","1",,,,"1","False"
"D133","Kit Kat Shake","Kit Kat Shake","D133","gm","Kit Kat Shake_gm_reciepe","1","gm:1:gm","1",,,"False"
"D133","Kit Kat Shake","Kit Kat Shake","D133","ml","Kit Kat Shake_ml_reciepe","1","ml:1:ml",,"1",,"False"
"D133","Kit Kat Shake","Kit Kat Shake","D133","piece","Kit Kat Shake_piece_in","1","portion:1:piece",,,"1","False"
"D133","Kit Kat Shake","Kit Kat Shake","D133","piece","Kit Kat Shake_piece_out","1","portion:1:piece",,,"1","False"
"D133","Kit Kat Shake","Kit Kat Shake","D133","piece","Kit Kat Shake_piece_reciepe","1","piece:1:piece",,,"1","False"
"D133","Kit Kat Shake","Kit Kat Shake","D133","portion","Kit Kat Shake_portion_reciepe","1","portion:1:portion",,,"1","False"
"D134","Chocolate Brownie Shake","Chocolate Brownie Shake","D134","portion","Chocolate Brownie Shake_1_portion","1",,,,"1","False"
"D134","Chocolate Brownie Shake","Chocolate Brownie Shake","D134","gm","Chocolate Brownie Shake_gm_reciepe","1","gm:1:gm","1",,,"False"
"D134","Chocolate Brownie Shake","Chocolate Brownie Shake","D134","ml","Chocolate Brownie Shake_ml_reciepe","1","ml:1:ml",,"1",,"False"
"D134","Chocolate Brownie Shake","Chocolate Brownie Shake","D134","piece","Chocolate Brownie Shake_piece_in","1","portion:1:piece",,,"1","False"
"D134","Chocolate Brownie Shake","Chocolate Brownie Shake","D134","piece","Chocolate Brownie Shake_piece_out","1","portion:1:piece",,,"1","False"
"D134","Chocolate Brownie Shake","Chocolate Brownie Shake","D134","piece","Chocolate Brownie Shake_piece_reciepe","1","piece:1:piece",,,"1","False"
"D134","Chocolate Brownie Shake","Chocolate Brownie Shake","D134","portion","Chocolate Brownie Shake_portion_reciepe","1","portion:1:portion",,,"1","False"
"D135","black forest shake","black forest shake","D135","portion","black forest shake_1_portion","1",,,,"1","False"
"D135","black forest shake","black forest shake","D135","gm","black forest shake_gm_reciepe","1","gm:1:gm","1",,,"False"
"D135","black forest shake","black forest shake","D135","ml","black forest shake_ml_reciepe","1","ml:1:ml",,"1",,"False"
"D135","black forest shake","black forest shake","D135","piece","black forest shake_piece_in","1","portion:1:piece",,,"1","False"
"D135","black forest shake","black forest shake","D135","piece","black forest shake_piece_out","1","portion:1:piece",,,"1","False"
"D135","black forest shake","black forest shake","D135","piece","black forest shake_piece_reciepe","1","piece:1:piece",,,"1","False"
"D135","black forest shake","black forest shake","D135","portion","black forest shake_portion_reciepe","1","portion:1:portion",,,"1","False"
"D136","Strawberry Shake","Strawberry Shake","D136","portion","Strawberry Shake_1_portion","1",,,,"1","False"
"D136","Strawberry Shake","Strawberry Shake","D136","gm","Strawberry Shake_gm_reciepe","1","gm:1:gm","1",,,"False"
"D136","Strawberry Shake","Strawberry Shake","D136","ml","Strawberry Shake_ml_reciepe","1","ml:1:ml",,"1",,"False"
"D136","Strawberry Shake","Strawberry Shake","D136","piece","Strawberry Shake_piece_in","1","portion:1:piece",,,"1","False"
"D136","Strawberry Shake","Strawberry Shake","D136","piece","Strawberry Shake_piece_out","1","portion:1:piece",,,"1","False"
"D136","Strawberry Shake","Strawberry Shake","D136","piece","Strawberry Shake_piece_reciepe","1","piece:1:piece",,,"1","False"
"D136","Strawberry Shake","Strawberry Shake","D136","portion","Strawberry Shake_portion_reciepe","1","portion:1:portion",,,"1","False"
"D137","Blueberry Shake","Blueberry Shake","D137","portion","Blueberry Shake_1_portion","1",,,,"1","False"
"D137","Blueberry Shake","Blueberry Shake","D137","gm","Blueberry Shake_gm_reciepe","1","gm:1:gm","1",,,"False"
"D137","Blueberry Shake","Blueberry Shake","D137","ml","Blueberry Shake_ml_reciepe","1","ml:1:ml",,"1",,"False"
"D137","Blueberry Shake","Blueberry Shake","D137","piece","Blueberry Shake_piece_in","1","portion:1:piece",,,"1","False"
"D137","Blueberry Shake","Blueberry Shake","D137","piece","Blueberry Shake_piece_out","1","portion:1:piece",,,"1","False"
"D137","Blueberry Shake","Blueberry Shake","D137","piece","Blueberry Shake_piece_reciepe","1","piece:1:piece",,,"1","False"
"D137","Blueberry Shake","Blueberry Shake","D137","portion","Blueberry Shake_portion_reciepe","1","portion:1:portion",,,"1","False"
"D138","Mango Shake","Mango Shake","D138","portion","Mango Shake_1_portion","1",,,,"1","False"
"D138","Mango Shake","Mango Shake","D138","gm","Mango Shake_gm_reciepe","1","gm:1:gm","1",,,"False"
"D138","Mango Shake","Mango Shake","D138","ml","Mango Shake_ml_reciepe","1","ml:1:ml",,"1",,"False"
"D138","Mango Shake","Mango Shake","D138","piece","Mango Shake_piece_in","1","portion:1:piece",,,"1","False"
"D138","Mango Shake","Mango Shake","D138","piece","Mango Shake_piece_out","1","portion:1:piece",,,"1","False"
"D138","Mango Shake","Mango Shake","D138","piece","Mango Shake_piece_reciepe","1","piece:1:piece",,,"1","False"
"D138","Mango Shake","Mango Shake","D138","portion","Mango Shake_portion_reciepe","1","portion:1:portion",,,"1","False"
"D139","Veg Pizza","Veg Pizza","D139","portion","Veg Pizza_1_portion","1",,,,"1","False"
"D139","Veg Pizza","Veg Pizza","D139","gm","Veg Pizza_gm_reciepe","1","gm:1:gm","1",,,"False"
"D139","Veg Pizza","Veg Pizza","D139","ml","Veg Pizza_ml_reciepe","1","ml:1:ml",,"1",,"False"
"D139","Veg Pizza","Veg Pizza","D139","piece","Veg Pizza_piece_in","1","portion:1:piece",,,"1","False"
"D139","Veg Pizza","Veg Pizza","D139","piece","Veg Pizza_piece_out","1","portion:1:piece",,,"1","False"
"D139","Veg Pizza","Veg Pizza","D139","piece","Veg Pizza_piece_reciepe","1","piece:1:piece",,,"1","False"
"D139","Veg Pizza","Veg Pizza","D139","portion","Veg Pizza_portion_reciepe","1","portion:1:portion",,,"1","False"
"D140","Paneer Makhani Pizza","Paneer Makhani Pizza","D140","portion","Paneer Makhani Pizza_1_portion","1",,,,"1","False"
"D140","Paneer Makhani Pizza","Paneer Makhani Pizza","D140","gm","Paneer Makhani Pizza_gm_reciepe","1","gm:1:gm","1",,,"False"
"D140","Paneer Makhani Pizza","Paneer Makhani Pizza","D140","ml","Paneer Makhani Pizza_ml_reciepe","1","ml:1:ml",,"1",,"False"
"D140","Paneer Makhani Pizza","Paneer Makhani Pizza","D140","piece","Paneer Makhani Pizza_piece_in","1","portion:1:piece",,,"1","False"
"D140","Paneer Makhani Pizza","Paneer Makhani Pizza","D140","piece","Paneer Makhani Pizza_piece_out","1","portion:1:piece",,,"1","False"
"D140","Paneer Makhani Pizza","Paneer Makhani Pizza","D140","piece","Paneer Makhani Pizza_piece_reciepe","1","piece:1:piece",,,"1","False"
"D140","Paneer Makhani Pizza","Paneer Makhani Pizza","D140","portion","Paneer Makhani Pizza_portion_reciepe","1","portion:1:portion",,,"1","False"
"D141","Cheese Corn Pizza","Cheese Corn Pizza","D141","portion","Cheese Corn Pizza_1_portion","1",,,,"1","False"
"D141","Cheese Corn Pizza","Cheese Corn Pizza","D141","gm","Cheese Corn Pizza_gm_reciepe","1","gm:1:gm","1",,,"False"
"D141","Cheese Corn Pizza","Cheese Corn Pizza","D141","ml","Cheese Corn Pizza_ml_reciepe","1","ml:1:ml",,"1",,"False"
"D141","Cheese Corn Pizza","Cheese Corn Pizza","D141","piece","Cheese Corn Pizza_piece_in","1","portion:1:piece",,,"1","False"
"D141","Cheese Corn Pizza","Cheese Corn Pizza","D141","piece","Cheese Corn Pizza_piece_out","1","portion:1:piece",,,"1","False"
"D141","Cheese Corn Pizza","Cheese Corn Pizza","D141","piece","Cheese Corn Pizza_piece_reciepe","1","piece:1:piece",,,"1","False"
"D141","Cheese Corn Pizza","Cheese Corn Pizza","D141","portion","Cheese Corn Pizza_portion_reciepe","1","portion:1:portion",,,"1","False"
"D142","Margherita Pizza","Margherita Pizza","D142","portion","Margherita Pizza_1_portion","1",,,,"1","False"
"D142","Margherita Pizza","Margherita Pizza","D142","gm","Margherita Pizza_gm_reciepe","1","gm:1:gm","1",,,"False"
"D142","Margherita Pizza","Margherita Pizza","D142","ml","Margherita Pizza_ml_reciepe","1","ml:1:ml",,"1",,"False"
"D142","Margherita Pizza","Margherita Pizza","D142","piece","Margherita Pizza_piece_in","1","portion:1:piece",,,"1","False"
"D142","Margherita Pizza","Margherita Pizza","D142","piece","Margherita Pizza_piece_out","1","portion:1:piece",,,"1","False"
"D142","Margherita Pizza","Margherita Pizza","D142","piece","Margherita Pizza_piece_reciepe","1","piece:1:piece",,,"1","False"
"D142","Margherita Pizza","Margherita Pizza","D142","portion","Margherita Pizza_portion_reciepe","1","portion:1:portion",,,"1","False"
"D143","Peri Peri Pizza","Peri Peri Pizza","D143","portion","Peri Peri Pizza_1_portion","1",,,,"1","False"
"D143","Peri Peri Pizza","Peri Peri Pizza","D143","gm","Peri Peri Pizza_gm_reciepe","1","gm:1:gm","1",,,"False"
"D143","Peri Peri Pizza","Peri Peri Pizza","D143","ml","Peri Peri Pizza_ml_reciepe","1","ml:1:ml",,"1",,"False"
"D143","Peri Peri Pizza","Peri Peri Pizza","D143","piece","Peri Peri Pizza_piece_in","1","portion:1:piece",,,"1","False"
"D143","Peri Peri Pizza","Peri Peri Pizza","D143","piece","Peri Peri Pizza_piece_out","1","portion:1:piece",,,"1","False"
"D143","Peri Peri Pizza","Peri Peri Pizza","D143","piece","Peri Peri Pizza_piece_reciepe","1","piece:1:piece",,,"1","False"
"D143","Peri Peri Pizza","Peri Peri Pizza","D143","portion","Peri Peri Pizza_portion_reciepe","1","portion:1:portion",,,"1","False"
"D144","Loaded Pizza","Loaded Pizza","D144","portion","Loaded Pizza_1_portion","1",,,,"1","False"
"D144","Loaded Pizza","Loaded Pizza","D144","gm","Loaded Pizza_gm_reciepe","1","gm:1:gm","1",,,"False"
"D144","Loaded Pizza","Loaded Pizza","D144","ml","Loaded Pizza_ml_reciepe","1","ml:1:ml",,"1",,"False"
"D144","Loaded Pizza","Loaded Pizza","D144","piece","Loaded Pizza_piece_in","1","portion:1:piece",,,"1","False"
"D144","Loaded Pizza","Loaded Pizza","D144","piece","Loaded Pizza_piece_out","1","portion:1:piece",,,"1","False"
"D144","Loaded Pizza","Loaded Pizza","D144","piece","Loaded Pizza_piece_reciepe","1","piece:1:piece",,,"1","False"
"D144","Loaded Pizza","Loaded Pizza","D144","portion","Loaded Pizza_portion_reciepe","1","portion:1:portion",,,"1","False"
"D145","Paneer Schezwan Pizza","Paneer Schezwan Pizza","D145","portion","Paneer Schezwan Pizza_1_portion","1",,,,"1","False"
"D145","Paneer Schezwan Pizza","Paneer Schezwan Pizza","D145","gm","Paneer Schezwan Pizza_gm_reciepe","1","gm:1:gm","1",,,"False"
"D145","Paneer Schezwan Pizza","Paneer Schezwan Pizza","D145","ml","Paneer Schezwan Pizza_ml_reciepe","1","ml:1:ml",,"1",,"False"
"D145","Paneer Schezwan Pizza","Paneer Schezwan Pizza","D145","piece","Paneer Schezwan Pizza_piece_in","1","portion:1:piece",,,"1","False"
"D145","Paneer Schezwan Pizza","Paneer Schezwan Pizza","D145","piece","Paneer Schezwan Pizza_piece_out","1","portion:1:piece",,,"1","False"
"D145","Paneer Schezwan Pizza","Paneer Schezwan Pizza","D145","piece","Paneer Schezwan Pizza_piece_reciepe","1","piece:1:piece",,,"1","False"
"D145","Paneer Schezwan Pizza","Paneer Schezwan Pizza","D145","portion","Paneer Schezwan Pizza_portion_reciepe","1","portion:1:portion",,,"1","False"
"D146","ALOO TIKKI BURGER","ALOO TIKKI BURGER","D146","portion","ALOO TIKKI BURGER_1_portion","1",,,,"1","False"
"D146","ALOO TIKKI BURGER","ALOO TIKKI BURGER","D146","gm","ALOO TIKKI BURGER_gm_reciepe","1","gm:1:gm","1",,,"False"
"D146","ALOO TIKKI BURGER","ALOO TIKKI BURGER","D146","ml","ALOO TIKKI BURGER_ml_reciepe","1","ml:1:ml",,"1",,"False"
"D146","ALOO TIKKI BURGER","ALOO TIKKI BURGER","D146","piece","ALOO TIKKI BURGER_piece_in","1","portion:1:piece",,,"1","False"
"D146","ALOO TIKKI BURGER","ALOO TIKKI BURGER","D146","piece","ALOO TIKKI BURGER_piece_out","1","portion:1:piece",,,"1","False"
"D146","ALOO TIKKI BURGER","ALOO TIKKI BURGER","D146","piece","ALOO TIKKI BURGER_piece_reciepe","1","piece:1:piece",,,"1","False"
"D146","ALOO TIKKI BURGER","ALOO TIKKI BURGER","D146","portion","ALOO TIKKI BURGER_portion_reciepe","1","portion:1:portion",,,"1","False"
"D147","CHEESE  BURGER","CHEESE  BURGER","D147","portion","CHEESE  BURGER_1_portion","1",,,,"1","False"
"D147","CHEESE  BURGER","CHEESE  BURGER","D147","gm","CHEESE  BURGER_gm_reciepe","1","gm:1:gm","1",,,"False"
"D147","CHEESE  BURGER","CHEESE  BURGER","D147","ml","CHEESE  BURGER_ml_reciepe","1","ml:1:ml",,"1",,"False"
"D147","CHEESE  BURGER","CHEESE  BURGER","D147","piece","CHEESE  BURGER_piece_in","1","portion:1:piece",,,"1","False"
"D147","CHEESE  BURGER","CHEESE  BURGER","D147","piece","CHEESE  BURGER_piece_out","1","portion:1:piece",,,"1","False"
"D147","CHEESE  BURGER","CHEESE  BURGER","D147","piece","CHEESE  BURGER_piece_reciepe","1","piece:1:piece",,,"1","False"
"D147","CHEESE  BURGER","CHEESE  BURGER","D147","portion","CHEESE  BURGER_portion_reciepe","1","portion:1:portion",,,"1","False"
"D148","PERI PERI BURGER","PERI PERI BURGER","D148","portion","PERI PERI BURGER_1_portion","1",,,,"1","False"
"D148","PERI PERI BURGER","PERI PERI BURGER","D148","gm","PERI PERI BURGER_gm_reciepe","1","gm:1:gm","1",,,"False"
"D148","PERI PERI BURGER","PERI PERI BURGER","D148","ml","PERI PERI BURGER_ml_reciepe","1","ml:1:ml",,"1",,"False"
"D148","PERI PERI BURGER","PERI PERI BURGER","D148","piece","PERI PERI BURGER_piece_in","1","portion:1:piece",,,"1","False"
"D148","PERI PERI BURGER","PERI PERI BURGER","D148","piece","PERI PERI BURGER_piece_out","1","portion:1:piece",,,"1","False"
"D148","PERI PERI BURGER","PERI PERI BURGER","D148","piece","PERI PERI BURGER_piece_reciepe","1","piece:1:piece",,,"1","False"
"D148","PERI PERI BURGER","PERI PERI BURGER","D148","portion","PERI PERI BURGER_portion_reciepe","1","portion:1:portion",,,"1","False"
"D149","VEGGIE BURGER","VEGGIE BURGER","D149","portion","VEGGIE BURGER_1_portion","1",,,,"1","False"
"D149","VEGGIE BURGER","VEGGIE BURGER","D149","gm","VEGGIE BURGER_gm_reciepe","1","gm:1:gm","1",,,"False"
"D149","VEGGIE BURGER","VEGGIE BURGER","D149","ml","VEGGIE BURGER_ml_reciepe","1","ml:1:ml",,"1",,"False"
"D149","VEGGIE BURGER","VEGGIE BURGER","D149","piece","VEGGIE BURGER_piece_in","1","portion:1:piece",,,"1","False"
"D149","VEGGIE BURGER","VEGGIE BURGER","D149","piece","VEGGIE BURGER_piece_out","1","portion:1:piece",,,"1","False"
"D149","VEGGIE BURGER","VEGGIE BURGER","D149","piece","VEGGIE BURGER_piece_reciepe","1","piece:1:piece",,,"1","False"
"D149","VEGGIE BURGER","VEGGIE BURGER","D149","portion","VEGGIE BURGER_portion_reciepe","1","portion:1:portion",,,"1","False"
"D150","MAHARAJA BURGER","MAHARAJA BURGER","D150","portion","MAHARAJA BURGER_1_portion","1",,,,"1","False"
"D150","MAHARAJA BURGER","MAHARAJA BURGER","D150","gm","MAHARAJA BURGER_gm_reciepe","1","gm:1:gm","1",,,"False"
"D150","MAHARAJA BURGER","MAHARAJA BURGER","D150","ml","MAHARAJA BURGER_ml_reciepe","1","ml:1:ml",,"1",,"False"
"D150","MAHARAJA BURGER","MAHARAJA BURGER","D150","piece","MAHARAJA BURGER_piece_in","1","portion:1:piece",,,"1","False"
"D150","MAHARAJA BURGER","MAHARAJA BURGER","D150","piece","MAHARAJA BURGER_piece_out","1","portion:1:piece",,,"1","False"
"D150","MAHARAJA BURGER","MAHARAJA BURGER","D150","piece","MAHARAJA BURGER_piece_reciepe","1","piece:1:piece",,,"1","False"
"D150","MAHARAJA BURGER","MAHARAJA BURGER","D150","portion","MAHARAJA BURGER_portion_reciepe","1","portion:1:portion",,,"1","False"
"D151","Makhani Sandwich","Makhani Sandwich","D151","portion","Makhani Sandwich_1_portion","1",,,,"1","False"
"D151","Makhani Sandwich","Makhani Sandwich","D151","gm","Makhani Sandwich_gm_reciepe","1","gm:1:gm","1",,,"False"
"D151","Makhani Sandwich","Makhani Sandwich","D151","ml","Makhani Sandwich_ml_reciepe","1","ml:1:ml",,"1",,"False"
"D151","Makhani Sandwich","Makhani Sandwich","D151","piece","Makhani Sandwich_piece_in","1","portion:1:piece",,,"1","False"
"D151","Makhani Sandwich","Makhani Sandwich","D151","piece","Makhani Sandwich_piece_out","1","portion:1:piece",,,"1","False"
"D151","Makhani Sandwich","Makhani Sandwich","D151","piece","Makhani Sandwich_piece_reciepe","1","piece:1:piece",,,"1","False"
"D151","Makhani Sandwich","Makhani Sandwich","D151","portion","Makhani Sandwich_portion_reciepe","1","portion:1:portion",,,"1","False"
"D152","Vegetable Sandwich","Vegetable Sandwich","D152","portion","Vegetable Sandwich_1_portion","1",,,,"1","False"
"D152","Vegetable Sandwich","Vegetable Sandwich","D152","gm","Vegetable Sandwich_gm_reciepe","1","gm:1:gm","1",,,"False"
"D152","Vegetable Sandwich","Vegetable Sandwich","D152","ml","Vegetable Sandwich_ml_reciepe","1","ml:1:ml",,"1",,"False"
"D152","Vegetable Sandwich","Vegetable Sandwich","D152","piece","Vegetable Sandwich_piece_in","1","portion:1:piece",,,"1","False"
"D152","Vegetable Sandwich","Vegetable Sandwich","D152","piece","Vegetable Sandwich_piece_out","1","portion:1:piece",,,"1","False"
"D152","Vegetable Sandwich","Vegetable Sandwich","D152","piece","Vegetable Sandwich_piece_reciepe","1","piece:1:piece",,,"1","False"
"D152","Vegetable Sandwich","Vegetable Sandwich","D152","portion","Vegetable Sandwich_portion_reciepe","1","portion:1:portion",,,"1","False"
"D153","Cheese Corn Sandwich","Cheese Corn Sandwich","D153","portion","Cheese Corn Sandwich_1_portion","1",,,,"1","False"
"D153","Cheese Corn Sandwich","Cheese Corn Sandwich","D153","gm","Cheese Corn Sandwich_gm_reciepe","1","gm:1:gm","1",,,"False"
"D153","Cheese Corn Sandwich","Cheese Corn Sandwich","D153","ml","Cheese Corn Sandwich_ml_reciepe","1","ml:1:ml",,"1",,"False"
"D153","Cheese Corn Sandwich","Cheese Corn Sandwich","D153","piece","Cheese Corn Sandwich_piece_in","1","portion:1:piece",,,"1","False"
"D153","Cheese Corn Sandwich","Cheese Corn Sandwich","D153","piece","Cheese Corn Sandwich_piece_out","1","portion:1:piece",,,"1","False"
"D153","Cheese Corn Sandwich","Cheese Corn Sandwich","D153","piece","Cheese Corn Sandwich_piece_reciepe","1","piece:1:piece",,,"1","False"
"D153","Cheese Corn Sandwich","Cheese Corn Sandwich","D153","portion","Cheese Corn Sandwich_portion_reciepe","1","portion:1:portion",,,"1","False"
"D154","Mexican Sandwich","Mexican Sandwich","D154","portion","Mexican Sandwich_1_portion","1",,,,"1","False"
"D154","Mexican Sandwich","Mexican Sandwich","D154","gm","Mexican Sandwich_gm_reciepe","1","gm:1:gm","1",,,"False"
"D154","Mexican Sandwich","Mexican Sandwich","D154","ml","Mexican Sandwich_ml_reciepe","1","ml:1:ml",,"1",,"False"
"D154","Mexican Sandwich","Mexican Sandwich","D154","piece","Mexican Sandwich_piece_in","1","portion:1:piece",,,"1","False"
"D154","Mexican Sandwich","Mexican Sandwich","D154","piece","Mexican Sandwich_piece_out","1","portion:1:piece",,,"1","False"
"D154","Mexican Sandwich","Mexican Sandwich","D154","piece","Mexican Sandwich_piece_reciepe","1","piece:1:piece",,,"1","False"
"D154","Mexican Sandwich","Mexican Sandwich","D154","portion","Mexican Sandwich_portion_reciepe","1","portion:1:portion",,,"1","False"
"D155","Paneer Tikka Sandwich","Paneer Tikka Sandwich","D155","portion","Paneer Tikka Sandwich_1_portion","1",,,,"1","False"
"D155","Paneer Tikka Sandwich","Paneer Tikka Sandwich","D155","gm","Paneer Tikka Sandwich_gm_reciepe","1","gm:1:gm","1",,,"False"
"D155","Paneer Tikka Sandwich","Paneer Tikka Sandwich","D155","ml","Paneer Tikka Sandwich_ml_reciepe","1","ml:1:ml",,"1",,"False"
"D155","Paneer Tikka Sandwich","Paneer Tikka Sandwich","D155","piece","Paneer Tikka Sandwich_piece_in","1","portion:1:piece",,,"1","False"
"D155","Paneer Tikka Sandwich","Paneer Tikka Sandwich","D155","piece","Paneer Tikka Sandwich_piece_out","1","portion:1:piece",,,"1","False"
"D155","Paneer Tikka Sandwich","Paneer Tikka Sandwich","D155","piece","Paneer Tikka Sandwich_piece_reciepe","1","piece:1:piece",,,"1","False"
"D155","Paneer Tikka Sandwich","Paneer Tikka Sandwich","D155","portion","Paneer Tikka Sandwich_portion_reciepe","1","portion:1:portion",,,"1","False"
"D156","Paneer Schezwan Sandwich","Paneer Schezwan Sandwich","D156","portion","Paneer Schezwan Sandwich_1_portion","1",,,,"1","False"
"D156","Paneer Schezwan Sandwich","Paneer Schezwan Sandwich","D156","gm","Paneer Schezwan Sandwich_gm_reciepe","1","gm:1:gm","1",,,"False"
"D156","Paneer Schezwan Sandwich","Paneer Schezwan Sandwich","D156","ml","Paneer Schezwan Sandwich_ml_reciepe","1","ml:1:ml",,"1",,"False"
"D156","Paneer Schezwan Sandwich","Paneer Schezwan Sandwich","D156","piece","Paneer Schezwan Sandwich_piece_in","1","portion:1:piece",,,"1","False"
"D156","Paneer Schezwan Sandwich","Paneer Schezwan Sandwich","D156","piece","Paneer Schezwan Sandwich_piece_out","1","portion:1:piece",,,"1","False"
"D156","Paneer Schezwan Sandwich","Paneer Schezwan Sandwich","D156","piece","Paneer Schezwan Sandwich_piece_reciepe","1","piece:1:piece",,,"1","False"
"D156","Paneer Schezwan Sandwich","Paneer Schezwan Sandwich","D156","portion","Paneer Schezwan Sandwich_portion_reciepe","1","portion:1:portion",,,"1","False"
"D157","Bombay Sandwich","Bombay Sandwich","D157","portion","Bombay Sandwich_1_portion","1",,,,"1","False"
"D157","Bombay Sandwich","Bombay Sandwich","D157","gm","Bombay Sandwich_gm_reciepe","1","gm:1:gm","1",,,"False"
"D157","Bombay Sandwich","Bombay Sandwich","D157","ml","Bombay Sandwich_ml_reciepe","1","ml:1:ml",,"1",,"False"
"D157","Bombay Sandwich","Bombay Sandwich","D157","piece","Bombay Sandwich_piece_in","1","portion:1:piece",,,"1","False"
"D157","Bombay Sandwich","Bombay Sandwich","D157","piece","Bombay Sandwich_piece_out","1","portion:1:piece",,,"1","False"
"D157","Bombay Sandwich","Bombay Sandwich","D157","piece","Bombay Sandwich_piece_reciepe","1","piece:1:piece",,,"1","False"
"D157","Bombay Sandwich","Bombay Sandwich","D157","portion","Bombay Sandwich_portion_reciepe","1","portion:1:portion",,,"1","False"
"D158","Pizza Sandwich","Pizza Sandwich","D158","portion","Pizza Sandwich_1_portion","1",,,,"1","False"
"D158","Pizza Sandwich","Pizza Sandwich","D158","gm","Pizza Sandwich_gm_reciepe","1","gm:1:gm","1",,,"False"
"D158","Pizza Sandwich","Pizza Sandwich","D158","ml","Pizza Sandwich_ml_reciepe","1","ml:1:ml",,"1",,"False"
"D158","Pizza Sandwich","Pizza Sandwich","D158","piece","Pizza Sandwich_piece_in","1","portion:1:piece",,,"1","False"
"D158","Pizza Sandwich","Pizza Sandwich","D158","piece","Pizza Sandwich_piece_out","1","portion:1:piece",,,"1","False"
"D158","Pizza Sandwich","Pizza Sandwich","D158","piece","Pizza Sandwich_piece_reciepe","1","piece:1:piece",,,"1","False"
"D158","Pizza Sandwich","Pizza Sandwich","D158","portion","Pizza Sandwich_portion_reciepe","1","portion:1:portion",,,"1","False"
"D159","Alfredo Pasta","Alfredo Pasta","D159","portion","Alfredo Pasta_1_portion","1",,,,"1","False"
"D159","Alfredo Pasta","Alfredo Pasta","D159","gm","Alfredo Pasta_gm_reciepe","1","gm:1:gm","1",,,"False"
"D159","Alfredo Pasta","Alfredo Pasta","D159","ml","Alfredo Pasta_ml_reciepe","1","ml:1:ml",,"1",,"False"
"D159","Alfredo Pasta","Alfredo Pasta","D159","piece","Alfredo Pasta_piece_in","1","portion:1:piece",,,"1","False"
"D159","Alfredo Pasta","Alfredo Pasta","D159","piece","Alfredo Pasta_piece_out","1","portion:1:piece",,,"1","False"
"D159","Alfredo Pasta","Alfredo Pasta","D159","piece","Alfredo Pasta_piece_reciepe","1","piece:1:piece",,,"1","False"
"D159","Alfredo Pasta","Alfredo Pasta","D159","portion","Alfredo Pasta_portion_reciepe","1","portion:1:portion",,,"1","False"
"D160","Arrabiata Pasta","Arrabiata Pasta","D160","portion","Arrabiata Pasta_1_portion","1",,,,"1","False"
"D160","Arrabiata Pasta","Arrabiata Pasta","D160","gm","Arrabiata Pasta_gm_reciepe","1","gm:1:gm","1",,,"False"
"D160","Arrabiata Pasta","Arrabiata Pasta","D160","ml","Arrabiata Pasta_ml_reciepe","1","ml:1:ml",,"1",,"False"
"D160","Arrabiata Pasta","Arrabiata Pasta","D160","piece","Arrabiata Pasta_piece_in","1","portion:1:piece",,,"1","False"
"D160","Arrabiata Pasta","Arrabiata Pasta","D160","piece","Arrabiata Pasta_piece_out","1","portion:1:piece",,,"1","False"
"D160","Arrabiata Pasta","Arrabiata Pasta","D160","piece","Arrabiata Pasta_piece_reciepe","1","piece:1:piece",,,"1","False"
"D160","Arrabiata Pasta","Arrabiata Pasta","D160","portion","Arrabiata Pasta_portion_reciepe","1","portion:1:portion",,,"1","False"
"D161","Pink SauCE Pasta","Pink SauCE Pasta","D161","portion","Pink SauCE Pasta_1_portion","1",,,,"1","False"
"D161","Pink SauCE Pasta","Pink SauCE Pasta","D161","gm","Pink SauCE Pasta_gm_reciepe","1","gm:1:gm","1",,,"False"
"D161","Pink SauCE Pasta","Pink SauCE Pasta","D161","ml","Pink SauCE Pasta_ml_reciepe","1","ml:1:ml",,"1",,"False"
"D161","Pink SauCE Pasta","Pink SauCE Pasta","D161","piece","Pink SauCE Pasta_piece_in","1","portion:1:piece",,,"1","False"
"D161","Pink SauCE Pasta","Pink SauCE Pasta","D161","piece","Pink SauCE Pasta_piece_out","1","portion:1:piece",,,"1","False"
"D161","Pink SauCE Pasta","Pink SauCE Pasta","D161","piece","Pink SauCE Pasta_piece_reciepe","1","piece:1:piece",,,"1","False"
"D161","Pink SauCE Pasta","Pink SauCE Pasta","D161","portion","Pink SauCE Pasta_portion_reciepe","1","portion:1:portion",,,"1","False"
"D162","PLAIN MAGGI","PLAIN MAGGI","D162","portion","PLAIN MAGGI_1_portion","1",,,,"1","False"
"D162","PLAIN MAGGI","PLAIN MAGGI","D162","gm","PLAIN MAGGI_gm_reciepe","1","gm:1:gm","1",,,"False"
"D162","PLAIN MAGGI","PLAIN MAGGI","D162","ml","PLAIN MAGGI_ml_reciepe","1","ml:1:ml",,"1",,"False"
"D162","PLAIN MAGGI","PLAIN MAGGI","D162","piece","PLAIN MAGGI_piece_in","1","portion:1:piece",,,"1","False"
"D162","PLAIN MAGGI","PLAIN MAGGI","D162","piece","PLAIN MAGGI_piece_out","1","portion:1:piece",,,"1","False"
"D162","PLAIN MAGGI","PLAIN MAGGI","D162","piece","PLAIN MAGGI_piece_reciepe","1","piece:1:piece",,,"1","False"
"D162","PLAIN MAGGI","PLAIN MAGGI","D162","portion","PLAIN MAGGI_portion_reciepe","1","portion:1:portion",,,"1","False"
"D163","PERI PERI MAGGI","PERI PERI MAGGI","D163","portion","PERI PERI MAGGI_1_portion","1",,,,"1","False"
"D163","PERI PERI MAGGI","PERI PERI MAGGI","D163","gm","PERI PERI MAGGI_gm_reciepe","1","gm:1:gm","1",,,"False"
"D163","PERI PERI MAGGI","PERI PERI MAGGI","D163","ml","PERI PERI MAGGI_ml_reciepe","1","ml:1:ml",,"1",,"False"
"D163","PERI PERI MAGGI","PERI PERI MAGGI","D163","piece","PERI PERI MAGGI_piece_in","1","portion:1:piece",,,"1","False"
"D163","PERI PERI MAGGI","PERI PERI MAGGI","D163","piece","PERI PERI MAGGI_piece_out","1","portion:1:piece",,,"1","False"
"D163","PERI PERI MAGGI","PERI PERI MAGGI","D163","piece","PERI PERI MAGGI_piece_reciepe","1","piece:1:piece",,,"1","False"
"D163","PERI PERI MAGGI","PERI PERI MAGGI","D163","portion","PERI PERI MAGGI_portion_reciepe","1","portion:1:portion",,,"1","False"
"D164","CHEESE CORN MAGGI","CHEESE CORN MAGGI","D164","portion","CHEESE CORN MAGGI_1_portion","1",,,,"1","False"
"D164","CHEESE CORN MAGGI","CHEESE CORN MAGGI","D164","gm","CHEESE CORN MAGGI_gm_reciepe","1","gm:1:gm","1",,,"False"
"D164","CHEESE CORN MAGGI","CHEESE CORN MAGGI","D164","ml","CHEESE CORN MAGGI_ml_reciepe","1","ml:1:ml",,"1",,"False"
"D164","CHEESE CORN MAGGI","CHEESE CORN MAGGI","D164","piece","CHEESE CORN MAGGI_piece_in","1","portion:1:piece",,,"1","False"
"D164","CHEESE CORN MAGGI","CHEESE CORN MAGGI","D164","piece","CHEESE CORN MAGGI_piece_out","1","portion:1:piece",,,"1","False"
"D164","CHEESE CORN MAGGI","CHEESE CORN MAGGI","D164","piece","CHEESE CORN MAGGI_piece_reciepe","1","piece:1:piece",,,"1","False"
"D164","CHEESE CORN MAGGI","CHEESE CORN MAGGI","D164","portion","CHEESE CORN MAGGI_portion_reciepe","1","portion:1:portion",,,"1","False"
"D165","VEGETABLE MAGGI","VEGETABLE MAGGI","D165","portion","VEGETABLE MAGGI_1_portion","1",,,,"1","False"
"D165","VEGETABLE MAGGI","VEGETABLE MAGGI","D165","gm","VEGETABLE MAGGI_gm_reciepe","1","gm:1:gm","1",,,"False"
"D165","VEGETABLE MAGGI","VEGETABLE MAGGI","D165","ml","VEGETABLE MAGGI_ml_reciepe","1","ml:1:ml",,"1",,"False"
"D165","VEGETABLE MAGGI","VEGETABLE MAGGI","D165","piece","VEGETABLE MAGGI_piece_in","1","portion:1:piece",,,"1","False"
"D165","VEGETABLE MAGGI","VEGETABLE MAGGI","D165","piece","VEGETABLE MAGGI_piece_out","1","portion:1:piece",,,"1","False"
"D165","VEGETABLE MAGGI","VEGETABLE MAGGI","D165","piece","VEGETABLE MAGGI_piece_reciepe","1","piece:1:piece",,,"1","False"
"D165","VEGETABLE MAGGI","VEGETABLE MAGGI","D165","portion","VEGETABLE MAGGI_portion_reciepe","1","portion:1:portion",,,"1","False"
"D166","PUNJABI MAGGI","PUNJABI MAGGI","D166","portion","PUNJABI MAGGI_1_portion","1",,,,"1","False"
"D166","PUNJABI MAGGI","PUNJABI MAGGI","D166","gm","PUNJABI MAGGI_gm_reciepe","1","gm:1:gm","1",,,"False"
"D166","PUNJABI MAGGI","PUNJABI MAGGI","D166","ml","PUNJABI MAGGI_ml_reciepe","1","ml:1:ml",,"1",,"False"
"D166","PUNJABI MAGGI","PUNJABI MAGGI","D166","piece","PUNJABI MAGGI_piece_in","1","portion:1:piece",,,"1","False"
"D166","PUNJABI MAGGI","PUNJABI MAGGI","D166","piece","PUNJABI MAGGI_piece_out","1","portion:1:piece",,,"1","False"
"D166","PUNJABI MAGGI","PUNJABI MAGGI","D166","piece","PUNJABI MAGGI_piece_reciepe","1","piece:1:piece",,,"1","False"
"D166","PUNJABI MAGGI","PUNJABI MAGGI","D166","portion","PUNJABI MAGGI_portion_reciepe","1","portion:1:portion",,,"1","False"
"D167","Paneer Butter Masala Rice BOWL","Paneer Butter Masala Rice BOWL","D167","portion","Paneer Butter Masala Rice BOWL_1_portion","1",,,,"1","False"
"D167","Paneer Butter Masala Rice BOWL","Paneer Butter Masala Rice BOWL","D167","gm","Paneer Butter Masala Rice BOWL_gm_reciepe","1","gm:1:gm","1",,,"False"
"D167","Paneer Butter Masala Rice BOWL","Paneer Butter Masala Rice BOWL","D167","ml","Paneer Butter Masala Rice BOWL_ml_reciepe","1","ml:1:ml",,"1",,"False"
"D167","Paneer Butter Masala Rice BOWL","Paneer Butter Masala Rice BOWL","D167","piece","Paneer Butter Masala Rice BOWL_piece_in","1","portion:1:piece",,,"1","False"
"D167","Paneer Butter Masala Rice BOWL","Paneer Butter Masala Rice BOWL","D167","piece","Paneer Butter Masala Rice BOWL_piece_out","1","portion:1:piece",,,"1","False"
"D167","Paneer Butter Masala Rice BOWL","Paneer Butter Masala Rice BOWL","D167","piece","Paneer Butter Masala Rice BOWL_piece_reciepe","1","piece:1:piece",,,"1","False"
"D167","Paneer Butter Masala Rice BOWL","Paneer Butter Masala Rice BOWL","D167","portion","Paneer Butter Masala Rice BOWL_portion_reciepe","1","portion:1:portion",,,"1","False"
"D168","paneer punjabi Rice Bowl","paneer punjabi Rice Bowl","D168","portion","paneer punjabi Rice Bowl_1_portion","1",,,,"1","False"
"D168","paneer punjabi Rice Bowl","paneer punjabi Rice Bowl","D168","gm","paneer punjabi Rice Bowl_gm_reciepe","1","gm:1:gm","1",,,"False"
"D168","paneer punjabi Rice Bowl","paneer punjabi Rice Bowl","D168","ml","paneer punjabi Rice Bowl_ml_reciepe","1","ml:1:ml",,"1",,"False"
"D168","paneer punjabi Rice Bowl","paneer punjabi Rice Bowl","D168","piece","paneer punjabi Rice Bowl_piece_in","1","portion:1:piece",,,"1","False"
"D168","paneer punjabi Rice Bowl","paneer punjabi Rice Bowl","D168","piece","paneer punjabi Rice Bowl_piece_out","1","portion:1:piece",,,"1","False"
"D168","paneer punjabi Rice Bowl","paneer punjabi Rice Bowl","D168","piece","paneer punjabi Rice Bowl_piece_reciepe","1","piece:1:piece",,,"1","False"
"D168","paneer punjabi Rice Bowl","paneer punjabi Rice Bowl","D168","portion","paneer punjabi Rice Bowl_portion_reciepe","1","portion:1:portion",,,"1","False"
"D169","punjabi veg rice bowl","punjabi veg rice bowl","D169","portion","punjabi veg rice bowl_1_portion","1",,,,"1","False"
"D169","punjabi veg rice bowl","punjabi veg rice bowl","D169","gm","punjabi veg rice bowl_gm_reciepe","1","gm:1:gm","1",,,"False"
"D169","punjabi veg rice bowl","punjabi veg rice bowl","D169","ml","punjabi veg rice bowl_ml_reciepe","1","ml:1:ml",,"1",,"False"
"D169","punjabi veg rice bowl","punjabi veg rice bowl","D169","piece","punjabi veg rice bowl_piece_in","1","portion:1:piece",,,"1","False"
"D169","punjabi veg rice bowl","punjabi veg rice bowl","D169","piece","punjabi veg rice bowl_piece_out","1","portion:1:piece",,,"1","False"
"D169","punjabi veg rice bowl","punjabi veg rice bowl","D169","piece","punjabi veg rice bowl_piece_reciepe","1","piece:1:piece",,,"1","False"
"D169","punjabi veg rice bowl","punjabi veg rice bowl","D169","portion","punjabi veg rice bowl_portion_reciepe","1","portion:1:portion",,,"1","False"
"D170","Chola Masala Rice Bowl","Chola Masala Rice Bowl","D170","portion","Chola Masala Rice Bowl_1_portion","1",,,,"1","False"
"D170","Chola Masala Rice Bowl","Chola Masala Rice Bowl","D170","gm","Chola Masala Rice Bowl_gm_reciepe","1","gm:1:gm","1",,,"False"
"D170","Chola Masala Rice Bowl","Chola Masala Rice Bowl","D170","ml","Chola Masala Rice Bowl_ml_reciepe","1","ml:1:ml",,"1",,"False"
"D170","Chola Masala Rice Bowl","Chola Masala Rice Bowl","D170","piece","Chola Masala Rice Bowl_piece_in","1","portion:1:piece",,,"1","False"
"D170","Chola Masala Rice Bowl","Chola Masala Rice Bowl","D170","piece","Chola Masala Rice Bowl_piece_out","1","portion:1:piece",,,"1","False"
"D170","Chola Masala Rice Bowl","Chola Masala Rice Bowl","D170","piece","Chola Masala Rice Bowl_piece_reciepe","1","piece:1:piece",,,"1","False"
"D170","Chola Masala Rice Bowl","Chola Masala Rice Bowl","D170","portion","Chola Masala Rice Bowl_portion_reciepe","1","portion:1:portion",,,"1","False"
"D171","GRAVY 1","GRAVY 1","D171","portion","GRAVY 1_1_portion","1",,,,"1","False"
"D171","GRAVY 1","GRAVY 1","D171","gm","GRAVY 1_gm_reciepe","1","gm:1:gm","1",,,"False"
"D171","GRAVY 1","GRAVY 1","D171","ml","GRAVY 1_ml_reciepe","1","ml:1:ml",,"1",,"False"
"D171","GRAVY 1","GRAVY 1","D171","piece","GRAVY 1_piece_in","1","portion:1:piece",,,"1","False"
"D171","GRAVY 1","GRAVY 1","D171","piece","GRAVY 1_piece_out","1","portion:1:piece",,,"1","False"
"D171","GRAVY 1","GRAVY 1","D171","piece","GRAVY 1_piece_reciepe","1","piece:1:piece",,,"1","False"
"D171","GRAVY 1","GRAVY 1","D171","portion","GRAVY 1_portion_reciepe","1","portion:1:portion",,,"1","False"
"D172","GRAVY 2","GRAVY 2","D172","portion","GRAVY 2_1_portion","1",,,,"1","False"
"D172","GRAVY 2","GRAVY 2","D172","gm","GRAVY 2_gm_reciepe","1","gm:1:gm","1",,,"False"
"D172","GRAVY 2","GRAVY 2","D172","ml","GRAVY 2_ml_reciepe","1","ml:1:ml",,"1",,"False"
"D172","GRAVY 2","GRAVY 2","D172","piece","GRAVY 2_piece_in","1","portion:1:piece",,,"1","False"
"D172","GRAVY 2","GRAVY 2","D172","piece","GRAVY 2_piece_out","1","portion:1:piece",,,"1","False"
"D172","GRAVY 2","GRAVY 2","D172","piece","GRAVY 2_piece_reciepe","1","piece:1:piece",,,"1","False"
"D172","GRAVY 2","GRAVY 2","D172","portion","GRAVY 2_portion_reciepe","1","portion:1:portion",,,"1","False"
"D173","GRAVY 3","GRAVY 3","D173","portion","GRAVY 3_1_portion","1",,,,"1","False"
"D173","GRAVY 3","GRAVY 3","D173","gm","GRAVY 3_gm_reciepe","1","gm:1:gm","1",,,"False"
"D173","GRAVY 3","GRAVY 3","D173","ml","GRAVY 3_ml_reciepe","1","ml:1:ml",,"1",,"False"
"D173","GRAVY 3","GRAVY 3","D173","piece","GRAVY 3_piece_in","1","portion:1:piece",,,"1","False"
"D173","GRAVY 3","GRAVY 3","D173","piece","GRAVY 3_piece_out","1","portion:1:piece",,,"1","False"
"D173","GRAVY 3","GRAVY 3","D173","piece","GRAVY 3_piece_reciepe","1","piece:1:piece",,,"1","False"
"D173","GRAVY 3","GRAVY 3","D173","portion","GRAVY 3_portion_reciepe","1","portion:1:portion",,,"1","False"
"D174","OTHER","OTHER","D174","portion","OTHER_1_portion","1",,,,"1","False"
"D174","OTHER","OTHER","D174","gm","OTHER_gm_reciepe","1","gm:1:gm","1",,,"False"
"D174","OTHER","OTHER","D174","ml","OTHER_ml_reciepe","1","ml:1:ml",,"1",,"False"
"D174","OTHER","OTHER","D174","piece","OTHER_piece_in","1","portion:1:piece",,,"1","False"
"D174","OTHER","OTHER","D174","piece","OTHER_piece_out","1","portion:1:piece",,,"1","False"
"D174","OTHER","OTHER","D174","piece","OTHER_piece_reciepe","1","piece:1:piece",,,"1","False"
"D174","OTHER","OTHER","D174","portion","OTHER_portion_reciepe","1","portion:1:portion",,,"1","False"
"P1","PROCESSED RICE","PROCESSED RICE","P1","portion","PROCESSED RICE_1_portion","1",,,,"1","False"
"P1","PROCESSED RICE","PROCESSED RICE","P1","gm","PROCESSED RICE_gm_in","1","gm:1:gm","1",,,"False"
"P1","PROCESSED RICE","PROCESSED RICE","P1","gm","PROCESSED RICE_gm_out","1","gm:1:gm","1",,,"False"
"P1","PROCESSED RICE","PROCESSED RICE","P1","gm","PROCESSED RICE_gm_reciepe","1","gm:1:gm","1",,,"False"
"P1","PROCESSED RICE","PROCESSED RICE","P1","ml","PROCESSED RICE_ml_reciepe","1","ml:1:ml",,"1",,"False"
"P1","PROCESSED RICE","PROCESSED RICE","P1","piece","PROCESSED RICE_piece_reciepe","1","piece:1:piece",,,"1","False"
"P1","PROCESSED RICE","PROCESSED RICE","P1","portion","PROCESSED RICE_portion_reciepe","1","portion:1:portion",,,"1","False"
"P10","PROCESSED MASALA OF TIKKA","PROCESSED MASALA OF TIKKA","P10","portion","PROCESSED MASALA OF TIKKA_1_portion","1",,,,"1","False"
"P10","PROCESSED MASALA OF TIKKA","PROCESSED MASALA OF TIKKA","P10","gm","PROCESSED MASALA OF TIKKA_gm_in","1","gm:1:gm","1",,,"False"
"P10","PROCESSED MASALA OF TIKKA","PROCESSED MASALA OF TIKKA","P10","gm","PROCESSED MASALA OF TIKKA_gm_out","1","gm:1:gm","1",,,"False"
"P10","PROCESSED MASALA OF TIKKA","PROCESSED MASALA OF TIKKA","P10","gm","PROCESSED MASALA OF TIKKA_gm_reciepe","1","gm:1:gm","1",,,"False"
"P10","PROCESSED MASALA OF TIKKA","PROCESSED MASALA OF TIKKA","P10","ml","PROCESSED MASALA OF TIKKA_ml_reciepe","1","ml:1:ml",,"1",,"False"
"P10","PROCESSED MASALA OF TIKKA","PROCESSED MASALA OF TIKKA","P10","piece","PROCESSED MASALA OF TIKKA_piece_reciepe","1","piece:1:piece",,,"1","False"
"P10","PROCESSED MASALA OF TIKKA","PROCESSED MASALA OF TIKKA","P10","portion","PROCESSED MASALA OF TIKKA_portion_reciepe","1","portion:1:portion",,,"1","False"
"P11","PROCESSED GULAB JAMUN","PROCESSED GULAB JAMUN","P11","portion","PROCESSED GULAB JAMUN_1_portion","1",,,,"1","False"
"P11","PROCESSED GULAB JAMUN","PROCESSED GULAB JAMUN","P11","gm","PROCESSED GULAB JAMUN_gm_in","1","gm:1:gm","1",,,"False"
"P11","PROCESSED GULAB JAMUN","PROCESSED GULAB JAMUN","P11","gm","PROCESSED GULAB JAMUN_gm_out","1","gm:1:gm","1",,,"False"
"P11","PROCESSED GULAB JAMUN","PROCESSED GULAB JAMUN","P11","gm","PROCESSED GULAB JAMUN_gm_reciepe","1","gm:1:gm","1",,,"False"
"P11","PROCESSED GULAB JAMUN","PROCESSED GULAB JAMUN","P11","ml","PROCESSED GULAB JAMUN_ml_reciepe","1","ml:1:ml",,"1",,"False"
"P11","PROCESSED GULAB JAMUN","PROCESSED GULAB JAMUN","P11","piece","PROCESSED GULAB JAMUN_piece_reciepe","1","piece:1:piece",,,"1","False"
"P11","PROCESSED GULAB JAMUN","PROCESSED GULAB JAMUN","P11","portion","PROCESSED GULAB JAMUN_portion_reciepe","1","portion:1:portion",,,"1","False"
"P2","PROCESSED DAL","PROCESSED DAL","P2","portion","PROCESSED DAL_1_portion","1",,,,"1","False"
"P2","PROCESSED DAL","PROCESSED DAL","P2","gm","PROCESSED DAL_gm_in","1","gm:1:gm","1",,,"False"
"P2","PROCESSED DAL","PROCESSED DAL","P2","gm","PROCESSED DAL_gm_out","1","gm:1:gm","1",,,"False"
"P2","PROCESSED DAL","PROCESSED DAL","P2","gm","PROCESSED DAL_gm_reciepe","1","gm:1:gm","1",,,"False"
"P2","PROCESSED DAL","PROCESSED DAL","P2","ml","PROCESSED DAL_ml_reciepe","1","ml:1:ml",,"1",,"False"
"P2","PROCESSED DAL","PROCESSED DAL","P2","piece","PROCESSED DAL_piece_reciepe","1","piece:1:piece",,,"1","False"
"P2","PROCESSED DAL","PROCESSED DAL","P2","portion","PROCESSED DAL_portion_reciepe","1","portion:1:portion",,,"1","False"
"P3","PROCESSED NOODLES","PROCESSED NOODLES","P3","portion","PROCESSED NOODLES_1_portion","1",,,,"1","False"
"P3","PROCESSED NOODLES","PROCESSED NOODLES","P3","gm","PROCESSED NOODLES_gm_in","1","gm:1:gm","1",,,"False"
"P3","PROCESSED NOODLES","PROCESSED NOODLES","P3","gm","PROCESSED NOODLES_gm_out","1","gm:1:gm","1",,,"False"
"P3","PROCESSED NOODLES","PROCESSED NOODLES","P3","gm","PROCESSED NOODLES_gm_reciepe","1","gm:1:gm","1",,,"False"
"P3","PROCESSED NOODLES","PROCESSED NOODLES","P3","ml","PROCESSED NOODLES_ml_reciepe","1","ml:1:ml",,"1",,"False"
"P3","PROCESSED NOODLES","PROCESSED NOODLES","P3","piece","PROCESSED NOODLES_piece_reciepe","1","piece:1:piece",,,"1","False"
"P3","PROCESSED NOODLES","PROCESSED NOODLES","P3","portion","PROCESSED NOODLES_portion_reciepe","1","portion:1:portion",,,"1","False"
"P4","TOMATO GREAVY","TOMATO GREAVY","P4","portion","TOMATO GREAVY_1_portion","1",,,,"1","False"
"P4","TOMATO GREAVY","TOMATO GREAVY","P4","gm","TOMATO GREAVY_gm_in","1","gm:1:gm","1",,,"False"
"P4","TOMATO GREAVY","TOMATO GREAVY","P4","gm","TOMATO GREAVY_gm_out","1","gm:1:gm","1",,,"False"
"P4","TOMATO GREAVY","TOMATO GREAVY","P4","gm","TOMATO GREAVY_gm_reciepe","1","gm:1:gm","1",,,"False"
"P4","TOMATO GREAVY","TOMATO GREAVY","P4","ml","TOMATO GREAVY_ml_reciepe","1","ml:1:ml",,"1",,"False"
"P4","TOMATO GREAVY","TOMATO GREAVY","P4","piece","TOMATO GREAVY_piece_reciepe","1","piece:1:piece",,,"1","False"
"P4","TOMATO GREAVY","TOMATO GREAVY","P4","portion","TOMATO GREAVY_portion_reciepe","1","portion:1:portion",,,"1","False"
"P5","ONION GREAVY","ONION GREAVY","P5","portion","ONION GREAVY_1_portion","1",,,,"1","False"
"P5","ONION GREAVY","ONION GREAVY","P5","gm","ONION GREAVY_gm_in","1","gm:1:gm","1",,,"False"
"P5","ONION GREAVY","ONION GREAVY","P5","gm","ONION GREAVY_gm_out","1","gm:1:gm","1",,,"False"
"P5","ONION GREAVY","ONION GREAVY","P5","gm","ONION GREAVY_gm_reciepe","1","gm:1:gm","1",,,"False"
"P5","ONION GREAVY","ONION GREAVY","P5","ml","ONION GREAVY_ml_reciepe","1","ml:1:ml",,"1",,"False"
"P5","ONION GREAVY","ONION GREAVY","P5","piece","ONION GREAVY_piece_reciepe","1","piece:1:piece",,,"1","False"
"P5","ONION GREAVY","ONION GREAVY","P5","portion","ONION GREAVY_portion_reciepe","1","portion:1:portion",,,"1","False"
"P6","KAJU MAGAJ GREAVY","KAJU MAGAJ GREAVY","P6","portion","KAJU MAGAJ GREAVY_1_portion","1",,,,"1","False"
"P6","KAJU MAGAJ GREAVY","KAJU MAGAJ GREAVY","P6","gm","KAJU MAGAJ GREAVY_gm_in","1","gm:1:gm","1",,,"False"
"P6","KAJU MAGAJ GREAVY","KAJU MAGAJ GREAVY","P6","gm","KAJU MAGAJ GREAVY_gm_out","1","gm:1:gm","1",,,"False"
"P6","KAJU MAGAJ GREAVY","KAJU MAGAJ GREAVY","P6","gm","KAJU MAGAJ GREAVY_gm_reciepe","1","gm:1:gm","1",,,"False"
"P6","KAJU MAGAJ GREAVY","KAJU MAGAJ GREAVY","P6","ml","KAJU MAGAJ GREAVY_ml_reciepe","1","ml:1:ml",,"1",,"False"
"P6","KAJU MAGAJ GREAVY","KAJU MAGAJ GREAVY","P6","piece","KAJU MAGAJ GREAVY_piece_reciepe","1","piece:1:piece",,,"1","False"
"P6","KAJU MAGAJ GREAVY","KAJU MAGAJ GREAVY","P6","portion","KAJU MAGAJ GREAVY_portion_reciepe","1","portion:1:portion",,,"1","False"
"P7","PASTA PROCESSED","PASTA PROCESSED","P7","portion","PASTA PROCESSED_1_portion","1",,,,"1","False"
"P7","PASTA PROCESSED","PASTA PROCESSED","P7","gm","PASTA PROCESSED_gm_in","1","gm:1:gm","1",,,"False"
"P7","PASTA PROCESSED","PASTA PROCESSED","P7","gm","PASTA PROCESSED_gm_out","1","gm:1:gm","1",,,"False"
"P7","PASTA PROCESSED","PASTA PROCESSED","P7","gm","PASTA PROCESSED_gm_reciepe","1","gm:1:gm","1",,,"False"
"P7","PASTA PROCESSED","PASTA PROCESSED","P7","ml","PASTA PROCESSED_ml_reciepe","1","ml:1:ml",,"1",,"False"
"P7","PASTA PROCESSED","PASTA PROCESSED","P7","piece","PASTA PROCESSED_piece_reciepe","1","piece:1:piece",,,"1","False"
"P7","PASTA PROCESSED","PASTA PROCESSED","P7","portion","PASTA PROCESSED_portion_reciepe","1","portion:1:portion",,,"1","False"
"P8","AATA PROCESSED","AATA PROCESSED","P8","portion","AATA PROCESSED_1_portion","1",,,,"1","False"
"P8","AATA PROCESSED","AATA PROCESSED","P8","gm","AATA PROCESSED_gm_in","1","gm:1:gm","1",,,"False"
"P8","AATA PROCESSED","AATA PROCESSED","P8","gm","AATA PROCESSED_gm_out","1","gm:1:gm","1",,,"False"
"P8","AATA PROCESSED","AATA PROCESSED","P8","gm","AATA PROCESSED_gm_reciepe","1","gm:1:gm","1",,,"False"
"P8","AATA PROCESSED","AATA PROCESSED","P8","ml","AATA PROCESSED_ml_reciepe","1","ml:1:ml",,"1",,"False"
"P8","AATA PROCESSED","AATA PROCESSED","P8","piece","AATA PROCESSED_piece_reciepe","1","piece:1:piece",,,"1","False"
"P8","AATA PROCESSED","AATA PROCESSED","P8","portion","AATA PROCESSED_portion_reciepe","1","portion:1:portion",,,"1","False"
"P9","MAIDA PROCESSED","MAIDA PROCESSED","P9","portion","MAIDA PROCESSED_1_portion","1",,,,"1","False"
"P9","MAIDA PROCESSED","MAIDA PROCESSED","P9","gm","MAIDA PROCESSED_gm_in","1","gm:1:gm","1",,,"False"
"P9","MAIDA PROCESSED","MAIDA PROCESSED","P9","gm","MAIDA PROCESSED_gm_out","1","gm:1:gm","1",,,"False"
"P9","MAIDA PROCESSED","MAIDA PROCESSED","P9","gm","MAIDA PROCESSED_gm_reciepe","1","gm:1:gm","1",,,"False"
"P9","MAIDA PROCESSED","MAIDA PROCESSED","P9","ml","MAIDA PROCESSED_ml_reciepe","1","ml:1:ml",,"1",,"False"
"P9","MAIDA PROCESSED","MAIDA PROCESSED","P9","piece","MAIDA PROCESSED_piece_reciepe","1","piece:1:piece",,,"1","False"
"P9","MAIDA PROCESSED","MAIDA PROCESSED","P9","portion","MAIDA PROCESSED_portion_reciepe","1","portion:1:portion",,,"1","False"
