scoop_item_name,scoop_item_id,destination_unit,scoop_name,factor,conversion_chain,qty_in_grams,qty_in_ml,qty_in_piece,unused
"aaata","1","gm","aaata_gm_in","1","gm:1:gm","1","NULL","NULL","False"
"aaata","1","gm","aaata_gm_inventory","1","gm:1:gm","1","NULL","NULL","False"
"aaata","1","gm","aaata_gm_out","1","gm:1:gm","1","NULL","NULL","False"
"aaata","1","gm","aaata_gm_reciepe","1","gm:1:gm","1","NULL","NULL","False"
"aaata","1","gm","aaata_kg_in","1000","kg:1000:gm","1000","NULL","NULL","False"
"aaata","1","gm","aaata_kg_out","500","kg:1000:gm","1000","NULL","NULL","False"
"aaata","1","gm","aaata_kg_reciepe","1","kg:1000:gm","1000",,,"False"
"aaata","1","ml","aaata_ltr_reciepe","1","ltr:1000:ml",,"1000",,"False"
"aaata","1","ml","aaata_ml_in","1","ml:1:ml","NULL","1","NULL","False"
"aaata","1","ml","aaata_ml_out","1","ml:1:ml","NULL","1","NULL","False"
"aaata","1","ml","aaata_ml_reciepe","1","ml:1:ml",,"1",,"False"
"aaata","1","other","aaata_other_in","1","NULL","NULL","NULL","1","False"
"aaata","1","piece","aaata_piece_in","1","piece:1:piece","NULL","NULL","1","False"
"aaata","1","piece","aaata_piece_out","1","piece:1:piece","NULL","NULL","1","False"
"aaata","1","piece","aaata_piece_reciepe","1","piece:1:piece",,,"1","False"
"aaata","1","gm","aaata_pkt_in","500","pkt:500:gm","500","NULL","NULL","False"
"aaata","1","gm","aaata_pkt_out","500","pkt:500:gm","500","NULL","NULL","False"
"aaata","1","gm","aaata_pkt_reciepe","1","pkt:500:gm","500",,,"False"
"aata","1","gm","aata_bag_in","25000","BAG:25:kg|kg:1000:gm","25000","NULL","NULL","False"
"aata","1","gm","aata_gm_in","1","gm:1:gm","1","NULL","NULL","False"
"aata","1","gm","aata_gm_inventory","1","gm:1:gm","1","NULL","NULL","False"
"aata","1","gm","aata_gm_out","1","gm:1:gm","1","NULL","NULL","False"
"aata","1","gm","aata_gm_reciepe","1","gm:1:gm","1","NULL","NULL","False"
"aata","1","gm","aata_kg_in","1000","kg:1000:gm","1000","NULL","NULL","False"
"aata","1","gm","aata_kg_out","500","kg:1000:gm","1000","NULL","NULL","False"
"aata","1","gm","aata_kg_reciepe","1","kg:1000:gm","1000",,,"False"
"aata","1","ml","aata_ltr_reciepe","1","ltr:1000:ml",,"1000",,"False"
"aata","1","ml","aata_ml_in","1","ml:1:ml","NULL","1","NULL","False"
"aata","1","ml","aata_ml_out","1","ml:1:ml","NULL","1","NULL","False"
"aata","1","ml","aata_ml_reciepe","1","ml:1:ml",,"1",,"False"
"aata","1","other","aata_other_in","1","NULL","NULL","NULL","1","False"
"aata","1","piece","aata_piece_in","1","piece:1:piece","NULL","NULL","1","False"
"aata","1","piece","aata_piece_out","1","piece:1:piece","NULL","NULL","1","False"
"aata","1","piece","aata_piece_reciepe","1","piece:1:piece",,,"1","False"
"aata","1","gm","aata_pkt_in","500","pkt:500:gm","500","NULL","NULL","False"
"aata","1","gm","aata_pkt_out","500","pkt:500:gm","500","NULL","NULL","False"
"aata","1","gm","aata_pkt_reciepe","1","pkt:500:gm","500",,,"False"
"ajinomoto","40","gm","ajinomoto_gm_in","1","gm:1:gm","1","NULL","NULL","False"
"ajinomoto","40","gm","ajinomoto_gm_inventory","1","gm:1:gm","1","NULL","NULL","False"
"ajinomoto","40","gm","ajinomoto_gm_out","1","gm:1:gm","1","NULL","NULL","False"
"ajinomoto","40","gm","ajinomoto_gm_reciepe","1","gm:1:gm","1","NULL","NULL","False"
"ajinomoto","40","gm","ajinomoto_kg_in","1000","kg:1000:gm","1000","NULL","NULL","False"
"ajinomoto","40","gm","ajinomoto_kg_out","500","kg:1000:gm","1000","NULL","NULL","False"
"ajinomoto","40","gm","ajinomoto_kg_reciepe","1","kg:1000:gm","1000",,,"False"
"ajinomoto","40","ml","ajinomoto_ltr_reciepe","1","ltr:1000:ml",,"1000",,"False"
"ajinomoto","40","ml","ajinomoto_ml_in","1","ml:1:ml","NULL","1","NULL","False"
"ajinomoto","40","ml","ajinomoto_ml_out","1","ml:1:ml","NULL","1","NULL","False"
"ajinomoto","40","ml","ajinomoto_ml_reciepe","1","ml:1:ml",,"1",,"False"
"ajinomoto","40","other","ajinomoto_other_in","1","NULL","NULL","NULL","1","False"
"ajinomoto","40","piece","ajinomoto_piece_in","1","piece:1:piece","NULL","NULL","1","False"
"ajinomoto","40","piece","ajinomoto_piece_out","1","piece:1:piece","NULL","NULL","1","False"
"ajinomoto","40","piece","ajinomoto_piece_reciepe","1","piece:1:piece",,,"1","False"
"ajinomoto","40","gm","ajinomoto_pkt_in","500","pkt:500:gm","500","NULL","NULL","False"
"ajinomoto","40","gm","ajinomoto_pkt_out","500","pkt:500:gm","500","NULL","NULL","False"
"ajinomoto","40","gm","ajinomoto_pkt_reciepe","1","pkt:500:gm","500",,,"False"
"AJWAIN","112B","gm","AJWAIN_gm_in","1","gm:1:gm","1","NULL","NULL","False"
"AJWAIN","112B","gm","AJWAIN_gm_inventory","1","gm:1:gm","1","NULL","NULL","False"
"AJWAIN","112B","gm","AJWAIN_gm_out","1","gm:1:gm","1","NULL","NULL","False"
"AJWAIN","112B","gm","AJWAIN_gm_reciepe","1","gm:1:gm","1","NULL","NULL","False"
"AJWAIN","112B","gm","AJWAIN_kg_in","1000","kg:1000:gm","1000","NULL","NULL","False"
"AJWAIN","112B","gm","AJWAIN_kg_out","500","kg:1000:gm","1000","NULL","NULL","False"
"AJWAIN","112B","gm","AJWAIN_kg_reciepe","1","kg:1000:gm","1000",,,"False"
"AJWAIN","112B","ml","AJWAIN_ltr_reciepe","1","ltr:1000:ml",,"1000",,"False"
"AJWAIN","112B","ml","AJWAIN_ml_in","1","ml:1:ml","NULL","1","NULL","False"
"AJWAIN","112B","ml","AJWAIN_ml_out","1","ml:1:ml","NULL","1","NULL","False"
"AJWAIN","112B","ml","AJWAIN_ml_reciepe","1","ml:1:ml",,"1",,"False"
"AJWAIN","112B","other","AJWAIN_other_in","1","NULL","NULL","NULL","1","False"
"AJWAIN","112B","piece","AJWAIN_piece_in","1","piece:1:piece","NULL","NULL","1","False"
"AJWAIN","112B","piece","AJWAIN_piece_out","1","piece:1:piece","NULL","NULL","1","False"
"AJWAIN","112B","piece","AJWAIN_piece_reciepe","1","piece:1:piece",,,"1","False"
"AJWAIN","112B","gm","AJWAIN_pkt_in","500","pkt:500:gm","500","NULL","NULL","False"
"AJWAIN","112B","gm","AJWAIN_pkt_out","500","pkt:500:gm","500","NULL","NULL","False"
"AJWAIN","112B","gm","AJWAIN_pkt_reciepe","1","pkt:500:gm","500",,,"False"
"ALL SPICES","OT1","gm","ALL SPICES_gm_in","1","gm:1:gm","1",,,"False"
"ALL SPICES","OT1","gm","ALL SPICES_gm_inventory","1","gm:1:gm","1",,,"False"
"ALL SPICES","OT1","gm","ALL SPICES_gm_out","1","gm:1:gm","1",,,"False"
"ALL SPICES","OT1","gm","ALL SPICES_gm_reciepe","1","gm:1:gm","1",,,"False"
"ALL SPICES","OT1","gm","ALL SPICES_kg_in","1000","kg:1000:gm","1000",,,"False"
"ALL SPICES","OT1","gm","ALL SPICES_kg_out","500","kg:1000:gm","1000",,,"False"
"ALL SPICES","OT1","gm","ALL SPICES_kg_reciepe","1","kg:1000:gm","1000",,,"False"
"ALL SPICES","OT1","ml","ALL SPICES_ltr_reciepe","1","ltr:1000:ml",,"1000",,"False"
"ALL SPICES","OT1","ml","ALL SPICES_ml_in","1","ml:1:ml",,"1",,"False"
"ALL SPICES","OT1","ml","ALL SPICES_ml_out","1","ml:1:ml",,"1",,"False"
"ALL SPICES","OT1","ml","ALL SPICES_ml_reciepe","1","ml:1:ml",,"1",,"False"
"ALL SPICES","OT1","other","ALL SPICES_other_in","1",,,,"1","False"
"ALL SPICES","OT1","piece","ALL SPICES_piece_in","1","piece:1:piece",,,"1","False"
"ALL SPICES","OT1","piece","ALL SPICES_piece_out","1","piece:1:piece",,,"1","False"
"ALL SPICES","OT1","piece","ALL SPICES_piece_reciepe","1","piece:1:piece",,,"1","False"
"ALL SPICES","OT1","gm","ALL SPICES_pkt_in","500","pkt:500:gm","500",,,"False"
"ALL SPICES","OT1","gm","ALL SPICES_pkt_out","500","pkt:500:gm","500",,,"False"
"ALL SPICES","OT1","gm","ALL SPICES_pkt_reciepe","1","pkt:500:gm","500",,,"False"
"aloo tikki","77A","gm","aloo tikki_gm_in","1","gm:1:gm","1","NULL","NULL","False"
"aloo tikki","77A","gm","aloo tikki_gm_inventory","1","gm:1:gm","1","NULL","NULL","False"
"aloo tikki","77A","gm","aloo tikki_gm_out","1","gm:1:gm","1","NULL","NULL","False"
"aloo tikki","77A","gm","aloo tikki_gm_reciepe","1","gm:1:gm","1","NULL","NULL","False"
"aloo tikki","77A","gm","aloo tikki_kg_in","1000","kg:1000:gm","1000","NULL","NULL","False"
"aloo tikki","77A","gm","aloo tikki_kg_out","500","kg:1000:gm","1000","NULL","NULL","False"
"aloo tikki","77A","gm","aloo tikki_kg_reciepe","1","kg:1000:gm","1000",,,"False"
"aloo tikki","77A","ml","aloo tikki_ltr_reciepe","1","ltr:1000:ml",,"1000",,"False"
"aloo tikki","77A","ml","aloo tikki_ml_in","1","ml:1:ml","NULL","1","NULL","False"
"aloo tikki","77A","ml","aloo tikki_ml_out","1","ml:1:ml","NULL","1","NULL","False"
"aloo tikki","77A","ml","aloo tikki_ml_reciepe","1","ml:1:ml",,"1",,"False"
"aloo tikki","77A","other","aloo tikki_other_in","1","NULL","NULL","NULL","1","False"
"aloo tikki","77A","piece","aloo tikki_piece_in","1","piece:1:piece","NULL","NULL","1","False"
"aloo tikki","77A","piece","aloo tikki_piece_out","1","piece:1:piece","NULL","NULL","1","False"
"aloo tikki","77A","piece","aloo tikki_piece_reciepe","1","piece:1:piece",,,"1","False"
"aloo tikki","77A","gm","aloo tikki_pkt_in","500","pkt:500:gm","500","NULL","NULL","False"
"aloo tikki","77A","gm","aloo tikki_pkt_out","500","pkt:500:gm","500","NULL","NULL","False"
"aloo tikki","77A","gm","aloo tikki_pkt_reciepe","1","pkt:500:gm","500",,,"False"
"AMUL BUTTER","72","portion","AMUL BUTTER_1_portion","1","NULL","NULL","NULL","1","False"
"amul butter","72","gm","amul butter_gm_in","1","gm:1:gm","1","NULL","NULL","False"
"amul butter","72","gm","amul butter_gm_inventory","1","gm:1:gm","1","NULL","NULL","False"
"amul butter","72","gm","amul butter_gm_out","1","gm:1:gm","1","NULL","NULL","False"
"amul butter","72","gm","amul butter_gm_reciepe","1","gm:1:gm","1","NULL","NULL","False"
"amul butter","72","gm","amul butter_kg_in","1000","kg:1000:gm","1000","NULL","NULL","False"
"amul butter","72","gm","amul butter_kg_out","500","kg:1000:gm","1000","NULL","NULL","False"
"amul butter","72","gm","amul butter_kg_reciepe","1","kg:1000:gm","1000",,,"False"
"amul butter","72","ml","amul butter_ltr_reciepe","1","ltr:1000:ml",,"1000",,"False"
"amul butter","72","ml","amul butter_ml_in","1","ml:1:ml","NULL","1","NULL","False"
"amul butter","72","ml","amul butter_ml_out","1","ml:1:ml","NULL","1","NULL","False"
"amul butter","72","ml","amul butter_ml_reciepe","1","ml:1:ml",,"1",,"False"
"amul butter","72","other","amul butter_other_in","1","NULL","NULL","NULL","1","False"
"amul butter","72","piece","amul butter_piece_in","1","piece:1:piece","NULL","NULL","1","False"
"amul butter","72","piece","amul butter_piece_out","1","piece:1:piece","NULL","NULL","1","False"
"amul butter","72","piece","amul butter_piece_reciepe","1","piece:1:piece",,,"1","False"
"amul butter","72","gm","amul butter_pkt_in","500","pkt:500:gm","500","NULL","NULL","False"
"amul butter","72","gm","amul butter_pkt_out","500","pkt:500:gm","500","NULL","NULL","False"
"amul butter","72","gm","amul butter_pkt_reciepe","1","pkt:500:gm","500",,,"False"
"AMUL CREAM","76","gm","AMUL CREAM_gm_in","1","gm:1:gm","1","NULL","NULL","False"
"AMUL CREAM","76","gm","AMUL CREAM_gm_inventory","1","gm:1:gm","1","NULL","NULL","False"
"AMUL CREAM","76","gm","AMUL CREAM_gm_out","1","gm:1:gm","1","NULL","NULL","False"
"AMUL CREAM","76","gm","AMUL CREAM_gm_reciepe","1","gm:1:gm","1","NULL","NULL","False"
"AMUL CREAM","76","gm","AMUL CREAM_kg_in","1000","kg:1000:gm","1000","NULL","NULL","False"
"AMUL CREAM","76","gm","AMUL CREAM_kg_out","500","kg:1000:gm","1000","NULL","NULL","False"
"AMUL CREAM","76","gm","AMUL CREAM_kg_reciepe","1","kg:1000:gm","1000",,,"False"
"AMUL CREAM","76","ml","AMUL CREAM_ltr_reciepe","1","ltr:1000:ml",,"1000",,"False"
"AMUL CREAM","76","ml","AMUL CREAM_ml_in","1","ml:1:ml","NULL","1","NULL","False"
"AMUL CREAM","76","ml","AMUL CREAM_ml_out","1","ml:1:ml","NULL","1","NULL","False"
"AMUL CREAM","76","ml","AMUL CREAM_ml_reciepe","1","ml:1:ml",,"1",,"False"
"AMUL CREAM","76","other","AMUL CREAM_other_in","1","NULL","NULL","NULL","1","False"
"AMUL CREAM","76","piece","AMUL CREAM_piece_in","1","piece:1:piece","NULL","NULL","1","False"
"AMUL CREAM","76","piece","AMUL CREAM_piece_out","1","piece:1:piece","NULL","NULL","1","False"
"AMUL CREAM","76","piece","AMUL CREAM_piece_reciepe","1","piece:1:piece",,,"1","False"
"AMUL CREAM","76","gm","AMUL CREAM_pkt_in","500","pkt:500:gm","500","NULL","NULL","False"
"AMUL CREAM","76","gm","AMUL CREAM_pkt_out","500","pkt:500:gm","500","NULL","NULL","False"
"AMUL CREAM","76","gm","AMUL CREAM_pkt_reciepe","1","pkt:500:gm","500",,,"False"
"BADI ELAICHI","33A","gm","BADI ELAICHI_gm_in","1","gm:1:gm","1",,,"False"
"BADI ELAICHI","33A","gm","BADI ELAICHI_gm_inventory","1","gm:1:gm","1",,,"False"
"BADI ELAICHI","33A","gm","BADI ELAICHI_gm_out","1","gm:1:gm","1",,,"False"
"BADI ELAICHI","33A","gm","BADI ELAICHI_gm_reciepe","1","gm:1:gm","1",,,"False"
"BADI ELAICHI","33A","gm","BADI ELAICHI_kg_in","1000","kg:1000:gm","1000",,,"False"
"BADI ELAICHI","33A","gm","BADI ELAICHI_kg_out","500","kg:1000:gm","1000",,,"False"
"BADI ELAICHI","33A","gm","BADI ELAICHI_kg_reciepe","1","kg:1000:gm","1000",,,"False"
"BADI ELAICHI","33A","ml","BADI ELAICHI_ltr_reciepe","1","ltr:1000:ml",,"1000",,"False"
"BADI ELAICHI","33A","ml","BADI ELAICHI_ml_in","1","ml:1:ml",,"1",,"False"
"BADI ELAICHI","33A","ml","BADI ELAICHI_ml_out","1","ml:1:ml",,"1",,"False"
"BADI ELAICHI","33A","ml","BADI ELAICHI_ml_reciepe","1","ml:1:ml",,"1",,"False"
"BADI ELAICHI","33A","other","BADI ELAICHI_other_in","1",,,,"1","False"
"BADI ELAICHI","33A","piece","BADI ELAICHI_piece_in","1","piece:1:piece",,,"1","False"
"BADI ELAICHI","33A","piece","BADI ELAICHI_piece_out","1","piece:1:piece",,,"1","False"
"BADI ELAICHI","33A","piece","BADI ELAICHI_piece_reciepe","1","piece:1:piece",,,"1","False"
"BADI ELAICHI","33A","gm","BADI ELAICHI_pkt_in","500","pkt:500:gm","500",,,"False"
"BADI ELAICHI","33A","gm","BADI ELAICHI_pkt_out","500","pkt:500:gm","500",,,"False"
"BADI ELAICHI","33A","gm","BADI ELAICHI_pkt_reciepe","1","pkt:500:gm","500",,,"False"
"Basil","V16","gm","Basil_gm_in","1","gm:1:gm","1","NULL","NULL","False"
"Basil","V16","gm","Basil_gm_out","1","gm:1:gm","1","NULL","NULL","False"
"Basil","V16","gm","Basil_gm_reciepe","1","gm:1:gm","1","NULL","NULL","False"
"Basil","V16","gm","Basil_kg_reciepe","1","kg:1000:gm","1000",,,"False"
"Basil","V16","ml","Basil_ltr_reciepe","1","ltr:1000:ml",,"1000",,"False"
"Basil","V16","ml","Basil_ml_reciepe","1","ml:1:ml",,"1",,"False"
"Basil","V16","piece","Basil_piece_reciepe","1","piece:1:piece",,,"1","False"
"Basil","V16","gm","Basil_pkt_reciepe","1","pkt:500:gm","500",,,"False"
"Bay leaves","BL1","gm","Bay leaves_gm_in","1","gm:1:gm","1",,,"False"
"Bay leaves","BL1","gm","Bay leaves_gm_inventory","1","gm:1:gm","1",,,"False"
"Bay leaves","BL1","gm","Bay leaves_gm_out","1","gm:1:gm","1",,,"False"
"Bay leaves","BL1","gm","Bay leaves_gm_reciepe","1","gm:1:gm","1",,,"False"
"Bay leaves","BL1","gm","Bay leaves_kg_in","1000","kg:1000:gm","1000",,,"False"
"Bay leaves","BL1","gm","Bay leaves_kg_out","500","kg:1000:gm","1000",,,"False"
"Bay leaves","BL1","gm","Bay leaves_kg_reciepe","1","kg:1000:gm","1000",,,"False"
"Bay leaves","BL1","ml","Bay leaves_ltr_reciepe","1","ltr:1000:ml",,"1000",,"False"
"Bay leaves","BL1","ml","Bay leaves_ml_in","1","ml:1:ml",,"1",,"False"
"Bay leaves","BL1","ml","Bay leaves_ml_out","1","ml:1:ml",,"1",,"False"
"Bay leaves","BL1","ml","Bay leaves_ml_reciepe","1","ml:1:ml",,"1",,"False"
"Bay leaves","BL1","other","Bay leaves_other_in","1",,,,"1","False"
"Bay leaves","BL1","piece","Bay leaves_piece_in","1","piece:1:piece",,,"1","False"
"Bay leaves","BL1","piece","Bay leaves_piece_out","1","piece:1:piece",,,"1","False"
"Bay leaves","BL1","piece","Bay leaves_piece_reciepe","1","piece:1:piece",,,"1","False"
"Bay leaves","BL1","gm","Bay leaves_pkt_in","500","pkt:500:gm","500",,,"False"
"Bay leaves","BL1","gm","Bay leaves_pkt_out","500","pkt:500:gm","500",,,"False"
"Bay leaves","BL1","gm","Bay leaves_pkt_reciepe","1","pkt:500:gm","500",,,"False"
"Beans","V5","gm","Beans_gm_in","1","gm:1:gm","1","NULL","NULL","False"
"Beans","V5","gm","Beans_gm_out","1","gm:1:gm","1","NULL","NULL","False"
"Beans","V5","gm","Beans_gm_reciepe","1","gm:1:gm","1","NULL","NULL","False"
"Beans","V5","gm","Beans_kg_reciepe","1","kg:1000:gm","1000",,,"False"
"Beans","V5","ml","Beans_ltr_reciepe","1","ltr:1000:ml",,"1000",,"False"
"Beans","V5","ml","Beans_ml_reciepe","1","ml:1:ml",,"1",,"False"
"Beans","V5","piece","Beans_piece_reciepe","1","piece:1:piece",,,"1","False"
"Beans","V5","gm","Beans_pkt_reciepe","1","pkt:500:gm","500",,,"False"
"BLACK MUNG DAL","17B","gm","BLACK MUNG DAL_gm_in","1","gm:1:gm","1","NULL","NULL","False"
"BLACK MUNG DAL","17B","gm","BLACK MUNG DAL_gm_inventory","1","gm:1:gm","1","NULL","NULL","False"
"BLACK MUNG DAL","17B","gm","BLACK MUNG DAL_gm_out","1","gm:1:gm","1","NULL","NULL","False"
"BLACK MUNG DAL","17B","gm","BLACK MUNG DAL_gm_reciepe","1","gm:1:gm","1","NULL","NULL","False"
"BLACK MUNG DAL","17B","gm","BLACK MUNG DAL_kg_in","1000","kg:1000:gm","1000","NULL","NULL","False"
"BLACK MUNG DAL","17B","gm","BLACK MUNG DAL_kg_out","500","kg:1000:gm","1000","NULL","NULL","False"
"BLACK MUNG DAL","17B","gm","BLACK MUNG DAL_kg_reciepe","1","kg:1000:gm","1000",,,"False"
"BLACK MUNG DAL","17B","ml","BLACK MUNG DAL_ltr_reciepe","1","ltr:1000:ml",,"1000",,"False"
"BLACK MUNG DAL","17B","ml","BLACK MUNG DAL_ml_in","1","ml:1:ml","NULL","1","NULL","False"
"BLACK MUNG DAL","17B","ml","BLACK MUNG DAL_ml_out","1","ml:1:ml","NULL","1","NULL","False"
"BLACK MUNG DAL","17B","ml","BLACK MUNG DAL_ml_reciepe","1","ml:1:ml",,"1",,"False"
"BLACK MUNG DAL","17B","other","BLACK MUNG DAL_other_in","1","NULL","NULL","NULL","1","False"
"BLACK MUNG DAL","17B","piece","BLACK MUNG DAL_piece_in","1","piece:1:piece","NULL","NULL","1","False"
"BLACK MUNG DAL","17B","piece","BLACK MUNG DAL_piece_out","1","piece:1:piece","NULL","NULL","1","False"
"BLACK MUNG DAL","17B","piece","BLACK MUNG DAL_piece_reciepe","1","piece:1:piece",,,"1","False"
"BLACK MUNG DAL","17B","gm","BLACK MUNG DAL_pkt_in","500","pkt:500:gm","500","NULL","NULL","False"
"BLACK MUNG DAL","17B","gm","BLACK MUNG DAL_pkt_out","500","pkt:500:gm","500","NULL","NULL","False"
"BLACK MUNG DAL","17B","gm","BLACK MUNG DAL_pkt_reciepe","1","pkt:500:gm","500",,,"False"
"black pepper","39B","gm","black pepper_gm_in","1","gm:1:gm","1","NULL","NULL","False"
"black pepper","39B","gm","black pepper_gm_inventory","1","gm:1:gm","1","NULL","NULL","False"
"black pepper","39B","gm","black pepper_gm_out","1","gm:1:gm","1","NULL","NULL","False"
"black pepper","39B","gm","black pepper_gm_reciepe","1","gm:1:gm","1","NULL","NULL","False"
"black pepper","39B","gm","black pepper_kg_in","1000","kg:1000:gm","1000","NULL","NULL","False"
"black pepper","39B","gm","black pepper_kg_out","500","kg:1000:gm","1000","NULL","NULL","False"
"black pepper","39B","gm","black pepper_kg_reciepe","1","kg:1000:gm","1000",,,"False"
"black pepper","39B","ml","black pepper_ltr_reciepe","1","ltr:1000:ml",,"1000",,"False"
"black pepper","39B","ml","black pepper_ml_in","1","ml:1:ml","NULL","1","NULL","False"
"black pepper","39B","ml","black pepper_ml_out","1","ml:1:ml","NULL","1","NULL","False"
"black pepper","39B","ml","black pepper_ml_reciepe","1","ml:1:ml",,"1",,"False"
"black pepper","39B","other","black pepper_other_in","1","NULL","NULL","NULL","1","False"
"black pepper","39B","piece","black pepper_piece_in","1","piece:1:piece","NULL","NULL","1","False"
"black pepper","39B","piece","black pepper_piece_out","1","piece:1:piece","NULL","NULL","1","False"
"black pepper","39B","piece","black pepper_piece_reciepe","1","piece:1:piece",,,"1","False"
"black pepper","39B","gm","black pepper_pkt_in","500","pkt:500:gm","500","NULL","NULL","False"
"black pepper","39B","gm","black pepper_pkt_out","500","pkt:500:gm","500","NULL","NULL","False"
"black pepper","39B","gm","black pepper_pkt_reciepe","1","pkt:500:gm","500",,,"False"
"BLUBERRY CRUSH","58B","gm","BLUBERRY CRUSH_gm_in","1","gm:1:gm","1","NULL","NULL","False"
"BLUBERRY CRUSH","58B","gm","BLUBERRY CRUSH_gm_inventory","1","gm:1:gm","1","NULL","NULL","False"
"BLUBERRY CRUSH","58B","gm","BLUBERRY CRUSH_gm_out","1","gm:1:gm","1","NULL","NULL","False"
"BLUBERRY CRUSH","58B","gm","BLUBERRY CRUSH_gm_reciepe","1","gm:1:gm","1","NULL","NULL","False"
"BLUBERRY CRUSH","58B","gm","BLUBERRY CRUSH_kg_in","1000","kg:1000:gm","1000","NULL","NULL","False"
"BLUBERRY CRUSH","58B","gm","BLUBERRY CRUSH_kg_out","500","kg:1000:gm","1000","NULL","NULL","False"
"BLUBERRY CRUSH","58B","gm","BLUBERRY CRUSH_kg_reciepe","1","kg:1000:gm","1000",,,"False"
"BLUBERRY CRUSH","58B","ml","BLUBERRY CRUSH_ltr_reciepe","1","ltr:1000:ml",,"1000",,"False"
"BLUBERRY CRUSH","58B","ml","BLUBERRY CRUSH_ml_in","1","ml:1:ml","NULL","1","NULL","False"
"BLUBERRY CRUSH","58B","ml","BLUBERRY CRUSH_ml_out","1","ml:1:ml","NULL","1","NULL","False"
"BLUBERRY CRUSH","58B","ml","BLUBERRY CRUSH_ml_reciepe","1","ml:1:ml",,"1",,"False"
"BLUBERRY CRUSH","58B","other","BLUBERRY CRUSH_other_in","1","NULL","NULL","NULL","1","False"
"BLUBERRY CRUSH","58B","piece","BLUBERRY CRUSH_piece_in","1","piece:1:piece","NULL","NULL","1","False"
"BLUBERRY CRUSH","58B","piece","BLUBERRY CRUSH_piece_out","1","piece:1:piece","NULL","NULL","1","False"
"BLUBERRY CRUSH","58B","piece","BLUBERRY CRUSH_piece_reciepe","1","piece:1:piece",,,"1","False"
"BLUBERRY CRUSH","58B","gm","BLUBERRY CRUSH_pkt_in","500","pkt:500:gm","500","NULL","NULL","False"
"BLUBERRY CRUSH","58B","gm","BLUBERRY CRUSH_pkt_out","500","pkt:500:gm","500","NULL","NULL","False"
"BLUBERRY CRUSH","58B","gm","BLUBERRY CRUSH_pkt_reciepe","1","pkt:500:gm","500",,,"False"
"blue coroco","57B","gm","blue coroco_gm_in","1","gm:1:gm","1","NULL","NULL","False"
"blue coroco","57B","gm","blue coroco_gm_inventory","1","gm:1:gm","1","NULL","NULL","False"
"blue coroco","57B","gm","blue coroco_gm_out","1","gm:1:gm","1","NULL","NULL","False"
"blue coroco","57B","gm","blue coroco_gm_reciepe","1","gm:1:gm","1","NULL","NULL","False"
"blue coroco","57B","gm","blue coroco_kg_in","1000","kg:1000:gm","1000","NULL","NULL","False"
"blue coroco","57B","gm","blue coroco_kg_out","500","kg:1000:gm","1000","NULL","NULL","False"
"blue coroco","57B","gm","blue coroco_kg_reciepe","1","kg:1000:gm","1000",,,"False"
"blue coroco","57B","ml","blue coroco_ltr_reciepe","1","ltr:1000:ml",,"1000",,"False"
"blue coroco","57B","ml","blue coroco_ml_in","1","ml:1:ml","NULL","1","NULL","False"
"blue coroco","57B","ml","blue coroco_ml_out","1","ml:1:ml","NULL","1","NULL","False"
"blue coroco","57B","ml","blue coroco_ml_reciepe","1","ml:1:ml",,"1",,"False"
"blue coroco","57B","other","blue coroco_other_in","1","NULL","NULL","NULL","1","False"
"blue coroco","57B","piece","blue coroco_piece_in","1","piece:1:piece","NULL","NULL","1","False"
"blue coroco","57B","piece","blue coroco_piece_out","1","piece:1:piece","NULL","NULL","1","False"
"blue coroco","57B","piece","blue coroco_piece_reciepe","1","piece:1:piece",,,"1","False"
"blue coroco","57B","gm","blue coroco_pkt_in","500","pkt:500:gm","500","NULL","NULL","False"
"blue coroco","57B","gm","blue coroco_pkt_out","500","pkt:500:gm","500","NULL","NULL","False"
"blue coroco","57B","gm","blue coroco_pkt_reciepe","1","pkt:500:gm","500",,,"False"
"boondi","28B","gm","boondi_gm_in","1","gm:1:gm","1","NULL","NULL","False"
"boondi","28B","gm","boondi_gm_inventory","1","gm:1:gm","1","NULL","NULL","False"
"boondi","28B","gm","boondi_gm_out","1","gm:1:gm","1","NULL","NULL","False"
"boondi","28B","gm","boondi_gm_reciepe","1","gm:1:gm","1","NULL","NULL","False"
"boondi","28B","gm","boondi_kg_in","1000","kg:1000:gm","1000","NULL","NULL","False"
"boondi","28B","gm","boondi_kg_out","500","kg:1000:gm","1000","NULL","NULL","False"
"boondi","28B","gm","boondi_kg_reciepe","1","kg:1000:gm","1000",,,"False"
"boondi","28B","ml","boondi_ltr_reciepe","1","ltr:1000:ml",,"1000",,"False"
"boondi","28B","ml","boondi_ml_in","1","ml:1:ml","NULL","1","NULL","False"
"boondi","28B","ml","boondi_ml_out","1","ml:1:ml","NULL","1","NULL","False"
"boondi","28B","ml","boondi_ml_reciepe","1","ml:1:ml",,"1",,"False"
"boondi","28B","other","boondi_other_in","1","NULL","NULL","NULL","1","False"
"boondi","28B","piece","boondi_piece_in","1","piece:1:piece","NULL","NULL","1","False"
"boondi","28B","piece","boondi_piece_out","1","piece:1:piece","NULL","NULL","1","False"
"boondi","28B","piece","boondi_piece_reciepe","1","piece:1:piece",,,"1","False"
"boondi","28B","gm","boondi_pkt_in","500","pkt:500:gm","500","NULL","NULL","False"
"boondi","28B","gm","boondi_pkt_out","500","pkt:500:gm","500","NULL","NULL","False"
"boondi","28B","gm","boondi_pkt_reciepe","1","pkt:500:gm","500",,,"False"
"bread crum","29A","gm","bread crum_gm_in","1","gm:1:gm","1","NULL","NULL","False"
"bread crum","29A","gm","bread crum_gm_inventory","1","gm:1:gm","1","NULL","NULL","False"
"bread crum","29A","gm","bread crum_gm_out","1","gm:1:gm","1","NULL","NULL","False"
"bread crum","29A","gm","bread crum_gm_reciepe","1","gm:1:gm","1","NULL","NULL","False"
"bread crum","29A","gm","bread crum_kg_in","1000","kg:1000:gm","1000","NULL","NULL","False"
"bread crum","29A","gm","bread crum_kg_out","500","kg:1000:gm","1000","NULL","NULL","False"
"bread crum","29A","gm","bread crum_kg_reciepe","1","kg:1000:gm","1000",,,"False"
"bread crum","29A","ml","bread crum_ltr_reciepe","1","ltr:1000:ml",,"1000",,"False"
"bread crum","29A","ml","bread crum_ml_in","1","ml:1:ml","NULL","1","NULL","False"
"bread crum","29A","ml","bread crum_ml_out","1","ml:1:ml","NULL","1","NULL","False"
"bread crum","29A","ml","bread crum_ml_reciepe","1","ml:1:ml",,"1",,"False"
"bread crum","29A","other","bread crum_other_in","1","NULL","NULL","NULL","1","False"
"bread crum","29A","piece","bread crum_piece_in","1","piece:1:piece","NULL","NULL","1","False"
"bread crum","29A","piece","bread crum_piece_out","1","piece:1:piece","NULL","NULL","1","False"
"bread crum","29A","piece","bread crum_piece_reciepe","1","piece:1:piece",,,"1","False"
"bread crum","29A","gm","bread crum_pkt_in","500","pkt:500:gm","500","NULL","NULL","False"
"bread crum","29A","gm","bread crum_pkt_out","500","pkt:500:gm","500","NULL","NULL","False"
"bread crum","29A","gm","bread crum_pkt_reciepe","1","pkt:500:gm","500",,,"False"
"bread crums","29A","gm","bread crums_gm_in","1","gm:1:gm","1","NULL","NULL","False"
"bread crums","29A","gm","bread crums_gm_inventory","1","gm:1:gm","1","NULL","NULL","False"
"bread crums","29A","gm","bread crums_gm_out","1","gm:1:gm","1","NULL","NULL","False"
"bread crums","29A","gm","bread crums_gm_reciepe","1","gm:1:gm","1","NULL","NULL","False"
"bread crums","29A","gm","bread crums_kg_in","1000","kg:1000:gm","1000","NULL","NULL","False"
"bread crums","29A","gm","bread crums_kg_out","500","kg:1000:gm","1000","NULL","NULL","False"
"bread crums","29A","gm","bread crums_kg_reciepe","1","kg:1000:gm","1000",,,"False"
"bread crums","29A","ml","bread crums_ltr_reciepe","1","ltr:1000:ml",,"1000",,"False"
"bread crums","29A","ml","bread crums_ml_in","1","ml:1:ml","NULL","1","NULL","False"
"bread crums","29A","ml","bread crums_ml_out","1","ml:1:ml","NULL","1","NULL","False"
"bread crums","29A","ml","bread crums_ml_reciepe","1","ml:1:ml",,"1",,"False"
"bread crums","29A","other","bread crums_other_in","1","NULL","NULL","NULL","1","False"
"bread crums","29A","piece","bread crums_piece_in","1","piece:1:piece","NULL","NULL","1","False"
"bread crums","29A","piece","bread crums_piece_out","1","piece:1:piece","NULL","NULL","1","False"
"bread crums","29A","piece","bread crums_piece_reciepe","1","piece:1:piece",,,"1","False"
"bread crums","29A","gm","bread crums_pkt_in","500","pkt:500:gm","500","NULL","NULL","False"
"bread crums","29A","gm","bread crums_pkt_out","500","pkt:500:gm","500","NULL","NULL","False"
"bread crums","29A","gm","bread crums_pkt_reciepe","1","pkt:500:gm","500",,,"False"
"Broccoli","V15","gm","Broccoli_gm_in","1","gm:1:gm","1","NULL","NULL","False"
"Broccoli","V15","gm","Broccoli_gm_out","1","gm:1:gm","1","NULL","NULL","False"
"Broccoli","V15","gm","Broccoli_gm_reciepe","1","gm:1:gm","1","NULL","NULL","False"
"Broccoli","V15","gm","Broccoli_kg_reciepe","1","kg:1000:gm","1000",,,"False"
"Broccoli","V15","ml","Broccoli_ltr_reciepe","1","ltr:1000:ml",,"1000",,"False"
"Broccoli","V15","ml","Broccoli_ml_reciepe","1","ml:1:ml",,"1",,"False"
"Broccoli","V15","piece","Broccoli_piece_reciepe","1","piece:1:piece",,,"1","False"
"Broccoli","V15","gm","Broccoli_pkt_reciepe","1","pkt:500:gm","500",,,"False"
"BROWNIE","B4","gm","BROWNIE_gm_in","1","gm:1:gm","1",,,"False"
"BROWNIE","B4","gm","BROWNIE_gm_inventory","1","gm:1:gm","1",,,"False"
"BROWNIE","B4","gm","BROWNIE_gm_out","1","gm:1:gm","1",,,"False"
"BROWNIE","B4","gm","BROWNIE_gm_reciepe","1","gm:1:gm","1",,,"False"
"BROWNIE","B4","gm","BROWNIE_kg_in","1000","kg:1000:gm","1000",,,"False"
"BROWNIE","B4","gm","BROWNIE_kg_out","500","kg:1000:gm","1000",,,"False"
"BROWNIE","B4","gm","BROWNIE_kg_reciepe","1","kg:1000:gm","1000",,,"False"
"BROWNIE","B4","ml","BROWNIE_ltr_reciepe","1","ltr:1000:ml",,"1000",,"False"
"BROWNIE","B4","ml","BROWNIE_ml_in","1","ml:1:ml",,"1",,"False"
"BROWNIE","B4","ml","BROWNIE_ml_out","1","ml:1:ml",,"1",,"False"
"BROWNIE","B4","ml","BROWNIE_ml_reciepe","1","ml:1:ml",,"1",,"False"
"BROWNIE","B4","other","BROWNIE_other_in","1",,,,"1","False"
"BROWNIE","B4","piece","BROWNIE_piece_in","1","piece:1:piece",,,"1","False"
"BROWNIE","B4","piece","BROWNIE_piece_out","1","piece:1:piece",,,"1","False"
"BROWNIE","B4","piece","BROWNIE_piece_reciepe","1","piece:1:piece",,,"1","False"
"BROWNIE","B4","gm","BROWNIE_pkt_in","500","pkt:500:gm","500",,,"False"
"BROWNIE","B4","gm","BROWNIE_pkt_out","500","pkt:500:gm","500",,,"False"
"BROWNIE","B4","gm","BROWNIE_pkt_reciepe","1","pkt:500:gm","500",,,"False"
"BURGER BUN","B2","gm","BURGER BUN_gm_in","1","gm:1:gm","1",,,"False"
"BURGER BUN","B2","gm","BURGER BUN_gm_inventory","1","gm:1:gm","1",,,"False"
"BURGER BUN","B2","gm","BURGER BUN_gm_out","1","gm:1:gm","1",,,"False"
"BURGER BUN","B2","gm","BURGER BUN_gm_reciepe","1","gm:1:gm","1",,,"False"
"BURGER BUN","B2","gm","BURGER BUN_kg_in","1000","kg:1000:gm","1000",,,"False"
"BURGER BUN","B2","gm","BURGER BUN_kg_out","500","kg:1000:gm","1000",,,"False"
"BURGER BUN","B2","gm","BURGER BUN_kg_reciepe","1","kg:1000:gm","1000",,,"False"
"BURGER BUN","B2","ml","BURGER BUN_ltr_reciepe","1","ltr:1000:ml",,"1000",,"False"
"BURGER BUN","B2","ml","BURGER BUN_ml_in","1","ml:1:ml",,"1",,"False"
"BURGER BUN","B2","ml","BURGER BUN_ml_out","1","ml:1:ml",,"1",,"False"
"BURGER BUN","B2","ml","BURGER BUN_ml_reciepe","1","ml:1:ml",,"1",,"False"
"BURGER BUN","B2","other","BURGER BUN_other_in","1",,,,"1","False"
"BURGER BUN","B2","piece","BURGER BUN_piece_in","1","piece:1:piece",,,"1","False"
"BURGER BUN","B2","piece","BURGER BUN_piece_out","1","piece:1:piece",,,"1","False"
"BURGER BUN","B2","piece","BURGER BUN_piece_reciepe","1","piece:1:piece",,,"1","False"
"BURGER BUN","B2","gm","BURGER BUN_pkt_in","500","pkt:500:gm","500",,,"False"
"BURGER BUN","B2","gm","BURGER BUN_pkt_out","500","pkt:500:gm","500",,,"False"
"BURGER BUN","B2","gm","BURGER BUN_pkt_reciepe","1","pkt:500:gm","500",,,"False"
"butter","73","gm","butter_gm_in","1","gm:1:gm","1","NULL","NULL","False"
"butter","73","gm","butter_gm_inventory","1","gm:1:gm","1","NULL","NULL","False"
"butter","73","gm","butter_gm_out","1","gm:1:gm","1","NULL","NULL","False"
"butter","73","gm","butter_gm_reciepe","1","gm:1:gm","1","NULL","NULL","False"
"butter","73","gm","butter_kg_in","1000","kg:1000:gm","1000","NULL","NULL","False"
"butter","73","gm","butter_kg_out","500","kg:1000:gm","1000","NULL","NULL","False"
"butter","73","gm","butter_kg_reciepe","1","kg:1000:gm","1000",,,"False"
"butter","73","ml","butter_ltr_reciepe","1","ltr:1000:ml",,"1000",,"False"
"butter","73","ml","butter_ml_in","1","ml:1:ml","NULL","1","NULL","False"
"butter","73","ml","butter_ml_out","1","ml:1:ml","NULL","1","NULL","False"
"butter","73","ml","butter_ml_reciepe","1","ml:1:ml",,"1",,"False"
"butter","73","other","butter_other_in","1","NULL","NULL","NULL","1","False"
"butter","73","piece","butter_piece_in","1","piece:1:piece","NULL","NULL","1","False"
"butter","73","piece","butter_piece_out","1","piece:1:piece","NULL","NULL","1","False"
"butter","73","piece","butter_piece_reciepe","1","piece:1:piece",,,"1","False"
"butter","73","gm","butter_pkt_in","500","pkt:500:gm","500","NULL","NULL","False"
"butter","73","gm","butter_pkt_out","500","pkt:500:gm","500","NULL","NULL","False"
"butter","73","gm","butter_pkt_reciepe","1","pkt:500:gm","500",,,"False"
"Cabbage","V7","gm","Cabbage_gm_in","1","gm:1:gm","1","NULL","NULL","False"
"Cabbage","V7","gm","Cabbage_gm_out","1","gm:1:gm","1","NULL","NULL","False"
"Cabbage","V7","gm","Cabbage_gm_reciepe","1","gm:1:gm","1","NULL","NULL","False"
"Cabbage","V7","gm","Cabbage_kg_reciepe","1","kg:1000:gm","1000",,,"False"
"Cabbage","V7","ml","Cabbage_ltr_reciepe","1","ltr:1000:ml",,"1000",,"False"
"Cabbage","V7","ml","Cabbage_ml_reciepe","1","ml:1:ml",,"1",,"False"
"Cabbage","V7","piece","Cabbage_piece_reciepe","1","piece:1:piece",,,"1","False"
"Cabbage","V7","gm","Cabbage_pkt_reciepe","1","pkt:500:gm","500",,,"False"
"Capsicum","V1","gm","Capsicum_gm_in","1","gm:1:gm","1","NULL","NULL","False"
"Capsicum","V1","gm","Capsicum_gm_out","1","gm:1:gm","1","NULL","NULL","False"
"Capsicum","V1","gm","Capsicum_gm_reciepe","1","gm:1:gm","1","NULL","NULL","False"
"Capsicum","V1","gm","Capsicum_kg_reciepe","1","kg:1000:gm","1000",,,"False"
"Capsicum","V1","ml","Capsicum_ltr_reciepe","1","ltr:1000:ml",,"1000",,"False"
"Capsicum","V1","ml","Capsicum_ml_reciepe","1","ml:1:ml",,"1",,"False"
"Capsicum","V1","piece","Capsicum_piece_reciepe","1","piece:1:piece",,,"1","False"
"Capsicum","V1","gm","Capsicum_pkt_reciepe","1","pkt:500:gm","500",,,"False"
"Carrot","V4","gm","Carrot_gm_in","1","gm:1:gm","1","NULL","NULL","False"
"Carrot","V4","gm","Carrot_gm_out","1","gm:1:gm","1","NULL","NULL","False"
"Carrot","V4","gm","Carrot_gm_reciepe","1","gm:1:gm","1","NULL","NULL","False"
"Carrot","V4","gm","Carrot_kg_reciepe","1","kg:1000:gm","1000",,,"False"
"Carrot","V4","ml","Carrot_ltr_reciepe","1","ltr:1000:ml",,"1000",,"False"
"Carrot","V4","ml","Carrot_ml_reciepe","1","ml:1:ml",,"1",,"False"
"Carrot","V4","piece","Carrot_piece_reciepe","1","piece:1:piece",,,"1","False"
"Carrot","V4","gm","Carrot_pkt_reciepe","1","pkt:500:gm","500",,,"False"
"Cauliflower","V6","gm","Cauliflower_gm_in","1","gm:1:gm","1","NULL","NULL","False"
"Cauliflower","V6","gm","Cauliflower_gm_out","1","gm:1:gm","1","NULL","NULL","False"
"Cauliflower","V6","gm","Cauliflower_gm_reciepe","1","gm:1:gm","1","NULL","NULL","False"
"Cauliflower","V6","gm","Cauliflower_kg_reciepe","1","kg:1000:gm","1000",,,"False"
"Cauliflower","V6","ml","Cauliflower_ltr_reciepe","1","ltr:1000:ml",,"1000",,"False"
"Cauliflower","V6","ml","Cauliflower_ml_reciepe","1","ml:1:ml",,"1",,"False"
"Cauliflower","V6","piece","Cauliflower_piece_reciepe","1","piece:1:piece",,,"1","False"
"Cauliflower","V6","gm","Cauliflower_pkt_reciepe","1","pkt:500:gm","500",,,"False"
"chaat masala","21B","gm","chaat masala_gm_in","1","gm:1:gm","1","NULL","NULL","False"
"chaat masala","21B","gm","chaat masala_gm_inventory","1","gm:1:gm","1","NULL","NULL","False"
"chaat masala","21B","gm","chaat masala_gm_out","1","gm:1:gm","1","NULL","NULL","False"
"chaat masala","21B","gm","chaat masala_gm_reciepe","1","gm:1:gm","1","NULL","NULL","False"
"chaat masala","21B","gm","chaat masala_kg_in","1000","kg:1000:gm","1000","NULL","NULL","False"
"chaat masala","21B","gm","chaat masala_kg_out","500","kg:1000:gm","1000","NULL","NULL","False"
"chaat masala","21B","gm","chaat masala_kg_reciepe","1","kg:1000:gm","1000",,,"False"
"chaat masala","21B","ml","chaat masala_ltr_reciepe","1","ltr:1000:ml",,"1000",,"False"
"chaat masala","21B","ml","chaat masala_ml_in","1","ml:1:ml","NULL","1","NULL","False"
"chaat masala","21B","ml","chaat masala_ml_out","1","ml:1:ml","NULL","1","NULL","False"
"chaat masala","21B","ml","chaat masala_ml_reciepe","1","ml:1:ml",,"1",,"False"
"chaat masala","21B","other","chaat masala_other_in","1","NULL","NULL","NULL","1","False"
"chaat masala","21B","piece","chaat masala_piece_in","1","piece:1:piece","NULL","NULL","1","False"
"chaat masala","21B","piece","chaat masala_piece_out","1","piece:1:piece","NULL","NULL","1","False"
"chaat masala","21B","piece","chaat masala_piece_reciepe","1","piece:1:piece",,,"1","False"
"chaat masala","21B","gm","chaat masala_pkt_in","500","pkt:500:gm","500","NULL","NULL","False"
"chaat masala","21B","gm","chaat masala_pkt_out","500","pkt:500:gm","500","NULL","NULL","False"
"chaat masala","21B","gm","chaat masala_pkt_reciepe","1","pkt:500:gm","500",,,"False"
"chana dal","17A","gm","chana dal_gm_in","1","gm:1:gm","1","NULL","NULL","False"
"chana dal","17A","gm","chana dal_gm_inventory","1","gm:1:gm","1","NULL","NULL","False"
"chana dal","17A","gm","chana dal_gm_out","1","gm:1:gm","1","NULL","NULL","False"
"chana dal","17A","gm","chana dal_gm_reciepe","1","gm:1:gm","1","NULL","NULL","False"
"chana dal","17A","gm","chana dal_kg_in","1000","kg:1000:gm","1000","NULL","NULL","False"
"chana dal","17A","gm","chana dal_kg_out","500","kg:1000:gm","1000","NULL","NULL","False"
"chana dal","17A","gm","chana dal_kg_reciepe","1","kg:1000:gm","1000",,,"False"
"chana dal","17A","ml","chana dal_ltr_reciepe","1","ltr:1000:ml",,"1000",,"False"
"chana dal","17A","ml","chana dal_ml_in","1","ml:1:ml","NULL","1","NULL","False"
"chana dal","17A","ml","chana dal_ml_out","1","ml:1:ml","NULL","1","NULL","False"
"chana dal","17A","ml","chana dal_ml_reciepe","1","ml:1:ml",,"1",,"False"
"chana dal","17A","other","chana dal_other_in","1","NULL","NULL","NULL","1","False"
"chana dal","17A","piece","chana dal_piece_in","1","piece:1:piece","NULL","NULL","1","False"
"chana dal","17A","piece","chana dal_piece_out","1","piece:1:piece","NULL","NULL","1","False"
"chana dal","17A","piece","chana dal_piece_reciepe","1","piece:1:piece",,,"1","False"
"chana dal","17A","gm","chana dal_pkt_in","500","pkt:500:gm","500","NULL","NULL","False"
"chana dal","17A","gm","chana dal_pkt_out","500","pkt:500:gm","500","NULL","NULL","False"
"chana dal","17A","gm","chana dal_pkt_reciepe","1","pkt:500:gm","500",,,"False"
"chat amsala","21B","gm","chat amsala_gm_in","1","gm:1:gm","1","NULL","NULL","False"
"chat amsala","21B","gm","chat amsala_gm_inventory","1","gm:1:gm","1","NULL","NULL","False"
"chat amsala","21B","gm","chat amsala_gm_out","1","gm:1:gm","1","NULL","NULL","False"
"chat amsala","21B","gm","chat amsala_gm_reciepe","1","gm:1:gm","1","NULL","NULL","False"
"chat amsala","21B","gm","chat amsala_kg_in","1000","kg:1000:gm","1000","NULL","NULL","False"
"chat amsala","21B","gm","chat amsala_kg_out","500","kg:1000:gm","1000","NULL","NULL","False"
"chat amsala","21B","gm","chat amsala_kg_reciepe","1","kg:1000:gm","1000",,,"False"
"chat amsala","21B","ml","chat amsala_ltr_reciepe","1","ltr:1000:ml",,"1000",,"False"
"chat amsala","21B","ml","chat amsala_ml_in","1","ml:1:ml","NULL","1","NULL","False"
"chat amsala","21B","ml","chat amsala_ml_out","1","ml:1:ml","NULL","1","NULL","False"
"chat amsala","21B","ml","chat amsala_ml_reciepe","1","ml:1:ml",,"1",,"False"
"chat amsala","21B","other","chat amsala_other_in","1","NULL","NULL","NULL","1","False"
"chat amsala","21B","piece","chat amsala_piece_in","1","piece:1:piece","NULL","NULL","1","False"
"chat amsala","21B","piece","chat amsala_piece_out","1","piece:1:piece","NULL","NULL","1","False"
"chat amsala","21B","piece","chat amsala_piece_reciepe","1","piece:1:piece",,,"1","False"
"chat amsala","21B","gm","chat amsala_pkt_in","500","pkt:500:gm","500","NULL","NULL","False"
"chat amsala","21B","gm","chat amsala_pkt_out","500","pkt:500:gm","500","NULL","NULL","False"
"chat amsala","21B","gm","chat amsala_pkt_reciepe","1","pkt:500:gm","500",,,"False"
"chat masala","21B","gm","chat masala_gm_in","1","gm:1:gm","1","NULL","NULL","False"
"chat masala","21B","gm","chat masala_gm_inventory","1","gm:1:gm","1","NULL","NULL","False"
"chat masala","21B","gm","chat masala_gm_out","1","gm:1:gm","1","NULL","NULL","False"
"chat masala","21B","gm","chat masala_gm_reciepe","1","gm:1:gm","1","NULL","NULL","False"
"chat masala","21B","gm","chat masala_kg_in","1000","kg:1000:gm","1000","NULL","NULL","False"
"chat masala","21B","gm","chat masala_kg_out","500","kg:1000:gm","1000","NULL","NULL","False"
"chat masala","21B","gm","chat masala_kg_reciepe","1","kg:1000:gm","1000",,,"False"
"chat masala","21B","ml","chat masala_ltr_reciepe","1","ltr:1000:ml",,"1000",,"False"
"chat masala","21B","ml","chat masala_ml_in","1","ml:1:ml","NULL","1","NULL","False"
"chat masala","21B","ml","chat masala_ml_out","1","ml:1:ml","NULL","1","NULL","False"
"chat masala","21B","ml","chat masala_ml_reciepe","1","ml:1:ml",,"1",,"False"
"chat masala","21B","other","chat masala_other_in","1","NULL","NULL","NULL","1","False"
"chat masala","21B","piece","chat masala_piece_in","1","piece:1:piece","NULL","NULL","1","False"
"chat masala","21B","piece","chat masala_piece_out","1","piece:1:piece","NULL","NULL","1","False"
"chat masala","21B","piece","chat masala_piece_reciepe","1","piece:1:piece",,,"1","False"
"chat masala","21B","gm","chat masala_pkt_in","500","pkt:500:gm","500","NULL","NULL","False"
"chat masala","21B","gm","chat masala_pkt_out","500","pkt:500:gm","500","NULL","NULL","False"
"chat masala","21B","gm","chat masala_pkt_reciepe","1","pkt:500:gm","500",,,"False"
"cheese 1pc","82A","gm","cheese 1pc_gm_in","1","gm:1:gm","1","NULL","NULL","False"
"cheese 1pc","82A","gm","cheese 1pc_gm_inventory","1","gm:1:gm","1","NULL","NULL","False"
"cheese 1pc","82A","gm","cheese 1pc_gm_out","1","gm:1:gm","1","NULL","NULL","False"
"cheese 1pc","82A","gm","cheese 1pc_gm_reciepe","1","gm:1:gm","1","NULL","NULL","False"
"cheese 1pc","82A","gm","cheese 1pc_kg_in","1000","kg:1000:gm","1000","NULL","NULL","False"
"cheese 1pc","82A","gm","cheese 1pc_kg_out","500","kg:1000:gm","1000","NULL","NULL","False"
"cheese 1pc","82A","gm","cheese 1pc_kg_reciepe","1","kg:1000:gm","1000",,,"False"
"cheese 1pc","82A","ml","cheese 1pc_ltr_reciepe","1","ltr:1000:ml",,"1000",,"False"
"cheese 1pc","82A","ml","cheese 1pc_ml_in","1","ml:1:ml","NULL","1","NULL","False"
"cheese 1pc","82A","ml","cheese 1pc_ml_out","1","ml:1:ml","NULL","1","NULL","False"
"cheese 1pc","82A","ml","cheese 1pc_ml_reciepe","1","ml:1:ml",,"1",,"False"
"cheese 1pc","82A","other","cheese 1pc_other_in","1","NULL","NULL","NULL","1","False"
"cheese 1pc","82A","piece","cheese 1pc_piece_in","1","piece:1:piece","NULL","NULL","1","False"
"cheese 1pc","82A","piece","cheese 1pc_piece_out","1","piece:1:piece","NULL","NULL","1","False"
"cheese 1pc","82A","piece","cheese 1pc_piece_reciepe","1","piece:1:piece",,,"1","False"
"cheese 1pc","82A","gm","cheese 1pc_pkt_in","500","pkt:500:gm","500","NULL","NULL","False"
"cheese 1pc","82A","gm","cheese 1pc_pkt_out","500","pkt:500:gm","500","NULL","NULL","False"
"cheese 1pc","82A","gm","cheese 1pc_pkt_reciepe","1","pkt:500:gm","500",,,"False"
"CHEESE BLEND","53","gm","CHEESE BLEND _gm_in","1","gm:1:gm","1","NULL","NULL","False"
"CHEESE BLEND","53","gm","CHEESE BLEND _gm_inventory","1","gm:1:gm","1","NULL","NULL","False"
"CHEESE BLEND","53","gm","CHEESE BLEND _gm_out","1","gm:1:gm","1","NULL","NULL","False"
"CHEESE BLEND","53","gm","CHEESE BLEND _gm_reciepe","1","gm:1:gm","1","NULL","NULL","False"
"CHEESE BLEND","53","gm","CHEESE BLEND _kg_in","1000","kg:1000:gm","1000","NULL","NULL","False"
"CHEESE BLEND","53","gm","CHEESE BLEND _kg_out","500","kg:1000:gm","1000","NULL","NULL","False"
"CHEESE BLEND","53","ml","CHEESE BLEND _ml_in","1","ml:1:ml","NULL","1","NULL","False"
"CHEESE BLEND","53","ml","CHEESE BLEND _ml_out","1","ml:1:ml","NULL","1","NULL","False"
"CHEESE BLEND","53","other","CHEESE BLEND _other_in","1","NULL","NULL","NULL","1","False"
"CHEESE BLEND","53","piece","CHEESE BLEND _piece_in","1","piece:1:piece","NULL","NULL","1","False"
"CHEESE BLEND","53","piece","CHEESE BLEND _piece_out","1","piece:1:piece","NULL","NULL","1","False"
"CHEESE BLEND","53","gm","CHEESE BLEND _pkt_in","500","pkt:500:gm","500","NULL","NULL","False"
"CHEESE BLEND","53","gm","CHEESE BLEND _pkt_out","500","pkt:500:gm","500","NULL","NULL","False"
"CHEESE BLEND","53","gm","CHEESE BLEND_gm_reciepe","1","gm:1:gm","1",,,"False"
"CHEESE BLEND","53","gm","CHEESE BLEND_kg_reciepe","1","kg:1000:gm","1000",,,"False"
"CHEESE BLEND","53","ml","CHEESE BLEND_ltr_reciepe","1","ltr:1000:ml",,"1000",,"False"
"CHEESE BLEND","53","ml","CHEESE BLEND_ml_reciepe","1","ml:1:ml",,"1",,"False"
"CHEESE BLEND","53","piece","CHEESE BLEND_piece_reciepe","1","piece:1:piece",,,"1","False"
"CHEESE BLEND","53","gm","CHEESE BLEND_pkt_reciepe","1","pkt:500:gm","500",,,"False"
"cheese processed","81","gm","cheese processed_gm_in","1","gm:1:gm","1","NULL","NULL","False"
"cheese processed","81","gm","cheese processed_gm_inventory","1","gm:1:gm","1","NULL","NULL","False"
"cheese processed","81","gm","cheese processed_gm_out","1","gm:1:gm","1","NULL","NULL","False"
"cheese processed","81","gm","cheese processed_gm_reciepe","1","gm:1:gm","1","NULL","NULL","False"
"cheese processed","81","gm","cheese processed_kg_in","1000","kg:1000:gm","1000","NULL","NULL","False"
"cheese processed","81","gm","cheese processed_kg_out","500","kg:1000:gm","1000","NULL","NULL","False"
"cheese processed","81","gm","cheese processed_kg_reciepe","1","kg:1000:gm","1000",,,"False"
"cheese processed","81","ml","cheese processed_ltr_reciepe","1","ltr:1000:ml",,"1000",,"False"
"cheese processed","81","ml","cheese processed_ml_in","1","ml:1:ml","NULL","1","NULL","False"
"cheese processed","81","ml","cheese processed_ml_out","1","ml:1:ml","NULL","1","NULL","False"
"cheese processed","81","ml","cheese processed_ml_reciepe","1","ml:1:ml",,"1",,"False"
"cheese processed","81","other","cheese processed_other_in","1","NULL","NULL","NULL","1","False"
"cheese processed","81","piece","cheese processed_piece_in","1","piece:1:piece","NULL","NULL","1","False"
"cheese processed","81","piece","cheese processed_piece_out","1","piece:1:piece","NULL","NULL","1","False"
"cheese processed","81","piece","cheese processed_piece_reciepe","1","piece:1:piece",,,"1","False"
"cheese processed","81","gm","cheese processed_pkt_in","500","pkt:500:gm","500","NULL","NULL","False"
"cheese processed","81","gm","cheese processed_pkt_out","500","pkt:500:gm","500","NULL","NULL","False"
"cheese processed","81","gm","cheese processed_pkt_reciepe","1","pkt:500:gm","500",,,"False"
"chhola","16B","gm","chhola_gm_in","1","gm:1:gm","1","NULL","NULL","False"
"chhola","16B","gm","chhola_gm_inventory","1","gm:1:gm","1","NULL","NULL","False"
"chhola","16B","gm","chhola_gm_out","1","gm:1:gm","1","NULL","NULL","False"
"chhola","16B","gm","chhola_gm_reciepe","1","gm:1:gm","1","NULL","NULL","False"
"chhola","16B","gm","chhola_kg_in","1000","kg:1000:gm","1000","NULL","NULL","False"
"chhola","16B","gm","chhola_kg_out","500","kg:1000:gm","1000","NULL","NULL","False"
"chhola","16B","gm","chhola_kg_reciepe","1","kg:1000:gm","1000",,,"False"
"chhola","16B","ml","chhola_ltr_reciepe","1","ltr:1000:ml",,"1000",,"False"
"chhola","16B","ml","chhola_ml_in","1","ml:1:ml","NULL","1","NULL","False"
"chhola","16B","ml","chhola_ml_out","1","ml:1:ml","NULL","1","NULL","False"
"chhola","16B","ml","chhola_ml_reciepe","1","ml:1:ml",,"1",,"False"
"chhola","16B","other","chhola_other_in","1","NULL","NULL","NULL","1","False"
"chhola","16B","piece","chhola_piece_in","1","piece:1:piece","NULL","NULL","1","False"
"chhola","16B","piece","chhola_piece_out","1","piece:1:piece","NULL","NULL","1","False"
"chhola","16B","piece","chhola_piece_reciepe","1","piece:1:piece",,,"1","False"
"chhola","16B","gm","chhola_pkt_in","500","pkt:500:gm","500","NULL","NULL","False"
"chhola","16B","gm","chhola_pkt_out","500","pkt:500:gm","500","NULL","NULL","False"
"chhola","16B","gm","chhola_pkt_reciepe","1","pkt:500:gm","500",,,"False"
"chilli flake","61","gm","chilli flake_gm_in","1","gm:1:gm","1","NULL","NULL","False"
"chilli flake","61","gm","chilli flake_gm_inventory","1","gm:1:gm","1","NULL","NULL","False"
"chilli flake","61","gm","chilli flake_gm_out","1","gm:1:gm","1","NULL","NULL","False"
"chilli flake","61","gm","chilli flake_gm_reciepe","1","gm:1:gm","1","NULL","NULL","False"
"chilli flake","61","gm","chilli flake_kg_in","1000","kg:1000:gm","1000","NULL","NULL","False"
"chilli flake","61","gm","chilli flake_kg_out","500","kg:1000:gm","1000","NULL","NULL","False"
"chilli flake","61","gm","chilli flake_kg_reciepe","1","kg:1000:gm","1000",,,"False"
"chilli flake","61","ml","chilli flake_ltr_reciepe","1","ltr:1000:ml",,"1000",,"False"
"chilli flake","61","ml","chilli flake_ml_in","1","ml:1:ml","NULL","1","NULL","False"
"chilli flake","61","ml","chilli flake_ml_out","1","ml:1:ml","NULL","1","NULL","False"
"chilli flake","61","ml","chilli flake_ml_reciepe","1","ml:1:ml",,"1",,"False"
"chilli flake","61","other","chilli flake_other_in","1","NULL","NULL","NULL","1","False"
"chilli flake","61","piece","chilli flake_piece_in","1","piece:1:piece","NULL","NULL","1","False"
"chilli flake","61","piece","chilli flake_piece_out","1","piece:1:piece","NULL","NULL","1","False"
"chilli flake","61","piece","chilli flake_piece_reciepe","1","piece:1:piece",,,"1","False"
"chilli flake","61","gm","chilli flake_pkt_in","500","pkt:500:gm","500","NULL","NULL","False"
"chilli flake","61","gm","chilli flake_pkt_out","500","pkt:500:gm","500","NULL","NULL","False"
"chilli flake","61","gm","chilli flake_pkt_reciepe","1","pkt:500:gm","500",,,"False"
"chilli oregano","61 62","gm","chilli oregano_gm_in","1","gm:1:gm","1","NULL","NULL","False"
"chilli oregano","61 62","gm","chilli oregano_gm_inventory","1","gm:1:gm","1","NULL","NULL","False"
"chilli oregano","61 62","gm","chilli oregano_gm_out","1","gm:1:gm","1","NULL","NULL","False"
"chilli oregano","61 62","gm","chilli oregano_gm_reciepe","1","gm:1:gm","1","NULL","NULL","False"
"chilli oregano","61 62","gm","chilli oregano_kg_in","1000","kg:1000:gm","1000","NULL","NULL","False"
"chilli oregano","61 62","gm","chilli oregano_kg_out","500","kg:1000:gm","1000","NULL","NULL","False"
"chilli oregano","61 62","gm","chilli oregano_kg_reciepe","1","kg:1000:gm","1000",,,"False"
"chilli oregano","61 62","ml","chilli oregano_ltr_reciepe","1","ltr:1000:ml",,"1000",,"False"
"chilli oregano","61 62","ml","chilli oregano_ml_in","1","ml:1:ml","NULL","1","NULL","False"
"chilli oregano","61 62","ml","chilli oregano_ml_out","1","ml:1:ml","NULL","1","NULL","False"
"chilli oregano","61 62","ml","chilli oregano_ml_reciepe","1","ml:1:ml",,"1",,"False"
"chilli oregano","61 62","other","chilli oregano_other_in","1","NULL","NULL","NULL","1","False"
"chilli oregano","61 62","piece","chilli oregano_piece_in","1","piece:1:piece","NULL","NULL","1","False"
"chilli oregano","61 62","piece","chilli oregano_piece_out","1","piece:1:piece","NULL","NULL","1","False"
"chilli oregano","61 62","piece","chilli oregano_piece_reciepe","1","piece:1:piece",,,"1","False"
"chilli oregano","61 62","gm","chilli oregano_pkt_in","500","pkt:500:gm","500","NULL","NULL","False"
"chilli oregano","61 62","gm","chilli oregano_pkt_out","500","pkt:500:gm","500","NULL","NULL","False"
"chilli oregano","61 62","gm","chilli oregano_pkt_reciepe","1","pkt:500:gm","500",,,"False"
"chillly flakes","61","gm","chillly flakes_gm_in","1","gm:1:gm","1","NULL","NULL","False"
"chillly flakes","61","gm","chillly flakes_gm_inventory","1","gm:1:gm","1","NULL","NULL","False"
"chillly flakes","61","gm","chillly flakes_gm_out","1","gm:1:gm","1","NULL","NULL","False"
"chillly flakes","61","gm","chillly flakes_gm_reciepe","1","gm:1:gm","1","NULL","NULL","False"
"chillly flakes","61","gm","chillly flakes_kg_in","1000","kg:1000:gm","1000","NULL","NULL","False"
"chillly flakes","61","gm","chillly flakes_kg_out","500","kg:1000:gm","1000","NULL","NULL","False"
"chillly flakes","61","gm","chillly flakes_kg_reciepe","1","kg:1000:gm","1000",,,"False"
"chillly flakes","61","ml","chillly flakes_ltr_reciepe","1","ltr:1000:ml",,"1000",,"False"
"chillly flakes","61","ml","chillly flakes_ml_in","1","ml:1:ml","NULL","1","NULL","False"
"chillly flakes","61","ml","chillly flakes_ml_out","1","ml:1:ml","NULL","1","NULL","False"
"chillly flakes","61","ml","chillly flakes_ml_reciepe","1","ml:1:ml",,"1",,"False"
"chillly flakes","61","other","chillly flakes_other_in","1","NULL","NULL","NULL","1","False"
"chillly flakes","61","piece","chillly flakes_piece_in","1","piece:1:piece","NULL","NULL","1","False"
"chillly flakes","61","piece","chillly flakes_piece_out","1","piece:1:piece","NULL","NULL","1","False"
"chillly flakes","61","piece","chillly flakes_piece_reciepe","1","piece:1:piece",,,"1","False"
"chillly flakes","61","gm","chillly flakes_pkt_in","500","pkt:500:gm","500","NULL","NULL","False"
"chillly flakes","61","gm","chillly flakes_pkt_out","500","pkt:500:gm","500","NULL","NULL","False"
"chillly flakes","61","gm","chillly flakes_pkt_reciepe","1","pkt:500:gm","500",,,"False"
"chilly + oregano","61 62","gm","chilly + oregano_gm_in","1","gm:1:gm","1","NULL","NULL","False"
"chilly + oregano","61 62","gm","chilly + oregano_gm_inventory","1","gm:1:gm","1","NULL","NULL","False"
"chilly + oregano","61 62","gm","chilly + oregano_gm_out","1","gm:1:gm","1","NULL","NULL","False"
"chilly + oregano","61 62","gm","chilly + oregano_gm_reciepe","1","gm:1:gm","1","NULL","NULL","False"
"chilly + oregano","61 62","gm","chilly + oregano_kg_in","1000","kg:1000:gm","1000","NULL","NULL","False"
"chilly + oregano","61 62","gm","chilly + oregano_kg_out","500","kg:1000:gm","1000","NULL","NULL","False"
"chilly + oregano","61 62","gm","chilly + oregano_kg_reciepe","1","kg:1000:gm","1000",,,"False"
"chilly + oregano","61 62","ml","chilly + oregano_ltr_reciepe","1","ltr:1000:ml",,"1000",,"False"
"chilly + oregano","61 62","ml","chilly + oregano_ml_in","1","ml:1:ml","NULL","1","NULL","False"
"chilly + oregano","61 62","ml","chilly + oregano_ml_out","1","ml:1:ml","NULL","1","NULL","False"
"chilly + oregano","61 62","ml","chilly + oregano_ml_reciepe","1","ml:1:ml",,"1",,"False"
"chilly + oregano","61 62","other","chilly + oregano_other_in","1","NULL","NULL","NULL","1","False"
"chilly + oregano","61 62","piece","chilly + oregano_piece_in","1","piece:1:piece","NULL","NULL","1","False"
"chilly + oregano","61 62","piece","chilly + oregano_piece_out","1","piece:1:piece","NULL","NULL","1","False"
"chilly + oregano","61 62","piece","chilly + oregano_piece_reciepe","1","piece:1:piece",,,"1","False"
"chilly + oregano","61 62","gm","chilly + oregano_pkt_in","500","pkt:500:gm","500","NULL","NULL","False"
"chilly + oregano","61 62","gm","chilly + oregano_pkt_out","500","pkt:500:gm","500","NULL","NULL","False"
"chilly + oregano","61 62","gm","chilly + oregano_pkt_reciepe","1","pkt:500:gm","500",,,"False"
"CHILLY FLAKES SACHET","70A","gm","CHILLY FLAKES SACHET_gm_in","1","gm:1:gm","1","NULL","NULL","False"
"CHILLY FLAKES SACHET","70A","gm","CHILLY FLAKES SACHET_gm_inventory","1","gm:1:gm","1","NULL","NULL","False"
"CHILLY FLAKES SACHET","70A","gm","CHILLY FLAKES SACHET_gm_out","1","gm:1:gm","1","NULL","NULL","False"
"CHILLY FLAKES SACHET","70A","gm","CHILLY FLAKES SACHET_gm_reciepe","1","gm:1:gm","1","NULL","NULL","False"
"CHILLY FLAKES SACHET","70A","gm","CHILLY FLAKES SACHET_kg_in","1000","kg:1000:gm","1000","NULL","NULL","False"
"CHILLY FLAKES SACHET","70A","gm","CHILLY FLAKES SACHET_kg_out","500","kg:1000:gm","1000","NULL","NULL","False"
"CHILLY FLAKES SACHET","70A","gm","CHILLY FLAKES SACHET_kg_reciepe","1","kg:1000:gm","1000",,,"False"
"CHILLY FLAKES SACHET","70A","ml","CHILLY FLAKES SACHET_ltr_reciepe","1","ltr:1000:ml",,"1000",,"False"
"CHILLY FLAKES SACHET","70A","ml","CHILLY FLAKES SACHET_ml_in","1","ml:1:ml","NULL","1","NULL","False"
"CHILLY FLAKES SACHET","70A","ml","CHILLY FLAKES SACHET_ml_out","1","ml:1:ml","NULL","1","NULL","False"
"CHILLY FLAKES SACHET","70A","ml","CHILLY FLAKES SACHET_ml_reciepe","1","ml:1:ml",,"1",,"False"
"CHILLY FLAKES SACHET","70A","other","CHILLY FLAKES SACHET_other_in","1","NULL","NULL","NULL","1","False"
"CHILLY FLAKES SACHET","70A","piece","CHILLY FLAKES SACHET_piece_in","1","piece:1:piece","NULL","NULL","1","False"
"CHILLY FLAKES SACHET","70A","piece","CHILLY FLAKES SACHET_piece_out","1","piece:1:piece","NULL","NULL","1","False"
"CHILLY FLAKES SACHET","70A","piece","CHILLY FLAKES SACHET_piece_reciepe","1","piece:1:piece",,,"1","False"
"CHILLY FLAKES SACHET","70A","gm","CHILLY FLAKES SACHET_pkt_in","500","pkt:500:gm","500","NULL","NULL","False"
"CHILLY FLAKES SACHET","70A","gm","CHILLY FLAKES SACHET_pkt_out","500","pkt:500:gm","500","NULL","NULL","False"
"CHILLY FLAKES SACHET","70A","gm","CHILLY FLAKES SACHET_pkt_reciepe","1","pkt:500:gm","500",,,"False"
"chilly flakes+oregano","61  62","gm","chilly flakes+oregano_gm_in","1","gm:1:gm","1","NULL","NULL","False"
"chilly flakes+oregano","61  62","gm","chilly flakes+oregano_gm_inventory","1","gm:1:gm","1","NULL","NULL","False"
"chilly flakes+oregano","61  62","gm","chilly flakes+oregano_gm_out","1","gm:1:gm","1","NULL","NULL","False"
"chilly flakes+oregano","61  62","gm","chilly flakes+oregano_gm_reciepe","1","gm:1:gm","1","NULL","NULL","False"
"chilly flakes+oregano","61  62","gm","chilly flakes+oregano_kg_in","1000","kg:1000:gm","1000","NULL","NULL","False"
"chilly flakes+oregano","61  62","gm","chilly flakes+oregano_kg_out","500","kg:1000:gm","1000","NULL","NULL","False"
"chilly flakes+oregano","61  62","gm","chilly flakes+oregano_kg_reciepe","1","kg:1000:gm","1000",,,"False"
"chilly flakes+oregano","61  62","ml","chilly flakes+oregano_ltr_reciepe","1","ltr:1000:ml",,"1000",,"False"
"chilly flakes+oregano","61  62","ml","chilly flakes+oregano_ml_in","1","ml:1:ml","NULL","1","NULL","False"
"chilly flakes+oregano","61  62","ml","chilly flakes+oregano_ml_out","1","ml:1:ml","NULL","1","NULL","False"
"chilly flakes+oregano","61  62","ml","chilly flakes+oregano_ml_reciepe","1","ml:1:ml",,"1",,"False"
"chilly flakes+oregano","61  62","other","chilly flakes+oregano_other_in","1","NULL","NULL","NULL","1","False"
"chilly flakes+oregano","61  62","piece","chilly flakes+oregano_piece_in","1","piece:1:piece","NULL","NULL","1","False"
"chilly flakes+oregano","61  62","piece","chilly flakes+oregano_piece_out","1","piece:1:piece","NULL","NULL","1","False"
"chilly flakes+oregano","61  62","piece","chilly flakes+oregano_piece_reciepe","1","piece:1:piece",,,"1","False"
"chilly flakes+oregano","61  62","gm","chilly flakes+oregano_pkt_in","500","pkt:500:gm","500","NULL","NULL","False"
"chilly flakes+oregano","61  62","gm","chilly flakes+oregano_pkt_out","500","pkt:500:gm","500","NULL","NULL","False"
"chilly flakes+oregano","61  62","gm","chilly flakes+oregano_pkt_reciepe","1","pkt:500:gm","500",,,"False"
"chilly powder","10","gm","chilly powder_gm_in","1","gm:1:gm","1","NULL","NULL","False"
"chilly powder","10","gm","chilly powder_gm_inventory","1","gm:1:gm","1","NULL","NULL","False"
"chilly powder","10","gm","chilly powder_gm_out","1","gm:1:gm","1","NULL","NULL","False"
"chilly powder","10","gm","chilly powder_gm_reciepe","1","gm:1:gm","1","NULL","NULL","False"
"chilly powder","10","gm","chilly powder_kg_in","1000","kg:1000:gm","1000","NULL","NULL","False"
"chilly powder","10","gm","chilly powder_kg_out","500","kg:1000:gm","1000","NULL","NULL","False"
"chilly powder","10","gm","chilly powder_kg_reciepe","1","kg:1000:gm","1000",,,"False"
"chilly powder","10","ml","chilly powder_ltr_reciepe","1","ltr:1000:ml",,"1000",,"False"
"chilly powder","10","ml","chilly powder_ml_in","1","ml:1:ml","NULL","1","NULL","False"
"chilly powder","10","ml","chilly powder_ml_out","1","ml:1:ml","NULL","1","NULL","False"
"chilly powder","10","ml","chilly powder_ml_reciepe","1","ml:1:ml",,"1",,"False"
"chilly powder","10","other","chilly powder_other_in","1","NULL","NULL","NULL","1","False"
"chilly powder","10","piece","chilly powder_piece_in","1","piece:1:piece","NULL","NULL","1","False"
"chilly powder","10","piece","chilly powder_piece_out","1","piece:1:piece","NULL","NULL","1","False"
"chilly powder","10","piece","chilly powder_piece_reciepe","1","piece:1:piece",,,"1","False"
"chilly powder","10","gm","chilly powder_pkt_in","500","pkt:500:gm","500","NULL","NULL","False"
"chilly powder","10","gm","chilly powder_pkt_out","500","pkt:500:gm","500","NULL","NULL","False"
"chilly powder","10","gm","chilly powder_pkt_reciepe","1","pkt:500:gm","500",,,"False"
"chilly+oregano","61 62","gm","chilly+oregano_gm_in","1","gm:1:gm","1","NULL","NULL","False"
"chilly+oregano","61 62","gm","chilly+oregano_gm_inventory","1","gm:1:gm","1","NULL","NULL","False"
"chilly+oregano","61 62","gm","chilly+oregano_gm_out","1","gm:1:gm","1","NULL","NULL","False"
"chilly+oregano","61 62","gm","chilly+oregano_gm_reciepe","1","gm:1:gm","1","NULL","NULL","False"
"chilly+oregano","61 62","gm","chilly+oregano_kg_in","1000","kg:1000:gm","1000","NULL","NULL","False"
"chilly+oregano","61 62","gm","chilly+oregano_kg_out","500","kg:1000:gm","1000","NULL","NULL","False"
"chilly+oregano","61 62","gm","chilly+oregano_kg_reciepe","1","kg:1000:gm","1000",,,"False"
"chilly+oregano","61 62","ml","chilly+oregano_ltr_reciepe","1","ltr:1000:ml",,"1000",,"False"
"chilly+oregano","61 62","ml","chilly+oregano_ml_in","1","ml:1:ml","NULL","1","NULL","False"
"chilly+oregano","61 62","ml","chilly+oregano_ml_out","1","ml:1:ml","NULL","1","NULL","False"
"chilly+oregano","61 62","ml","chilly+oregano_ml_reciepe","1","ml:1:ml",,"1",,"False"
"chilly+oregano","61 62","other","chilly+oregano_other_in","1","NULL","NULL","NULL","1","False"
"chilly+oregano","61 62","piece","chilly+oregano_piece_in","1","piece:1:piece","NULL","NULL","1","False"
"chilly+oregano","61 62","piece","chilly+oregano_piece_out","1","piece:1:piece","NULL","NULL","1","False"
"chilly+oregano","61 62","piece","chilly+oregano_piece_reciepe","1","piece:1:piece",,,"1","False"
"chilly+oregano","61 62","gm","chilly+oregano_pkt_in","500","pkt:500:gm","500","NULL","NULL","False"
"chilly+oregano","61 62","gm","chilly+oregano_pkt_out","500","pkt:500:gm","500","NULL","NULL","False"
"chilly+oregano","61 62","gm","chilly+oregano_pkt_reciepe","1","pkt:500:gm","500",,,"False"
"CHINESE VEGETABLES","CH3","gm","CHINESE VEGETABLES_gm_in","1","gm:1:gm","1",,,"False"
"CHINESE VEGETABLES","CH3","gm","CHINESE VEGETABLES_gm_inventory","1","gm:1:gm","1",,,"False"
"CHINESE VEGETABLES","CH3","gm","CHINESE VEGETABLES_gm_out","1","gm:1:gm","1",,,"False"
"CHINESE VEGETABLES","CH3","gm","CHINESE VEGETABLES_gm_reciepe","1","gm:1:gm","1",,,"False"
"CHINESE VEGETABLES","CH3","gm","CHINESE VEGETABLES_kg_in","1000","kg:1000:gm","1000",,,"False"
"CHINESE VEGETABLES","CH3","gm","CHINESE VEGETABLES_kg_out","500","kg:1000:gm","1000",,,"False"
"CHINESE VEGETABLES","CH3","gm","CHINESE VEGETABLES_kg_reciepe","1","kg:1000:gm","1000",,,"False"
"CHINESE VEGETABLES","CH3","ml","CHINESE VEGETABLES_ltr_reciepe","1","ltr:1000:ml",,"1000",,"False"
"CHINESE VEGETABLES","CH3","ml","CHINESE VEGETABLES_ml_in","1","ml:1:ml",,"1",,"False"
"CHINESE VEGETABLES","CH3","ml","CHINESE VEGETABLES_ml_out","1","ml:1:ml",,"1",,"False"
"CHINESE VEGETABLES","CH3","ml","CHINESE VEGETABLES_ml_reciepe","1","ml:1:ml",,"1",,"False"
"CHINESE VEGETABLES","CH3","other","CHINESE VEGETABLES_other_in","1",,,,"1","False"
"CHINESE VEGETABLES","CH3","piece","CHINESE VEGETABLES_piece_in","1","piece:1:piece",,,"1","False"
"CHINESE VEGETABLES","CH3","piece","CHINESE VEGETABLES_piece_out","1","piece:1:piece",,,"1","False"
"CHINESE VEGETABLES","CH3","piece","CHINESE VEGETABLES_piece_reciepe","1","piece:1:piece",,,"1","False"
"CHINESE VEGETABLES","CH3","gm","CHINESE VEGETABLES_pkt_in","500","pkt:500:gm","500",,,"False"
"CHINESE VEGETABLES","CH3","gm","CHINESE VEGETABLES_pkt_out","500","pkt:500:gm","500",,,"False"
"CHINESE VEGETABLES","CH3","gm","CHINESE VEGETABLES_pkt_reciepe","1","pkt:500:gm","500",,,"False"
"CHOCO CHIPS","82B","gm","CHOCO CHIPS_gm_in","1","gm:1:gm","1","NULL","NULL","False"
"CHOCO CHIPS","82B","gm","CHOCO CHIPS_gm_inventory","1","gm:1:gm","1","NULL","NULL","False"
"CHOCO CHIPS","82B","gm","CHOCO CHIPS_gm_out","1","gm:1:gm","1","NULL","NULL","False"
"CHOCO CHIPS","82B","gm","CHOCO CHIPS_gm_reciepe","1","gm:1:gm","1","NULL","NULL","False"
"CHOCO CHIPS","82B","gm","CHOCO CHIPS_kg_in","1000","kg:1000:gm","1000","NULL","NULL","False"
"CHOCO CHIPS","82B","gm","CHOCO CHIPS_kg_out","500","kg:1000:gm","1000","NULL","NULL","False"
"CHOCO CHIPS","82B","gm","CHOCO CHIPS_kg_reciepe","1","kg:1000:gm","1000",,,"False"
"CHOCO CHIPS","82B","ml","CHOCO CHIPS_ltr_reciepe","1","ltr:1000:ml",,"1000",,"False"
"CHOCO CHIPS","82B","ml","CHOCO CHIPS_ml_in","1","ml:1:ml","NULL","1","NULL","False"
"CHOCO CHIPS","82B","ml","CHOCO CHIPS_ml_out","1","ml:1:ml","NULL","1","NULL","False"
"CHOCO CHIPS","82B","ml","CHOCO CHIPS_ml_reciepe","1","ml:1:ml",,"1",,"False"
"CHOCO CHIPS","82B","other","CHOCO CHIPS_other_in","1","NULL","NULL","NULL","1","False"
"CHOCO CHIPS","82B","piece","CHOCO CHIPS_piece_in","1","piece:1:piece","NULL","NULL","1","False"
"CHOCO CHIPS","82B","piece","CHOCO CHIPS_piece_out","1","piece:1:piece","NULL","NULL","1","False"
"CHOCO CHIPS","82B","piece","CHOCO CHIPS_piece_reciepe","1","piece:1:piece",,,"1","False"
"CHOCO CHIPS","82B","gm","CHOCO CHIPS_pkt_in","500","pkt:500:gm","500","NULL","NULL","False"
"CHOCO CHIPS","82B","gm","CHOCO CHIPS_pkt_out","500","pkt:500:gm","500","NULL","NULL","False"
"CHOCO CHIPS","82B","gm","CHOCO CHIPS_pkt_reciepe","1","pkt:500:gm","500",,,"False"
"CHOCOLATE SYRUP","55","gm","CHOCOLATE SYRUP_gm_in","1","gm:1:gm","1","NULL","NULL","False"
"CHOCOLATE SYRUP","55","gm","CHOCOLATE SYRUP_gm_inventory","1","gm:1:gm","1","NULL","NULL","False"
"CHOCOLATE SYRUP","55","gm","CHOCOLATE SYRUP_gm_out","1","gm:1:gm","1","NULL","NULL","False"
"CHOCOLATE SYRUP","55","gm","CHOCOLATE SYRUP_gm_reciepe","1","gm:1:gm","1","NULL","NULL","False"
"CHOCOLATE SYRUP","55","gm","CHOCOLATE SYRUP_kg_in","1000","kg:1000:gm","1000","NULL","NULL","False"
"CHOCOLATE SYRUP","55","gm","CHOCOLATE SYRUP_kg_out","500","kg:1000:gm","1000","NULL","NULL","False"
"CHOCOLATE SYRUP","55","gm","CHOCOLATE SYRUP_kg_reciepe","1","kg:1000:gm","1000",,,"False"
"CHOCOLATE SYRUP","55","ml","CHOCOLATE SYRUP_ltr_reciepe","1","ltr:1000:ml",,"1000",,"False"
"CHOCOLATE SYRUP","55","ml","CHOCOLATE SYRUP_ml_in","1","ml:1:ml","NULL","1","NULL","False"
"CHOCOLATE SYRUP","55","ml","CHOCOLATE SYRUP_ml_out","1","ml:1:ml","NULL","1","NULL","False"
"CHOCOLATE SYRUP","55","ml","CHOCOLATE SYRUP_ml_reciepe","1","ml:1:ml",,"1",,"False"
"CHOCOLATE SYRUP","55","other","CHOCOLATE SYRUP_other_in","1","NULL","NULL","NULL","1","False"
"CHOCOLATE SYRUP","55","piece","CHOCOLATE SYRUP_piece_in","1","piece:1:piece","NULL","NULL","1","False"
"CHOCOLATE SYRUP","55","piece","CHOCOLATE SYRUP_piece_out","1","piece:1:piece","NULL","NULL","1","False"
"CHOCOLATE SYRUP","55","piece","CHOCOLATE SYRUP_piece_reciepe","1","piece:1:piece",,,"1","False"
"CHOCOLATE SYRUP","55","gm","CHOCOLATE SYRUP_pkt_in","500","pkt:500:gm","500","NULL","NULL","False"
"CHOCOLATE SYRUP","55","gm","CHOCOLATE SYRUP_pkt_out","500","pkt:500:gm","500","NULL","NULL","False"
"CHOCOLATE SYRUP","55","gm","CHOCOLATE SYRUP_pkt_reciepe","1","pkt:500:gm","500",,,"False"
"coke","98","gm","coke_gm_in","1","gm:1:gm","1","NULL","NULL","False"
"coke","98","gm","coke_gm_inventory","1","gm:1:gm","1","NULL","NULL","False"
"coke","98","gm","coke_gm_out","1","gm:1:gm","1","NULL","NULL","False"
"coke","98","gm","coke_gm_reciepe","1","gm:1:gm","1","NULL","NULL","False"
"coke","98","gm","coke_kg_in","1000","kg:1000:gm","1000","NULL","NULL","False"
"coke","98","gm","coke_kg_out","500","kg:1000:gm","1000","NULL","NULL","False"
"coke","98","gm","coke_kg_reciepe","1","kg:1000:gm","1000",,,"False"
"coke","98","ml","coke_ltr_reciepe","1","ltr:1000:ml",,"1000",,"False"
"coke","98","ml","coke_ml_in","1","ml:1:ml","NULL","1","NULL","False"
"coke","98","ml","coke_ml_out","1","ml:1:ml","NULL","1","NULL","False"
"coke","98","ml","coke_ml_reciepe","1","ml:1:ml",,"1",,"False"
"coke","98","other","coke_other_in","1","NULL","NULL","NULL","1","False"
"coke","98","piece","coke_piece_in","1","piece:1:piece","NULL","NULL","1","False"
"coke","98","piece","coke_piece_out","1","piece:1:piece","NULL","NULL","1","False"
"coke","98","piece","coke_piece_reciepe","1","piece:1:piece",,,"1","False"
"coke","98","gm","coke_pkt_in","500","pkt:500:gm","500","NULL","NULL","False"
"coke","98","gm","coke_pkt_out","500","pkt:500:gm","500","NULL","NULL","False"
"coke","98","gm","coke_pkt_reciepe","1","pkt:500:gm","500",,,"False"
"CONTI MASALA","CN4","gm","CONTI MASALA_gm_in","1","gm:1:gm","1",,,"False"
"CONTI MASALA","CN4","gm","CONTI MASALA_gm_inventory","1","gm:1:gm","1",,,"False"
"CONTI MASALA","CN4","gm","CONTI MASALA_gm_out","1","gm:1:gm","1",,,"False"
"CONTI MASALA","CN4","gm","CONTI MASALA_gm_reciepe","1","gm:1:gm","1",,,"False"
"CONTI MASALA","CN4","gm","CONTI MASALA_kg_in","1000","kg:1000:gm","1000",,,"False"
"CONTI MASALA","CN4","gm","CONTI MASALA_kg_out","500","kg:1000:gm","1000",,,"False"
"CONTI MASALA","CN4","gm","CONTI MASALA_kg_reciepe","1","kg:1000:gm","1000",,,"False"
"CONTI MASALA","CN4","ml","CONTI MASALA_ltr_reciepe","1","ltr:1000:ml",,"1000",,"False"
"CONTI MASALA","CN4","ml","CONTI MASALA_ml_in","1","ml:1:ml",,"1",,"False"
"CONTI MASALA","CN4","ml","CONTI MASALA_ml_out","1","ml:1:ml",,"1",,"False"
"CONTI MASALA","CN4","ml","CONTI MASALA_ml_reciepe","1","ml:1:ml",,"1",,"False"
"CONTI MASALA","CN4","other","CONTI MASALA_other_in","1",,,,"1","False"
"CONTI MASALA","CN4","piece","CONTI MASALA_piece_in","1","piece:1:piece",,,"1","False"
"CONTI MASALA","CN4","piece","CONTI MASALA_piece_out","1","piece:1:piece",,,"1","False"
"CONTI MASALA","CN4","piece","CONTI MASALA_piece_reciepe","1","piece:1:piece",,,"1","False"
"CONTI MASALA","CN4","gm","CONTI MASALA_pkt_in","500","pkt:500:gm","500",,,"False"
"CONTI MASALA","CN4","gm","CONTI MASALA_pkt_out","500","pkt:500:gm","500",,,"False"
"CONTI MASALA","CN4","gm","CONTI MASALA_pkt_reciepe","1","pkt:500:gm","500",,,"False"
"Coriander","V9","gm","Coriander_gm_in","1","gm:1:gm","1","NULL","NULL","False"
"Coriander","V9","gm","Coriander_gm_out","1","gm:1:gm","1","NULL","NULL","False"
"Coriander","V9","gm","Coriander_gm_reciepe","1","gm:1:gm","1","NULL","NULL","False"
"Coriander","V9","gm","Coriander_kg_reciepe","1","kg:1000:gm","1000",,,"False"
"Coriander","V9","ml","Coriander_ltr_reciepe","1","ltr:1000:ml",,"1000",,"False"
"Coriander","V9","ml","Coriander_ml_reciepe","1","ml:1:ml",,"1",,"False"
"Coriander","V9","piece","Coriander_piece_reciepe","1","piece:1:piece",,,"1","False"
"Coriander","V9","gm","Coriander_pkt_reciepe","1","pkt:500:gm","500",,,"False"
"corn floor","36A","gm","corn floor_gm_in","1","gm:1:gm","1","NULL","NULL","False"
"corn floor","36A","gm","corn floor_gm_inventory","1","gm:1:gm","1","NULL","NULL","False"
"corn floor","36A","gm","corn floor_gm_out","1","gm:1:gm","1","NULL","NULL","False"
"corn floor","36A","gm","corn floor_gm_reciepe","1","gm:1:gm","1","NULL","NULL","False"
"corn floor","36A","gm","corn floor_kg_in","1000","kg:1000:gm","1000","NULL","NULL","False"
"corn floor","36A","gm","corn floor_kg_out","500","kg:1000:gm","1000","NULL","NULL","False"
"corn floor","36A","gm","corn floor_kg_reciepe","1","kg:1000:gm","1000",,,"False"
"corn floor","36A","ml","corn floor_ltr_reciepe","1","ltr:1000:ml",,"1000",,"False"
"corn floor","36A","ml","corn floor_ml_in","1","ml:1:ml","NULL","1","NULL","False"
"corn floor","36A","ml","corn floor_ml_out","1","ml:1:ml","NULL","1","NULL","False"
"corn floor","36A","ml","corn floor_ml_reciepe","1","ml:1:ml",,"1",,"False"
"corn floor","36A","other","corn floor_other_in","1","NULL","NULL","NULL","1","False"
"corn floor","36A","piece","corn floor_piece_in","1","piece:1:piece","NULL","NULL","1","False"
"corn floor","36A","piece","corn floor_piece_out","1","piece:1:piece","NULL","NULL","1","False"
"corn floor","36A","piece","corn floor_piece_reciepe","1","piece:1:piece",,,"1","False"
"corn floor","36A","gm","corn floor_pkt_in","500","pkt:500:gm","500","NULL","NULL","False"
"corn floor","36A","gm","corn floor_pkt_out","500","pkt:500:gm","500","NULL","NULL","False"
"corn floor","36A","gm","corn floor_pkt_reciepe","1","pkt:500:gm","500",,,"False"
"corn flor","36A","gm","corn flor_gm_in","1","gm:1:gm","1","NULL","NULL","False"
"corn flor","36A","gm","corn flor_gm_inventory","1","gm:1:gm","1","NULL","NULL","False"
"corn flor","36A","gm","corn flor_gm_out","1","gm:1:gm","1","NULL","NULL","False"
"corn flor","36A","gm","corn flor_gm_reciepe","1","gm:1:gm","1","NULL","NULL","False"
"corn flor","36A","gm","corn flor_kg_in","1000","kg:1000:gm","1000","NULL","NULL","False"
"corn flor","36A","gm","corn flor_kg_out","500","kg:1000:gm","1000","NULL","NULL","False"
"corn flor","36A","gm","corn flor_kg_reciepe","1","kg:1000:gm","1000",,,"False"
"corn flor","36A","ml","corn flor_ltr_reciepe","1","ltr:1000:ml",,"1000",,"False"
"corn flor","36A","ml","corn flor_ml_in","1","ml:1:ml","NULL","1","NULL","False"
"corn flor","36A","ml","corn flor_ml_out","1","ml:1:ml","NULL","1","NULL","False"
"corn flor","36A","ml","corn flor_ml_reciepe","1","ml:1:ml",,"1",,"False"
"corn flor","36A","other","corn flor_other_in","1","NULL","NULL","NULL","1","False"
"corn flor","36A","piece","corn flor_piece_in","1","piece:1:piece","NULL","NULL","1","False"
"corn flor","36A","piece","corn flor_piece_out","1","piece:1:piece","NULL","NULL","1","False"
"corn flor","36A","piece","corn flor_piece_reciepe","1","piece:1:piece",,,"1","False"
"corn flor","36A","gm","corn flor_pkt_in","500","pkt:500:gm","500","NULL","NULL","False"
"corn flor","36A","gm","corn flor_pkt_out","500","pkt:500:gm","500","NULL","NULL","False"
"corn flor","36A","gm","corn flor_pkt_reciepe","1","pkt:500:gm","500",,,"False"
"corn","80","gm","corn_gm_in","1","gm:1:gm","1","NULL","NULL","False"
"corn","80","gm","corn_gm_inventory","1","gm:1:gm","1","NULL","NULL","False"
"corn","80","gm","corn_gm_out","1","gm:1:gm","1","NULL","NULL","False"
"corn","80","gm","corn_gm_reciepe","1","gm:1:gm","1","NULL","NULL","False"
"corn","80","gm","corn_kg_in","1000","kg:1000:gm","1000","NULL","NULL","False"
"corn","80","gm","corn_kg_out","500","kg:1000:gm","1000","NULL","NULL","False"
"corn","80","gm","corn_kg_reciepe","1","kg:1000:gm","1000",,,"False"
"corn","80","ml","corn_ltr_reciepe","1","ltr:1000:ml",,"1000",,"False"
"corn","80","ml","corn_ml_in","1","ml:1:ml","NULL","1","NULL","False"
"corn","80","ml","corn_ml_out","1","ml:1:ml","NULL","1","NULL","False"
"corn","80","ml","corn_ml_reciepe","1","ml:1:ml",,"1",,"False"
"corn","80","other","corn_other_in","1","NULL","NULL","NULL","1","False"
"corn","80","piece","corn_piece_in","1","piece:1:piece","NULL","NULL","1","False"
"corn","80","piece","corn_piece_out","1","piece:1:piece","NULL","NULL","1","False"
"corn","80","piece","corn_piece_reciepe","1","piece:1:piece",,,"1","False"
"corn","80","gm","corn_pkt_in","500","pkt:500:gm","500","NULL","NULL","False"
"corn","80","gm","corn_pkt_out","500","pkt:500:gm","500","NULL","NULL","False"
"corn","80","gm","corn_pkt_reciepe","1","pkt:500:gm","500",,,"False"
"cream 30","75","gm","cream 30_gm_in","1","gm:1:gm","1","NULL","NULL","False"
"cream 30","75","gm","cream 30_gm_inventory","1","gm:1:gm","1","NULL","NULL","False"
"cream 30","75","gm","cream 30_gm_out","1","gm:1:gm","1","NULL","NULL","False"
"cream 30","75","gm","cream 30_gm_reciepe","1","gm:1:gm","1","NULL","NULL","False"
"cream 30","75","gm","cream 30_kg_in","1000","kg:1000:gm","1000","NULL","NULL","False"
"cream 30","75","gm","cream 30_kg_out","500","kg:1000:gm","1000","NULL","NULL","False"
"cream 30","75","gm","cream 30_kg_reciepe","1","kg:1000:gm","1000",,,"False"
"cream 30","75","ml","cream 30_ltr_reciepe","1","ltr:1000:ml",,"1000",,"False"
"cream 30","75","ml","cream 30_ml_in","1","ml:1:ml","NULL","1","NULL","False"
"cream 30","75","ml","cream 30_ml_out","1","ml:1:ml","NULL","1","NULL","False"
"cream 30","75","ml","cream 30_ml_reciepe","1","ml:1:ml",,"1",,"False"
"cream 30","75","other","cream 30_other_in","1","NULL","NULL","NULL","1","False"
"cream 30","75","piece","cream 30_piece_in","1","piece:1:piece","NULL","NULL","1","False"
"cream 30","75","piece","cream 30_piece_out","1","piece:1:piece","NULL","NULL","1","False"
"cream 30","75","piece","cream 30_piece_reciepe","1","piece:1:piece",,,"1","False"
"cream 30","75","gm","cream 30_pkt_in","500","pkt:500:gm","500","NULL","NULL","False"
"cream 30","75","gm","cream 30_pkt_out","500","pkt:500:gm","500","NULL","NULL","False"
"cream 30","75","gm","cream 30_pkt_reciepe","1","pkt:500:gm","500",,,"False"
"cream","75","gm","cream_gm_in","1","gm:1:gm","1","NULL","NULL","False"
"cream","75","gm","cream_gm_inventory","1","gm:1:gm","1","NULL","NULL","False"
"cream","75","gm","cream_gm_out","1","gm:1:gm","1","NULL","NULL","False"
"cream","75","gm","cream_gm_reciepe","1","gm:1:gm","1","NULL","NULL","False"
"cream","75","gm","cream_kg_in","1000","kg:1000:gm","1000","NULL","NULL","False"
"cream","75","gm","cream_kg_out","500","kg:1000:gm","1000","NULL","NULL","False"
"cream","75","gm","cream_kg_reciepe","1","kg:1000:gm","1000",,,"False"
"cream","75","ml","cream_ltr_reciepe","1","ltr:1000:ml",,"1000",,"False"
"cream","75","ml","cream_ml_in","1","ml:1:ml","NULL","1","NULL","False"
"cream","75","ml","cream_ml_out","1","ml:1:ml","NULL","1","NULL","False"
"cream","75","ml","cream_ml_reciepe","1","ml:1:ml",,"1",,"False"
"cream","75","other","cream_other_in","1","NULL","NULL","NULL","1","False"
"cream","75","piece","cream_piece_in","1","piece:1:piece","NULL","NULL","1","False"
"cream","75","piece","cream_piece_out","1","piece:1:piece","NULL","NULL","1","False"
"cream","75","piece","cream_piece_reciepe","1","piece:1:piece",,,"1","False"
"cream","75","gm","cream_pkt_in","500","pkt:500:gm","500","NULL","NULL","False"
"cream","75","gm","cream_pkt_out","500","pkt:500:gm","500","NULL","NULL","False"
"cream","75","gm","cream_pkt_reciepe","1","pkt:500:gm","500",,,"False"
"cregano","62","gm","cregano_gm_in","1","gm:1:gm","1","NULL","NULL","False"
"cregano","62","gm","cregano_gm_inventory","1","gm:1:gm","1","NULL","NULL","False"
"cregano","62","gm","cregano_gm_out","1","gm:1:gm","1","NULL","NULL","False"
"cregano","62","gm","cregano_gm_reciepe","1","gm:1:gm","1","NULL","NULL","False"
"cregano","62","gm","cregano_kg_in","1000","kg:1000:gm","1000","NULL","NULL","False"
"cregano","62","gm","cregano_kg_out","500","kg:1000:gm","1000","NULL","NULL","False"
"cregano","62","gm","cregano_kg_reciepe","1","kg:1000:gm","1000",,,"False"
"cregano","62","ml","cregano_ltr_reciepe","1","ltr:1000:ml",,"1000",,"False"
"cregano","62","ml","cregano_ml_in","1","ml:1:ml","NULL","1","NULL","False"
"cregano","62","ml","cregano_ml_out","1","ml:1:ml","NULL","1","NULL","False"
"cregano","62","ml","cregano_ml_reciepe","1","ml:1:ml",,"1",,"False"
"cregano","62","other","cregano_other_in","1","NULL","NULL","NULL","1","False"
"cregano","62","piece","cregano_piece_in","1","piece:1:piece","NULL","NULL","1","False"
"cregano","62","piece","cregano_piece_out","1","piece:1:piece","NULL","NULL","1","False"
"cregano","62","piece","cregano_piece_reciepe","1","piece:1:piece",,,"1","False"
"cregano","62","gm","cregano_pkt_in","500","pkt:500:gm","500","NULL","NULL","False"
"cregano","62","gm","cregano_pkt_out","500","pkt:500:gm","500","NULL","NULL","False"
"cregano","62","gm","cregano_pkt_reciepe","1","pkt:500:gm","500",,,"False"
"Cucumber","V12","gm","Cucumber_gm_in","1","gm:1:gm","1","NULL","NULL","False"
"Cucumber","V12","gm","Cucumber_gm_out","1","gm:1:gm","1","NULL","NULL","False"
"Cucumber","V12","gm","Cucumber_gm_reciepe","1","gm:1:gm","1","NULL","NULL","False"
"Cucumber","V12","gm","Cucumber_kg_reciepe","1","kg:1000:gm","1000",,,"False"
"Cucumber","V12","ml","Cucumber_ltr_reciepe","1","ltr:1000:ml",,"1000",,"False"
"Cucumber","V12","ml","Cucumber_ml_reciepe","1","ml:1:ml",,"1",,"False"
"Cucumber","V12","piece","Cucumber_piece_reciepe","1","piece:1:piece",,,"1","False"
"Cucumber","V12","gm","Cucumber_pkt_reciepe","1","pkt:500:gm","500",,,"False"
"CURD","D2","gm","CURD_gm_in","1","gm:1:gm","1",,,"False"
"CURD","D2","gm","CURD_gm_inventory","1","gm:1:gm","1",,,"False"
"CURD","D2","gm","CURD_gm_out","1","gm:1:gm","1",,,"False"
"CURD","D2","gm","CURD_gm_reciepe","1","gm:1:gm","1",,,"False"
"CURD","D2","gm","CURD_kg_in","1000","kg:1000:gm","1000",,,"False"
"CURD","D2","gm","CURD_kg_out","500","kg:1000:gm","1000",,,"False"
"CURD","D2","gm","CURD_kg_reciepe","1","kg:1000:gm","1000",,,"False"
"CURD","D2","ml","CURD_ltr_reciepe","1","ltr:1000:ml",,"1000",,"False"
"CURD","D2","ml","CURD_ml_in","1","ml:1:ml",,"1",,"False"
"CURD","D2","ml","CURD_ml_out","1","ml:1:ml",,"1",,"False"
"CURD","D2","ml","CURD_ml_reciepe","1","ml:1:ml",,"1",,"False"
"CURD","D2","other","CURD_other_in","1",,,,"1","False"
"CURD","D2","piece","CURD_piece_in","1","piece:1:piece",,,"1","False"
"CURD","D2","piece","CURD_piece_out","1","piece:1:piece",,,"1","False"
"CURD","D2","piece","CURD_piece_reciepe","1","piece:1:piece",,,"1","False"
"CURD","D2","gm","CURD_pkt_in","500","pkt:500:gm","500",,,"False"
"CURD","D2","gm","CURD_pkt_out","500","pkt:500:gm","500",,,"False"
"CURD","D2","gm","CURD_pkt_reciepe","1","pkt:500:gm","500",,,"False"
"dal","5","gm","dal_gm_in","1","gm:1:gm","1","NULL","NULL","False"
"dal","5","gm","dal_gm_inventory","1","gm:1:gm","1","NULL","NULL","False"
"dal","5","gm","dal_gm_out","1","gm:1:gm","1","NULL","NULL","False"
"dal","5","gm","dal_gm_reciepe","1","gm:1:gm","1","NULL","NULL","False"
"dal","5","gm","dal_kg_in","1000","kg:1000:gm","1000","NULL","NULL","False"
"dal","5","gm","dal_kg_out","500","kg:1000:gm","1000","NULL","NULL","False"
"dal","5","gm","dal_kg_reciepe","1","kg:1000:gm","1000",,,"False"
"dal","5","ml","dal_ltr_reciepe","1","ltr:1000:ml",,"1000",,"False"
"dal","5","ml","dal_ml_in","1","ml:1:ml","NULL","1","NULL","False"
"dal","5","ml","dal_ml_out","1","ml:1:ml","NULL","1","NULL","False"
"dal","5","ml","dal_ml_reciepe","1","ml:1:ml",,"1",,"False"
"dal","5","other","dal_other_in","1","NULL","NULL","NULL","1","False"
"dal","5","piece","dal_piece_in","1","piece:1:piece","NULL","NULL","1","False"
"dal","5","piece","dal_piece_out","1","piece:1:piece","NULL","NULL","1","False"
"dal","5","piece","dal_piece_reciepe","1","piece:1:piece",,,"1","False"
"dal","5","gm","dal_pkt_in","500","pkt:500:gm","500","NULL","NULL","False"
"dal","5","gm","dal_pkt_out","500","pkt:500:gm","500","NULL","NULL","False"
"dal","5","gm","dal_pkt_reciepe","1","pkt:500:gm","500",,,"False"
"DALCHINI","32A","gm","DALCHINI_gm_in","1","gm:1:gm","1","NULL","NULL","False"
"DALCHINI","32A","gm","DALCHINI_gm_inventory","1","gm:1:gm","1","NULL","NULL","False"
"DALCHINI","32A","gm","DALCHINI_gm_out","1","gm:1:gm","1","NULL","NULL","False"
"DALCHINI","32A","gm","DALCHINI_gm_reciepe","1","gm:1:gm","1","NULL","NULL","False"
"DALCHINI","32A","gm","DALCHINI_kg_in","1000","kg:1000:gm","1000","NULL","NULL","False"
"DALCHINI","32A","gm","DALCHINI_kg_out","500","kg:1000:gm","1000","NULL","NULL","False"
"DALCHINI","32A","gm","DALCHINI_kg_reciepe","1","kg:1000:gm","1000",,,"False"
"DALCHINI","32A","ml","DALCHINI_ltr_reciepe","1","ltr:1000:ml",,"1000",,"False"
"DALCHINI","32A","ml","DALCHINI_ml_in","1","ml:1:ml","NULL","1","NULL","False"
"DALCHINI","32A","ml","DALCHINI_ml_out","1","ml:1:ml","NULL","1","NULL","False"
"DALCHINI","32A","ml","DALCHINI_ml_reciepe","1","ml:1:ml",,"1",,"False"
"DALCHINI","32A","other","DALCHINI_other_in","1","NULL","NULL","NULL","1","False"
"DALCHINI","32A","piece","DALCHINI_piece_in","1","piece:1:piece","NULL","NULL","1","False"
"DALCHINI","32A","piece","DALCHINI_piece_out","1","piece:1:piece","NULL","NULL","1","False"
"DALCHINI","32A","piece","DALCHINI_piece_reciepe","1","piece:1:piece",,,"1","False"
"DALCHINI","32A","gm","DALCHINI_pkt_in","500","pkt:500:gm","500","NULL","NULL","False"
"DALCHINI","32A","gm","DALCHINI_pkt_out","500","pkt:500:gm","500","NULL","NULL","False"
"DALCHINI","32A","gm","DALCHINI_pkt_reciepe","1","pkt:500:gm","500",,,"False"
"degi ,mirch","12","gm","degi ,mirch_gm_in","1","gm:1:gm","1","NULL","NULL","False"
"degi ,mirch","12","gm","degi ,mirch_gm_inventory","1","gm:1:gm","1","NULL","NULL","False"
"degi ,mirch","12","gm","degi ,mirch_gm_out","1","gm:1:gm","1","NULL","NULL","False"
"degi ,mirch","12","gm","degi ,mirch_gm_reciepe","1","gm:1:gm","1","NULL","NULL","False"
"degi ,mirch","12","gm","degi ,mirch_kg_in","1000","kg:1000:gm","1000","NULL","NULL","False"
"degi ,mirch","12","gm","degi ,mirch_kg_out","500","kg:1000:gm","1000","NULL","NULL","False"
"degi ,mirch","12","gm","degi ,mirch_kg_reciepe","1","kg:1000:gm","1000",,,"False"
"degi ,mirch","12","ml","degi ,mirch_ltr_reciepe","1","ltr:1000:ml",,"1000",,"False"
"degi ,mirch","12","ml","degi ,mirch_ml_in","1","ml:1:ml","NULL","1","NULL","False"
"degi ,mirch","12","ml","degi ,mirch_ml_out","1","ml:1:ml","NULL","1","NULL","False"
"degi ,mirch","12","ml","degi ,mirch_ml_reciepe","1","ml:1:ml",,"1",,"False"
"degi ,mirch","12","other","degi ,mirch_other_in","1","NULL","NULL","NULL","1","False"
"degi ,mirch","12","piece","degi ,mirch_piece_in","1","piece:1:piece","NULL","NULL","1","False"
"degi ,mirch","12","piece","degi ,mirch_piece_out","1","piece:1:piece","NULL","NULL","1","False"
"degi ,mirch","12","piece","degi ,mirch_piece_reciepe","1","piece:1:piece",,,"1","False"
"degi ,mirch","12","gm","degi ,mirch_pkt_in","500","pkt:500:gm","500","NULL","NULL","False"
"degi ,mirch","12","gm","degi ,mirch_pkt_out","500","pkt:500:gm","500","NULL","NULL","False"
"degi ,mirch","12","gm","degi ,mirch_pkt_reciepe","1","pkt:500:gm","500",,,"False"
"degi miorch","12","gm","degi miorch_gm_in","1","gm:1:gm","1","NULL","NULL","False"
"degi miorch","12","gm","degi miorch_gm_inventory","1","gm:1:gm","1","NULL","NULL","False"
"degi miorch","12","gm","degi miorch_gm_out","1","gm:1:gm","1","NULL","NULL","False"
"degi miorch","12","gm","degi miorch_gm_reciepe","1","gm:1:gm","1","NULL","NULL","False"
"degi miorch","12","gm","degi miorch_kg_in","1000","kg:1000:gm","1000","NULL","NULL","False"
"degi miorch","12","gm","degi miorch_kg_out","500","kg:1000:gm","1000","NULL","NULL","False"
"degi miorch","12","gm","degi miorch_kg_reciepe","1","kg:1000:gm","1000",,,"False"
"degi miorch","12","ml","degi miorch_ltr_reciepe","1","ltr:1000:ml",,"1000",,"False"
"degi miorch","12","ml","degi miorch_ml_in","1","ml:1:ml","NULL","1","NULL","False"
"degi miorch","12","ml","degi miorch_ml_out","1","ml:1:ml","NULL","1","NULL","False"
"degi miorch","12","ml","degi miorch_ml_reciepe","1","ml:1:ml",,"1",,"False"
"degi miorch","12","other","degi miorch_other_in","1","NULL","NULL","NULL","1","False"
"degi miorch","12","piece","degi miorch_piece_in","1","piece:1:piece","NULL","NULL","1","False"
"degi miorch","12","piece","degi miorch_piece_out","1","piece:1:piece","NULL","NULL","1","False"
"degi miorch","12","piece","degi miorch_piece_reciepe","1","piece:1:piece",,,"1","False"
"degi miorch","12","gm","degi miorch_pkt_in","500","pkt:500:gm","500","NULL","NULL","False"
"degi miorch","12","gm","degi miorch_pkt_out","500","pkt:500:gm","500","NULL","NULL","False"
"degi miorch","12","gm","degi miorch_pkt_reciepe","1","pkt:500:gm","500",,,"False"
"degi mirch","12","gm","degi mirch_gm_in","1","gm:1:gm","1","NULL","NULL","False"
"degi mirch","12","gm","degi mirch_gm_inventory","1","gm:1:gm","1","NULL","NULL","False"
"degi mirch","12","gm","degi mirch_gm_out","1","gm:1:gm","1","NULL","NULL","False"
"degi mirch","12","gm","degi mirch_gm_reciepe","1","gm:1:gm","1","NULL","NULL","False"
"degi mirch","12","gm","degi mirch_kg_in","1000","kg:1000:gm","1000","NULL","NULL","False"
"degi mirch","12","gm","degi mirch_kg_out","500","kg:1000:gm","1000","NULL","NULL","False"
"degi mirch","12","gm","degi mirch_kg_reciepe","1","kg:1000:gm","1000",,,"False"
"degi mirch","12","ml","degi mirch_ltr_reciepe","1","ltr:1000:ml",,"1000",,"False"
"degi mirch","12","ml","degi mirch_ml_in","1","ml:1:ml","NULL","1","NULL","False"
"degi mirch","12","ml","degi mirch_ml_out","1","ml:1:ml","NULL","1","NULL","False"
"degi mirch","12","ml","degi mirch_ml_reciepe","1","ml:1:ml",,"1",,"False"
"degi mirch","12","other","degi mirch_other_in","1","NULL","NULL","NULL","1","False"
"degi mirch","12","piece","degi mirch_piece_in","1","piece:1:piece","NULL","NULL","1","False"
"degi mirch","12","piece","degi mirch_piece_out","1","piece:1:piece","NULL","NULL","1","False"
"degi mirch","12","piece","degi mirch_piece_reciepe","1","piece:1:piece",,,"1","False"
"degi mirch","12","gm","degi mirch_pkt_in","500","pkt:500:gm","500","NULL","NULL","False"
"degi mirch","12","gm","degi mirch_pkt_out","500","pkt:500:gm","500","NULL","NULL","False"
"degi mirch","12","gm","degi mirch_pkt_reciepe","1","pkt:500:gm","500",,,"False"
"dhaniiya masala","9","gm","dhaniiya masala_gm_in","1","gm:1:gm","1","NULL","NULL","False"
"dhaniiya masala","9","gm","dhaniiya masala_gm_inventory","1","gm:1:gm","1","NULL","NULL","False"
"dhaniiya masala","9","gm","dhaniiya masala_gm_out","1","gm:1:gm","1","NULL","NULL","False"
"dhaniiya masala","9","gm","dhaniiya masala_gm_reciepe","1","gm:1:gm","1","NULL","NULL","False"
"dhaniiya masala","9","gm","dhaniiya masala_kg_in","1000","kg:1000:gm","1000","NULL","NULL","False"
"dhaniiya masala","9","gm","dhaniiya masala_kg_out","500","kg:1000:gm","1000","NULL","NULL","False"
"dhaniiya masala","9","gm","dhaniiya masala_kg_reciepe","1","kg:1000:gm","1000",,,"False"
"dhaniiya masala","9","ml","dhaniiya masala_ltr_reciepe","1","ltr:1000:ml",,"1000",,"False"
"dhaniiya masala","9","ml","dhaniiya masala_ml_in","1","ml:1:ml","NULL","1","NULL","False"
"dhaniiya masala","9","ml","dhaniiya masala_ml_out","1","ml:1:ml","NULL","1","NULL","False"
"dhaniiya masala","9","ml","dhaniiya masala_ml_reciepe","1","ml:1:ml",,"1",,"False"
"dhaniiya masala","9","other","dhaniiya masala_other_in","1","NULL","NULL","NULL","1","False"
"dhaniiya masala","9","piece","dhaniiya masala_piece_in","1","piece:1:piece","NULL","NULL","1","False"
"dhaniiya masala","9","piece","dhaniiya masala_piece_out","1","piece:1:piece","NULL","NULL","1","False"
"dhaniiya masala","9","piece","dhaniiya masala_piece_reciepe","1","piece:1:piece",,,"1","False"
"dhaniiya masala","9","gm","dhaniiya masala_pkt_in","500","pkt:500:gm","500","NULL","NULL","False"
"dhaniiya masala","9","gm","dhaniiya masala_pkt_out","500","pkt:500:gm","500","NULL","NULL","False"
"dhaniiya masala","9","gm","dhaniiya masala_pkt_reciepe","1","pkt:500:gm","500",,,"False"
"dhaniya","9","gm","dhaniya_gm_in","1","gm:1:gm","1","NULL","NULL","False"
"dhaniya","9","gm","dhaniya_gm_inventory","1","gm:1:gm","1","NULL","NULL","False"
"dhaniya","9","gm","dhaniya_gm_out","1","gm:1:gm","1","NULL","NULL","False"
"dhaniya","9","gm","dhaniya_gm_reciepe","1","gm:1:gm","1","NULL","NULL","False"
"dhaniya","9","gm","dhaniya_kg_in","1000","kg:1000:gm","1000","NULL","NULL","False"
"dhaniya","9","gm","dhaniya_kg_out","500","kg:1000:gm","1000","NULL","NULL","False"
"dhaniya","9","gm","dhaniya_kg_reciepe","1","kg:1000:gm","1000",,,"False"
"dhaniya","9","ml","dhaniya_ltr_reciepe","1","ltr:1000:ml",,"1000",,"False"
"dhaniya","9","ml","dhaniya_ml_in","1","ml:1:ml","NULL","1","NULL","False"
"dhaniya","9","ml","dhaniya_ml_out","1","ml:1:ml","NULL","1","NULL","False"
"dhaniya","9","ml","dhaniya_ml_reciepe","1","ml:1:ml",,"1",,"False"
"dhaniya","9","other","dhaniya_other_in","1","NULL","NULL","NULL","1","False"
"dhaniya","9","piece","dhaniya_piece_in","1","piece:1:piece","NULL","NULL","1","False"
"dhaniya","9","piece","dhaniya_piece_out","1","piece:1:piece","NULL","NULL","1","False"
"dhaniya","9","piece","dhaniya_piece_reciepe","1","piece:1:piece",,,"1","False"
"dhaniya","9","gm","dhaniya_pkt_in","500","pkt:500:gm","500","NULL","NULL","False"
"dhaniya","9","gm","dhaniya_pkt_out","500","pkt:500:gm","500","NULL","NULL","False"
"dhaniya","9","gm","dhaniya_pkt_reciepe","1","pkt:500:gm","500",,,"False"
"fries","78","gm","fries_gm_in","1","gm:1:gm","1","NULL","NULL","False"
"fries","78","gm","fries_gm_inventory","1","gm:1:gm","1","NULL","NULL","False"
"fries","78","gm","fries_gm_out","1","gm:1:gm","1","NULL","NULL","False"
"fries","78","gm","fries_gm_reciepe","1","gm:1:gm","1","NULL","NULL","False"
"fries","78","gm","fries_kg_in","1000","kg:1000:gm","1000","NULL","NULL","False"
"fries","78","gm","fries_kg_out","500","kg:1000:gm","1000","NULL","NULL","False"
"fries","78","gm","fries_kg_reciepe","1","kg:1000:gm","1000",,,"False"
"fries","78","ml","fries_ltr_reciepe","1","ltr:1000:ml",,"1000",,"False"
"fries","78","ml","fries_ml_in","1","ml:1:ml","NULL","1","NULL","False"
"fries","78","ml","fries_ml_out","1","ml:1:ml","NULL","1","NULL","False"
"fries","78","ml","fries_ml_reciepe","1","ml:1:ml",,"1",,"False"
"fries","78","other","fries_other_in","1","NULL","NULL","NULL","1","False"
"fries","78","piece","fries_piece_in","1","piece:1:piece","NULL","NULL","1","False"
"fries","78","piece","fries_piece_out","1","piece:1:piece","NULL","NULL","1","False"
"fries","78","piece","fries_piece_reciepe","1","piece:1:piece",,,"1","False"
"fries","78","gm","fries_pkt_in","500","pkt:500:gm","500","NULL","NULL","False"
"fries","78","gm","fries_pkt_out","500","pkt:500:gm","500","NULL","NULL","False"
"fries","78","gm","fries_pkt_reciepe","1","pkt:500:gm","500",,,"False"
"garam masala","14","gm","garam masala _gm_in","1","gm:1:gm","1","NULL","NULL","False"
"garam masala","14","gm","garam masala _gm_inventory","1","gm:1:gm","1","NULL","NULL","False"
"garam masala","14","gm","garam masala _gm_out","1","gm:1:gm","1","NULL","NULL","False"
"garam masala","14","gm","garam masala _gm_reciepe","1","gm:1:gm","1","NULL","NULL","False"
"garam masala","14","gm","garam masala _kg_in","1000","kg:1000:gm","1000","NULL","NULL","False"
"garam masala","14","gm","garam masala _kg_out","500","kg:1000:gm","1000","NULL","NULL","False"
"garam masala","14","ml","garam masala _ml_in","1","ml:1:ml","NULL","1","NULL","False"
"garam masala","14","ml","garam masala _ml_out","1","ml:1:ml","NULL","1","NULL","False"
"garam masala","14","other","garam masala _other_in","1","NULL","NULL","NULL","1","False"
"garam masala","14","piece","garam masala _piece_in","1","piece:1:piece","NULL","NULL","1","False"
"garam masala","14","piece","garam masala _piece_out","1","piece:1:piece","NULL","NULL","1","False"
"garam masala","14","gm","garam masala _pkt_in","500","pkt:500:gm","500","NULL","NULL","False"
"garam masala","14","gm","garam masala _pkt_out","500","pkt:500:gm","500","NULL","NULL","False"
"garam masala","14","gm","garam masala_gm_reciepe","1","gm:1:gm","1",,,"False"
"garam masala","14","gm","garam masala_kg_reciepe","1","kg:1000:gm","1000",,,"False"
"garam masala","14","ml","garam masala_ltr_reciepe","1","ltr:1000:ml",,"1000",,"False"
"garam masala","14","ml","garam masala_ml_reciepe","1","ml:1:ml",,"1",,"False"
"garam masala","14","piece","garam masala_piece_reciepe","1","piece:1:piece",,,"1","False"
"garam masala","14","gm","garam masala_pkt_reciepe","1","pkt:500:gm","500",,,"False"
"Garlic","V10","gm","Garlic_gm_in","1","gm:1:gm","1","NULL","NULL","False"
"Garlic","V10","gm","Garlic_gm_out","1","gm:1:gm","1","NULL","NULL","False"
"Garlic","V10","gm","Garlic_gm_reciepe","1","gm:1:gm","1","NULL","NULL","False"
"Garlic","V10","gm","Garlic_kg_reciepe","1","kg:1000:gm","1000",,,"False"
"Garlic","V10","ml","Garlic_ltr_reciepe","1","ltr:1000:ml",,"1000",,"False"
"Garlic","V10","ml","Garlic_ml_reciepe","1","ml:1:ml",,"1",,"False"
"Garlic","V10","piece","Garlic_piece_reciepe","1","piece:1:piece",,,"1","False"
"Garlic","V10","gm","Garlic_pkt_reciepe","1","pkt:500:gm","500",,,"False"
"GHEE","21A","gm","GHEE_gm_in","1","gm:1:gm","1","NULL","NULL","False"
"GHEE","21A","gm","GHEE_gm_inventory","1","gm:1:gm","1","NULL","NULL","False"
"GHEE","21A","gm","GHEE_gm_out","1","gm:1:gm","1","NULL","NULL","False"
"GHEE","21A","gm","GHEE_gm_reciepe","1","gm:1:gm","1","NULL","NULL","False"
"GHEE","21A","gm","GHEE_kg_in","1000","kg:1000:gm","1000","NULL","NULL","False"
"GHEE","21A","gm","GHEE_kg_out","500","kg:1000:gm","1000","NULL","NULL","False"
"GHEE","21A","gm","GHEE_kg_reciepe","1","kg:1000:gm","1000",,,"False"
"GHEE","21A","ml","GHEE_ltr_reciepe","1","ltr:1000:ml",,"1000",,"False"
"GHEE","21A","ml","GHEE_ml_in","1","ml:1:ml","NULL","1","NULL","False"
"GHEE","21A","ml","GHEE_ml_out","1","ml:1:ml","NULL","1","NULL","False"
"GHEE","21A","ml","GHEE_ml_reciepe","1","ml:1:ml",,"1",,"False"
"GHEE","21A","other","GHEE_other_in","1","NULL","NULL","NULL","1","False"
"GHEE","21A","piece","GHEE_piece_in","1","piece:1:piece","NULL","NULL","1","False"
"GHEE","21A","piece","GHEE_piece_out","1","piece:1:piece","NULL","NULL","1","False"
"GHEE","21A","piece","GHEE_piece_reciepe","1","piece:1:piece",,,"1","False"
"GHEE","21A","gm","GHEE_pkt_in","500","pkt:500:gm","500","NULL","NULL","False"
"GHEE","21A","gm","GHEE_pkt_out","500","pkt:500:gm","500","NULL","NULL","False"
"GHEE","21A","gm","GHEE_pkt_reciepe","1","pkt:500:gm","500",,,"False"
"Ginger","V3","gm","Ginger_gm_in","1","gm:1:gm","1","NULL","NULL","False"
"Ginger","V3","gm","Ginger_gm_out","1","gm:1:gm","1","NULL","NULL","False"
"Ginger","V3","gm","Ginger_gm_reciepe","1","gm:1:gm","1","NULL","NULL","False"
"Ginger","V3","gm","Ginger_kg_reciepe","1","kg:1000:gm","1000",,,"False"
"Ginger","V3","ml","Ginger_ltr_reciepe","1","ltr:1000:ml",,"1000",,"False"
"Ginger","V3","ml","Ginger_ml_reciepe","1","ml:1:ml",,"1",,"False"
"Ginger","V3","piece","Ginger_piece_reciepe","1","piece:1:piece",,,"1","False"
"Ginger","V3","gm","Ginger_pkt_reciepe","1","pkt:500:gm","500",,,"False"
"Green Chilli","V2","gm","Green Chilli_gm_in","1","gm:1:gm","1","NULL","NULL","False"
"Green Chilli","V2","gm","Green Chilli_gm_out","1","gm:1:gm","1","NULL","NULL","False"
"Green Chilli","V2","gm","Green Chilli_gm_reciepe","1","gm:1:gm","1","NULL","NULL","False"
"Green Chilli","V2","gm","Green Chilli_kg_reciepe","1","kg:1000:gm","1000",,,"False"
"Green Chilli","V2","ml","Green Chilli_ltr_reciepe","1","ltr:1000:ml",,"1000",,"False"
"Green Chilli","V2","ml","Green Chilli_ml_reciepe","1","ml:1:ml",,"1",,"False"
"Green Chilli","V2","piece","Green Chilli_piece_reciepe","1","piece:1:piece",,,"1","False"
"Green Chilli","V2","gm","Green Chilli_pkt_reciepe","1","pkt:500:gm","500",,,"False"
"GREEN CHILLY SAUCE","43B","gm","GREEN CHILLY SAUCE_gm_in","1","gm:1:gm","1","NULL","NULL","False"
"GREEN CHILLY SAUCE","43B","gm","GREEN CHILLY SAUCE_gm_inventory","1","gm:1:gm","1","NULL","NULL","False"
"GREEN CHILLY SAUCE","43B","gm","GREEN CHILLY SAUCE_gm_out","1","gm:1:gm","1","NULL","NULL","False"
"GREEN CHILLY SAUCE","43B","gm","GREEN CHILLY SAUCE_gm_reciepe","1","gm:1:gm","1","NULL","NULL","False"
"GREEN CHILLY SAUCE","43B","gm","GREEN CHILLY SAUCE_kg_in","1000","kg:1000:gm","1000","NULL","NULL","False"
"GREEN CHILLY SAUCE","43B","gm","GREEN CHILLY SAUCE_kg_out","500","kg:1000:gm","1000","NULL","NULL","False"
"GREEN CHILLY SAUCE","43B","gm","GREEN CHILLY SAUCE_kg_reciepe","1","kg:1000:gm","1000",,,"False"
"GREEN CHILLY SAUCE","43B","ml","GREEN CHILLY SAUCE_ltr_reciepe","1","ltr:1000:ml",,"1000",,"False"
"GREEN CHILLY SAUCE","43B","ml","GREEN CHILLY SAUCE_ml_in","1","ml:1:ml","NULL","1","NULL","False"
"GREEN CHILLY SAUCE","43B","ml","GREEN CHILLY SAUCE_ml_out","1","ml:1:ml","NULL","1","NULL","False"
"GREEN CHILLY SAUCE","43B","ml","GREEN CHILLY SAUCE_ml_reciepe","1","ml:1:ml",,"1",,"False"
"GREEN CHILLY SAUCE","43B","other","GREEN CHILLY SAUCE_other_in","1","NULL","NULL","NULL","1","False"
"GREEN CHILLY SAUCE","43B","piece","GREEN CHILLY SAUCE_piece_in","1","piece:1:piece","NULL","NULL","1","False"
"GREEN CHILLY SAUCE","43B","piece","GREEN CHILLY SAUCE_piece_out","1","piece:1:piece","NULL","NULL","1","False"
"GREEN CHILLY SAUCE","43B","piece","GREEN CHILLY SAUCE_piece_reciepe","1","piece:1:piece",,,"1","False"
"GREEN CHILLY SAUCE","43B","gm","GREEN CHILLY SAUCE_pkt_in","500","pkt:500:gm","500","NULL","NULL","False"
"GREEN CHILLY SAUCE","43B","gm","GREEN CHILLY SAUCE_pkt_out","500","pkt:500:gm","500","NULL","NULL","False"
"GREEN CHILLY SAUCE","43B","gm","GREEN CHILLY SAUCE_pkt_reciepe","1","pkt:500:gm","500",,,"False"
"green peas","79","gm","green peas_gm_in","1","gm:1:gm","1","NULL","NULL","False"
"green peas","79","gm","green peas_gm_inventory","1","gm:1:gm","1","NULL","NULL","False"
"green peas","79","gm","green peas_gm_out","1","gm:1:gm","1","NULL","NULL","False"
"green peas","79","gm","green peas_gm_reciepe","1","gm:1:gm","1","NULL","NULL","False"
"green peas","79","gm","green peas_kg_in","1000","kg:1000:gm","1000","NULL","NULL","False"
"green peas","79","gm","green peas_kg_out","500","kg:1000:gm","1000","NULL","NULL","False"
"green peas","79","gm","green peas_kg_reciepe","1","kg:1000:gm","1000",,,"False"
"green peas","79","ml","green peas_ltr_reciepe","1","ltr:1000:ml",,"1000",,"False"
"green peas","79","ml","green peas_ml_in","1","ml:1:ml","NULL","1","NULL","False"
"green peas","79","ml","green peas_ml_out","1","ml:1:ml","NULL","1","NULL","False"
"green peas","79","ml","green peas_ml_reciepe","1","ml:1:ml",,"1",,"False"
"green peas","79","other","green peas_other_in","1","NULL","NULL","NULL","1","False"
"green peas","79","piece","green peas_piece_in","1","piece:1:piece","NULL","NULL","1","False"
"green peas","79","piece","green peas_piece_out","1","piece:1:piece","NULL","NULL","1","False"
"green peas","79","piece","green peas_piece_reciepe","1","piece:1:piece",,,"1","False"
"green peas","79","gm","green peas_pkt_in","500","pkt:500:gm","500","NULL","NULL","False"
"green peas","79","gm","green peas_pkt_out","500","pkt:500:gm","500","NULL","NULL","False"
"green peas","79","gm","green peas_pkt_reciepe","1","pkt:500:gm","500",,,"False"
"green sauce","42","gm","green sauce_gm_in","1","gm:1:gm","1","NULL","NULL","False"
"green sauce","42","gm","green sauce_gm_inventory","1","gm:1:gm","1","NULL","NULL","False"
"green sauce","42","gm","green sauce_gm_out","1","gm:1:gm","1","NULL","NULL","False"
"green sauce","42","gm","green sauce_gm_reciepe","1","gm:1:gm","1","NULL","NULL","False"
"green sauce","42","gm","green sauce_kg_in","1000","kg:1000:gm","1000","NULL","NULL","False"
"green sauce","42","gm","green sauce_kg_out","500","kg:1000:gm","1000","NULL","NULL","False"
"green sauce","42","gm","green sauce_kg_reciepe","1","kg:1000:gm","1000",,,"False"
"green sauce","42","ml","green sauce_ltr_reciepe","1","ltr:1000:ml",,"1000",,"False"
"green sauce","42","ml","green sauce_ml_in","1","ml:1:ml","NULL","1","NULL","False"
"green sauce","42","ml","green sauce_ml_out","1","ml:1:ml","NULL","1","NULL","False"
"green sauce","42","ml","green sauce_ml_reciepe","1","ml:1:ml",,"1",,"False"
"green sauce","42","other","green sauce_other_in","1","NULL","NULL","NULL","1","False"
"green sauce","42","piece","green sauce_piece_in","1","piece:1:piece","NULL","NULL","1","False"
"green sauce","42","piece","green sauce_piece_out","1","piece:1:piece","NULL","NULL","1","False"
"green sauce","42","piece","green sauce_piece_reciepe","1","piece:1:piece",,,"1","False"
"green sauce","42","gm","green sauce_pkt_in","500","pkt:500:gm","500","NULL","NULL","False"
"green sauce","42","gm","green sauce_pkt_out","500","pkt:500:gm","500","NULL","NULL","False"
"green sauce","42","gm","green sauce_pkt_reciepe","1","pkt:500:gm","500",,,"False"
"GULAB JAMUN","28A","portion","GULAB JAMUN_1_portion","1","NULL","NULL","NULL","1","False"
"GULAB JAMUN","28A","gm","GULAB JAMUN_gm_in","1","gm:1:gm","1","NULL","NULL","False"
"GULAB JAMUN","28A","gm","GULAB JAMUN_gm_inventory","1","gm:1:gm","1","NULL","NULL","False"
"GULAB JAMUN","28A","gm","GULAB JAMUN_gm_out","1","gm:1:gm","1","NULL","NULL","False"
"GULAB JAMUN","28A","gm","GULAB JAMUN_gm_reciepe","1","gm:1:gm","1","NULL","NULL","False"
"GULAB JAMUN","28A","gm","GULAB JAMUN_kg_in","1000","kg:1000:gm","1000","NULL","NULL","False"
"GULAB JAMUN","28A","gm","GULAB JAMUN_kg_out","500","kg:1000:gm","1000","NULL","NULL","False"
"GULAB JAMUN","28A","gm","GULAB JAMUN_kg_reciepe","1","kg:1000:gm","1000",,,"False"
"GULAB JAMUN","28A","ml","GULAB JAMUN_ltr_reciepe","1","ltr:1000:ml",,"1000",,"False"
"GULAB JAMUN","28A","ml","GULAB JAMUN_ml_in","1","ml:1:ml","NULL","1","NULL","False"
"GULAB JAMUN","28A","ml","GULAB JAMUN_ml_out","1","ml:1:ml","NULL","1","NULL","False"
"GULAB JAMUN","28A","ml","GULAB JAMUN_ml_reciepe","1","ml:1:ml",,"1",,"False"
"GULAB JAMUN","28A","other","GULAB JAMUN_other_in","1","NULL","NULL","NULL","1","False"
"GULAB JAMUN","28A","piece","GULAB JAMUN_piece_in","1","piece:1:piece","NULL","NULL","1","False"
"GULAB JAMUN","28A","piece","GULAB JAMUN_piece_out","1","piece:1:piece","NULL","NULL","1","False"
"GULAB JAMUN","28A","piece","GULAB JAMUN_piece_reciepe","1","piece:1:piece",,,"1","False"
"GULAB JAMUN","28A","gm","GULAB JAMUN_pkt_in","500","pkt:500:gm","500","NULL","NULL","False"
"GULAB JAMUN","28A","gm","GULAB JAMUN_pkt_out","500","pkt:500:gm","500","NULL","NULL","False"
"GULAB JAMUN","28A","gm","GULAB JAMUN_pkt_reciepe","1","pkt:500:gm","500",,,"False"
"haldi powder","11","gm","haldi powder_gm_in","1","gm:1:gm","1","NULL","NULL","False"
"haldi powder","11","gm","haldi powder_gm_inventory","1","gm:1:gm","1","NULL","NULL","False"
"haldi powder","11","gm","haldi powder_gm_out","1","gm:1:gm","1","NULL","NULL","False"
"haldi powder","11","gm","haldi powder_gm_reciepe","1","gm:1:gm","1","NULL","NULL","False"
"haldi powder","11","gm","haldi powder_kg_in","1000","kg:1000:gm","1000","NULL","NULL","False"
"haldi powder","11","gm","haldi powder_kg_out","500","kg:1000:gm","1000","NULL","NULL","False"
"haldi powder","11","gm","haldi powder_kg_reciepe","1","kg:1000:gm","1000",,,"False"
"haldi powder","11","ml","haldi powder_ltr_reciepe","1","ltr:1000:ml",,"1000",,"False"
"haldi powder","11","ml","haldi powder_ml_in","1","ml:1:ml","NULL","1","NULL","False"
"haldi powder","11","ml","haldi powder_ml_out","1","ml:1:ml","NULL","1","NULL","False"
"haldi powder","11","ml","haldi powder_ml_reciepe","1","ml:1:ml",,"1",,"False"
"haldi powder","11","other","haldi powder_other_in","1","NULL","NULL","NULL","1","False"
"haldi powder","11","piece","haldi powder_piece_in","1","piece:1:piece","NULL","NULL","1","False"
"haldi powder","11","piece","haldi powder_piece_out","1","piece:1:piece","NULL","NULL","1","False"
"haldi powder","11","piece","haldi powder_piece_reciepe","1","piece:1:piece",,,"1","False"
"haldi powder","11","gm","haldi powder_pkt_in","500","pkt:500:gm","500","NULL","NULL","False"
"haldi powder","11","gm","haldi powder_pkt_out","500","pkt:500:gm","500","NULL","NULL","False"
"haldi powder","11","gm","haldi powder_pkt_reciepe","1","pkt:500:gm","500",,,"False"
"HARI ELAICHI","33B","gm","HARI ELAICHI_gm_in","1","gm:1:gm","1",,,"False"
"HARI ELAICHI","33B","gm","HARI ELAICHI_gm_inventory","1","gm:1:gm","1",,,"False"
"HARI ELAICHI","33B","gm","HARI ELAICHI_gm_out","1","gm:1:gm","1",,,"False"
"HARI ELAICHI","33B","gm","HARI ELAICHI_gm_reciepe","1","gm:1:gm","1",,,"False"
"HARI ELAICHI","33B","gm","HARI ELAICHI_kg_in","1000","kg:1000:gm","1000",,,"False"
"HARI ELAICHI","33B","gm","HARI ELAICHI_kg_out","500","kg:1000:gm","1000",,,"False"
"HARI ELAICHI","33B","gm","HARI ELAICHI_kg_reciepe","1","kg:1000:gm","1000",,,"False"
"HARI ELAICHI","33B","ml","HARI ELAICHI_ltr_reciepe","1","ltr:1000:ml",,"1000",,"False"
"HARI ELAICHI","33B","ml","HARI ELAICHI_ml_in","1","ml:1:ml",,"1",,"False"
"HARI ELAICHI","33B","ml","HARI ELAICHI_ml_out","1","ml:1:ml",,"1",,"False"
"HARI ELAICHI","33B","ml","HARI ELAICHI_ml_reciepe","1","ml:1:ml",,"1",,"False"
"HARI ELAICHI","33B","other","HARI ELAICHI_other_in","1",,,,"1","False"
"HARI ELAICHI","33B","piece","HARI ELAICHI_piece_in","1","piece:1:piece",,,"1","False"
"HARI ELAICHI","33B","piece","HARI ELAICHI_piece_out","1","piece:1:piece",,,"1","False"
"HARI ELAICHI","33B","piece","HARI ELAICHI_piece_reciepe","1","piece:1:piece",,,"1","False"
"HARI ELAICHI","33B","gm","HARI ELAICHI_pkt_in","500","pkt:500:gm","500",,,"False"
"HARI ELAICHI","33B","gm","HARI ELAICHI_pkt_out","500","pkt:500:gm","500",,,"False"
"HARI ELAICHI","33B","gm","HARI ELAICHI_pkt_reciepe","1","pkt:500:gm","500",,,"False"
"HAZELNUT SYRUP","59B","gm","HAZELNUT SYRUP_gm_in","1","gm:1:gm","1","NULL","NULL","False"
"HAZELNUT SYRUP","59B","gm","HAZELNUT SYRUP_gm_inventory","1","gm:1:gm","1","NULL","NULL","False"
"HAZELNUT SYRUP","59B","gm","HAZELNUT SYRUP_gm_out","1","gm:1:gm","1","NULL","NULL","False"
"HAZELNUT SYRUP","59B","gm","HAZELNUT SYRUP_gm_reciepe","1","gm:1:gm","1","NULL","NULL","False"
"HAZELNUT SYRUP","59B","gm","HAZELNUT SYRUP_kg_in","1000","kg:1000:gm","1000","NULL","NULL","False"
"HAZELNUT SYRUP","59B","gm","HAZELNUT SYRUP_kg_out","500","kg:1000:gm","1000","NULL","NULL","False"
"HAZELNUT SYRUP","59B","gm","HAZELNUT SYRUP_kg_reciepe","1","kg:1000:gm","1000",,,"False"
"HAZELNUT SYRUP","59B","ml","HAZELNUT SYRUP_ltr_reciepe","1","ltr:1000:ml",,"1000",,"False"
"HAZELNUT SYRUP","59B","ml","HAZELNUT SYRUP_ml_in","1","ml:1:ml","NULL","1","NULL","False"
"HAZELNUT SYRUP","59B","ml","HAZELNUT SYRUP_ml_out","1","ml:1:ml","NULL","1","NULL","False"
"HAZELNUT SYRUP","59B","ml","HAZELNUT SYRUP_ml_reciepe","1","ml:1:ml",,"1",,"False"
"HAZELNUT SYRUP","59B","other","HAZELNUT SYRUP_other_in","1","NULL","NULL","NULL","1","False"
"HAZELNUT SYRUP","59B","piece","HAZELNUT SYRUP_piece_in","1","piece:1:piece","NULL","NULL","1","False"
"HAZELNUT SYRUP","59B","piece","HAZELNUT SYRUP_piece_out","1","piece:1:piece","NULL","NULL","1","False"
"HAZELNUT SYRUP","59B","piece","HAZELNUT SYRUP_piece_reciepe","1","piece:1:piece",,,"1","False"
"HAZELNUT SYRUP","59B","gm","HAZELNUT SYRUP_pkt_in","500","pkt:500:gm","500","NULL","NULL","False"
"HAZELNUT SYRUP","59B","gm","HAZELNUT SYRUP_pkt_out","500","pkt:500:gm","500","NULL","NULL","False"
"HAZELNUT SYRUP","59B","gm","HAZELNUT SYRUP_pkt_reciepe","1","pkt:500:gm","500",,,"False"
"HING","23B","gm","HING_gm_in","1","gm:1:gm","1","NULL","NULL","False"
"HING","23B","gm","HING_gm_inventory","1","gm:1:gm","1","NULL","NULL","False"
"HING","23B","gm","HING_gm_out","1","gm:1:gm","1","NULL","NULL","False"
"HING","23B","gm","HING_gm_reciepe","1","gm:1:gm","1","NULL","NULL","False"
"HING","23B","gm","HING_kg_in","1000","kg:1000:gm","1000","NULL","NULL","False"
"HING","23B","gm","HING_kg_out","500","kg:1000:gm","1000","NULL","NULL","False"
"HING","23B","gm","HING_kg_reciepe","1","kg:1000:gm","1000",,,"False"
"HING","23B","ml","HING_ltr_reciepe","1","ltr:1000:ml",,"1000",,"False"
"HING","23B","ml","HING_ml_in","1","ml:1:ml","NULL","1","NULL","False"
"HING","23B","ml","HING_ml_out","1","ml:1:ml","NULL","1","NULL","False"
"HING","23B","ml","HING_ml_reciepe","1","ml:1:ml",,"1",,"False"
"HING","23B","other","HING_other_in","1","NULL","NULL","NULL","1","False"
"HING","23B","piece","HING_piece_in","1","piece:1:piece","NULL","NULL","1","False"
"HING","23B","piece","HING_piece_out","1","piece:1:piece","NULL","NULL","1","False"
"HING","23B","piece","HING_piece_reciepe","1","piece:1:piece",,,"1","False"
"HING","23B","gm","HING_pkt_in","500","pkt:500:gm","500","NULL","NULL","False"
"HING","23B","gm","HING_pkt_out","500","pkt:500:gm","500","NULL","NULL","False"
"HING","23B","gm","HING_pkt_reciepe","1","pkt:500:gm","500",,,"False"
"ICE CREAM CHOCOLATE","100","gm","ICE CREAM CHOCOLATE_gm_in","1","gm:1:gm","1","NULL","NULL","False"
"ICE CREAM CHOCOLATE","100","gm","ICE CREAM CHOCOLATE_gm_inventory","1","gm:1:gm","1","NULL","NULL","False"
"ICE CREAM CHOCOLATE","100","gm","ICE CREAM CHOCOLATE_gm_out","1","gm:1:gm","1","NULL","NULL","False"
"ICE CREAM CHOCOLATE","100","gm","ICE CREAM CHOCOLATE_gm_reciepe","1","gm:1:gm","1","NULL","NULL","False"
"ICE CREAM CHOCOLATE","100","gm","ICE CREAM CHOCOLATE_kg_in","1000","kg:1000:gm","1000","NULL","NULL","False"
"ICE CREAM CHOCOLATE","100","gm","ICE CREAM CHOCOLATE_kg_out","500","kg:1000:gm","1000","NULL","NULL","False"
"ICE CREAM CHOCOLATE","100","gm","ICE CREAM CHOCOLATE_kg_reciepe","1","kg:1000:gm","1000",,,"False"
"ICE CREAM CHOCOLATE","100","ml","ICE CREAM CHOCOLATE_ltr_reciepe","1","ltr:1000:ml",,"1000",,"False"
"ICE CREAM CHOCOLATE","100","ml","ICE CREAM CHOCOLATE_ml_in","1","ml:1:ml","NULL","1","NULL","False"
"ICE CREAM CHOCOLATE","100","ml","ICE CREAM CHOCOLATE_ml_out","1","ml:1:ml","NULL","1","NULL","False"
"ICE CREAM CHOCOLATE","100","ml","ICE CREAM CHOCOLATE_ml_reciepe","1","ml:1:ml",,"1",,"False"
"ICE CREAM CHOCOLATE","100","other","ICE CREAM CHOCOLATE_other_in","1","NULL","NULL","NULL","1","False"
"ICE CREAM CHOCOLATE","100","piece","ICE CREAM CHOCOLATE_piece_in","1","piece:1:piece","NULL","NULL","1","False"
"ICE CREAM CHOCOLATE","100","piece","ICE CREAM CHOCOLATE_piece_out","1","piece:1:piece","NULL","NULL","1","False"
"ICE CREAM CHOCOLATE","100","piece","ICE CREAM CHOCOLATE_piece_reciepe","1","piece:1:piece",,,"1","False"
"ICE CREAM CHOCOLATE","100","gm","ICE CREAM CHOCOLATE_pkt_in","500","pkt:500:gm","500","NULL","NULL","False"
"ICE CREAM CHOCOLATE","100","gm","ICE CREAM CHOCOLATE_pkt_out","500","pkt:500:gm","500","NULL","NULL","False"
"ICE CREAM CHOCOLATE","100","gm","ICE CREAM CHOCOLATE_pkt_reciepe","1","pkt:500:gm","500",,,"False"
"ice cream vanilla","99","gm","ice cream vanilla_gm_in","1","gm:1:gm","1","NULL","NULL","False"
"ice cream vanilla","99","gm","ice cream vanilla_gm_inventory","1","gm:1:gm","1","NULL","NULL","False"
"ice cream vanilla","99","gm","ice cream vanilla_gm_out","1","gm:1:gm","1","NULL","NULL","False"
"ice cream vanilla","99","gm","ice cream vanilla_gm_reciepe","1","gm:1:gm","1","NULL","NULL","False"
"ice cream vanilla","99","gm","ice cream vanilla_kg_in","1000","kg:1000:gm","1000","NULL","NULL","False"
"ice cream vanilla","99","gm","ice cream vanilla_kg_out","500","kg:1000:gm","1000","NULL","NULL","False"
"ice cream vanilla","99","gm","ice cream vanilla_kg_reciepe","1","kg:1000:gm","1000",,,"False"
"ice cream vanilla","99","ml","ice cream vanilla_ltr_reciepe","1","ltr:1000:ml",,"1000",,"False"
"ice cream vanilla","99","ml","ice cream vanilla_ml_in","1","ml:1:ml","NULL","1","NULL","False"
"ice cream vanilla","99","ml","ice cream vanilla_ml_out","1","ml:1:ml","NULL","1","NULL","False"
"ice cream vanilla","99","ml","ice cream vanilla_ml_reciepe","1","ml:1:ml",,"1",,"False"
"ice cream vanilla","99","other","ice cream vanilla_other_in","1","NULL","NULL","NULL","1","False"
"ice cream vanilla","99","piece","ice cream vanilla_piece_in","1","piece:1:piece","NULL","NULL","1","False"
"ice cream vanilla","99","piece","ice cream vanilla_piece_out","1","piece:1:piece","NULL","NULL","1","False"
"ice cream vanilla","99","piece","ice cream vanilla_piece_reciepe","1","piece:1:piece",,,"1","False"
"ice cream vanilla","99","gm","ice cream vanilla_pkt_in","500","pkt:500:gm","500","NULL","NULL","False"
"ice cream vanilla","99","gm","ice cream vanilla_pkt_out","500","pkt:500:gm","500","NULL","NULL","False"
"ice cream vanilla","99","gm","ice cream vanilla_pkt_reciepe","1","pkt:500:gm","500",,,"False"
"ice cream","99","gm","ice cream_gm_in","1","gm:1:gm","1","NULL","NULL","False"
"ice cream","99","gm","ice cream_gm_inventory","1","gm:1:gm","1","NULL","NULL","False"
"ice cream","99","gm","ice cream_gm_out","1","gm:1:gm","1","NULL","NULL","False"
"ice cream","99","gm","ice cream_gm_reciepe","1","gm:1:gm","1","NULL","NULL","False"
"ice cream","99","gm","ice cream_kg_in","1000","kg:1000:gm","1000","NULL","NULL","False"
"ice cream","99","gm","ice cream_kg_out","500","kg:1000:gm","1000","NULL","NULL","False"
"ice cream","99","gm","ice cream_kg_reciepe","1","kg:1000:gm","1000",,,"False"
"ice cream","99","ml","ice cream_ltr_reciepe","1","ltr:1000:ml",,"1000",,"False"
"ice cream","99","ml","ice cream_ml_in","1","ml:1:ml","NULL","1","NULL","False"
"ice cream","99","ml","ice cream_ml_out","1","ml:1:ml","NULL","1","NULL","False"
"ice cream","99","ml","ice cream_ml_reciepe","1","ml:1:ml",,"1",,"False"
"ice cream","99","other","ice cream_other_in","1","NULL","NULL","NULL","1","False"
"ice cream","99","piece","ice cream_piece_in","1","piece:1:piece","NULL","NULL","1","False"
"ice cream","99","piece","ice cream_piece_out","1","piece:1:piece","NULL","NULL","1","False"
"ice cream","99","piece","ice cream_piece_reciepe","1","piece:1:piece",,,"1","False"
"ice cream","99","gm","ice cream_pkt_in","500","pkt:500:gm","500","NULL","NULL","False"
"ice cream","99","gm","ice cream_pkt_out","500","pkt:500:gm","500","NULL","NULL","False"
"ice cream","99","gm","ice cream_pkt_reciepe","1","pkt:500:gm","500",,,"False"
"imli chatni","56","gm","imli chatni_gm_in","1","gm:1:gm","1","NULL","NULL","False"
"imli chatni","56","gm","imli chatni_gm_inventory","1","gm:1:gm","1","NULL","NULL","False"
"imli chatni","56","gm","imli chatni_gm_out","1","gm:1:gm","1","NULL","NULL","False"
"imli chatni","56","gm","imli chatni_gm_reciepe","1","gm:1:gm","1","NULL","NULL","False"
"imli chatni","56","gm","imli chatni_kg_in","1000","kg:1000:gm","1000","NULL","NULL","False"
"imli chatni","56","gm","imli chatni_kg_out","500","kg:1000:gm","1000","NULL","NULL","False"
"imli chatni","56","gm","imli chatni_kg_reciepe","1","kg:1000:gm","1000",,,"False"
"imli chatni","56","ml","imli chatni_ltr_reciepe","1","ltr:1000:ml",,"1000",,"False"
"imli chatni","56","ml","imli chatni_ml_in","1","ml:1:ml","NULL","1","NULL","False"
"imli chatni","56","ml","imli chatni_ml_out","1","ml:1:ml","NULL","1","NULL","False"
"imli chatni","56","ml","imli chatni_ml_reciepe","1","ml:1:ml",,"1",,"False"
"imli chatni","56","other","imli chatni_other_in","1","NULL","NULL","NULL","1","False"
"imli chatni","56","piece","imli chatni_piece_in","1","piece:1:piece","NULL","NULL","1","False"
"imli chatni","56","piece","imli chatni_piece_out","1","piece:1:piece","NULL","NULL","1","False"
"imli chatni","56","piece","imli chatni_piece_reciepe","1","piece:1:piece",,,"1","False"
"imli chatni","56","gm","imli chatni_pkt_in","500","pkt:500:gm","500","NULL","NULL","False"
"imli chatni","56","gm","imli chatni_pkt_out","500","pkt:500:gm","500","NULL","NULL","False"
"imli chatni","56","gm","imli chatni_pkt_reciepe","1","pkt:500:gm","500",,,"False"
"imli chutney","56","gm","imli chutney_gm_in","1","gm:1:gm","1","NULL","NULL","False"
"imli chutney","56","gm","imli chutney_gm_inventory","1","gm:1:gm","1","NULL","NULL","False"
"imli chutney","56","gm","imli chutney_gm_out","1","gm:1:gm","1","NULL","NULL","False"
"imli chutney","56","gm","imli chutney_gm_reciepe","1","gm:1:gm","1","NULL","NULL","False"
"imli chutney","56","gm","imli chutney_kg_in","1000","kg:1000:gm","1000","NULL","NULL","False"
"imli chutney","56","gm","imli chutney_kg_out","500","kg:1000:gm","1000","NULL","NULL","False"
"imli chutney","56","gm","imli chutney_kg_reciepe","1","kg:1000:gm","1000",,,"False"
"imli chutney","56","ml","imli chutney_ltr_reciepe","1","ltr:1000:ml",,"1000",,"False"
"imli chutney","56","ml","imli chutney_ml_in","1","ml:1:ml","NULL","1","NULL","False"
"imli chutney","56","ml","imli chutney_ml_out","1","ml:1:ml","NULL","1","NULL","False"
"imli chutney","56","ml","imli chutney_ml_reciepe","1","ml:1:ml",,"1",,"False"
"imli chutney","56","other","imli chutney_other_in","1","NULL","NULL","NULL","1","False"
"imli chutney","56","piece","imli chutney_piece_in","1","piece:1:piece","NULL","NULL","1","False"
"imli chutney","56","piece","imli chutney_piece_out","1","piece:1:piece","NULL","NULL","1","False"
"imli chutney","56","piece","imli chutney_piece_reciepe","1","piece:1:piece",,,"1","False"
"imli chutney","56","gm","imli chutney_pkt_in","500","pkt:500:gm","500","NULL","NULL","False"
"imli chutney","56","gm","imli chutney_pkt_out","500","pkt:500:gm","500","NULL","NULL","False"
"imli chutney","56","gm","imli chutney_pkt_reciepe","1","pkt:500:gm","500",,,"False"
"IRISH SYRUP","59A","gm","IRISH SYRUP_gm_in","1","gm:1:gm","1","NULL","NULL","False"
"IRISH SYRUP","59A","gm","IRISH SYRUP_gm_inventory","1","gm:1:gm","1","NULL","NULL","False"
"IRISH SYRUP","59A","gm","IRISH SYRUP_gm_out","1","gm:1:gm","1","NULL","NULL","False"
"IRISH SYRUP","59A","gm","IRISH SYRUP_gm_reciepe","1","gm:1:gm","1","NULL","NULL","False"
"IRISH SYRUP","59A","gm","IRISH SYRUP_kg_in","1000","kg:1000:gm","1000","NULL","NULL","False"
"IRISH SYRUP","59A","gm","IRISH SYRUP_kg_out","500","kg:1000:gm","1000","NULL","NULL","False"
"IRISH SYRUP","59A","gm","IRISH SYRUP_kg_reciepe","1","kg:1000:gm","1000",,,"False"
"IRISH SYRUP","59A","ml","IRISH SYRUP_ltr_reciepe","1","ltr:1000:ml",,"1000",,"False"
"IRISH SYRUP","59A","ml","IRISH SYRUP_ml_in","1","ml:1:ml","NULL","1","NULL","False"
"IRISH SYRUP","59A","ml","IRISH SYRUP_ml_out","1","ml:1:ml","NULL","1","NULL","False"
"IRISH SYRUP","59A","ml","IRISH SYRUP_ml_reciepe","1","ml:1:ml",,"1",,"False"
"IRISH SYRUP","59A","other","IRISH SYRUP_other_in","1","NULL","NULL","NULL","1","False"
"IRISH SYRUP","59A","piece","IRISH SYRUP_piece_in","1","piece:1:piece","NULL","NULL","1","False"
"IRISH SYRUP","59A","piece","IRISH SYRUP_piece_out","1","piece:1:piece","NULL","NULL","1","False"
"IRISH SYRUP","59A","piece","IRISH SYRUP_piece_reciepe","1","piece:1:piece",,,"1","False"
"IRISH SYRUP","59A","gm","IRISH SYRUP_pkt_in","500","pkt:500:gm","500","NULL","NULL","False"
"IRISH SYRUP","59A","gm","IRISH SYRUP_pkt_out","500","pkt:500:gm","500","NULL","NULL","False"
"IRISH SYRUP","59A","gm","IRISH SYRUP_pkt_reciepe","1","pkt:500:gm","500",,,"False"
"jalapeno","60B","gm","jalapeno_gm_in","1","gm:1:gm","1","NULL","NULL","False"
"jalapeno","60B","gm","jalapeno_gm_inventory","1","gm:1:gm","1","NULL","NULL","False"
"jalapeno","60B","gm","jalapeno_gm_out","1","gm:1:gm","1","NULL","NULL","False"
"jalapeno","60B","gm","jalapeno_gm_reciepe","1","gm:1:gm","1","NULL","NULL","False"
"jalapeno","60B","gm","jalapeno_kg_in","1000","kg:1000:gm","1000","NULL","NULL","False"
"jalapeno","60B","gm","jalapeno_kg_out","500","kg:1000:gm","1000","NULL","NULL","False"
"jalapeno","60B","gm","jalapeno_kg_reciepe","1","kg:1000:gm","1000",,,"False"
"jalapeno","60B","ml","jalapeno_ltr_reciepe","1","ltr:1000:ml",,"1000",,"False"
"jalapeno","60B","ml","jalapeno_ml_in","1","ml:1:ml","NULL","1","NULL","False"
"jalapeno","60B","ml","jalapeno_ml_out","1","ml:1:ml","NULL","1","NULL","False"
"jalapeno","60B","ml","jalapeno_ml_reciepe","1","ml:1:ml",,"1",,"False"
"jalapeno","60B","other","jalapeno_other_in","1","NULL","NULL","NULL","1","False"
"jalapeno","60B","piece","jalapeno_piece_in","1","piece:1:piece","NULL","NULL","1","False"
"jalapeno","60B","piece","jalapeno_piece_out","1","piece:1:piece","NULL","NULL","1","False"
"jalapeno","60B","piece","jalapeno_piece_reciepe","1","piece:1:piece",,,"1","False"
"jalapeno","60B","gm","jalapeno_pkt_in","500","pkt:500:gm","500","NULL","NULL","False"
"jalapeno","60B","gm","jalapeno_pkt_out","500","pkt:500:gm","500","NULL","NULL","False"
"jalapeno","60B","gm","jalapeno_pkt_reciepe","1","pkt:500:gm","500",,,"False"
"jeeera","15","gm","jeeera_gm_in","1","gm:1:gm","1","NULL","NULL","False"
"jeeera","15","gm","jeeera_gm_inventory","1","gm:1:gm","1","NULL","NULL","False"
"jeeera","15","gm","jeeera_gm_out","1","gm:1:gm","1","NULL","NULL","False"
"jeeera","15","gm","jeeera_gm_reciepe","1","gm:1:gm","1","NULL","NULL","False"
"jeeera","15","gm","jeeera_kg_in","1000","kg:1000:gm","1000","NULL","NULL","False"
"jeeera","15","gm","jeeera_kg_out","500","kg:1000:gm","1000","NULL","NULL","False"
"jeeera","15","gm","jeeera_kg_reciepe","1","kg:1000:gm","1000",,,"False"
"jeeera","15","ml","jeeera_ltr_reciepe","1","ltr:1000:ml",,"1000",,"False"
"jeeera","15","ml","jeeera_ml_in","1","ml:1:ml","NULL","1","NULL","False"
"jeeera","15","ml","jeeera_ml_out","1","ml:1:ml","NULL","1","NULL","False"
"jeeera","15","ml","jeeera_ml_reciepe","1","ml:1:ml",,"1",,"False"
"jeeera","15","other","jeeera_other_in","1","NULL","NULL","NULL","1","False"
"jeeera","15","piece","jeeera_piece_in","1","piece:1:piece","NULL","NULL","1","False"
"jeeera","15","piece","jeeera_piece_out","1","piece:1:piece","NULL","NULL","1","False"
"jeeera","15","piece","jeeera_piece_reciepe","1","piece:1:piece",,,"1","False"
"jeeera","15","gm","jeeera_pkt_in","500","pkt:500:gm","500","NULL","NULL","False"
"jeeera","15","gm","jeeera_pkt_out","500","pkt:500:gm","500","NULL","NULL","False"
"jeeera","15","gm","jeeera_pkt_reciepe","1","pkt:500:gm","500",,,"False"
"jeera masala","16 A","gm","jeera masala_gm_in","1","gm:1:gm","1","NULL","NULL","False"
"jeera masala","16 A","gm","jeera masala_gm_inventory","1","gm:1:gm","1","NULL","NULL","False"
"jeera masala","16 A","gm","jeera masala_gm_out","1","gm:1:gm","1","NULL","NULL","False"
"jeera masala","16 A","gm","jeera masala_gm_reciepe","1","gm:1:gm","1","NULL","NULL","False"
"jeera masala","16 A","gm","jeera masala_kg_in","1000","kg:1000:gm","1000","NULL","NULL","False"
"jeera masala","16 A","gm","jeera masala_kg_out","500","kg:1000:gm","1000","NULL","NULL","False"
"jeera masala","16 A","gm","jeera masala_kg_reciepe","1","kg:1000:gm","1000",,,"False"
"jeera masala","16 A","ml","jeera masala_ltr_reciepe","1","ltr:1000:ml",,"1000",,"False"
"jeera masala","16 A","ml","jeera masala_ml_in","1","ml:1:ml","NULL","1","NULL","False"
"jeera masala","16 A","ml","jeera masala_ml_out","1","ml:1:ml","NULL","1","NULL","False"
"jeera masala","16 A","ml","jeera masala_ml_reciepe","1","ml:1:ml",,"1",,"False"
"jeera masala","16 A","other","jeera masala_other_in","1","NULL","NULL","NULL","1","False"
"jeera masala","16 A","piece","jeera masala_piece_in","1","piece:1:piece","NULL","NULL","1","False"
"jeera masala","16 A","piece","jeera masala_piece_out","1","piece:1:piece","NULL","NULL","1","False"
"jeera masala","16 A","piece","jeera masala_piece_reciepe","1","piece:1:piece",,,"1","False"
"jeera masala","16 A","gm","jeera masala_pkt_in","500","pkt:500:gm","500","NULL","NULL","False"
"jeera masala","16 A","gm","jeera masala_pkt_out","500","pkt:500:gm","500","NULL","NULL","False"
"jeera masala","16 A","gm","jeera masala_pkt_reciepe","1","pkt:500:gm","500",,,"False"
"jeera","15","gm","jeera_gm_in","1","gm:1:gm","1","NULL","NULL","False"
"jeera","15","gm","jeera_gm_inventory","1","gm:1:gm","1","NULL","NULL","False"
"jeera","15","gm","jeera_gm_out","1","gm:1:gm","1","NULL","NULL","False"
"jeera","15","gm","jeera_gm_reciepe","1","gm:1:gm","1","NULL","NULL","False"
"jeera","15","gm","jeera_kg_in","1000","kg:1000:gm","1000","NULL","NULL","False"
"jeera","15","gm","jeera_kg_out","500","kg:1000:gm","1000","NULL","NULL","False"
"jeera","15","gm","jeera_kg_reciepe","1","kg:1000:gm","1000",,,"False"
"jeera","15","ml","jeera_ltr_reciepe","1","ltr:1000:ml",,"1000",,"False"
"jeera","15","ml","jeera_ml_in","1","ml:1:ml","NULL","1","NULL","False"
"jeera","15","ml","jeera_ml_out","1","ml:1:ml","NULL","1","NULL","False"
"jeera","15","ml","jeera_ml_reciepe","1","ml:1:ml",,"1",,"False"
"jeera","15","other","jeera_other_in","1","NULL","NULL","NULL","1","False"
"jeera","15","piece","jeera_piece_in","1","piece:1:piece","NULL","NULL","1","False"
"jeera","15","piece","jeera_piece_out","1","piece:1:piece","NULL","NULL","1","False"
"jeera","15","piece","jeera_piece_reciepe","1","piece:1:piece",,,"1","False"
"jeera","15","gm","jeera_pkt_in","500","pkt:500:gm","500","NULL","NULL","False"
"jeera","15","gm","jeera_pkt_out","500","pkt:500:gm","500","NULL","NULL","False"
"jeera","15","gm","jeera_pkt_reciepe","1","pkt:500:gm","500",,,"False"
"jelipino","60B","gm","jelipino_gm_in","1","gm:1:gm","1","NULL","NULL","False"
"jelipino","60B","gm","jelipino_gm_inventory","1","gm:1:gm","1","NULL","NULL","False"
"jelipino","60B","gm","jelipino_gm_out","1","gm:1:gm","1","NULL","NULL","False"
"jelipino","60B","gm","jelipino_gm_reciepe","1","gm:1:gm","1","NULL","NULL","False"
"jelipino","60B","gm","jelipino_kg_in","1000","kg:1000:gm","1000","NULL","NULL","False"
"jelipino","60B","gm","jelipino_kg_out","500","kg:1000:gm","1000","NULL","NULL","False"
"jelipino","60B","gm","jelipino_kg_reciepe","1","kg:1000:gm","1000",,,"False"
"jelipino","60B","ml","jelipino_ltr_reciepe","1","ltr:1000:ml",,"1000",,"False"
"jelipino","60B","ml","jelipino_ml_in","1","ml:1:ml","NULL","1","NULL","False"
"jelipino","60B","ml","jelipino_ml_out","1","ml:1:ml","NULL","1","NULL","False"
"jelipino","60B","ml","jelipino_ml_reciepe","1","ml:1:ml",,"1",,"False"
"jelipino","60B","other","jelipino_other_in","1","NULL","NULL","NULL","1","False"
"jelipino","60B","piece","jelipino_piece_in","1","piece:1:piece","NULL","NULL","1","False"
"jelipino","60B","piece","jelipino_piece_out","1","piece:1:piece","NULL","NULL","1","False"
"jelipino","60B","piece","jelipino_piece_reciepe","1","piece:1:piece",,,"1","False"
"jelipino","60B","gm","jelipino_pkt_in","500","pkt:500:gm","500","NULL","NULL","False"
"jelipino","60B","gm","jelipino_pkt_out","500","pkt:500:gm","500","NULL","NULL","False"
"jelipino","60B","gm","jelipino_pkt_reciepe","1","pkt:500:gm","500",,,"False"
"Kadi Patta","V19","gm","Kadi Patta_gm_in","1","gm:1:gm","1","NULL","NULL","False"
"Kadi Patta","V19","gm","Kadi Patta_gm_out","1","gm:1:gm","1","NULL","NULL","False"
"Kadi Patta","V19","gm","Kadi Patta_gm_reciepe","1","gm:1:gm","1","NULL","NULL","False"
"Kadi Patta","V19","gm","Kadi Patta_kg_reciepe","1","kg:1000:gm","1000",,,"False"
"Kadi Patta","V19","ml","Kadi Patta_ltr_reciepe","1","ltr:1000:ml",,"1000",,"False"
"Kadi Patta","V19","ml","Kadi Patta_ml_reciepe","1","ml:1:ml",,"1",,"False"
"Kadi Patta","V19","piece","Kadi Patta_piece_reciepe","1","piece:1:piece",,,"1","False"
"Kadi Patta","V19","gm","Kadi Patta_pkt_reciepe","1","pkt:500:gm","500",,,"False"
"KAJU TUKDA","30A","gm","KAJU TUKDA _gm_in","1","gm:1:gm","1","NULL","NULL","False"
"KAJU TUKDA","30A","gm","KAJU TUKDA _gm_inventory","1","gm:1:gm","1","NULL","NULL","False"
"KAJU TUKDA","30A","gm","KAJU TUKDA _gm_out","1","gm:1:gm","1","NULL","NULL","False"
"KAJU TUKDA","30A","gm","KAJU TUKDA _gm_reciepe","1","gm:1:gm","1","NULL","NULL","False"
"KAJU TUKDA","30A","gm","KAJU TUKDA _kg_in","1000","kg:1000:gm","1000","NULL","NULL","False"
"KAJU TUKDA","30A","gm","KAJU TUKDA _kg_out","500","kg:1000:gm","1000","NULL","NULL","False"
"KAJU TUKDA","30A","ml","KAJU TUKDA _ml_in","1","ml:1:ml","NULL","1","NULL","False"
"KAJU TUKDA","30A","ml","KAJU TUKDA _ml_out","1","ml:1:ml","NULL","1","NULL","False"
"KAJU TUKDA","30A","other","KAJU TUKDA _other_in","1","NULL","NULL","NULL","1","False"
"KAJU TUKDA","30A","piece","KAJU TUKDA _piece_in","1","piece:1:piece","NULL","NULL","1","False"
"KAJU TUKDA","30A","piece","KAJU TUKDA _piece_out","1","piece:1:piece","NULL","NULL","1","False"
"KAJU TUKDA","30A","gm","KAJU TUKDA _pkt_in","500","pkt:500:gm","500","NULL","NULL","False"
"KAJU TUKDA","30A","gm","KAJU TUKDA _pkt_out","500","pkt:500:gm","500","NULL","NULL","False"
"KAJU TUKDA","30A","gm","KAJU TUKDA_gm_reciepe","1","gm:1:gm","1",,,"False"
"KAJU TUKDA","30A","gm","KAJU TUKDA_kg_reciepe","1","kg:1000:gm","1000",,,"False"
"KAJU TUKDA","30A","ml","KAJU TUKDA_ltr_reciepe","1","ltr:1000:ml",,"1000",,"False"
"KAJU TUKDA","30A","ml","KAJU TUKDA_ml_reciepe","1","ml:1:ml",,"1",,"False"
"KAJU TUKDA","30A","piece","KAJU TUKDA_piece_reciepe","1","piece:1:piece",,,"1","False"
"KAJU TUKDA","30A","gm","KAJU TUKDA_pkt_reciepe","1","pkt:500:gm","500",,,"False"
"kaju","22A","gm","kaju_gm_in","1","gm:1:gm","1","NULL","NULL","False"
"kaju","22A","gm","kaju_gm_inventory","1","gm:1:gm","1","NULL","NULL","False"
"kaju","22A","gm","kaju_gm_out","1","gm:1:gm","1","NULL","NULL","False"
"kaju","22A","gm","kaju_gm_reciepe","1","gm:1:gm","1","NULL","NULL","False"
"kaju","22A","gm","kaju_kg_in","1000","kg:1000:gm","1000","NULL","NULL","False"
"kaju","22A","gm","kaju_kg_out","500","kg:1000:gm","1000","NULL","NULL","False"
"kaju","22A","gm","kaju_kg_reciepe","1","kg:1000:gm","1000",,,"False"
"kaju","22A","ml","kaju_ltr_reciepe","1","ltr:1000:ml",,"1000",,"False"
"kaju","22A","ml","kaju_ml_in","1","ml:1:ml","NULL","1","NULL","False"
"kaju","22A","ml","kaju_ml_out","1","ml:1:ml","NULL","1","NULL","False"
"kaju","22A","ml","kaju_ml_reciepe","1","ml:1:ml",,"1",,"False"
"kaju","22A","other","kaju_other_in","1","NULL","NULL","NULL","1","False"
"kaju","22A","piece","kaju_piece_in","1","piece:1:piece","NULL","NULL","1","False"
"kaju","22A","piece","kaju_piece_out","1","piece:1:piece","NULL","NULL","1","False"
"kaju","22A","piece","kaju_piece_reciepe","1","piece:1:piece",,,"1","False"
"kaju","22A","gm","kaju_pkt_in","500","pkt:500:gm","500","NULL","NULL","False"
"kaju","22A","gm","kaju_pkt_out","500","pkt:500:gm","500","NULL","NULL","False"
"kaju","22A","gm","kaju_pkt_reciepe","1","pkt:500:gm","500",,,"False"
"KAJUN KANKI","30B","gm","KAJUN KANKI _gm_in","1","gm:1:gm","1","NULL","NULL","False"
"KAJUN KANKI","30B","gm","KAJUN KANKI _gm_inventory","1","gm:1:gm","1","NULL","NULL","False"
"KAJUN KANKI","30B","gm","KAJUN KANKI _gm_out","1","gm:1:gm","1","NULL","NULL","False"
"KAJUN KANKI","30B","gm","KAJUN KANKI _gm_reciepe","1","gm:1:gm","1","NULL","NULL","False"
"KAJUN KANKI","30B","gm","KAJUN KANKI _kg_in","1000","kg:1000:gm","1000","NULL","NULL","False"
"KAJUN KANKI","30B","gm","KAJUN KANKI _kg_out","500","kg:1000:gm","1000","NULL","NULL","False"
"KAJUN KANKI","30B","ml","KAJUN KANKI _ml_in","1","ml:1:ml","NULL","1","NULL","False"
"KAJUN KANKI","30B","ml","KAJUN KANKI _ml_out","1","ml:1:ml","NULL","1","NULL","False"
"KAJUN KANKI","30B","other","KAJUN KANKI _other_in","1","NULL","NULL","NULL","1","False"
"KAJUN KANKI","30B","piece","KAJUN KANKI _piece_in","1","piece:1:piece","NULL","NULL","1","False"
"KAJUN KANKI","30B","piece","KAJUN KANKI _piece_out","1","piece:1:piece","NULL","NULL","1","False"
"KAJUN KANKI","30B","gm","KAJUN KANKI _pkt_in","500","pkt:500:gm","500","NULL","NULL","False"
"KAJUN KANKI","30B","gm","KAJUN KANKI _pkt_out","500","pkt:500:gm","500","NULL","NULL","False"
"KAJUN KANKI","30B","gm","KAJUN KANKI_gm_reciepe","1","gm:1:gm","1",,,"False"
"KAJUN KANKI","30B","gm","KAJUN KANKI_kg_reciepe","1","kg:1000:gm","1000",,,"False"
"KAJUN KANKI","30B","ml","KAJUN KANKI_ltr_reciepe","1","ltr:1000:ml",,"1000",,"False"
"KAJUN KANKI","30B","ml","KAJUN KANKI_ml_reciepe","1","ml:1:ml",,"1",,"False"
"KAJUN KANKI","30B","piece","KAJUN KANKI_piece_reciepe","1","piece:1:piece",,,"1","False"
"KAJUN KANKI","30B","gm","KAJUN KANKI_pkt_reciepe","1","pkt:500:gm","500",,,"False"
"KALA NAMAK","27B","gm","KALA NAMAK_gm_in","1","gm:1:gm","1","NULL","NULL","False"
"KALA NAMAK","27B","gm","KALA NAMAK_gm_inventory","1","gm:1:gm","1","NULL","NULL","False"
"KALA NAMAK","27B","gm","KALA NAMAK_gm_out","1","gm:1:gm","1","NULL","NULL","False"
"KALA NAMAK","27B","gm","KALA NAMAK_gm_reciepe","1","gm:1:gm","1","NULL","NULL","False"
"KALA NAMAK","27B","gm","KALA NAMAK_kg_in","1000","kg:1000:gm","1000","NULL","NULL","False"
"KALA NAMAK","27B","gm","KALA NAMAK_kg_out","500","kg:1000:gm","1000","NULL","NULL","False"
"KALA NAMAK","27B","gm","KALA NAMAK_kg_reciepe","1","kg:1000:gm","1000",,,"False"
"KALA NAMAK","27B","ml","KALA NAMAK_ltr_reciepe","1","ltr:1000:ml",,"1000",,"False"
"KALA NAMAK","27B","ml","KALA NAMAK_ml_in","1","ml:1:ml","NULL","1","NULL","False"
"KALA NAMAK","27B","ml","KALA NAMAK_ml_out","1","ml:1:ml","NULL","1","NULL","False"
"KALA NAMAK","27B","ml","KALA NAMAK_ml_reciepe","1","ml:1:ml",,"1",,"False"
"KALA NAMAK","27B","other","KALA NAMAK_other_in","1","NULL","NULL","NULL","1","False"
"KALA NAMAK","27B","piece","KALA NAMAK_piece_in","1","piece:1:piece","NULL","NULL","1","False"
"KALA NAMAK","27B","piece","KALA NAMAK_piece_out","1","piece:1:piece","NULL","NULL","1","False"
"KALA NAMAK","27B","piece","KALA NAMAK_piece_reciepe","1","piece:1:piece",,,"1","False"
"KALA NAMAK","27B","gm","KALA NAMAK_pkt_in","500","pkt:500:gm","500","NULL","NULL","False"
"KALA NAMAK","27B","gm","KALA NAMAK_pkt_out","500","pkt:500:gm","500","NULL","NULL","False"
"KALA NAMAK","27B","gm","KALA NAMAK_pkt_reciepe","1","pkt:500:gm","500",,,"False"
"KALAUNJI","112A","gm","KALAUNJI_gm_in","1","gm:1:gm","1","NULL","NULL","False"
"KALAUNJI","112A","gm","KALAUNJI_gm_inventory","1","gm:1:gm","1","NULL","NULL","False"
"KALAUNJI","112A","gm","KALAUNJI_gm_out","1","gm:1:gm","1","NULL","NULL","False"
"KALAUNJI","112A","gm","KALAUNJI_gm_reciepe","1","gm:1:gm","1","NULL","NULL","False"
"KALAUNJI","112A","gm","KALAUNJI_kg_in","1000","kg:1000:gm","1000","NULL","NULL","False"
"KALAUNJI","112A","gm","KALAUNJI_kg_out","500","kg:1000:gm","1000","NULL","NULL","False"
"KALAUNJI","112A","gm","KALAUNJI_kg_reciepe","1","kg:1000:gm","1000",,,"False"
"KALAUNJI","112A","ml","KALAUNJI_ltr_reciepe","1","ltr:1000:ml",,"1000",,"False"
"KALAUNJI","112A","ml","KALAUNJI_ml_in","1","ml:1:ml","NULL","1","NULL","False"
"KALAUNJI","112A","ml","KALAUNJI_ml_out","1","ml:1:ml","NULL","1","NULL","False"
"KALAUNJI","112A","ml","KALAUNJI_ml_reciepe","1","ml:1:ml",,"1",,"False"
"KALAUNJI","112A","other","KALAUNJI_other_in","1","NULL","NULL","NULL","1","False"
"KALAUNJI","112A","piece","KALAUNJI_piece_in","1","piece:1:piece","NULL","NULL","1","False"
"KALAUNJI","112A","piece","KALAUNJI_piece_out","1","piece:1:piece","NULL","NULL","1","False"
"KALAUNJI","112A","piece","KALAUNJI_piece_reciepe","1","piece:1:piece",,,"1","False"
"KALAUNJI","112A","gm","KALAUNJI_pkt_in","500","pkt:500:gm","500","NULL","NULL","False"
"KALAUNJI","112A","gm","KALAUNJI_pkt_out","500","pkt:500:gm","500","NULL","NULL","False"
"KALAUNJI","112A","gm","KALAUNJI_pkt_reciepe","1","pkt:500:gm","500",,,"False"
"kasturi methi","8","gm","kasturi methi_gm_in","1","gm:1:gm","1","NULL","NULL","False"
"kasturi methi","8","gm","kasturi methi_gm_inventory","1","gm:1:gm","1","NULL","NULL","False"
"kasturi methi","8","gm","kasturi methi_gm_out","1","gm:1:gm","1","NULL","NULL","False"
"kasturi methi","8","gm","kasturi methi_gm_reciepe","1","gm:1:gm","1","NULL","NULL","False"
"kasturi methi","8","gm","kasturi methi_kg_in","1000","kg:1000:gm","1000","NULL","NULL","False"
"kasturi methi","8","gm","kasturi methi_kg_out","500","kg:1000:gm","1000","NULL","NULL","False"
"kasturi methi","8","gm","kasturi methi_kg_reciepe","1","kg:1000:gm","1000",,,"False"
"kasturi methi","8","ml","kasturi methi_ltr_reciepe","1","ltr:1000:ml",,"1000",,"False"
"kasturi methi","8","ml","kasturi methi_ml_in","1","ml:1:ml","NULL","1","NULL","False"
"kasturi methi","8","ml","kasturi methi_ml_out","1","ml:1:ml","NULL","1","NULL","False"
"kasturi methi","8","ml","kasturi methi_ml_reciepe","1","ml:1:ml",,"1",,"False"
"kasturi methi","8","other","kasturi methi_other_in","1","NULL","NULL","NULL","1","False"
"kasturi methi","8","piece","kasturi methi_piece_in","1","piece:1:piece","NULL","NULL","1","False"
"kasturi methi","8","piece","kasturi methi_piece_out","1","piece:1:piece","NULL","NULL","1","False"
"kasturi methi","8","piece","kasturi methi_piece_reciepe","1","piece:1:piece",,,"1","False"
"kasturi methi","8","gm","kasturi methi_pkt_in","500","pkt:500:gm","500","NULL","NULL","False"
"kasturi methi","8","gm","kasturi methi_pkt_out","500","pkt:500:gm","500","NULL","NULL","False"
"kasturi methi","8","gm","kasturi methi_pkt_reciepe","1","pkt:500:gm","500",,,"False"
"KEVDA JAL","25B","gm","KEVDA JAL _gm_in","1","gm:1:gm","1","NULL","NULL","False"
"KEVDA JAL","25B","gm","KEVDA JAL _gm_inventory","1","gm:1:gm","1","NULL","NULL","False"
"KEVDA JAL","25B","gm","KEVDA JAL _gm_out","1","gm:1:gm","1","NULL","NULL","False"
"KEVDA JAL","25B","gm","KEVDA JAL _gm_reciepe","1","gm:1:gm","1","NULL","NULL","False"
"KEVDA JAL","25B","gm","KEVDA JAL _kg_in","1000","kg:1000:gm","1000","NULL","NULL","False"
"KEVDA JAL","25B","gm","KEVDA JAL _kg_out","500","kg:1000:gm","1000","NULL","NULL","False"
"KEVDA JAL","25B","ml","KEVDA JAL _ml_in","1","ml:1:ml","NULL","1","NULL","False"
"KEVDA JAL","25B","ml","KEVDA JAL _ml_out","1","ml:1:ml","NULL","1","NULL","False"
"KEVDA JAL","25B","other","KEVDA JAL _other_in","1","NULL","NULL","NULL","1","False"
"KEVDA JAL","25B","piece","KEVDA JAL _piece_in","1","piece:1:piece","NULL","NULL","1","False"
"KEVDA JAL","25B","piece","KEVDA JAL _piece_out","1","piece:1:piece","NULL","NULL","1","False"
"KEVDA JAL","25B","gm","KEVDA JAL _pkt_in","500","pkt:500:gm","500","NULL","NULL","False"
"KEVDA JAL","25B","gm","KEVDA JAL _pkt_out","500","pkt:500:gm","500","NULL","NULL","False"
"KEVDA JAL","25B","gm","KEVDA JAL_gm_reciepe","1","gm:1:gm","1",,,"False"
"KEVDA JAL","25B","gm","KEVDA JAL_kg_reciepe","1","kg:1000:gm","1000",,,"False"
"KEVDA JAL","25B","ml","KEVDA JAL_ltr_reciepe","1","ltr:1000:ml",,"1000",,"False"
"KEVDA JAL","25B","ml","KEVDA JAL_ml_reciepe","1","ml:1:ml",,"1",,"False"
"KEVDA JAL","25B","piece","KEVDA JAL_piece_reciepe","1","piece:1:piece",,,"1","False"
"KEVDA JAL","25B","gm","KEVDA JAL_pkt_reciepe","1","pkt:500:gm","500",,,"False"
"KISMIS","22B","gm","KISMIS_gm_in","1","gm:1:gm","1","NULL","NULL","False"
"KISMIS","22B","gm","KISMIS_gm_inventory","1","gm:1:gm","1","NULL","NULL","False"
"KISMIS","22B","gm","KISMIS_gm_out","1","gm:1:gm","1","NULL","NULL","False"
"KISMIS","22B","gm","KISMIS_gm_reciepe","1","gm:1:gm","1","NULL","NULL","False"
"KISMIS","22B","gm","KISMIS_kg_in","1000","kg:1000:gm","1000","NULL","NULL","False"
"KISMIS","22B","gm","KISMIS_kg_out","500","kg:1000:gm","1000","NULL","NULL","False"
"KISMIS","22B","gm","KISMIS_kg_reciepe","1","kg:1000:gm","1000",,,"False"
"KISMIS","22B","ml","KISMIS_ltr_reciepe","1","ltr:1000:ml",,"1000",,"False"
"KISMIS","22B","ml","KISMIS_ml_in","1","ml:1:ml","NULL","1","NULL","False"
"KISMIS","22B","ml","KISMIS_ml_out","1","ml:1:ml","NULL","1","NULL","False"
"KISMIS","22B","ml","KISMIS_ml_reciepe","1","ml:1:ml",,"1",,"False"
"KISMIS","22B","other","KISMIS_other_in","1","NULL","NULL","NULL","1","False"
"KISMIS","22B","piece","KISMIS_piece_in","1","piece:1:piece","NULL","NULL","1","False"
"KISMIS","22B","piece","KISMIS_piece_out","1","piece:1:piece","NULL","NULL","1","False"
"KISMIS","22B","piece","KISMIS_piece_reciepe","1","piece:1:piece",,,"1","False"
"KISMIS","22B","gm","KISMIS_pkt_in","500","pkt:500:gm","500","NULL","NULL","False"
"KISMIS","22B","gm","KISMIS_pkt_out","500","pkt:500:gm","500","NULL","NULL","False"
"KISMIS","22B","gm","KISMIS_pkt_reciepe","1","pkt:500:gm","500",,,"False"
"KIT KAT CHOCOLATE","29B","gm","KIT KAT CHOCOLATE_gm_in","1","gm:1:gm","1","NULL","NULL","False"
"KIT KAT CHOCOLATE","29B","gm","KIT KAT CHOCOLATE_gm_inventory","1","gm:1:gm","1","NULL","NULL","False"
"KIT KAT CHOCOLATE","29B","gm","KIT KAT CHOCOLATE_gm_out","1","gm:1:gm","1","NULL","NULL","False"
"KIT KAT CHOCOLATE","29B","gm","KIT KAT CHOCOLATE_gm_reciepe","1","gm:1:gm","1","NULL","NULL","False"
"KIT KAT CHOCOLATE","29B","gm","KIT KAT CHOCOLATE_kg_in","1000","kg:1000:gm","1000","NULL","NULL","False"
"KIT KAT CHOCOLATE","29B","gm","KIT KAT CHOCOLATE_kg_out","500","kg:1000:gm","1000","NULL","NULL","False"
"KIT KAT CHOCOLATE","29B","gm","KIT KAT CHOCOLATE_kg_reciepe","1","kg:1000:gm","1000",,,"False"
"KIT KAT CHOCOLATE","29B","ml","KIT KAT CHOCOLATE_ltr_reciepe","1","ltr:1000:ml",,"1000",,"False"
"KIT KAT CHOCOLATE","29B","ml","KIT KAT CHOCOLATE_ml_in","1","ml:1:ml","NULL","1","NULL","False"
"KIT KAT CHOCOLATE","29B","ml","KIT KAT CHOCOLATE_ml_out","1","ml:1:ml","NULL","1","NULL","False"
"KIT KAT CHOCOLATE","29B","ml","KIT KAT CHOCOLATE_ml_reciepe","1","ml:1:ml",,"1",,"False"
"KIT KAT CHOCOLATE","29B","other","KIT KAT CHOCOLATE_other_in","1","NULL","NULL","NULL","1","False"
"KIT KAT CHOCOLATE","29B","piece","KIT KAT CHOCOLATE_piece_in","1","piece:1:piece","NULL","NULL","1","False"
"KIT KAT CHOCOLATE","29B","piece","KIT KAT CHOCOLATE_piece_out","1","piece:1:piece","NULL","NULL","1","False"
"KIT KAT CHOCOLATE","29B","piece","KIT KAT CHOCOLATE_piece_reciepe","1","piece:1:piece",,,"1","False"
"KIT KAT CHOCOLATE","29B","gm","KIT KAT CHOCOLATE_pkt_in","500","pkt:500:gm","500","NULL","NULL","False"
"KIT KAT CHOCOLATE","29B","gm","KIT KAT CHOCOLATE_pkt_out","500","pkt:500:gm","500","NULL","NULL","False"
"KIT KAT CHOCOLATE","29B","gm","KIT KAT CHOCOLATE_pkt_reciepe","1","pkt:500:gm","500",,,"False"
"kitchen king","13","gm","kitchen king_gm_in","1","gm:1:gm","1","NULL","NULL","False"
"kitchen king","13","gm","kitchen king_gm_inventory","1","gm:1:gm","1","NULL","NULL","False"
"kitchen king","13","gm","kitchen king_gm_out","1","gm:1:gm","1","NULL","NULL","False"
"kitchen king","13","gm","kitchen king_gm_reciepe","1","gm:1:gm","1","NULL","NULL","False"
"kitchen king","13","gm","kitchen king_kg_in","1000","kg:1000:gm","1000","NULL","NULL","False"
"kitchen king","13","gm","kitchen king_kg_out","500","kg:1000:gm","1000","NULL","NULL","False"
"kitchen king","13","gm","kitchen king_kg_reciepe","1","kg:1000:gm","1000",,,"False"
"kitchen king","13","ml","kitchen king_ltr_reciepe","1","ltr:1000:ml",,"1000",,"False"
"kitchen king","13","ml","kitchen king_ml_in","1","ml:1:ml","NULL","1","NULL","False"
"kitchen king","13","ml","kitchen king_ml_out","1","ml:1:ml","NULL","1","NULL","False"
"kitchen king","13","ml","kitchen king_ml_reciepe","1","ml:1:ml",,"1",,"False"
"kitchen king","13","other","kitchen king_other_in","1","NULL","NULL","NULL","1","False"
"kitchen king","13","piece","kitchen king_piece_in","1","piece:1:piece","NULL","NULL","1","False"
"kitchen king","13","piece","kitchen king_piece_out","1","piece:1:piece","NULL","NULL","1","False"
"kitchen king","13","piece","kitchen king_piece_reciepe","1","piece:1:piece",,,"1","False"
"kitchen king","13","gm","kitchen king_pkt_in","500","pkt:500:gm","500","NULL","NULL","False"
"kitchen king","13","gm","kitchen king_pkt_out","500","pkt:500:gm","500","NULL","NULL","False"
"kitchen king","13","gm","kitchen king_pkt_reciepe","1","pkt:500:gm","500",,,"False"
"lal mirch","110","gm","lal mirch_gm_in","1","gm:1:gm","1","NULL","NULL","False"
"lal mirch","110","gm","lal mirch_gm_inventory","1","gm:1:gm","1","NULL","NULL","False"
"lal mirch","110","gm","lal mirch_gm_out","1","gm:1:gm","1","NULL","NULL","False"
"lal mirch","110","gm","lal mirch_gm_reciepe","1","gm:1:gm","1","NULL","NULL","False"
"lal mirch","110","gm","lal mirch_kg_in","1000","kg:1000:gm","1000","NULL","NULL","False"
"lal mirch","110","gm","lal mirch_kg_out","500","kg:1000:gm","1000","NULL","NULL","False"
"lal mirch","110","gm","lal mirch_kg_reciepe","1","kg:1000:gm","1000",,,"False"
"lal mirch","110","ml","lal mirch_ltr_reciepe","1","ltr:1000:ml",,"1000",,"False"
"lal mirch","110","ml","lal mirch_ml_in","1","ml:1:ml","NULL","1","NULL","False"
"lal mirch","110","ml","lal mirch_ml_out","1","ml:1:ml","NULL","1","NULL","False"
"lal mirch","110","ml","lal mirch_ml_reciepe","1","ml:1:ml",,"1",,"False"
"lal mirch","110","other","lal mirch_other_in","1","NULL","NULL","NULL","1","False"
"lal mirch","110","piece","lal mirch_piece_in","1","piece:1:piece","NULL","NULL","1","False"
"lal mirch","110","piece","lal mirch_piece_out","1","piece:1:piece","NULL","NULL","1","False"
"lal mirch","110","piece","lal mirch_piece_reciepe","1","piece:1:piece",,,"1","False"
"lal mirch","110","gm","lal mirch_pkt_in","500","pkt:500:gm","500","NULL","NULL","False"
"lal mirch","110","gm","lal mirch_pkt_out","500","pkt:500:gm","500","NULL","NULL","False"
"lal mirch","110","gm","lal mirch_pkt_reciepe","1","pkt:500:gm","500",,,"False"
"LEMON ICE TEA","46B","gm","LEMON ICE TEA_gm_in","1","gm:1:gm","1","NULL","NULL","False"
"LEMON ICE TEA","46B","gm","LEMON ICE TEA_gm_inventory","1","gm:1:gm","1","NULL","NULL","False"
"LEMON ICE TEA","46B","gm","LEMON ICE TEA_gm_out","1","gm:1:gm","1","NULL","NULL","False"
"LEMON ICE TEA","46B","gm","LEMON ICE TEA_gm_reciepe","1","gm:1:gm","1","NULL","NULL","False"
"LEMON ICE TEA","46B","gm","LEMON ICE TEA_kg_in","1000","kg:1000:gm","1000","NULL","NULL","False"
"LEMON ICE TEA","46B","gm","LEMON ICE TEA_kg_out","500","kg:1000:gm","1000","NULL","NULL","False"
"LEMON ICE TEA","46B","gm","LEMON ICE TEA_kg_reciepe","1","kg:1000:gm","1000",,,"False"
"LEMON ICE TEA","46B","ml","LEMON ICE TEA_ltr_reciepe","1","ltr:1000:ml",,"1000",,"False"
"LEMON ICE TEA","46B","ml","LEMON ICE TEA_ml_in","1","ml:1:ml","NULL","1","NULL","False"
"LEMON ICE TEA","46B","ml","LEMON ICE TEA_ml_out","1","ml:1:ml","NULL","1","NULL","False"
"LEMON ICE TEA","46B","ml","LEMON ICE TEA_ml_reciepe","1","ml:1:ml",,"1",,"False"
"LEMON ICE TEA","46B","other","LEMON ICE TEA_other_in","1","NULL","NULL","NULL","1","False"
"LEMON ICE TEA","46B","piece","LEMON ICE TEA_piece_in","1","piece:1:piece","NULL","NULL","1","False"
"LEMON ICE TEA","46B","piece","LEMON ICE TEA_piece_out","1","piece:1:piece","NULL","NULL","1","False"
"LEMON ICE TEA","46B","piece","LEMON ICE TEA_piece_reciepe","1","piece:1:piece",,,"1","False"
"LEMON ICE TEA","46B","gm","LEMON ICE TEA_pkt_in","500","pkt:500:gm","500","NULL","NULL","False"
"LEMON ICE TEA","46B","gm","LEMON ICE TEA_pkt_out","500","pkt:500:gm","500","NULL","NULL","False"
"LEMON ICE TEA","46B","gm","LEMON ICE TEA_pkt_reciepe","1","pkt:500:gm","500",,,"False"
"lemon mojito","57A","gm","lemon mojito_gm_in","1","gm:1:gm","1","NULL","NULL","False"
"lemon mojito","57A","gm","lemon mojito_gm_inventory","1","gm:1:gm","1","NULL","NULL","False"
"lemon mojito","57A","gm","lemon mojito_gm_out","1","gm:1:gm","1","NULL","NULL","False"
"lemon mojito","57A","gm","lemon mojito_gm_reciepe","1","gm:1:gm","1","NULL","NULL","False"
"lemon mojito","57A","gm","lemon mojito_kg_in","1000","kg:1000:gm","1000","NULL","NULL","False"
"lemon mojito","57A","gm","lemon mojito_kg_out","500","kg:1000:gm","1000","NULL","NULL","False"
"lemon mojito","57A","gm","lemon mojito_kg_reciepe","1","kg:1000:gm","1000",,,"False"
"lemon mojito","57A","ml","lemon mojito_ltr_reciepe","1","ltr:1000:ml",,"1000",,"False"
"lemon mojito","57A","ml","lemon mojito_ml_in","1","ml:1:ml","NULL","1","NULL","False"
"lemon mojito","57A","ml","lemon mojito_ml_out","1","ml:1:ml","NULL","1","NULL","False"
"lemon mojito","57A","ml","lemon mojito_ml_reciepe","1","ml:1:ml",,"1",,"False"
"lemon mojito","57A","other","lemon mojito_other_in","1","NULL","NULL","NULL","1","False"
"lemon mojito","57A","piece","lemon mojito_piece_in","1","piece:1:piece","NULL","NULL","1","False"
"lemon mojito","57A","piece","lemon mojito_piece_out","1","piece:1:piece","NULL","NULL","1","False"
"lemon mojito","57A","piece","lemon mojito_piece_reciepe","1","piece:1:piece",,,"1","False"
"lemon mojito","57A","gm","lemon mojito_pkt_in","500","pkt:500:gm","500","NULL","NULL","False"
"lemon mojito","57A","gm","lemon mojito_pkt_out","500","pkt:500:gm","500","NULL","NULL","False"
"lemon mojito","57A","gm","lemon mojito_pkt_reciepe","1","pkt:500:gm","500",,,"False"
"Lemon","V13","gm","Lemon_gm_in","1","gm:1:gm","1","NULL","NULL","False"
"Lemon","V13","gm","Lemon_gm_out","1","gm:1:gm","1","NULL","NULL","False"
"Lemon","V13","gm","Lemon_gm_reciepe","1","gm:1:gm","1","NULL","NULL","False"
"Lemon","V13","gm","Lemon_kg_reciepe","1","kg:1000:gm","1000",,,"False"
"Lemon","V13","ml","Lemon_ltr_reciepe","1","ltr:1000:ml",,"1000",,"False"
"Lemon","V13","ml","Lemon_ml_reciepe","1","ml:1:ml",,"1",,"False"
"Lemon","V13","piece","Lemon_piece_reciepe","1","piece:1:piece",,,"1","False"
"Lemon","V13","gm","Lemon_pkt_reciepe","1","pkt:500:gm","500",,,"False"
"LOUNG","31B","gm","LOUNG_gm_in","1","gm:1:gm","1","NULL","NULL","False"
"LOUNG","31B","gm","LOUNG_gm_inventory","1","gm:1:gm","1","NULL","NULL","False"
"LOUNG","31B","gm","LOUNG_gm_out","1","gm:1:gm","1","NULL","NULL","False"
"LOUNG","31B","gm","LOUNG_gm_reciepe","1","gm:1:gm","1","NULL","NULL","False"
"LOUNG","31B","gm","LOUNG_kg_in","1000","kg:1000:gm","1000","NULL","NULL","False"
"LOUNG","31B","gm","LOUNG_kg_out","500","kg:1000:gm","1000","NULL","NULL","False"
"LOUNG","31B","gm","LOUNG_kg_reciepe","1","kg:1000:gm","1000",,,"False"
"LOUNG","31B","ml","LOUNG_ltr_reciepe","1","ltr:1000:ml",,"1000",,"False"
"LOUNG","31B","ml","LOUNG_ml_in","1","ml:1:ml","NULL","1","NULL","False"
"LOUNG","31B","ml","LOUNG_ml_out","1","ml:1:ml","NULL","1","NULL","False"
"LOUNG","31B","ml","LOUNG_ml_reciepe","1","ml:1:ml",,"1",,"False"
"LOUNG","31B","other","LOUNG_other_in","1","NULL","NULL","NULL","1","False"
"LOUNG","31B","piece","LOUNG_piece_in","1","piece:1:piece","NULL","NULL","1","False"
"LOUNG","31B","piece","LOUNG_piece_out","1","piece:1:piece","NULL","NULL","1","False"
"LOUNG","31B","piece","LOUNG_piece_reciepe","1","piece:1:piece",,,"1","False"
"LOUNG","31B","gm","LOUNG_pkt_in","500","pkt:500:gm","500","NULL","NULL","False"
"LOUNG","31B","gm","LOUNG_pkt_out","500","pkt:500:gm","500","NULL","NULL","False"
"LOUNG","31B","gm","LOUNG_pkt_reciepe","1","pkt:500:gm","500",,,"False"
"MACE (JAVITRI)","B5","gm","MACE (JAVITRI)_gm_in","1","gm:1:gm","1",,,"False"
"MACE (JAVITRI)","B5","gm","MACE (JAVITRI)_gm_inventory","1","gm:1:gm","1",,,"False"
"MACE (JAVITRI)","B5","gm","MACE (JAVITRI)_gm_out","1","gm:1:gm","1",,,"False"
"MACE (JAVITRI)","B5","gm","MACE (JAVITRI)_gm_reciepe","1","gm:1:gm","1",,,"False"
"MACE (JAVITRI)","B5","gm","MACE (JAVITRI)_kg_in","1000","kg:1000:gm","1000",,,"False"
"MACE (JAVITRI)","B5","gm","MACE (JAVITRI)_kg_out","500","kg:1000:gm","1000",,,"False"
"MACE (JAVITRI)","B5","gm","MACE (JAVITRI)_kg_reciepe","1","kg:1000:gm","1000",,,"False"
"MACE (JAVITRI)","B5","ml","MACE (JAVITRI)_ltr_reciepe","1","ltr:1000:ml",,"1000",,"False"
"MACE (JAVITRI)","B5","ml","MACE (JAVITRI)_ml_in","1","ml:1:ml",,"1",,"False"
"MACE (JAVITRI)","B5","ml","MACE (JAVITRI)_ml_out","1","ml:1:ml",,"1",,"False"
"MACE (JAVITRI)","B5","ml","MACE (JAVITRI)_ml_reciepe","1","ml:1:ml",,"1",,"False"
"MACE (JAVITRI)","B5","other","MACE (JAVITRI)_other_in","1",,,,"1","False"
"MACE (JAVITRI)","B5","piece","MACE (JAVITRI)_piece_in","1","piece:1:piece",,,"1","False"
"MACE (JAVITRI)","B5","piece","MACE (JAVITRI)_piece_out","1","piece:1:piece",,,"1","False"
"MACE (JAVITRI)","B5","piece","MACE (JAVITRI)_piece_reciepe","1","piece:1:piece",,,"1","False"
"MACE (JAVITRI)","B5","gm","MACE (JAVITRI)_pkt_in","500","pkt:500:gm","500",,,"False"
"MACE (JAVITRI)","B5","gm","MACE (JAVITRI)_pkt_out","500","pkt:500:gm","500",,,"False"
"MACE (JAVITRI)","B5","gm","MACE (JAVITRI)_pkt_reciepe","1","pkt:500:gm","500",,,"False"
"MAGAJ","20","gm","MAGAJ_gm_in","1","gm:1:gm","1","NULL","NULL","False"
"MAGAJ","20","gm","MAGAJ_gm_inventory","1","gm:1:gm","1","NULL","NULL","False"
"MAGAJ","20","gm","MAGAJ_gm_out","1","gm:1:gm","1","NULL","NULL","False"
"MAGAJ","20","gm","MAGAJ_gm_reciepe","1","gm:1:gm","1","NULL","NULL","False"
"MAGAJ","20","gm","MAGAJ_kg_in","1000","kg:1000:gm","1000","NULL","NULL","False"
"MAGAJ","20","gm","MAGAJ_kg_out","500","kg:1000:gm","1000","NULL","NULL","False"
"MAGAJ","20","gm","MAGAJ_kg_reciepe","1","kg:1000:gm","1000",,,"False"
"MAGAJ","20","ml","MAGAJ_ltr_reciepe","1","ltr:1000:ml",,"1000",,"False"
"MAGAJ","20","ml","MAGAJ_ml_in","1","ml:1:ml","NULL","1","NULL","False"
"MAGAJ","20","ml","MAGAJ_ml_out","1","ml:1:ml","NULL","1","NULL","False"
"MAGAJ","20","ml","MAGAJ_ml_reciepe","1","ml:1:ml",,"1",,"False"
"MAGAJ","20","other","MAGAJ_other_in","1","NULL","NULL","NULL","1","False"
"MAGAJ","20","piece","MAGAJ_piece_in","1","piece:1:piece","NULL","NULL","1","False"
"MAGAJ","20","piece","MAGAJ_piece_out","1","piece:1:piece","NULL","NULL","1","False"
"MAGAJ","20","piece","MAGAJ_piece_reciepe","1","piece:1:piece",,,"1","False"
"MAGAJ","20","gm","MAGAJ_pkt_in","500","pkt:500:gm","500","NULL","NULL","False"
"MAGAJ","20","gm","MAGAJ_pkt_out","500","pkt:500:gm","500","NULL","NULL","False"
"MAGAJ","20","gm","MAGAJ_pkt_reciepe","1","pkt:500:gm","500",,,"False"
"maggi masala","66","gm","maggi masala_gm_in","1","gm:1:gm","1","NULL","NULL","False"
"maggi masala","66","gm","maggi masala_gm_inventory","1","gm:1:gm","1","NULL","NULL","False"
"maggi masala","66","gm","maggi masala_gm_out","1","gm:1:gm","1","NULL","NULL","False"
"maggi masala","66","gm","maggi masala_gm_reciepe","1","gm:1:gm","1","NULL","NULL","False"
"maggi masala","66","gm","maggi masala_kg_in","1000","kg:1000:gm","1000","NULL","NULL","False"
"maggi masala","66","gm","maggi masala_kg_out","500","kg:1000:gm","1000","NULL","NULL","False"
"maggi masala","66","gm","maggi masala_kg_reciepe","1","kg:1000:gm","1000",,,"False"
"maggi masala","66","ml","maggi masala_ltr_reciepe","1","ltr:1000:ml",,"1000",,"False"
"maggi masala","66","ml","maggi masala_ml_in","1","ml:1:ml","NULL","1","NULL","False"
"maggi masala","66","ml","maggi masala_ml_out","1","ml:1:ml","NULL","1","NULL","False"
"maggi masala","66","ml","maggi masala_ml_reciepe","1","ml:1:ml",,"1",,"False"
"maggi masala","66","other","maggi masala_other_in","1","NULL","NULL","NULL","1","False"
"maggi masala","66","piece","maggi masala_piece_in","1","piece:1:piece","NULL","NULL","1","False"
"maggi masala","66","piece","maggi masala_piece_out","1","piece:1:piece","NULL","NULL","1","False"
"maggi masala","66","piece","maggi masala_piece_reciepe","1","piece:1:piece",,,"1","False"
"maggi masala","66","gm","maggi masala_pkt_in","500","pkt:500:gm","500","NULL","NULL","False"
"maggi masala","66","gm","maggi masala_pkt_out","500","pkt:500:gm","500","NULL","NULL","False"
"maggi masala","66","gm","maggi masala_pkt_reciepe","1","pkt:500:gm","500",,,"False"
"maggi","67","gm","maggi_gm_in","1","gm:1:gm","1","NULL","NULL","False"
"maggi","67","gm","maggi_gm_inventory","1","gm:1:gm","1","NULL","NULL","False"
"maggi","67","gm","maggi_gm_out","1","gm:1:gm","1","NULL","NULL","False"
"maggi","67","gm","maggi_gm_reciepe","1","gm:1:gm","1","NULL","NULL","False"
"maggi","67","gm","maggi_kg_in","1000","kg:1000:gm","1000","NULL","NULL","False"
"maggi","67","gm","maggi_kg_out","500","kg:1000:gm","1000","NULL","NULL","False"
"maggi","67","gm","maggi_kg_reciepe","1","kg:1000:gm","1000",,,"False"
"maggi","67","ml","maggi_ltr_reciepe","1","ltr:1000:ml",,"1000",,"False"
"maggi","67","ml","maggi_ml_in","1","ml:1:ml","NULL","1","NULL","False"
"maggi","67","ml","maggi_ml_out","1","ml:1:ml","NULL","1","NULL","False"
"maggi","67","ml","maggi_ml_reciepe","1","ml:1:ml",,"1",,"False"
"maggi","67","other","maggi_other_in","1","NULL","NULL","NULL","1","False"
"maggi","67","piece","maggi_piece_in","1","piece:1:piece","NULL","NULL","1","False"
"maggi","67","piece","maggi_piece_out","1","piece:1:piece","NULL","NULL","1","False"
"maggi","67","piece","maggi_piece_reciepe","1","piece:1:piece",,,"1","False"
"maggi","67","gm","maggi_pkt_in","500","pkt:500:gm","500","NULL","NULL","False"
"maggi","67","gm","maggi_pkt_out","500","pkt:500:gm","500","NULL","NULL","False"
"maggi","67","gm","maggi_pkt_reciepe","1","pkt:500:gm","500",,,"False"
"maida","2","gm","maida_gm_in","1","gm:1:gm","1","NULL","NULL","False"
"maida","2","gm","maida_gm_inventory","1","gm:1:gm","1","NULL","NULL","False"
"maida","2","gm","maida_gm_out","1","gm:1:gm","1","NULL","NULL","False"
"maida","2","gm","maida_gm_reciepe","1","gm:1:gm","1","NULL","NULL","False"
"maida","2","gm","maida_kg_in","1000","kg:1000:gm","1000","NULL","NULL","False"
"maida","2","gm","maida_kg_out","500","kg:1000:gm","1000","NULL","NULL","False"
"maida","2","gm","maida_kg_reciepe","1","kg:1000:gm","1000",,,"False"
"maida","2","ml","maida_ltr_reciepe","1","ltr:1000:ml",,"1000",,"False"
"maida","2","ml","maida_ml_in","1","ml:1:ml","NULL","1","NULL","False"
"maida","2","ml","maida_ml_out","1","ml:1:ml","NULL","1","NULL","False"
"maida","2","ml","maida_ml_reciepe","1","ml:1:ml",,"1",,"False"
"maida","2","other","maida_other_in","1","NULL","NULL","NULL","1","False"
"maida","2","piece","maida_piece_in","1","piece:1:piece","NULL","NULL","1","False"
"maida","2","piece","maida_piece_out","1","piece:1:piece","NULL","NULL","1","False"
"maida","2","piece","maida_piece_reciepe","1","piece:1:piece",,,"1","False"
"maida","2","gm","maida_pkt_in","500","pkt:500:gm","500","NULL","NULL","False"
"maida","2","gm","maida_pkt_out","500","pkt:500:gm","500","NULL","NULL","False"
"maida","2","gm","maida_pkt_reciepe","1","pkt:500:gm","500",,,"False"
"makhani sauce","51A","gm","makhani sauce_gm_in","1","gm:1:gm","1","NULL","NULL","False"
"makhani sauce","51A","gm","makhani sauce_gm_inventory","1","gm:1:gm","1","NULL","NULL","False"
"makhani sauce","51A","gm","makhani sauce_gm_out","1","gm:1:gm","1","NULL","NULL","False"
"makhani sauce","51A","gm","makhani sauce_gm_reciepe","1","gm:1:gm","1","NULL","NULL","False"
"makhani sauce","51A","gm","makhani sauce_kg_in","1000","kg:1000:gm","1000","NULL","NULL","False"
"makhani sauce","51A","gm","makhani sauce_kg_out","500","kg:1000:gm","1000","NULL","NULL","False"
"makhani sauce","51A","gm","makhani sauce_kg_reciepe","1","kg:1000:gm","1000",,,"False"
"makhani sauce","51A","ml","makhani sauce_ltr_reciepe","1","ltr:1000:ml",,"1000",,"False"
"makhani sauce","51A","ml","makhani sauce_ml_in","1","ml:1:ml","NULL","1","NULL","False"
"makhani sauce","51A","ml","makhani sauce_ml_out","1","ml:1:ml","NULL","1","NULL","False"
"makhani sauce","51A","ml","makhani sauce_ml_reciepe","1","ml:1:ml",,"1",,"False"
"makhani sauce","51A","other","makhani sauce_other_in","1","NULL","NULL","NULL","1","False"
"makhani sauce","51A","piece","makhani sauce_piece_in","1","piece:1:piece","NULL","NULL","1","False"
"makhani sauce","51A","piece","makhani sauce_piece_out","1","piece:1:piece","NULL","NULL","1","False"
"makhani sauce","51A","piece","makhani sauce_piece_reciepe","1","piece:1:piece",,,"1","False"
"makhani sauce","51A","gm","makhani sauce_pkt_in","500","pkt:500:gm","500","NULL","NULL","False"
"makhani sauce","51A","gm","makhani sauce_pkt_out","500","pkt:500:gm","500","NULL","NULL","False"
"makhani sauce","51A","gm","makhani sauce_pkt_reciepe","1","pkt:500:gm","500",,,"False"
"MANGO ICE CREAM","101","gm","MANGO ICE CREAM_gm_in","1","gm:1:gm","1","NULL","NULL","False"
"MANGO ICE CREAM","101","gm","MANGO ICE CREAM_gm_inventory","1","gm:1:gm","1","NULL","NULL","False"
"MANGO ICE CREAM","101","gm","MANGO ICE CREAM_gm_out","1","gm:1:gm","1","NULL","NULL","False"
"MANGO ICE CREAM","101","gm","MANGO ICE CREAM_gm_reciepe","1","gm:1:gm","1","NULL","NULL","False"
"MANGO ICE CREAM","101","gm","MANGO ICE CREAM_kg_in","1000","kg:1000:gm","1000","NULL","NULL","False"
"MANGO ICE CREAM","101","gm","MANGO ICE CREAM_kg_out","500","kg:1000:gm","1000","NULL","NULL","False"
"MANGO ICE CREAM","101","gm","MANGO ICE CREAM_kg_reciepe","1","kg:1000:gm","1000",,,"False"
"MANGO ICE CREAM","101","ml","MANGO ICE CREAM_ltr_reciepe","1","ltr:1000:ml",,"1000",,"False"
"MANGO ICE CREAM","101","ml","MANGO ICE CREAM_ml_in","1","ml:1:ml","NULL","1","NULL","False"
"MANGO ICE CREAM","101","ml","MANGO ICE CREAM_ml_out","1","ml:1:ml","NULL","1","NULL","False"
"MANGO ICE CREAM","101","ml","MANGO ICE CREAM_ml_reciepe","1","ml:1:ml",,"1",,"False"
"MANGO ICE CREAM","101","other","MANGO ICE CREAM_other_in","1","NULL","NULL","NULL","1","False"
"MANGO ICE CREAM","101","piece","MANGO ICE CREAM_piece_in","1","piece:1:piece","NULL","NULL","1","False"
"MANGO ICE CREAM","101","piece","MANGO ICE CREAM_piece_out","1","piece:1:piece","NULL","NULL","1","False"
"MANGO ICE CREAM","101","piece","MANGO ICE CREAM_piece_reciepe","1","piece:1:piece",,,"1","False"
"MANGO ICE CREAM","101","gm","MANGO ICE CREAM_pkt_in","500","pkt:500:gm","500","NULL","NULL","False"
"MANGO ICE CREAM","101","gm","MANGO ICE CREAM_pkt_out","500","pkt:500:gm","500","NULL","NULL","False"
"MANGO ICE CREAM","101","gm","MANGO ICE CREAM_pkt_reciepe","1","pkt:500:gm","500",,,"False"
"MANGO PULP","68","gm","MANGO PULP_gm_in","1","gm:1:gm","1","NULL","NULL","False"
"MANGO PULP","68","gm","MANGO PULP_gm_inventory","1","gm:1:gm","1","NULL","NULL","False"
"MANGO PULP","68","gm","MANGO PULP_gm_out","1","gm:1:gm","1","NULL","NULL","False"
"MANGO PULP","68","gm","MANGO PULP_gm_reciepe","1","gm:1:gm","1","NULL","NULL","False"
"MANGO PULP","68","gm","MANGO PULP_kg_in","1000","kg:1000:gm","1000","NULL","NULL","False"
"MANGO PULP","68","gm","MANGO PULP_kg_out","500","kg:1000:gm","1000","NULL","NULL","False"
"MANGO PULP","68","gm","MANGO PULP_kg_reciepe","1","kg:1000:gm","1000",,,"False"
"MANGO PULP","68","ml","MANGO PULP_ltr_reciepe","1","ltr:1000:ml",,"1000",,"False"
"MANGO PULP","68","ml","MANGO PULP_ml_in","1","ml:1:ml","NULL","1","NULL","False"
"MANGO PULP","68","ml","MANGO PULP_ml_out","1","ml:1:ml","NULL","1","NULL","False"
"MANGO PULP","68","ml","MANGO PULP_ml_reciepe","1","ml:1:ml",,"1",,"False"
"MANGO PULP","68","other","MANGO PULP_other_in","1","NULL","NULL","NULL","1","False"
"MANGO PULP","68","piece","MANGO PULP_piece_in","1","piece:1:piece","NULL","NULL","1","False"
"MANGO PULP","68","piece","MANGO PULP_piece_out","1","piece:1:piece","NULL","NULL","1","False"
"MANGO PULP","68","piece","MANGO PULP_piece_reciepe","1","piece:1:piece",,,"1","False"
"MANGO PULP","68","gm","MANGO PULP_pkt_in","500","pkt:500:gm","500","NULL","NULL","False"
"MANGO PULP","68","gm","MANGO PULP_pkt_out","500","pkt:500:gm","500","NULL","NULL","False"
"MANGO PULP","68","gm","MANGO PULP_pkt_reciepe","1","pkt:500:gm","500",,,"False"
"MASALA TEA","46A","gm","MASALA TEA_gm_in","1","gm:1:gm","1","NULL","NULL","False"
"MASALA TEA","46A","gm","MASALA TEA_gm_inventory","1","gm:1:gm","1","NULL","NULL","False"
"MASALA TEA","46A","gm","MASALA TEA_gm_out","1","gm:1:gm","1","NULL","NULL","False"
"MASALA TEA","46A","gm","MASALA TEA_gm_reciepe","1","gm:1:gm","1","NULL","NULL","False"
"MASALA TEA","46A","gm","MASALA TEA_kg_in","1000","kg:1000:gm","1000","NULL","NULL","False"
"MASALA TEA","46A","gm","MASALA TEA_kg_out","500","kg:1000:gm","1000","NULL","NULL","False"
"MASALA TEA","46A","gm","MASALA TEA_kg_reciepe","1","kg:1000:gm","1000",,,"False"
"MASALA TEA","46A","ml","MASALA TEA_ltr_reciepe","1","ltr:1000:ml",,"1000",,"False"
"MASALA TEA","46A","ml","MASALA TEA_ml_in","1","ml:1:ml","NULL","1","NULL","False"
"MASALA TEA","46A","ml","MASALA TEA_ml_out","1","ml:1:ml","NULL","1","NULL","False"
"MASALA TEA","46A","ml","MASALA TEA_ml_reciepe","1","ml:1:ml",,"1",,"False"
"MASALA TEA","46A","other","MASALA TEA_other_in","1","NULL","NULL","NULL","1","False"
"MASALA TEA","46A","piece","MASALA TEA_piece_in","1","piece:1:piece","NULL","NULL","1","False"
"MASALA TEA","46A","piece","MASALA TEA_piece_out","1","piece:1:piece","NULL","NULL","1","False"
"MASALA TEA","46A","piece","MASALA TEA_piece_reciepe","1","piece:1:piece",,,"1","False"
"MASALA TEA","46A","gm","MASALA TEA_pkt_in","500","pkt:500:gm","500","NULL","NULL","False"
"MASALA TEA","46A","gm","MASALA TEA_pkt_out","500","pkt:500:gm","500","NULL","NULL","False"
"MASALA TEA","46A","gm","MASALA TEA_pkt_reciepe","1","pkt:500:gm","500",,,"False"
"masala","13","gm","masala_gm_in","1","gm:1:gm","1","NULL","NULL","False"
"masala","13","gm","masala_gm_inventory","1","gm:1:gm","1","NULL","NULL","False"
"masala","13","gm","masala_gm_out","1","gm:1:gm","1","NULL","NULL","False"
"masala","13","gm","masala_gm_reciepe","1","gm:1:gm","1","NULL","NULL","False"
"masala","13","gm","masala_kg_in","1000","kg:1000:gm","1000","NULL","NULL","False"
"masala","13","gm","masala_kg_out","500","kg:1000:gm","1000","NULL","NULL","False"
"masala","13","gm","masala_kg_reciepe","1","kg:1000:gm","1000",,,"False"
"masala","13","ml","masala_ltr_reciepe","1","ltr:1000:ml",,"1000",,"False"
"masala","13","ml","masala_ml_in","1","ml:1:ml","NULL","1","NULL","False"
"masala","13","ml","masala_ml_out","1","ml:1:ml","NULL","1","NULL","False"
"masala","13","ml","masala_ml_reciepe","1","ml:1:ml",,"1",,"False"
"masala","13","other","masala_other_in","1","NULL","NULL","NULL","1","False"
"masala","13","piece","masala_piece_in","1","piece:1:piece","NULL","NULL","1","False"
"masala","13","piece","masala_piece_out","1","piece:1:piece","NULL","NULL","1","False"
"masala","13","piece","masala_piece_reciepe","1","piece:1:piece",,,"1","False"
"masala","13","gm","masala_pkt_in","500","pkt:500:gm","500","NULL","NULL","False"
"masala","13","gm","masala_pkt_out","500","pkt:500:gm","500","NULL","NULL","False"
"masala","13","gm","masala_pkt_reciepe","1","pkt:500:gm","500",,,"False"
"masla fries","77B","gm","masla fries_gm_in","1","gm:1:gm","1","NULL","NULL","False"
"masla fries","77B","gm","masla fries_gm_inventory","1","gm:1:gm","1","NULL","NULL","False"
"masla fries","77B","gm","masla fries_gm_out","1","gm:1:gm","1","NULL","NULL","False"
"masla fries","77B","gm","masla fries_gm_reciepe","1","gm:1:gm","1","NULL","NULL","False"
"masla fries","77B","gm","masla fries_kg_in","1000","kg:1000:gm","1000","NULL","NULL","False"
"masla fries","77B","gm","masla fries_kg_out","500","kg:1000:gm","1000","NULL","NULL","False"
"masla fries","77B","gm","masla fries_kg_reciepe","1","kg:1000:gm","1000",,,"False"
"masla fries","77B","ml","masla fries_ltr_reciepe","1","ltr:1000:ml",,"1000",,"False"
"masla fries","77B","ml","masla fries_ml_in","1","ml:1:ml","NULL","1","NULL","False"
"masla fries","77B","ml","masla fries_ml_out","1","ml:1:ml","NULL","1","NULL","False"
"masla fries","77B","ml","masla fries_ml_reciepe","1","ml:1:ml",,"1",,"False"
"masla fries","77B","other","masla fries_other_in","1","NULL","NULL","NULL","1","False"
"masla fries","77B","piece","masla fries_piece_in","1","piece:1:piece","NULL","NULL","1","False"
"masla fries","77B","piece","masla fries_piece_out","1","piece:1:piece","NULL","NULL","1","False"
"masla fries","77B","piece","masla fries_piece_reciepe","1","piece:1:piece",,,"1","False"
"masla fries","77B","gm","masla fries_pkt_in","500","pkt:500:gm","500","NULL","NULL","False"
"masla fries","77B","gm","masla fries_pkt_out","500","pkt:500:gm","500","NULL","NULL","False"
"masla fries","77B","gm","masla fries_pkt_reciepe","1","pkt:500:gm","500",,,"False"
"MASUR DAL","19A","gm","MASUR DAL_gm_in","1","gm:1:gm","1","NULL","NULL","False"
"MASUR DAL","19A","gm","MASUR DAL_gm_inventory","1","gm:1:gm","1","NULL","NULL","False"
"MASUR DAL","19A","gm","MASUR DAL_gm_out","1","gm:1:gm","1","NULL","NULL","False"
"MASUR DAL","19A","gm","MASUR DAL_gm_reciepe","1","gm:1:gm","1","NULL","NULL","False"
"MASUR DAL","19A","gm","MASUR DAL_kg_in","1000","kg:1000:gm","1000","NULL","NULL","False"
"MASUR DAL","19A","gm","MASUR DAL_kg_out","500","kg:1000:gm","1000","NULL","NULL","False"
"MASUR DAL","19A","gm","MASUR DAL_kg_reciepe","1","kg:1000:gm","1000",,,"False"
"MASUR DAL","19A","ml","MASUR DAL_ltr_reciepe","1","ltr:1000:ml",,"1000",,"False"
"MASUR DAL","19A","ml","MASUR DAL_ml_in","1","ml:1:ml","NULL","1","NULL","False"
"MASUR DAL","19A","ml","MASUR DAL_ml_out","1","ml:1:ml","NULL","1","NULL","False"
"MASUR DAL","19A","ml","MASUR DAL_ml_reciepe","1","ml:1:ml",,"1",,"False"
"MASUR DAL","19A","other","MASUR DAL_other_in","1","NULL","NULL","NULL","1","False"
"MASUR DAL","19A","piece","MASUR DAL_piece_in","1","piece:1:piece","NULL","NULL","1","False"
"MASUR DAL","19A","piece","MASUR DAL_piece_out","1","piece:1:piece","NULL","NULL","1","False"
"MASUR DAL","19A","piece","MASUR DAL_piece_reciepe","1","piece:1:piece",,,"1","False"
"MASUR DAL","19A","gm","MASUR DAL_pkt_in","500","pkt:500:gm","500","NULL","NULL","False"
"MASUR DAL","19A","gm","MASUR DAL_pkt_out","500","pkt:500:gm","500","NULL","NULL","False"
"MASUR DAL","19A","gm","MASUR DAL_pkt_reciepe","1","pkt:500:gm","500",,,"False"
"matar","79","gm","matar_gm_in","1","gm:1:gm","1","NULL","NULL","False"
"matar","79","gm","matar_gm_inventory","1","gm:1:gm","1","NULL","NULL","False"
"matar","79","gm","matar_gm_out","1","gm:1:gm","1","NULL","NULL","False"
"matar","79","gm","matar_gm_reciepe","1","gm:1:gm","1","NULL","NULL","False"
"matar","79","gm","matar_kg_in","1000","kg:1000:gm","1000","NULL","NULL","False"
"matar","79","gm","matar_kg_out","500","kg:1000:gm","1000","NULL","NULL","False"
"matar","79","gm","matar_kg_reciepe","1","kg:1000:gm","1000",,,"False"
"matar","79","ml","matar_ltr_reciepe","1","ltr:1000:ml",,"1000",,"False"
"matar","79","ml","matar_ml_in","1","ml:1:ml","NULL","1","NULL","False"
"matar","79","ml","matar_ml_out","1","ml:1:ml","NULL","1","NULL","False"
"matar","79","ml","matar_ml_reciepe","1","ml:1:ml",,"1",,"False"
"matar","79","other","matar_other_in","1","NULL","NULL","NULL","1","False"
"matar","79","piece","matar_piece_in","1","piece:1:piece","NULL","NULL","1","False"
"matar","79","piece","matar_piece_out","1","piece:1:piece","NULL","NULL","1","False"
"matar","79","piece","matar_piece_reciepe","1","piece:1:piece",,,"1","False"
"matar","79","gm","matar_pkt_in","500","pkt:500:gm","500","NULL","NULL","False"
"matar","79","gm","matar_pkt_out","500","pkt:500:gm","500","NULL","NULL","False"
"matar","79","gm","matar_pkt_reciepe","1","pkt:500:gm","500",,,"False"
"metonese","50","gm","metonese_gm_in","1","gm:1:gm","1","NULL","NULL","False"
"metonese","50","gm","metonese_gm_inventory","1","gm:1:gm","1","NULL","NULL","False"
"metonese","50","gm","metonese_gm_out","1","gm:1:gm","1","NULL","NULL","False"
"metonese","50","gm","metonese_gm_reciepe","1","gm:1:gm","1","NULL","NULL","False"
"metonese","50","gm","metonese_kg_in","1000","kg:1000:gm","1000","NULL","NULL","False"
"metonese","50","gm","metonese_kg_out","500","kg:1000:gm","1000","NULL","NULL","False"
"metonese","50","gm","metonese_kg_reciepe","1","kg:1000:gm","1000",,,"False"
"metonese","50","ml","metonese_ltr_reciepe","1","ltr:1000:ml",,"1000",,"False"
"metonese","50","ml","metonese_ml_in","1","ml:1:ml","NULL","1","NULL","False"
"metonese","50","ml","metonese_ml_out","1","ml:1:ml","NULL","1","NULL","False"
"metonese","50","ml","metonese_ml_reciepe","1","ml:1:ml",,"1",,"False"
"metonese","50","other","metonese_other_in","1","NULL","NULL","NULL","1","False"
"metonese","50","piece","metonese_piece_in","1","piece:1:piece","NULL","NULL","1","False"
"metonese","50","piece","metonese_piece_out","1","piece:1:piece","NULL","NULL","1","False"
"metonese","50","piece","metonese_piece_reciepe","1","piece:1:piece",,,"1","False"
"metonese","50","gm","metonese_pkt_in","500","pkt:500:gm","500","NULL","NULL","False"
"metonese","50","gm","metonese_pkt_out","500","pkt:500:gm","500","NULL","NULL","False"
"metonese","50","gm","metonese_pkt_reciepe","1","pkt:500:gm","500",,,"False"
"meyo nese","50","gm","meyo nese_gm_in","1","gm:1:gm","1","NULL","NULL","False"
"meyo nese","50","gm","meyo nese_gm_inventory","1","gm:1:gm","1","NULL","NULL","False"
"meyo nese","50","gm","meyo nese_gm_out","1","gm:1:gm","1","NULL","NULL","False"
"meyo nese","50","gm","meyo nese_gm_reciepe","1","gm:1:gm","1","NULL","NULL","False"
"meyo nese","50","gm","meyo nese_kg_in","1000","kg:1000:gm","1000","NULL","NULL","False"
"meyo nese","50","gm","meyo nese_kg_out","500","kg:1000:gm","1000","NULL","NULL","False"
"meyo nese","50","gm","meyo nese_kg_reciepe","1","kg:1000:gm","1000",,,"False"
"meyo nese","50","ml","meyo nese_ltr_reciepe","1","ltr:1000:ml",,"1000",,"False"
"meyo nese","50","ml","meyo nese_ml_in","1","ml:1:ml","NULL","1","NULL","False"
"meyo nese","50","ml","meyo nese_ml_out","1","ml:1:ml","NULL","1","NULL","False"
"meyo nese","50","ml","meyo nese_ml_reciepe","1","ml:1:ml",,"1",,"False"
"meyo nese","50","other","meyo nese_other_in","1","NULL","NULL","NULL","1","False"
"meyo nese","50","piece","meyo nese_piece_in","1","piece:1:piece","NULL","NULL","1","False"
"meyo nese","50","piece","meyo nese_piece_out","1","piece:1:piece","NULL","NULL","1","False"
"meyo nese","50","piece","meyo nese_piece_reciepe","1","piece:1:piece",,,"1","False"
"meyo nese","50","gm","meyo nese_pkt_in","500","pkt:500:gm","500","NULL","NULL","False"
"meyo nese","50","gm","meyo nese_pkt_out","500","pkt:500:gm","500","NULL","NULL","False"
"meyo nese","50","gm","meyo nese_pkt_reciepe","1","pkt:500:gm","500",,,"False"
"meyo","50","gm","meyo_gm_in","1","gm:1:gm","1","NULL","NULL","False"
"meyo","50","gm","meyo_gm_inventory","1","gm:1:gm","1","NULL","NULL","False"
"meyo","50","gm","meyo_gm_out","1","gm:1:gm","1","NULL","NULL","False"
"meyo","50","gm","meyo_gm_reciepe","1","gm:1:gm","1","NULL","NULL","False"
"meyo","50","gm","meyo_kg_in","1000","kg:1000:gm","1000","NULL","NULL","False"
"meyo","50","gm","meyo_kg_out","500","kg:1000:gm","1000","NULL","NULL","False"
"meyo","50","gm","meyo_kg_reciepe","1","kg:1000:gm","1000",,,"False"
"meyo","50","ml","meyo_ltr_reciepe","1","ltr:1000:ml",,"1000",,"False"
"meyo","50","ml","meyo_ml_in","1","ml:1:ml","NULL","1","NULL","False"
"meyo","50","ml","meyo_ml_out","1","ml:1:ml","NULL","1","NULL","False"
"meyo","50","ml","meyo_ml_reciepe","1","ml:1:ml",,"1",,"False"
"meyo","50","other","meyo_other_in","1","NULL","NULL","NULL","1","False"
"meyo","50","piece","meyo_piece_in","1","piece:1:piece","NULL","NULL","1","False"
"meyo","50","piece","meyo_piece_out","1","piece:1:piece","NULL","NULL","1","False"
"meyo","50","piece","meyo_piece_reciepe","1","piece:1:piece",,,"1","False"
"meyo","50","gm","meyo_pkt_in","500","pkt:500:gm","500","NULL","NULL","False"
"meyo","50","gm","meyo_pkt_out","500","pkt:500:gm","500","NULL","NULL","False"
"meyo","50","gm","meyo_pkt_reciepe","1","pkt:500:gm","500",,,"False"
"MEYONESE SACHET","71A","gm","MEYONESE SACHET_gm_in","1","gm:1:gm","1","NULL","NULL","False"
"MEYONESE SACHET","71A","gm","MEYONESE SACHET_gm_inventory","1","gm:1:gm","1","NULL","NULL","False"
"MEYONESE SACHET","71A","gm","MEYONESE SACHET_gm_out","1","gm:1:gm","1","NULL","NULL","False"
"MEYONESE SACHET","71A","gm","MEYONESE SACHET_gm_reciepe","1","gm:1:gm","1","NULL","NULL","False"
"MEYONESE SACHET","71A","gm","MEYONESE SACHET_kg_in","1000","kg:1000:gm","1000","NULL","NULL","False"
"MEYONESE SACHET","71A","gm","MEYONESE SACHET_kg_out","500","kg:1000:gm","1000","NULL","NULL","False"
"MEYONESE SACHET","71A","gm","MEYONESE SACHET_kg_reciepe","1","kg:1000:gm","1000",,,"False"
"MEYONESE SACHET","71A","ml","MEYONESE SACHET_ltr_reciepe","1","ltr:1000:ml",,"1000",,"False"
"MEYONESE SACHET","71A","ml","MEYONESE SACHET_ml_in","1","ml:1:ml","NULL","1","NULL","False"
"MEYONESE SACHET","71A","ml","MEYONESE SACHET_ml_out","1","ml:1:ml","NULL","1","NULL","False"
"MEYONESE SACHET","71A","ml","MEYONESE SACHET_ml_reciepe","1","ml:1:ml",,"1",,"False"
"MEYONESE SACHET","71A","other","MEYONESE SACHET_other_in","1","NULL","NULL","NULL","1","False"
"MEYONESE SACHET","71A","piece","MEYONESE SACHET_piece_in","1","piece:1:piece","NULL","NULL","1","False"
"MEYONESE SACHET","71A","piece","MEYONESE SACHET_piece_out","1","piece:1:piece","NULL","NULL","1","False"
"MEYONESE SACHET","71A","piece","MEYONESE SACHET_piece_reciepe","1","piece:1:piece",,,"1","False"
"MEYONESE SACHET","71A","gm","MEYONESE SACHET_pkt_in","500","pkt:500:gm","500","NULL","NULL","False"
"MEYONESE SACHET","71A","gm","MEYONESE SACHET_pkt_out","500","pkt:500:gm","500","NULL","NULL","False"
"MEYONESE SACHET","71A","gm","MEYONESE SACHET_pkt_reciepe","1","pkt:500:gm","500",,,"False"
"meyonese","50","gm","meyonese_gm_in","1","gm:1:gm","1","NULL","NULL","False"
"meyonese","50","gm","meyonese_gm_inventory","1","gm:1:gm","1","NULL","NULL","False"
"meyonese","50","gm","meyonese_gm_out","1","gm:1:gm","1","NULL","NULL","False"
"meyonese","50","gm","meyonese_gm_reciepe","1","gm:1:gm","1","NULL","NULL","False"
"meyonese","50","gm","meyonese_kg_in","1000","kg:1000:gm","1000","NULL","NULL","False"
"meyonese","50","gm","meyonese_kg_out","500","kg:1000:gm","1000","NULL","NULL","False"
"meyonese","50","gm","meyonese_kg_reciepe","1","kg:1000:gm","1000",,,"False"
"meyonese","50","ml","meyonese_ltr_reciepe","1","ltr:1000:ml",,"1000",,"False"
"meyonese","50","ml","meyonese_ml_in","1","ml:1:ml","NULL","1","NULL","False"
"meyonese","50","ml","meyonese_ml_out","1","ml:1:ml","NULL","1","NULL","False"
"meyonese","50","ml","meyonese_ml_reciepe","1","ml:1:ml",,"1",,"False"
"meyonese","50","other","meyonese_other_in","1","NULL","NULL","NULL","1","False"
"meyonese","50","piece","meyonese_piece_in","1","piece:1:piece","NULL","NULL","1","False"
"meyonese","50","piece","meyonese_piece_out","1","piece:1:piece","NULL","NULL","1","False"
"meyonese","50","piece","meyonese_piece_reciepe","1","piece:1:piece",,,"1","False"
"meyonese","50","gm","meyonese_pkt_in","500","pkt:500:gm","500","NULL","NULL","False"
"meyonese","50","gm","meyonese_pkt_out","500","pkt:500:gm","500","NULL","NULL","False"
"meyonese","50","gm","meyonese_pkt_reciepe","1","pkt:500:gm","500",,,"False"
"meyonesse","50","gm","meyonesse_gm_in","1","gm:1:gm","1","NULL","NULL","False"
"meyonesse","50","gm","meyonesse_gm_inventory","1","gm:1:gm","1","NULL","NULL","False"
"meyonesse","50","gm","meyonesse_gm_out","1","gm:1:gm","1","NULL","NULL","False"
"meyonesse","50","gm","meyonesse_gm_reciepe","1","gm:1:gm","1","NULL","NULL","False"
"meyonesse","50","gm","meyonesse_kg_in","1000","kg:1000:gm","1000","NULL","NULL","False"
"meyonesse","50","gm","meyonesse_kg_out","500","kg:1000:gm","1000","NULL","NULL","False"
"meyonesse","50","gm","meyonesse_kg_reciepe","1","kg:1000:gm","1000",,,"False"
"meyonesse","50","ml","meyonesse_ltr_reciepe","1","ltr:1000:ml",,"1000",,"False"
"meyonesse","50","ml","meyonesse_ml_in","1","ml:1:ml","NULL","1","NULL","False"
"meyonesse","50","ml","meyonesse_ml_out","1","ml:1:ml","NULL","1","NULL","False"
"meyonesse","50","ml","meyonesse_ml_reciepe","1","ml:1:ml",,"1",,"False"
"meyonesse","50","other","meyonesse_other_in","1","NULL","NULL","NULL","1","False"
"meyonesse","50","piece","meyonesse_piece_in","1","piece:1:piece","NULL","NULL","1","False"
"meyonesse","50","piece","meyonesse_piece_out","1","piece:1:piece","NULL","NULL","1","False"
"meyonesse","50","piece","meyonesse_piece_reciepe","1","piece:1:piece",,,"1","False"
"meyonesse","50","gm","meyonesse_pkt_in","500","pkt:500:gm","500","NULL","NULL","False"
"meyonesse","50","gm","meyonesse_pkt_out","500","pkt:500:gm","500","NULL","NULL","False"
"meyonesse","50","gm","meyonesse_pkt_reciepe","1","pkt:500:gm","500",,,"False"
"meyonse","50","gm","meyonse_gm_in","1","gm:1:gm","1","NULL","NULL","False"
"meyonse","50","gm","meyonse_gm_inventory","1","gm:1:gm","1","NULL","NULL","False"
"meyonse","50","gm","meyonse_gm_out","1","gm:1:gm","1","NULL","NULL","False"
"meyonse","50","gm","meyonse_gm_reciepe","1","gm:1:gm","1","NULL","NULL","False"
"meyonse","50","gm","meyonse_kg_in","1000","kg:1000:gm","1000","NULL","NULL","False"
"meyonse","50","gm","meyonse_kg_out","500","kg:1000:gm","1000","NULL","NULL","False"
"meyonse","50","gm","meyonse_kg_reciepe","1","kg:1000:gm","1000",,,"False"
"meyonse","50","ml","meyonse_ltr_reciepe","1","ltr:1000:ml",,"1000",,"False"
"meyonse","50","ml","meyonse_ml_in","1","ml:1:ml","NULL","1","NULL","False"
"meyonse","50","ml","meyonse_ml_out","1","ml:1:ml","NULL","1","NULL","False"
"meyonse","50","ml","meyonse_ml_reciepe","1","ml:1:ml",,"1",,"False"
"meyonse","50","other","meyonse_other_in","1","NULL","NULL","NULL","1","False"
"meyonse","50","piece","meyonse_piece_in","1","piece:1:piece","NULL","NULL","1","False"
"meyonse","50","piece","meyonse_piece_out","1","piece:1:piece","NULL","NULL","1","False"
"meyonse","50","piece","meyonse_piece_reciepe","1","piece:1:piece",,,"1","False"
"meyonse","50","gm","meyonse_pkt_in","500","pkt:500:gm","500","NULL","NULL","False"
"meyonse","50","gm","meyonse_pkt_out","500","pkt:500:gm","500","NULL","NULL","False"
"meyonse","50","gm","meyonse_pkt_reciepe","1","pkt:500:gm","500",,,"False"
"MILK POWDER","45","gm","MILK POWDER_gm_in","1","gm:1:gm","1","NULL","NULL","False"
"MILK POWDER","45","gm","MILK POWDER_gm_inventory","1","gm:1:gm","1","NULL","NULL","False"
"MILK POWDER","45","gm","MILK POWDER_gm_out","1","gm:1:gm","1","NULL","NULL","False"
"MILK POWDER","45","gm","MILK POWDER_gm_reciepe","1","gm:1:gm","1","NULL","NULL","False"
"MILK POWDER","45","gm","MILK POWDER_kg_in","1000","kg:1000:gm","1000","NULL","NULL","False"
"MILK POWDER","45","gm","MILK POWDER_kg_out","500","kg:1000:gm","1000","NULL","NULL","False"
"MILK POWDER","45","gm","MILK POWDER_kg_reciepe","1","kg:1000:gm","1000",,,"False"
"MILK POWDER","45","ml","MILK POWDER_ltr_reciepe","1","ltr:1000:ml",,"1000",,"False"
"MILK POWDER","45","ml","MILK POWDER_ml_in","1","ml:1:ml","NULL","1","NULL","False"
"MILK POWDER","45","ml","MILK POWDER_ml_out","1","ml:1:ml","NULL","1","NULL","False"
"MILK POWDER","45","ml","MILK POWDER_ml_reciepe","1","ml:1:ml",,"1",,"False"
"MILK POWDER","45","other","MILK POWDER_other_in","1","NULL","NULL","NULL","1","False"
"MILK POWDER","45","piece","MILK POWDER_piece_in","1","piece:1:piece","NULL","NULL","1","False"
"MILK POWDER","45","piece","MILK POWDER_piece_out","1","piece:1:piece","NULL","NULL","1","False"
"MILK POWDER","45","piece","MILK POWDER_piece_reciepe","1","piece:1:piece",,,"1","False"
"MILK POWDER","45","gm","MILK POWDER_pkt_in","500","pkt:500:gm","500","NULL","NULL","False"
"MILK POWDER","45","gm","MILK POWDER_pkt_out","500","pkt:500:gm","500","NULL","NULL","False"
"MILK POWDER","45","gm","MILK POWDER_pkt_reciepe","1","pkt:500:gm","500",,,"False"
"MILK","D1","gm","MILK_gm_in","1","gm:1:gm","1",,,"False"
"MILK","D1","gm","MILK_gm_inventory","1","gm:1:gm","1",,,"False"
"MILK","D1","gm","MILK_gm_out","1","gm:1:gm","1",,,"False"
"MILK","D1","gm","MILK_gm_reciepe","1","gm:1:gm","1",,,"False"
"MILK","D1","gm","MILK_kg_in","1000","kg:1000:gm","1000",,,"False"
"MILK","D1","gm","MILK_kg_out","500","kg:1000:gm","1000",,,"False"
"MILK","D1","gm","MILK_kg_reciepe","1","kg:1000:gm","1000",,,"False"
"MILK","D1","ml","MILK_ltr_reciepe","1","ltr:1000:ml",,"1000",,"False"
"MILK","D1","ml","MILK_ml_in","1","ml:1:ml",,"1",,"False"
"MILK","D1","ml","MILK_ml_out","1","ml:1:ml",,"1",,"False"
"MILK","D1","ml","MILK_ml_reciepe","1","ml:1:ml",,"1",,"False"
"MILK","D1","other","MILK_other_in","1",,,,"1","False"
"MILK","D1","piece","MILK_piece_in","1","piece:1:piece",,,"1","False"
"MILK","D1","piece","MILK_piece_out","1","piece:1:piece",,,"1","False"
"MILK","D1","piece","MILK_piece_reciepe","1","piece:1:piece",,,"1","False"
"MILK","D1","gm","MILK_pkt_in","500","pkt:500:gm","500",,,"False"
"MILK","D1","gm","MILK_pkt_out","500","pkt:500:gm","500",,,"False"
"MILK","D1","gm","MILK_pkt_reciepe","1","pkt:500:gm","500",,,"False"
"Mint Leaves","V17","gm","Mint Leaves_gm_in","1","gm:1:gm","1","NULL","NULL","False"
"Mint Leaves","V17","gm","Mint Leaves_gm_out","1","gm:1:gm","1","NULL","NULL","False"
"Mint Leaves","V17","gm","Mint Leaves_gm_reciepe","1","gm:1:gm","1","NULL","NULL","False"
"Mint Leaves","V17","gm","Mint Leaves_kg_reciepe","1","kg:1000:gm","1000",,,"False"
"Mint Leaves","V17","ml","Mint Leaves_ltr_reciepe","1","ltr:1000:ml",,"1000",,"False"
"Mint Leaves","V17","ml","Mint Leaves_ml_reciepe","1","ml:1:ml",,"1",,"False"
"Mint Leaves","V17","piece","Mint Leaves_piece_reciepe","1","piece:1:piece",,,"1","False"
"Mint Leaves","V17","gm","Mint Leaves_pkt_reciepe","1","pkt:500:gm","500",,,"False"
"mozerella","74","gm","mozerella_gm_in","1","gm:1:gm","1","NULL","NULL","False"
"mozerella","74","gm","mozerella_gm_inventory","1","gm:1:gm","1","NULL","NULL","False"
"mozerella","74","gm","mozerella_gm_out","1","gm:1:gm","1","NULL","NULL","False"
"mozerella","74","gm","mozerella_gm_reciepe","1","gm:1:gm","1","NULL","NULL","False"
"mozerella","74","gm","mozerella_kg_in","1000","kg:1000:gm","1000","NULL","NULL","False"
"mozerella","74","gm","mozerella_kg_out","500","kg:1000:gm","1000","NULL","NULL","False"
"mozerella","74","gm","mozerella_kg_reciepe","1","kg:1000:gm","1000",,,"False"
"mozerella","74","ml","mozerella_ltr_reciepe","1","ltr:1000:ml",,"1000",,"False"
"mozerella","74","ml","mozerella_ml_in","1","ml:1:ml","NULL","1","NULL","False"
"mozerella","74","ml","mozerella_ml_out","1","ml:1:ml","NULL","1","NULL","False"
"mozerella","74","ml","mozerella_ml_reciepe","1","ml:1:ml",,"1",,"False"
"mozerella","74","other","mozerella_other_in","1","NULL","NULL","NULL","1","False"
"mozerella","74","piece","mozerella_piece_in","1","piece:1:piece","NULL","NULL","1","False"
"mozerella","74","piece","mozerella_piece_out","1","piece:1:piece","NULL","NULL","1","False"
"mozerella","74","piece","mozerella_piece_reciepe","1","piece:1:piece",,,"1","False"
"mozerella","74","gm","mozerella_pkt_in","500","pkt:500:gm","500","NULL","NULL","False"
"mozerella","74","gm","mozerella_pkt_out","500","pkt:500:gm","500","NULL","NULL","False"
"mozerella","74","gm","mozerella_pkt_reciepe","1","pkt:500:gm","500",,,"False"
"mozrella","74","gm","mozrella_gm_in","1","gm:1:gm","1","NULL","NULL","False"
"mozrella","74","gm","mozrella_gm_inventory","1","gm:1:gm","1","NULL","NULL","False"
"mozrella","74","gm","mozrella_gm_out","1","gm:1:gm","1","NULL","NULL","False"
"mozrella","74","gm","mozrella_gm_reciepe","1","gm:1:gm","1","NULL","NULL","False"
"mozrella","74","gm","mozrella_kg_in","1000","kg:1000:gm","1000","NULL","NULL","False"
"mozrella","74","gm","mozrella_kg_out","500","kg:1000:gm","1000","NULL","NULL","False"
"mozrella","74","gm","mozrella_kg_reciepe","1","kg:1000:gm","1000",,,"False"
"mozrella","74","ml","mozrella_ltr_reciepe","1","ltr:1000:ml",,"1000",,"False"
"mozrella","74","ml","mozrella_ml_in","1","ml:1:ml","NULL","1","NULL","False"
"mozrella","74","ml","mozrella_ml_out","1","ml:1:ml","NULL","1","NULL","False"
"mozrella","74","ml","mozrella_ml_reciepe","1","ml:1:ml",,"1",,"False"
"mozrella","74","other","mozrella_other_in","1","NULL","NULL","NULL","1","False"
"mozrella","74","piece","mozrella_piece_in","1","piece:1:piece","NULL","NULL","1","False"
"mozrella","74","piece","mozrella_piece_out","1","piece:1:piece","NULL","NULL","1","False"
"mozrella","74","piece","mozrella_piece_reciepe","1","piece:1:piece",,,"1","False"
"mozrella","74","gm","mozrella_pkt_in","500","pkt:500:gm","500","NULL","NULL","False"
"mozrella","74","gm","mozrella_pkt_out","500","pkt:500:gm","500","NULL","NULL","False"
"mozrella","74","gm","mozrella_pkt_reciepe","1","pkt:500:gm","500",,,"False"
"mushroom","24","gm","mushroom_gm_in","1","gm:1:gm","1","NULL","NULL","False"
"mushroom","24","gm","mushroom_gm_inventory","1","gm:1:gm","1","NULL","NULL","False"
"mushroom","24","gm","mushroom_gm_out","1","gm:1:gm","1","NULL","NULL","False"
"mushroom","24","gm","mushroom_gm_reciepe","1","gm:1:gm","1","NULL","NULL","False"
"mushroom","24","gm","mushroom_kg_in","1000","kg:1000:gm","1000","NULL","NULL","False"
"mushroom","24","gm","mushroom_kg_out","500","kg:1000:gm","1000","NULL","NULL","False"
"mushroom","24","gm","mushroom_kg_reciepe","1","kg:1000:gm","1000",,,"False"
"mushroom","24","ml","mushroom_ltr_reciepe","1","ltr:1000:ml",,"1000",,"False"
"mushroom","24","ml","mushroom_ml_in","1","ml:1:ml","NULL","1","NULL","False"
"mushroom","24","ml","mushroom_ml_out","1","ml:1:ml","NULL","1","NULL","False"
"mushroom","24","ml","mushroom_ml_reciepe","1","ml:1:ml",,"1",,"False"
"mushroom","24","other","mushroom_other_in","1","NULL","NULL","NULL","1","False"
"mushroom","24","piece","mushroom_piece_in","1","piece:1:piece","NULL","NULL","1","False"
"mushroom","24","piece","mushroom_piece_out","1","piece:1:piece","NULL","NULL","1","False"
"mushroom","24","piece","mushroom_piece_reciepe","1","piece:1:piece",,,"1","False"
"mushroom","24","gm","mushroom_pkt_in","500","pkt:500:gm","500","NULL","NULL","False"
"mushroom","24","gm","mushroom_pkt_out","500","pkt:500:gm","500","NULL","NULL","False"
"mushroom","24","gm","mushroom_pkt_reciepe","1","pkt:500:gm","500",,,"False"
"myonese","50","gm","myonese_gm_in","1","gm:1:gm","1","NULL","NULL","False"
"myonese","50","gm","myonese_gm_inventory","1","gm:1:gm","1","NULL","NULL","False"
"myonese","50","gm","myonese_gm_out","1","gm:1:gm","1","NULL","NULL","False"
"myonese","50","gm","myonese_gm_reciepe","1","gm:1:gm","1","NULL","NULL","False"
"MYONESE","50","gm","MYONESE_gm_reciepe","1","gm:1:gm","1",,,"False"
"myonese","50","gm","myonese_kg_in","1000","kg:1000:gm","1000","NULL","NULL","False"
"myonese","50","gm","myonese_kg_out","500","kg:1000:gm","1000","NULL","NULL","False"
"MYONESE","50","gm","MYONESE_kg_reciepe","1","kg:1000:gm","1000",,,"False"
"myonese","50","gm","myonese_kg_reciepe","1","kg:1000:gm","1000",,,"False"
"MYONESE","50","ml","MYONESE_ltr_reciepe","1","ltr:1000:ml",,"1000",,"False"
"myonese","50","ml","myonese_ltr_reciepe","1","ltr:1000:ml",,"1000",,"False"
"myonese","50","ml","myonese_ml_in","1","ml:1:ml","NULL","1","NULL","False"
"myonese","50","ml","myonese_ml_out","1","ml:1:ml","NULL","1","NULL","False"
"MYONESE","50","ml","MYONESE_ml_reciepe","1","ml:1:ml",,"1",,"False"
"myonese","50","ml","myonese_ml_reciepe","1","ml:1:ml",,"1",,"False"
"myonese","50","other","myonese_other_in","1","NULL","NULL","NULL","1","False"
"myonese","50","piece","myonese_piece_in","1","piece:1:piece","NULL","NULL","1","False"
"myonese","50","piece","myonese_piece_out","1","piece:1:piece","NULL","NULL","1","False"
"MYONESE","50","piece","MYONESE_piece_reciepe","1","piece:1:piece",,,"1","False"
"myonese","50","piece","myonese_piece_reciepe","1","piece:1:piece",,,"1","False"
"myonese","50","gm","myonese_pkt_in","500","pkt:500:gm","500","NULL","NULL","False"
"myonese","50","gm","myonese_pkt_out","500","pkt:500:gm","500","NULL","NULL","False"
"MYONESE","50","gm","MYONESE_pkt_reciepe","1","pkt:500:gm","500",,,"False"
"myonese","50","gm","myonese_pkt_reciepe","1","pkt:500:gm","500",,,"False"
"NACHOS","65","gm","NACHOS_gm_in","1","gm:1:gm","1","NULL","NULL","False"
"NACHOS","65","gm","NACHOS_gm_inventory","1","gm:1:gm","1","NULL","NULL","False"
"NACHOS","65","gm","NACHOS_gm_out","1","gm:1:gm","1","NULL","NULL","False"
"NACHOS","65","gm","NACHOS_gm_reciepe","1","gm:1:gm","1","NULL","NULL","False"
"NACHOS","65","gm","NACHOS_kg_in","1000","kg:1000:gm","1000","NULL","NULL","False"
"NACHOS","65","gm","NACHOS_kg_out","500","kg:1000:gm","1000","NULL","NULL","False"
"NACHOS","65","gm","NACHOS_kg_reciepe","1","kg:1000:gm","1000",,,"False"
"NACHOS","65","ml","NACHOS_ltr_reciepe","1","ltr:1000:ml",,"1000",,"False"
"NACHOS","65","ml","NACHOS_ml_in","1","ml:1:ml","NULL","1","NULL","False"
"NACHOS","65","ml","NACHOS_ml_out","1","ml:1:ml","NULL","1","NULL","False"
"NACHOS","65","ml","NACHOS_ml_reciepe","1","ml:1:ml",,"1",,"False"
"NACHOS","65","other","NACHOS_other_in","1","NULL","NULL","NULL","1","False"
"NACHOS","65","piece","NACHOS_piece_in","1","piece:1:piece","NULL","NULL","1","False"
"NACHOS","65","piece","NACHOS_piece_out","1","piece:1:piece","NULL","NULL","1","False"
"NACHOS","65","piece","NACHOS_piece_reciepe","1","piece:1:piece",,,"1","False"
"NACHOS","65","gm","NACHOS_pkt_in","500","pkt:500:gm","500","NULL","NULL","False"
"NACHOS","65","gm","NACHOS_pkt_out","500","pkt:500:gm","500","NULL","NULL","False"
"NACHOS","65","gm","NACHOS_pkt_reciepe","1","pkt:500:gm","500",,,"False"
"noodles","38","gm","noodles_gm_in","1","gm:1:gm","1","NULL","NULL","False"
"noodles","38","gm","noodles_gm_inventory","1","gm:1:gm","1","NULL","NULL","False"
"noodles","38","gm","noodles_gm_out","1","gm:1:gm","1","NULL","NULL","False"
"noodles","38","gm","noodles_gm_reciepe","1","gm:1:gm","1","NULL","NULL","False"
"noodles","38","gm","noodles_kg_in","1000","kg:1000:gm","1000","NULL","NULL","False"
"noodles","38","gm","noodles_kg_out","500","kg:1000:gm","1000","NULL","NULL","False"
"noodles","38","gm","noodles_kg_reciepe","1","kg:1000:gm","1000",,,"False"
"noodles","38","ml","noodles_ltr_reciepe","1","ltr:1000:ml",,"1000",,"False"
"noodles","38","ml","noodles_ml_in","1","ml:1:ml","NULL","1","NULL","False"
"noodles","38","ml","noodles_ml_out","1","ml:1:ml","NULL","1","NULL","False"
"noodles","38","ml","noodles_ml_reciepe","1","ml:1:ml",,"1",,"False"
"noodles","38","other","noodles_other_in","1","NULL","NULL","NULL","1","False"
"noodles","38","piece","noodles_piece_in","1","piece:1:piece","NULL","NULL","1","False"
"noodles","38","piece","noodles_piece_out","1","piece:1:piece","NULL","NULL","1","False"
"noodles","38","piece","noodles_piece_reciepe","1","piece:1:piece",,,"1","False"
"noodles","38","gm","noodles_pkt_in","500","pkt:500:gm","500","NULL","NULL","False"
"noodles","38","gm","noodles_pkt_out","500","pkt:500:gm","500","NULL","NULL","False"
"noodles","38","gm","noodles_pkt_reciepe","1","pkt:500:gm","500",,,"False"
"oil tin","7","gm","oil tin_gm_in","1","gm:1:gm","1","NULL","NULL","False"
"oil tin","7","gm","oil tin_gm_inventory","1","gm:1:gm","1","NULL","NULL","False"
"oil tin","7","gm","oil tin_gm_out","1","gm:1:gm","1","NULL","NULL","False"
"oil tin","7","gm","oil tin_gm_reciepe","1","gm:1:gm","1","NULL","NULL","False"
"oil tin","7","gm","oil tin_kg_in","1000","kg:1000:gm","1000","NULL","NULL","False"
"oil tin","7","gm","oil tin_kg_out","500","kg:1000:gm","1000","NULL","NULL","False"
"oil tin","7","gm","oil tin_kg_reciepe","1","kg:1000:gm","1000",,,"False"
"oil tin","7","ml","oil tin_ltr_reciepe","1","ltr:1000:ml",,"1000",,"False"
"oil tin","7","ml","oil tin_ml_in","1","ml:1:ml","NULL","1","NULL","False"
"oil tin","7","ml","oil tin_ml_out","1","ml:1:ml","NULL","1","NULL","False"
"oil tin","7","ml","oil tin_ml_reciepe","1","ml:1:ml",,"1",,"False"
"oil tin","7","other","oil tin_other_in","1","NULL","NULL","NULL","1","False"
"oil tin","7","piece","oil tin_piece_in","1","piece:1:piece","NULL","NULL","1","False"
"oil tin","7","piece","oil tin_piece_out","1","piece:1:piece","NULL","NULL","1","False"
"oil tin","7","piece","oil tin_piece_reciepe","1","piece:1:piece",,,"1","False"
"oil tin","7","gm","oil tin_pkt_in","500","pkt:500:gm","500","NULL","NULL","False"
"oil tin","7","gm","oil tin_pkt_out","500","pkt:500:gm","500","NULL","NULL","False"
"oil tin","7","gm","oil tin_pkt_reciepe","1","pkt:500:gm","500",,,"False"
"olive","35A","gm","olive_gm_in","1","gm:1:gm","1","NULL","NULL","False"
"olive","35A","gm","olive_gm_inventory","1","gm:1:gm","1","NULL","NULL","False"
"olive","35A","gm","olive_gm_out","1","gm:1:gm","1","NULL","NULL","False"
"olive","35A","gm","olive_gm_reciepe","1","gm:1:gm","1","NULL","NULL","False"
"olive","35A","gm","olive_kg_in","1000","kg:1000:gm","1000","NULL","NULL","False"
"olive","35A","gm","olive_kg_out","500","kg:1000:gm","1000","NULL","NULL","False"
"olive","35A","gm","olive_kg_reciepe","1","kg:1000:gm","1000",,,"False"
"olive","35A","ml","olive_ltr_reciepe","1","ltr:1000:ml",,"1000",,"False"
"olive","35A","ml","olive_ml_in","1","ml:1:ml","NULL","1","NULL","False"
"olive","35A","ml","olive_ml_out","1","ml:1:ml","NULL","1","NULL","False"
"olive","35A","ml","olive_ml_reciepe","1","ml:1:ml",,"1",,"False"
"olive","35A","other","olive_other_in","1","NULL","NULL","NULL","1","False"
"olive","35A","piece","olive_piece_in","1","piece:1:piece","NULL","NULL","1","False"
"olive","35A","piece","olive_piece_out","1","piece:1:piece","NULL","NULL","1","False"
"olive","35A","piece","olive_piece_reciepe","1","piece:1:piece",,,"1","False"
"olive","35A","gm","olive_pkt_in","500","pkt:500:gm","500","NULL","NULL","False"
"olive","35A","gm","olive_pkt_out","500","pkt:500:gm","500","NULL","NULL","False"
"olive","35A","gm","olive_pkt_reciepe","1","pkt:500:gm","500",,,"False"
"Onion","V11","gm","Onion_gm_in","1","gm:1:gm","1","NULL","NULL","False"
"Onion","V11","gm","Onion_gm_out","1","gm:1:gm","1","NULL","NULL","False"
"Onion","V11","gm","Onion_gm_reciepe","1","gm:1:gm","1","NULL","NULL","False"
"Onion","V11","gm","Onion_kg_reciepe","1","kg:1000:gm","1000",,,"False"
"Onion","V11","ml","Onion_ltr_reciepe","1","ltr:1000:ml",,"1000",,"False"
"Onion","V11","ml","Onion_ml_reciepe","1","ml:1:ml",,"1",,"False"
"Onion","V11","piece","Onion_piece_reciepe","1","piece:1:piece",,,"1","False"
"Onion","V11","gm","Onion_pkt_reciepe","1","pkt:500:gm","500",,,"False"
"OREGANO SACHET","70B","gm","OREGANO SACHET_gm_in","1","gm:1:gm","1","NULL","NULL","False"
"OREGANO SACHET","70B","gm","OREGANO SACHET_gm_inventory","1","gm:1:gm","1","NULL","NULL","False"
"OREGANO SACHET","70B","gm","OREGANO SACHET_gm_out","1","gm:1:gm","1","NULL","NULL","False"
"OREGANO SACHET","70B","gm","OREGANO SACHET_gm_reciepe","1","gm:1:gm","1","NULL","NULL","False"
"OREGANO SACHET","70B","gm","OREGANO SACHET_kg_in","1000","kg:1000:gm","1000","NULL","NULL","False"
"OREGANO SACHET","70B","gm","OREGANO SACHET_kg_out","500","kg:1000:gm","1000","NULL","NULL","False"
"OREGANO SACHET","70B","gm","OREGANO SACHET_kg_reciepe","1","kg:1000:gm","1000",,,"False"
"OREGANO SACHET","70B","ml","OREGANO SACHET_ltr_reciepe","1","ltr:1000:ml",,"1000",,"False"
"OREGANO SACHET","70B","ml","OREGANO SACHET_ml_in","1","ml:1:ml","NULL","1","NULL","False"
"OREGANO SACHET","70B","ml","OREGANO SACHET_ml_out","1","ml:1:ml","NULL","1","NULL","False"
"OREGANO SACHET","70B","ml","OREGANO SACHET_ml_reciepe","1","ml:1:ml",,"1",,"False"
"OREGANO SACHET","70B","other","OREGANO SACHET_other_in","1","NULL","NULL","NULL","1","False"
"OREGANO SACHET","70B","piece","OREGANO SACHET_piece_in","1","piece:1:piece","NULL","NULL","1","False"
"OREGANO SACHET","70B","piece","OREGANO SACHET_piece_out","1","piece:1:piece","NULL","NULL","1","False"
"OREGANO SACHET","70B","piece","OREGANO SACHET_piece_reciepe","1","piece:1:piece",,,"1","False"
"OREGANO SACHET","70B","gm","OREGANO SACHET_pkt_in","500","pkt:500:gm","500","NULL","NULL","False"
"OREGANO SACHET","70B","gm","OREGANO SACHET_pkt_out","500","pkt:500:gm","500","NULL","NULL","False"
"OREGANO SACHET","70B","gm","OREGANO SACHET_pkt_reciepe","1","pkt:500:gm","500",,,"False"
"oregano","62","gm","oregano_gm_in","1","gm:1:gm","1","NULL","NULL","False"
"oregano","62","gm","oregano_gm_inventory","1","gm:1:gm","1","NULL","NULL","False"
"oregano","62","gm","oregano_gm_out","1","gm:1:gm","1","NULL","NULL","False"
"oregano","62","gm","oregano_gm_reciepe","1","gm:1:gm","1","NULL","NULL","False"
"oregano","62","gm","oregano_kg_in","1000","kg:1000:gm","1000","NULL","NULL","False"
"oregano","62","gm","oregano_kg_out","500","kg:1000:gm","1000","NULL","NULL","False"
"oregano","62","gm","oregano_kg_reciepe","1","kg:1000:gm","1000",,,"False"
"oregano","62","ml","oregano_ltr_reciepe","1","ltr:1000:ml",,"1000",,"False"
"oregano","62","ml","oregano_ml_in","1","ml:1:ml","NULL","1","NULL","False"
"oregano","62","ml","oregano_ml_out","1","ml:1:ml","NULL","1","NULL","False"
"oregano","62","ml","oregano_ml_reciepe","1","ml:1:ml",,"1",,"False"
"oregano","62","other","oregano_other_in","1","NULL","NULL","NULL","1","False"
"oregano","62","piece","oregano_piece_in","1","piece:1:piece","NULL","NULL","1","False"
"oregano","62","piece","oregano_piece_out","1","piece:1:piece","NULL","NULL","1","False"
"oregano","62","piece","oregano_piece_reciepe","1","piece:1:piece",,,"1","False"
"oregano","62","gm","oregano_pkt_in","500","pkt:500:gm","500","NULL","NULL","False"
"oregano","62","gm","oregano_pkt_out","500","pkt:500:gm","500","NULL","NULL","False"
"oregano","62","gm","oregano_pkt_reciepe","1","pkt:500:gm","500",,,"False"
"Oreo biscuit","35","gm","Oreo biscuit_gm_in","1","gm:1:gm","1",,,"False"
"Oreo biscuit","35","gm","Oreo biscuit_gm_inventory","1","gm:1:gm","1",,,"False"
"Oreo biscuit","35","gm","Oreo biscuit_gm_out","1","gm:1:gm","1",,,"False"
"Oreo biscuit","35","gm","Oreo biscuit_gm_reciepe","1","gm:1:gm","1",,,"False"
"Oreo biscuit","35","gm","Oreo biscuit_kg_in","1000","kg:1000:gm","1000",,,"False"
"Oreo biscuit","35","gm","Oreo biscuit_kg_out","500","kg:1000:gm","1000",,,"False"
"Oreo biscuit","35","gm","Oreo biscuit_kg_reciepe","1","kg:1000:gm","1000",,,"False"
"Oreo biscuit","35","ml","Oreo biscuit_ltr_reciepe","1","ltr:1000:ml",,"1000",,"False"
"Oreo biscuit","35","ml","Oreo biscuit_ml_in","1","ml:1:ml",,"1",,"False"
"Oreo biscuit","35","ml","Oreo biscuit_ml_out","1","ml:1:ml",,"1",,"False"
"Oreo biscuit","35","ml","Oreo biscuit_ml_reciepe","1","ml:1:ml",,"1",,"False"
"Oreo biscuit","35","other","Oreo biscuit_other_in","1",,,,"1","False"
"Oreo biscuit","35","piece","Oreo biscuit_piece_in","1","piece:1:piece",,,"1","False"
"Oreo biscuit","35","piece","Oreo biscuit_piece_out","1","piece:1:piece",,,"1","False"
"Oreo biscuit","35","piece","Oreo biscuit_piece_reciepe","1","piece:1:piece",,,"1","False"
"Oreo biscuit","35","gm","Oreo biscuit_pkt_in","500","pkt:500:gm","500",,,"False"
"Oreo biscuit","35","gm","Oreo biscuit_pkt_out","500","pkt:500:gm","500",,,"False"
"Oreo biscuit","35","gm","Oreo biscuit_pkt_reciepe","1","pkt:500:gm","500",,,"False"
"origano+chilly flakes","61 62","gm","origano+chilly flakes_gm_in","1","gm:1:gm","1","NULL","NULL","False"
"origano+chilly flakes","61 62","gm","origano+chilly flakes_gm_inventory","1","gm:1:gm","1","NULL","NULL","False"
"origano+chilly flakes","61 62","gm","origano+chilly flakes_gm_out","1","gm:1:gm","1","NULL","NULL","False"
"origano+chilly flakes","61 62","gm","origano+chilly flakes_gm_reciepe","1","gm:1:gm","1","NULL","NULL","False"
"origano+chilly flakes","61 62","gm","origano+chilly flakes_kg_in","1000","kg:1000:gm","1000","NULL","NULL","False"
"origano+chilly flakes","61 62","gm","origano+chilly flakes_kg_out","500","kg:1000:gm","1000","NULL","NULL","False"
"origano+chilly flakes","61 62","gm","origano+chilly flakes_kg_reciepe","1","kg:1000:gm","1000",,,"False"
"origano+chilly flakes","61 62","ml","origano+chilly flakes_ltr_reciepe","1","ltr:1000:ml",,"1000",,"False"
"origano+chilly flakes","61 62","ml","origano+chilly flakes_ml_in","1","ml:1:ml","NULL","1","NULL","False"
"origano+chilly flakes","61 62","ml","origano+chilly flakes_ml_out","1","ml:1:ml","NULL","1","NULL","False"
"origano+chilly flakes","61 62","ml","origano+chilly flakes_ml_reciepe","1","ml:1:ml",,"1",,"False"
"origano+chilly flakes","61 62","other","origano+chilly flakes_other_in","1","NULL","NULL","NULL","1","False"
"origano+chilly flakes","61 62","piece","origano+chilly flakes_piece_in","1","piece:1:piece","NULL","NULL","1","False"
"origano+chilly flakes","61 62","piece","origano+chilly flakes_piece_out","1","piece:1:piece","NULL","NULL","1","False"
"origano+chilly flakes","61 62","piece","origano+chilly flakes_piece_reciepe","1","piece:1:piece",,,"1","False"
"origano+chilly flakes","61 62","gm","origano+chilly flakes_pkt_in","500","pkt:500:gm","500","NULL","NULL","False"
"origano+chilly flakes","61 62","gm","origano+chilly flakes_pkt_out","500","pkt:500:gm","500","NULL","NULL","False"
"origano+chilly flakes","61 62","gm","origano+chilly flakes_pkt_reciepe","1","pkt:500:gm","500",,,"False"
"other1","other1","gm","other1_gm_in","1","gm:1:gm","1","NULL","NULL","False"
"other1","other1","gm","other1_gm_inventory","1","gm:1:gm","1","NULL","NULL","False"
"other1","other1","gm","other1_gm_out","1","gm:1:gm","1","NULL","NULL","False"
"other1","other1","gm","other1_gm_reciepe","1","gm:1:gm","1","NULL","NULL","False"
"other1","other1","gm","other1_kg_in","1000","kg:1000:gm","1000","NULL","NULL","False"
"other1","other1","gm","other1_kg_out","500","kg:1000:gm","1000","NULL","NULL","False"
"other1","other1","gm","other1_kg_reciepe","1","kg:1000:gm","1000",,,"False"
"other1","other1","ml","other1_ltr_reciepe","1","ltr:1000:ml",,"1000",,"False"
"other1","other1","ml","other1_ml_in","1","ml:1:ml","NULL","1","NULL","False"
"other1","other1","ml","other1_ml_out","1","ml:1:ml","NULL","1","NULL","False"
"other1","other1","ml","other1_ml_reciepe","1","ml:1:ml",,"1",,"False"
"other1","other1","other","other1_other_in","1","NULL","NULL","NULL","1","False"
"other1","other1","piece","other1_piece_in","1","piece:1:piece","NULL","NULL","1","False"
"other1","other1","piece","other1_piece_out","1","piece:1:piece","NULL","NULL","1","False"
"other1","other1","piece","other1_piece_reciepe","1","piece:1:piece",,,"1","False"
"other1","other1","gm","other1_pkt_in","500","pkt:500:gm","500","NULL","NULL","False"
"other1","other1","gm","other1_pkt_out","500","pkt:500:gm","500","NULL","NULL","False"
"other1","other1","gm","other1_pkt_reciepe","1","pkt:500:gm","500",,,"False"
"other2","other2","gm","other2_gm_in","1","gm:1:gm","1","NULL","NULL","False"
"other2","other2","gm","other2_gm_inventory","1","gm:1:gm","1","NULL","NULL","False"
"other2","other2","gm","other2_gm_out","1","gm:1:gm","1","NULL","NULL","False"
"other2","other2","gm","other2_gm_reciepe","1","gm:1:gm","1","NULL","NULL","False"
"other2","other2","gm","other2_kg_in","1000","kg:1000:gm","1000","NULL","NULL","False"
"other2","other2","gm","other2_kg_out","500","kg:1000:gm","1000","NULL","NULL","False"
"other2","other2","gm","other2_kg_reciepe","1","kg:1000:gm","1000",,,"False"
"other2","other2","ml","other2_ltr_reciepe","1","ltr:1000:ml",,"1000",,"False"
"other2","other2","ml","other2_ml_in","1","ml:1:ml","NULL","1","NULL","False"
"other2","other2","ml","other2_ml_out","1","ml:1:ml","NULL","1","NULL","False"
"other2","other2","ml","other2_ml_reciepe","1","ml:1:ml",,"1",,"False"
"other2","other2","other","other2_other_in","1","NULL","NULL","NULL","1","False"
"other2","other2","piece","other2_piece_in","1","piece:1:piece","NULL","NULL","1","False"
"other2","other2","piece","other2_piece_out","1","piece:1:piece","NULL","NULL","1","False"
"other2","other2","piece","other2_piece_reciepe","1","piece:1:piece",,,"1","False"
"other2","other2","gm","other2_pkt_in","500","pkt:500:gm","500","NULL","NULL","False"
"other2","other2","gm","other2_pkt_out","500","pkt:500:gm","500","NULL","NULL","False"
"other2","other2","gm","other2_pkt_reciepe","1","pkt:500:gm","500",,,"False"
"other3","other3","gm","other3_gm_in","1","gm:1:gm","1","NULL","NULL","False"
"other3","other3","gm","other3_gm_inventory","1","gm:1:gm","1","NULL","NULL","False"
"other3","other3","gm","other3_gm_out","1","gm:1:gm","1","NULL","NULL","False"
"other3","other3","gm","other3_gm_reciepe","1","gm:1:gm","1","NULL","NULL","False"
"other3","other3","gm","other3_kg_in","1000","kg:1000:gm","1000","NULL","NULL","False"
"other3","other3","gm","other3_kg_out","500","kg:1000:gm","1000","NULL","NULL","False"
"other3","other3","gm","other3_kg_reciepe","1","kg:1000:gm","1000",,,"False"
"other3","other3","ml","other3_ltr_reciepe","1","ltr:1000:ml",,"1000",,"False"
"other3","other3","ml","other3_ml_in","1","ml:1:ml","NULL","1","NULL","False"
"other3","other3","ml","other3_ml_out","1","ml:1:ml","NULL","1","NULL","False"
"other3","other3","ml","other3_ml_reciepe","1","ml:1:ml",,"1",,"False"
"other3","other3","other","other3_other_in","1","NULL","NULL","NULL","1","False"
"other3","other3","piece","other3_piece_in","1","piece:1:piece","NULL","NULL","1","False"
"other3","other3","piece","other3_piece_out","1","piece:1:piece","NULL","NULL","1","False"
"other3","other3","piece","other3_piece_reciepe","1","piece:1:piece",,,"1","False"
"other3","other3","gm","other3_pkt_in","500","pkt:500:gm","500","NULL","NULL","False"
"other3","other3","gm","other3_pkt_out","500","pkt:500:gm","500","NULL","NULL","False"
"other3","other3","gm","other3_pkt_reciepe","1","pkt:500:gm","500",,,"False"
"PANEER","D3","gm","PANEER_gm_in","1","gm:1:gm","1",,,"False"
"PANEER","D3","gm","PANEER_gm_inventory","1","gm:1:gm","1",,,"False"
"PANEER","D3","gm","PANEER_gm_out","1","gm:1:gm","1",,,"False"
"PANEER","D3","gm","PANEER_gm_reciepe","1","gm:1:gm","1",,,"False"
"PANEER","D3","gm","PANEER_kg_in","1000","kg:1000:gm","1000",,,"False"
"PANEER","D3","gm","PANEER_kg_out","500","kg:1000:gm","1000",,,"False"
"PANEER","D3","gm","PANEER_kg_reciepe","1","kg:1000:gm","1000",,,"False"
"PANEER","D3","ml","PANEER_ltr_reciepe","1","ltr:1000:ml",,"1000",,"False"
"PANEER","D3","ml","PANEER_ml_in","1","ml:1:ml",,"1",,"False"
"PANEER","D3","ml","PANEER_ml_out","1","ml:1:ml",,"1",,"False"
"PANEER","D3","ml","PANEER_ml_reciepe","1","ml:1:ml",,"1",,"False"
"PANEER","D3","other","PANEER_other_in","1",,,,"1","False"
"PANEER","D3","piece","PANEER_piece_in","1","piece:1:piece",,,"1","False"
"PANEER","D3","piece","PANEER_piece_out","1","piece:1:piece",,,"1","False"
"PANEER","D3","piece","PANEER_piece_reciepe","1","piece:1:piece",,,"1","False"
"PANEER","D3","gm","PANEER_pkt_in","500","pkt:500:gm","500",,,"False"
"PANEER","D3","gm","PANEER_pkt_out","500","pkt:500:gm","500",,,"False"
"PANEER","D3","gm","PANEER_pkt_reciepe","1","pkt:500:gm","500",,,"False"
"PAPAD","34A","gm","PAPAD_gm_in","1","gm:1:gm","1","NULL","NULL","False"
"PAPAD","34A","gm","PAPAD_gm_inventory","1","gm:1:gm","1","NULL","NULL","False"
"PAPAD","34A","gm","PAPAD_gm_out","1","gm:1:gm","1","NULL","NULL","False"
"PAPAD","34A","gm","PAPAD_gm_reciepe","1","gm:1:gm","1","NULL","NULL","False"
"PAPAD","34A","gm","PAPAD_kg_in","1000","kg:1000:gm","1000","NULL","NULL","False"
"PAPAD","34A","gm","PAPAD_kg_out","500","kg:1000:gm","1000","NULL","NULL","False"
"PAPAD","34A","gm","PAPAD_kg_reciepe","1","kg:1000:gm","1000",,,"False"
"PAPAD","34A","ml","PAPAD_ltr_reciepe","1","ltr:1000:ml",,"1000",,"False"
"PAPAD","34A","ml","PAPAD_ml_in","1","ml:1:ml","NULL","1","NULL","False"
"PAPAD","34A","ml","PAPAD_ml_out","1","ml:1:ml","NULL","1","NULL","False"
"PAPAD","34A","ml","PAPAD_ml_reciepe","1","ml:1:ml",,"1",,"False"
"PAPAD","34A","other","PAPAD_other_in","1","NULL","NULL","NULL","1","False"
"PAPAD","34A","piece","PAPAD_piece_in","1","piece:1:piece","NULL","NULL","1","False"
"PAPAD","34A","piece","PAPAD_piece_out","1","piece:1:piece","NULL","NULL","1","False"
"PAPAD","34A","piece","PAPAD_piece_reciepe","1","piece:1:piece",,,"1","False"
"PAPAD","34A","gm","PAPAD_pkt_in","500","pkt:500:gm","500","NULL","NULL","False"
"PAPAD","34A","gm","PAPAD_pkt_out","500","pkt:500:gm","500","NULL","NULL","False"
"PAPAD","34A","gm","PAPAD_pkt_reciepe","1","pkt:500:gm","500",,,"False"
"pasta pizza sauce","48","gm","pasta pizza sauce_gm_in","1","gm:1:gm","1","NULL","NULL","False"
"pasta pizza sauce","48","gm","pasta pizza sauce_gm_inventory","1","gm:1:gm","1","NULL","NULL","False"
"pasta pizza sauce","48","gm","pasta pizza sauce_gm_out","1","gm:1:gm","1","NULL","NULL","False"
"pasta pizza sauce","48","gm","pasta pizza sauce_gm_reciepe","1","gm:1:gm","1","NULL","NULL","False"
"pasta pizza sauce","48","gm","pasta pizza sauce_kg_in","1000","kg:1000:gm","1000","NULL","NULL","False"
"pasta pizza sauce","48","gm","pasta pizza sauce_kg_out","500","kg:1000:gm","1000","NULL","NULL","False"
"pasta pizza sauce","48","gm","pasta pizza sauce_kg_reciepe","1","kg:1000:gm","1000",,,"False"
"pasta pizza sauce","48","ml","pasta pizza sauce_ltr_reciepe","1","ltr:1000:ml",,"1000",,"False"
"pasta pizza sauce","48","ml","pasta pizza sauce_ml_in","1","ml:1:ml","NULL","1","NULL","False"
"pasta pizza sauce","48","ml","pasta pizza sauce_ml_out","1","ml:1:ml","NULL","1","NULL","False"
"pasta pizza sauce","48","ml","pasta pizza sauce_ml_reciepe","1","ml:1:ml",,"1",,"False"
"pasta pizza sauce","48","other","pasta pizza sauce_other_in","1","NULL","NULL","NULL","1","False"
"pasta pizza sauce","48","piece","pasta pizza sauce_piece_in","1","piece:1:piece","NULL","NULL","1","False"
"pasta pizza sauce","48","piece","pasta pizza sauce_piece_out","1","piece:1:piece","NULL","NULL","1","False"
"pasta pizza sauce","48","piece","pasta pizza sauce_piece_reciepe","1","piece:1:piece",,,"1","False"
"pasta pizza sauce","48","gm","pasta pizza sauce_pkt_in","500","pkt:500:gm","500","NULL","NULL","False"
"pasta pizza sauce","48","gm","pasta pizza sauce_pkt_out","500","pkt:500:gm","500","NULL","NULL","False"
"pasta pizza sauce","48","gm","pasta pizza sauce_pkt_reciepe","1","pkt:500:gm","500",,,"False"
"pasta sauce","48","gm","pasta sauce_gm_in","1","gm:1:gm","1","NULL","NULL","False"
"pasta sauce","48","gm","pasta sauce_gm_inventory","1","gm:1:gm","1","NULL","NULL","False"
"pasta sauce","48","gm","pasta sauce_gm_out","1","gm:1:gm","1","NULL","NULL","False"
"pasta sauce","48","gm","pasta sauce_gm_reciepe","1","gm:1:gm","1","NULL","NULL","False"
"pasta sauce","48","gm","pasta sauce_kg_in","1000","kg:1000:gm","1000","NULL","NULL","False"
"pasta sauce","48","gm","pasta sauce_kg_out","500","kg:1000:gm","1000","NULL","NULL","False"
"pasta sauce","48","gm","pasta sauce_kg_reciepe","1","kg:1000:gm","1000",,,"False"
"pasta sauce","48","ml","pasta sauce_ltr_reciepe","1","ltr:1000:ml",,"1000",,"False"
"pasta sauce","48","ml","pasta sauce_ml_in","1","ml:1:ml","NULL","1","NULL","False"
"pasta sauce","48","ml","pasta sauce_ml_out","1","ml:1:ml","NULL","1","NULL","False"
"pasta sauce","48","ml","pasta sauce_ml_reciepe","1","ml:1:ml",,"1",,"False"
"pasta sauce","48","other","pasta sauce_other_in","1","NULL","NULL","NULL","1","False"
"pasta sauce","48","piece","pasta sauce_piece_in","1","piece:1:piece","NULL","NULL","1","False"
"pasta sauce","48","piece","pasta sauce_piece_out","1","piece:1:piece","NULL","NULL","1","False"
"pasta sauce","48","piece","pasta sauce_piece_reciepe","1","piece:1:piece",,,"1","False"
"pasta sauce","48","gm","pasta sauce_pkt_in","500","pkt:500:gm","500","NULL","NULL","False"
"pasta sauce","48","gm","pasta sauce_pkt_out","500","pkt:500:gm","500","NULL","NULL","False"
"pasta sauce","48","gm","pasta sauce_pkt_reciepe","1","pkt:500:gm","500",,,"False"
"pasta","63","gm","pasta_gm_in","1","gm:1:gm","1","NULL","NULL","False"
"pasta","63","gm","pasta_gm_inventory","1","gm:1:gm","1","NULL","NULL","False"
"pasta","63","gm","pasta_gm_out","1","gm:1:gm","1","NULL","NULL","False"
"pasta","63","gm","pasta_gm_reciepe","1","gm:1:gm","1","NULL","NULL","False"
"pasta","63","gm","pasta_kg_in","1000","kg:1000:gm","1000","NULL","NULL","False"
"pasta","63","gm","pasta_kg_out","500","kg:1000:gm","1000","NULL","NULL","False"
"pasta","63","gm","pasta_kg_reciepe","1","kg:1000:gm","1000",,,"False"
"pasta","63","ml","pasta_ltr_reciepe","1","ltr:1000:ml",,"1000",,"False"
"pasta","63","ml","pasta_ml_in","1","ml:1:ml","NULL","1","NULL","False"
"pasta","63","ml","pasta_ml_out","1","ml:1:ml","NULL","1","NULL","False"
"pasta","63","ml","pasta_ml_reciepe","1","ml:1:ml",,"1",,"False"
"pasta","63","other","pasta_other_in","1","NULL","NULL","NULL","1","False"
"pasta","63","piece","pasta_piece_in","1","piece:1:piece","NULL","NULL","1","False"
"pasta","63","piece","pasta_piece_out","1","piece:1:piece","NULL","NULL","1","False"
"pasta","63","piece","pasta_piece_reciepe","1","piece:1:piece",,,"1","False"
"pasta","63","gm","pasta_pkt_in","500","pkt:500:gm","500","NULL","NULL","False"
"pasta","63","gm","pasta_pkt_out","500","pkt:500:gm","500","NULL","NULL","False"
"pasta","63","gm","pasta_pkt_reciepe","1","pkt:500:gm","500",,,"False"
"peri peri masala","64","gm","peri peri masala_gm_in","1","gm:1:gm","1","NULL","NULL","False"
"peri peri masala","64","gm","peri peri masala_gm_inventory","1","gm:1:gm","1","NULL","NULL","False"
"peri peri masala","64","gm","peri peri masala_gm_out","1","gm:1:gm","1","NULL","NULL","False"
"peri peri masala","64","gm","peri peri masala_gm_reciepe","1","gm:1:gm","1","NULL","NULL","False"
"peri peri masala","64","gm","peri peri masala_kg_in","1000","kg:1000:gm","1000","NULL","NULL","False"
"peri peri masala","64","gm","peri peri masala_kg_out","500","kg:1000:gm","1000","NULL","NULL","False"
"peri peri masala","64","gm","peri peri masala_kg_reciepe","1","kg:1000:gm","1000",,,"False"
"peri peri masala","64","ml","peri peri masala_ltr_reciepe","1","ltr:1000:ml",,"1000",,"False"
"peri peri masala","64","ml","peri peri masala_ml_in","1","ml:1:ml","NULL","1","NULL","False"
"peri peri masala","64","ml","peri peri masala_ml_out","1","ml:1:ml","NULL","1","NULL","False"
"peri peri masala","64","ml","peri peri masala_ml_reciepe","1","ml:1:ml",,"1",,"False"
"peri peri masala","64","other","peri peri masala_other_in","1","NULL","NULL","NULL","1","False"
"peri peri masala","64","piece","peri peri masala_piece_in","1","piece:1:piece","NULL","NULL","1","False"
"peri peri masala","64","piece","peri peri masala_piece_out","1","piece:1:piece","NULL","NULL","1","False"
"peri peri masala","64","piece","peri peri masala_piece_reciepe","1","piece:1:piece",,,"1","False"
"peri peri masala","64","gm","peri peri masala_pkt_in","500","pkt:500:gm","500","NULL","NULL","False"
"peri peri masala","64","gm","peri peri masala_pkt_out","500","pkt:500:gm","500","NULL","NULL","False"
"peri peri masala","64","gm","peri peri masala_pkt_reciepe","1","pkt:500:gm","500",,,"False"
"peri peri sauce","49","gm","peri peri sauce_gm_in","1","gm:1:gm","1","NULL","NULL","False"
"peri peri sauce","49","gm","peri peri sauce_gm_inventory","1","gm:1:gm","1","NULL","NULL","False"
"peri peri sauce","49","gm","peri peri sauce_gm_out","1","gm:1:gm","1","NULL","NULL","False"
"peri peri sauce","49","gm","peri peri sauce_gm_reciepe","1","gm:1:gm","1","NULL","NULL","False"
"peri peri sauce","49","gm","peri peri sauce_kg_in","1000","kg:1000:gm","1000","NULL","NULL","False"
"peri peri sauce","49","gm","peri peri sauce_kg_out","500","kg:1000:gm","1000","NULL","NULL","False"
"peri peri sauce","49","gm","peri peri sauce_kg_reciepe","1","kg:1000:gm","1000",,,"False"
"peri peri sauce","49","ml","peri peri sauce_ltr_reciepe","1","ltr:1000:ml",,"1000",,"False"
"peri peri sauce","49","ml","peri peri sauce_ml_in","1","ml:1:ml","NULL","1","NULL","False"
"peri peri sauce","49","ml","peri peri sauce_ml_out","1","ml:1:ml","NULL","1","NULL","False"
"peri peri sauce","49","ml","peri peri sauce_ml_reciepe","1","ml:1:ml",,"1",,"False"
"peri peri sauce","49","other","peri peri sauce_other_in","1","NULL","NULL","NULL","1","False"
"peri peri sauce","49","piece","peri peri sauce_piece_in","1","piece:1:piece","NULL","NULL","1","False"
"peri peri sauce","49","piece","peri peri sauce_piece_out","1","piece:1:piece","NULL","NULL","1","False"
"peri peri sauce","49","piece","peri peri sauce_piece_reciepe","1","piece:1:piece",,,"1","False"
"peri peri sauce","49","gm","peri peri sauce_pkt_in","500","pkt:500:gm","500","NULL","NULL","False"
"peri peri sauce","49","gm","peri peri sauce_pkt_out","500","pkt:500:gm","500","NULL","NULL","False"
"peri peri sauce","49","gm","peri peri sauce_pkt_reciepe","1","pkt:500:gm","500",,,"False"
"periperi msala","64","gm","periperi msala_gm_in","1","gm:1:gm","1","NULL","NULL","False"
"periperi msala","64","gm","periperi msala_gm_inventory","1","gm:1:gm","1","NULL","NULL","False"
"periperi msala","64","gm","periperi msala_gm_out","1","gm:1:gm","1","NULL","NULL","False"
"periperi msala","64","gm","periperi msala_gm_reciepe","1","gm:1:gm","1","NULL","NULL","False"
"periperi msala","64","gm","periperi msala_kg_in","1000","kg:1000:gm","1000","NULL","NULL","False"
"periperi msala","64","gm","periperi msala_kg_out","500","kg:1000:gm","1000","NULL","NULL","False"
"periperi msala","64","gm","periperi msala_kg_reciepe","1","kg:1000:gm","1000",,,"False"
"periperi msala","64","ml","periperi msala_ltr_reciepe","1","ltr:1000:ml",,"1000",,"False"
"periperi msala","64","ml","periperi msala_ml_in","1","ml:1:ml","NULL","1","NULL","False"
"periperi msala","64","ml","periperi msala_ml_out","1","ml:1:ml","NULL","1","NULL","False"
"periperi msala","64","ml","periperi msala_ml_reciepe","1","ml:1:ml",,"1",,"False"
"periperi msala","64","other","periperi msala_other_in","1","NULL","NULL","NULL","1","False"
"periperi msala","64","piece","periperi msala_piece_in","1","piece:1:piece","NULL","NULL","1","False"
"periperi msala","64","piece","periperi msala_piece_out","1","piece:1:piece","NULL","NULL","1","False"
"periperi msala","64","piece","periperi msala_piece_reciepe","1","piece:1:piece",,,"1","False"
"periperi msala","64","gm","periperi msala_pkt_in","500","pkt:500:gm","500","NULL","NULL","False"
"periperi msala","64","gm","periperi msala_pkt_out","500","pkt:500:gm","500","NULL","NULL","False"
"periperi msala","64","gm","periperi msala_pkt_reciepe","1","pkt:500:gm","500",,,"False"
"periperi sauce","49","gm","periperi sauce_gm_in","1","gm:1:gm","1","NULL","NULL","False"
"periperi sauce","49","gm","periperi sauce_gm_inventory","1","gm:1:gm","1","NULL","NULL","False"
"periperi sauce","49","gm","periperi sauce_gm_out","1","gm:1:gm","1","NULL","NULL","False"
"periperi sauce","49","gm","periperi sauce_gm_reciepe","1","gm:1:gm","1","NULL","NULL","False"
"periperi sauce","49","gm","periperi sauce_kg_in","1000","kg:1000:gm","1000","NULL","NULL","False"
"periperi sauce","49","gm","periperi sauce_kg_out","500","kg:1000:gm","1000","NULL","NULL","False"
"periperi sauce","49","gm","periperi sauce_kg_reciepe","1","kg:1000:gm","1000",,,"False"
"periperi sauce","49","ml","periperi sauce_ltr_reciepe","1","ltr:1000:ml",,"1000",,"False"
"periperi sauce","49","ml","periperi sauce_ml_in","1","ml:1:ml","NULL","1","NULL","False"
"periperi sauce","49","ml","periperi sauce_ml_out","1","ml:1:ml","NULL","1","NULL","False"
"periperi sauce","49","ml","periperi sauce_ml_reciepe","1","ml:1:ml",,"1",,"False"
"periperi sauce","49","other","periperi sauce_other_in","1","NULL","NULL","NULL","1","False"
"periperi sauce","49","piece","periperi sauce_piece_in","1","piece:1:piece","NULL","NULL","1","False"
"periperi sauce","49","piece","periperi sauce_piece_out","1","piece:1:piece","NULL","NULL","1","False"
"periperi sauce","49","piece","periperi sauce_piece_reciepe","1","piece:1:piece",,,"1","False"
"periperi sauce","49","gm","periperi sauce_pkt_in","500","pkt:500:gm","500","NULL","NULL","False"
"periperi sauce","49","gm","periperi sauce_pkt_out","500","pkt:500:gm","500","NULL","NULL","False"
"periperi sauce","49","gm","periperi sauce_pkt_reciepe","1","pkt:500:gm","500",,,"False"
"perperi masala","64","gm","perperi masala_gm_in","1","gm:1:gm","1","NULL","NULL","False"
"perperi masala","64","gm","perperi masala_gm_inventory","1","gm:1:gm","1","NULL","NULL","False"
"perperi masala","64","gm","perperi masala_gm_out","1","gm:1:gm","1","NULL","NULL","False"
"perperi masala","64","gm","perperi masala_gm_reciepe","1","gm:1:gm","1","NULL","NULL","False"
"perperi masala","64","gm","perperi masala_kg_in","1000","kg:1000:gm","1000","NULL","NULL","False"
"perperi masala","64","gm","perperi masala_kg_out","500","kg:1000:gm","1000","NULL","NULL","False"
"perperi masala","64","gm","perperi masala_kg_reciepe","1","kg:1000:gm","1000",,,"False"
"perperi masala","64","ml","perperi masala_ltr_reciepe","1","ltr:1000:ml",,"1000",,"False"
"perperi masala","64","ml","perperi masala_ml_in","1","ml:1:ml","NULL","1","NULL","False"
"perperi masala","64","ml","perperi masala_ml_out","1","ml:1:ml","NULL","1","NULL","False"
"perperi masala","64","ml","perperi masala_ml_reciepe","1","ml:1:ml",,"1",,"False"
"perperi masala","64","other","perperi masala_other_in","1","NULL","NULL","NULL","1","False"
"perperi masala","64","piece","perperi masala_piece_in","1","piece:1:piece","NULL","NULL","1","False"
"perperi masala","64","piece","perperi masala_piece_out","1","piece:1:piece","NULL","NULL","1","False"
"perperi masala","64","piece","perperi masala_piece_reciepe","1","piece:1:piece",,,"1","False"
"perperi masala","64","gm","perperi masala_pkt_in","500","pkt:500:gm","500","NULL","NULL","False"
"perperi masala","64","gm","perperi masala_pkt_out","500","pkt:500:gm","500","NULL","NULL","False"
"perperi masala","64","gm","perperi masala_pkt_reciepe","1","pkt:500:gm","500",,,"False"
"PIZZA BASE","B3","gm","PIZZA BASE_gm_in","1","gm:1:gm","1",,,"False"
"PIZZA BASE","B3","gm","PIZZA BASE_gm_inventory","1","gm:1:gm","1",,,"False"
"PIZZA BASE","B3","gm","PIZZA BASE_gm_out","1","gm:1:gm","1",,,"False"
"PIZZA BASE","B3","gm","PIZZA BASE_gm_reciepe","1","gm:1:gm","1",,,"False"
"PIZZA BASE","B3","gm","PIZZA BASE_kg_in","1000","kg:1000:gm","1000",,,"False"
"PIZZA BASE","B3","gm","PIZZA BASE_kg_out","500","kg:1000:gm","1000",,,"False"
"PIZZA BASE","B3","gm","PIZZA BASE_kg_reciepe","1","kg:1000:gm","1000",,,"False"
"PIZZA BASE","B3","ml","PIZZA BASE_ltr_reciepe","1","ltr:1000:ml",,"1000",,"False"
"PIZZA BASE","B3","ml","PIZZA BASE_ml_in","1","ml:1:ml",,"1",,"False"
"PIZZA BASE","B3","ml","PIZZA BASE_ml_out","1","ml:1:ml",,"1",,"False"
"PIZZA BASE","B3","ml","PIZZA BASE_ml_reciepe","1","ml:1:ml",,"1",,"False"
"PIZZA BASE","B3","other","PIZZA BASE_other_in","1",,,,"1","False"
"PIZZA BASE","B3","piece","PIZZA BASE_piece_in","1","piece:1:piece",,,"1","False"
"PIZZA BASE","B3","piece","PIZZA BASE_piece_out","1","piece:1:piece",,,"1","False"
"PIZZA BASE","B3","piece","PIZZA BASE_piece_reciepe","1","piece:1:piece",,,"1","False"
"PIZZA BASE","B3","gm","PIZZA BASE_pkt_in","500","pkt:500:gm","500",,,"False"
"PIZZA BASE","B3","gm","PIZZA BASE_pkt_out","500","pkt:500:gm","500",,,"False"
"PIZZA BASE","B3","gm","PIZZA BASE_pkt_reciepe","1","pkt:500:gm","500",,,"False"
"pizza pasta sauce","48","gm","pizza pasta sauce_gm_in","1","gm:1:gm","1","NULL","NULL","False"
"pizza pasta sauce","48","gm","pizza pasta sauce_gm_inventory","1","gm:1:gm","1","NULL","NULL","False"
"pizza pasta sauce","48","gm","pizza pasta sauce_gm_out","1","gm:1:gm","1","NULL","NULL","False"
"pizza pasta sauce","48","gm","pizza pasta sauce_gm_reciepe","1","gm:1:gm","1","NULL","NULL","False"
"pizza pasta sauce","48","gm","pizza pasta sauce_kg_in","1000","kg:1000:gm","1000","NULL","NULL","False"
"pizza pasta sauce","48","gm","pizza pasta sauce_kg_out","500","kg:1000:gm","1000","NULL","NULL","False"
"pizza pasta sauce","48","gm","pizza pasta sauce_kg_reciepe","1","kg:1000:gm","1000",,,"False"
"pizza pasta sauce","48","ml","pizza pasta sauce_ltr_reciepe","1","ltr:1000:ml",,"1000",,"False"
"pizza pasta sauce","48","ml","pizza pasta sauce_ml_in","1","ml:1:ml","NULL","1","NULL","False"
"pizza pasta sauce","48","ml","pizza pasta sauce_ml_out","1","ml:1:ml","NULL","1","NULL","False"
"pizza pasta sauce","48","ml","pizza pasta sauce_ml_reciepe","1","ml:1:ml",,"1",,"False"
"pizza pasta sauce","48","other","pizza pasta sauce_other_in","1","NULL","NULL","NULL","1","False"
"pizza pasta sauce","48","piece","pizza pasta sauce_piece_in","1","piece:1:piece","NULL","NULL","1","False"
"pizza pasta sauce","48","piece","pizza pasta sauce_piece_out","1","piece:1:piece","NULL","NULL","1","False"
"pizza pasta sauce","48","piece","pizza pasta sauce_piece_reciepe","1","piece:1:piece",,,"1","False"
"pizza pasta sauce","48","gm","pizza pasta sauce_pkt_in","500","pkt:500:gm","500","NULL","NULL","False"
"pizza pasta sauce","48","gm","pizza pasta sauce_pkt_out","500","pkt:500:gm","500","NULL","NULL","False"
"pizza pasta sauce","48","gm","pizza pasta sauce_pkt_reciepe","1","pkt:500:gm","500",,,"False"
"pizza sauce","48","gm","pizza sauce_gm_in","1","gm:1:gm","1","NULL","NULL","False"
"pizza sauce","48","gm","pizza sauce_gm_inventory","1","gm:1:gm","1","NULL","NULL","False"
"pizza sauce","48","gm","pizza sauce_gm_out","1","gm:1:gm","1","NULL","NULL","False"
"pizza sauce","48","gm","pizza sauce_gm_reciepe","1","gm:1:gm","1","NULL","NULL","False"
"pizza sauce","48","gm","pizza sauce_kg_in","1000","kg:1000:gm","1000","NULL","NULL","False"
"pizza sauce","48","gm","pizza sauce_kg_out","500","kg:1000:gm","1000","NULL","NULL","False"
"pizza sauce","48","gm","pizza sauce_kg_reciepe","1","kg:1000:gm","1000",,,"False"
"pizza sauce","48","ml","pizza sauce_ltr_reciepe","1","ltr:1000:ml",,"1000",,"False"
"pizza sauce","48","ml","pizza sauce_ml_in","1","ml:1:ml","NULL","1","NULL","False"
"pizza sauce","48","ml","pizza sauce_ml_out","1","ml:1:ml","NULL","1","NULL","False"
"pizza sauce","48","ml","pizza sauce_ml_reciepe","1","ml:1:ml",,"1",,"False"
"pizza sauce","48","other","pizza sauce_other_in","1","NULL","NULL","NULL","1","False"
"pizza sauce","48","piece","pizza sauce_piece_in","1","piece:1:piece","NULL","NULL","1","False"
"pizza sauce","48","piece","pizza sauce_piece_out","1","piece:1:piece","NULL","NULL","1","False"
"pizza sauce","48","piece","pizza sauce_piece_reciepe","1","piece:1:piece",,,"1","False"
"pizza sauce","48","gm","pizza sauce_pkt_in","500","pkt:500:gm","500","NULL","NULL","False"
"pizza sauce","48","gm","pizza sauce_pkt_out","500","pkt:500:gm","500","NULL","NULL","False"
"pizza sauce","48","gm","pizza sauce_pkt_reciepe","1","pkt:500:gm","500",,,"False"
"potato","V22","gm","potato_gm_in","1","gm:1:gm","1","NULL","NULL","False"
"potato","V22","gm","potato_gm_out","1","gm:1:gm","1","NULL","NULL","False"
"potato","V22","gm","potato_gm_reciepe","1","gm:1:gm","1","NULL","NULL","False"
"potato","V22","gm","potato_kg_reciepe","1","kg:1000:gm","1000",,,"False"
"potato","V22","ml","potato_ltr_reciepe","1","ltr:1000:ml",,"1000",,"False"
"potato","V22","ml","potato_ml_reciepe","1","ml:1:ml",,"1",,"False"
"potato","V22","piece","potato_piece_reciepe","1","piece:1:piece",,,"1","False"
"potato","V22","gm","potato_pkt_reciepe","1","pkt:500:gm","500",,,"False"
"proccess chese","81","gm","proccess chese_gm_in","1","gm:1:gm","1","NULL","NULL","False"
"proccess chese","81","gm","proccess chese_gm_inventory","1","gm:1:gm","1","NULL","NULL","False"
"proccess chese","81","gm","proccess chese_gm_out","1","gm:1:gm","1","NULL","NULL","False"
"proccess chese","81","gm","proccess chese_gm_reciepe","1","gm:1:gm","1","NULL","NULL","False"
"proccess chese","81","gm","proccess chese_kg_in","1000","kg:1000:gm","1000","NULL","NULL","False"
"proccess chese","81","gm","proccess chese_kg_out","500","kg:1000:gm","1000","NULL","NULL","False"
"proccess chese","81","gm","proccess chese_kg_reciepe","1","kg:1000:gm","1000",,,"False"
"proccess chese","81","ml","proccess chese_ltr_reciepe","1","ltr:1000:ml",,"1000",,"False"
"proccess chese","81","ml","proccess chese_ml_in","1","ml:1:ml","NULL","1","NULL","False"
"proccess chese","81","ml","proccess chese_ml_out","1","ml:1:ml","NULL","1","NULL","False"
"proccess chese","81","ml","proccess chese_ml_reciepe","1","ml:1:ml",,"1",,"False"
"proccess chese","81","other","proccess chese_other_in","1","NULL","NULL","NULL","1","False"
"proccess chese","81","piece","proccess chese_piece_in","1","piece:1:piece","NULL","NULL","1","False"
"proccess chese","81","piece","proccess chese_piece_out","1","piece:1:piece","NULL","NULL","1","False"
"proccess chese","81","piece","proccess chese_piece_reciepe","1","piece:1:piece",,,"1","False"
"proccess chese","81","gm","proccess chese_pkt_in","500","pkt:500:gm","500","NULL","NULL","False"
"proccess chese","81","gm","proccess chese_pkt_out","500","pkt:500:gm","500","NULL","NULL","False"
"proccess chese","81","gm","proccess chese_pkt_reciepe","1","pkt:500:gm","500",,,"False"
"process cheese","81","gm","process cheese_gm_in","1","gm:1:gm","1","NULL","NULL","False"
"process cheese","81","gm","process cheese_gm_inventory","1","gm:1:gm","1","NULL","NULL","False"
"process cheese","81","gm","process cheese_gm_out","1","gm:1:gm","1","NULL","NULL","False"
"process cheese","81","gm","process cheese_gm_reciepe","1","gm:1:gm","1","NULL","NULL","False"
"process cheese","81","gm","process cheese_kg_in","1000","kg:1000:gm","1000","NULL","NULL","False"
"process cheese","81","gm","process cheese_kg_out","500","kg:1000:gm","1000","NULL","NULL","False"
"process cheese","81","gm","process cheese_kg_reciepe","1","kg:1000:gm","1000",,,"False"
"process cheese","81","ml","process cheese_ltr_reciepe","1","ltr:1000:ml",,"1000",,"False"
"process cheese","81","ml","process cheese_ml_in","1","ml:1:ml","NULL","1","NULL","False"
"process cheese","81","ml","process cheese_ml_out","1","ml:1:ml","NULL","1","NULL","False"
"process cheese","81","ml","process cheese_ml_reciepe","1","ml:1:ml",,"1",,"False"
"process cheese","81","other","process cheese_other_in","1","NULL","NULL","NULL","1","False"
"process cheese","81","piece","process cheese_piece_in","1","piece:1:piece","NULL","NULL","1","False"
"process cheese","81","piece","process cheese_piece_out","1","piece:1:piece","NULL","NULL","1","False"
"process cheese","81","piece","process cheese_piece_reciepe","1","piece:1:piece",,,"1","False"
"process cheese","81","gm","process cheese_pkt_in","500","pkt:500:gm","500","NULL","NULL","False"
"process cheese","81","gm","process cheese_pkt_out","500","pkt:500:gm","500","NULL","NULL","False"
"process cheese","81","gm","process cheese_pkt_reciepe","1","pkt:500:gm","500",,,"False"
"process cheesse","81","gm","process cheesse_gm_in","1","gm:1:gm","1","NULL","NULL","False"
"process cheesse","81","gm","process cheesse_gm_inventory","1","gm:1:gm","1","NULL","NULL","False"
"process cheesse","81","gm","process cheesse_gm_out","1","gm:1:gm","1","NULL","NULL","False"
"process cheesse","81","gm","process cheesse_gm_reciepe","1","gm:1:gm","1","NULL","NULL","False"
"process cheesse","81","gm","process cheesse_kg_in","1000","kg:1000:gm","1000","NULL","NULL","False"
"process cheesse","81","gm","process cheesse_kg_out","500","kg:1000:gm","1000","NULL","NULL","False"
"process cheesse","81","gm","process cheesse_kg_reciepe","1","kg:1000:gm","1000",,,"False"
"process cheesse","81","ml","process cheesse_ltr_reciepe","1","ltr:1000:ml",,"1000",,"False"
"process cheesse","81","ml","process cheesse_ml_in","1","ml:1:ml","NULL","1","NULL","False"
"process cheesse","81","ml","process cheesse_ml_out","1","ml:1:ml","NULL","1","NULL","False"
"process cheesse","81","ml","process cheesse_ml_reciepe","1","ml:1:ml",,"1",,"False"
"process cheesse","81","other","process cheesse_other_in","1","NULL","NULL","NULL","1","False"
"process cheesse","81","piece","process cheesse_piece_in","1","piece:1:piece","NULL","NULL","1","False"
"process cheesse","81","piece","process cheesse_piece_out","1","piece:1:piece","NULL","NULL","1","False"
"process cheesse","81","piece","process cheesse_piece_reciepe","1","piece:1:piece",,,"1","False"
"process cheesse","81","gm","process cheesse_pkt_in","500","pkt:500:gm","500","NULL","NULL","False"
"process cheesse","81","gm","process cheesse_pkt_out","500","pkt:500:gm","500","NULL","NULL","False"
"process cheesse","81","gm","process cheesse_pkt_reciepe","1","pkt:500:gm","500",,,"False"
"processed cheese","81","gm","processed cheese_gm_in","1","gm:1:gm","1","NULL","NULL","False"
"processed cheese","81","gm","processed cheese_gm_inventory","1","gm:1:gm","1","NULL","NULL","False"
"processed cheese","81","gm","processed cheese_gm_out","1","gm:1:gm","1","NULL","NULL","False"
"processed cheese","81","gm","processed cheese_gm_reciepe","1","gm:1:gm","1","NULL","NULL","False"
"processed cheese","81","gm","processed cheese_kg_in","1000","kg:1000:gm","1000","NULL","NULL","False"
"processed cheese","81","gm","processed cheese_kg_out","500","kg:1000:gm","1000","NULL","NULL","False"
"processed cheese","81","gm","processed cheese_kg_reciepe","1","kg:1000:gm","1000",,,"False"
"processed cheese","81","ml","processed cheese_ltr_reciepe","1","ltr:1000:ml",,"1000",,"False"
"processed cheese","81","ml","processed cheese_ml_in","1","ml:1:ml","NULL","1","NULL","False"
"processed cheese","81","ml","processed cheese_ml_out","1","ml:1:ml","NULL","1","NULL","False"
"processed cheese","81","ml","processed cheese_ml_reciepe","1","ml:1:ml",,"1",,"False"
"processed cheese","81","other","processed cheese_other_in","1","NULL","NULL","NULL","1","False"
"processed cheese","81","piece","processed cheese_piece_in","1","piece:1:piece","NULL","NULL","1","False"
"processed cheese","81","piece","processed cheese_piece_out","1","piece:1:piece","NULL","NULL","1","False"
"processed cheese","81","piece","processed cheese_piece_reciepe","1","piece:1:piece",,,"1","False"
"processed cheese","81","gm","processed cheese_pkt_in","500","pkt:500:gm","500","NULL","NULL","False"
"processed cheese","81","gm","processed cheese_pkt_out","500","pkt:500:gm","500","NULL","NULL","False"
"processed cheese","81","gm","processed cheese_pkt_reciepe","1","pkt:500:gm","500",,,"False"
"RAJMA","18B","gm","RAJMA _gm_in","1","gm:1:gm","1","NULL","NULL","False"
"RAJMA","18B","gm","RAJMA _gm_inventory","1","gm:1:gm","1","NULL","NULL","False"
"RAJMA","18B","gm","RAJMA _gm_out","1","gm:1:gm","1","NULL","NULL","False"
"RAJMA","18B","gm","RAJMA _gm_reciepe","1","gm:1:gm","1","NULL","NULL","False"
"RAJMA","18B","gm","RAJMA _kg_in","1000","kg:1000:gm","1000","NULL","NULL","False"
"RAJMA","18B","gm","RAJMA _kg_out","500","kg:1000:gm","1000","NULL","NULL","False"
"RAJMA","18B","ml","RAJMA _ml_in","1","ml:1:ml","NULL","1","NULL","False"
"RAJMA","18B","ml","RAJMA _ml_out","1","ml:1:ml","NULL","1","NULL","False"
"RAJMA","18B","other","RAJMA _other_in","1","NULL","NULL","NULL","1","False"
"RAJMA","18B","piece","RAJMA _piece_in","1","piece:1:piece","NULL","NULL","1","False"
"RAJMA","18B","piece","RAJMA _piece_out","1","piece:1:piece","NULL","NULL","1","False"
"RAJMA","18B","gm","RAJMA _pkt_in","500","pkt:500:gm","500","NULL","NULL","False"
"RAJMA","18B","gm","RAJMA _pkt_out","500","pkt:500:gm","500","NULL","NULL","False"
"RAJMA","18B","gm","RAJMA_gm_reciepe","1","gm:1:gm","1",,,"False"
"RAJMA","18B","gm","RAJMA_kg_reciepe","1","kg:1000:gm","1000",,,"False"
"RAJMA","18B","ml","RAJMA_ltr_reciepe","1","ltr:1000:ml",,"1000",,"False"
"RAJMA","18B","ml","RAJMA_ml_reciepe","1","ml:1:ml",,"1",,"False"
"RAJMA","18B","piece","RAJMA_piece_reciepe","1","piece:1:piece",,,"1","False"
"RAJMA","18B","gm","RAJMA_pkt_reciepe","1","pkt:500:gm","500",,,"False"
"Red Bell Pepper","V14","gm","Red Bell Pepper_gm_in","1","gm:1:gm","1","NULL","NULL","False"
"Red Bell Pepper","V14","gm","Red Bell Pepper_gm_out","1","gm:1:gm","1","NULL","NULL","False"
"Red Bell Pepper","V14","gm","Red Bell Pepper_gm_reciepe","1","gm:1:gm","1","NULL","NULL","False"
"Red Bell Pepper","V14","gm","Red Bell Pepper_kg_reciepe","1","kg:1000:gm","1000",,,"False"
"Red Bell Pepper","V14","ml","Red Bell Pepper_ltr_reciepe","1","ltr:1000:ml",,"1000",,"False"
"Red Bell Pepper","V14","ml","Red Bell Pepper_ml_reciepe","1","ml:1:ml",,"1",,"False"
"Red Bell Pepper","V14","piece","Red Bell Pepper_piece_reciepe","1","piece:1:piece",,,"1","False"
"Red Bell Pepper","V14","gm","Red Bell Pepper_pkt_reciepe","1","pkt:500:gm","500",,,"False"
"red peperica","60A","gm","red peperica_gm_in","1","gm:1:gm","1","NULL","NULL","False"
"red peperica","60A","gm","red peperica_gm_inventory","1","gm:1:gm","1","NULL","NULL","False"
"red peperica","60A","gm","red peperica_gm_out","1","gm:1:gm","1","NULL","NULL","False"
"red peperica","60A","gm","red peperica_gm_reciepe","1","gm:1:gm","1","NULL","NULL","False"
"red peperica","60A","gm","red peperica_kg_in","1000","kg:1000:gm","1000","NULL","NULL","False"
"red peperica","60A","gm","red peperica_kg_out","500","kg:1000:gm","1000","NULL","NULL","False"
"red peperica","60A","gm","red peperica_kg_reciepe","1","kg:1000:gm","1000",,,"False"
"red peperica","60A","ml","red peperica_ltr_reciepe","1","ltr:1000:ml",,"1000",,"False"
"red peperica","60A","ml","red peperica_ml_in","1","ml:1:ml","NULL","1","NULL","False"
"red peperica","60A","ml","red peperica_ml_out","1","ml:1:ml","NULL","1","NULL","False"
"red peperica","60A","ml","red peperica_ml_reciepe","1","ml:1:ml",,"1",,"False"
"red peperica","60A","other","red peperica_other_in","1","NULL","NULL","NULL","1","False"
"red peperica","60A","piece","red peperica_piece_in","1","piece:1:piece","NULL","NULL","1","False"
"red peperica","60A","piece","red peperica_piece_out","1","piece:1:piece","NULL","NULL","1","False"
"red peperica","60A","piece","red peperica_piece_reciepe","1","piece:1:piece",,,"1","False"
"red peperica","60A","gm","red peperica_pkt_in","500","pkt:500:gm","500","NULL","NULL","False"
"red peperica","60A","gm","red peperica_pkt_out","500","pkt:500:gm","500","NULL","NULL","False"
"red peperica","60A","gm","red peperica_pkt_reciepe","1","pkt:500:gm","500",,,"False"
"red peprica","60A","gm","red peprica_gm_in","1","gm:1:gm","1","NULL","NULL","False"
"red peprica","60A","gm","red peprica_gm_inventory","1","gm:1:gm","1","NULL","NULL","False"
"red peprica","60A","gm","red peprica_gm_out","1","gm:1:gm","1","NULL","NULL","False"
"red peprica","60A","gm","red peprica_gm_reciepe","1","gm:1:gm","1","NULL","NULL","False"
"red peprica","60A","gm","red peprica_kg_in","1000","kg:1000:gm","1000","NULL","NULL","False"
"red peprica","60A","gm","red peprica_kg_out","500","kg:1000:gm","1000","NULL","NULL","False"
"red peprica","60A","gm","red peprica_kg_reciepe","1","kg:1000:gm","1000",,,"False"
"red peprica","60A","ml","red peprica_ltr_reciepe","1","ltr:1000:ml",,"1000",,"False"
"red peprica","60A","ml","red peprica_ml_in","1","ml:1:ml","NULL","1","NULL","False"
"red peprica","60A","ml","red peprica_ml_out","1","ml:1:ml","NULL","1","NULL","False"
"red peprica","60A","ml","red peprica_ml_reciepe","1","ml:1:ml",,"1",,"False"
"red peprica","60A","other","red peprica_other_in","1","NULL","NULL","NULL","1","False"
"red peprica","60A","piece","red peprica_piece_in","1","piece:1:piece","NULL","NULL","1","False"
"red peprica","60A","piece","red peprica_piece_out","1","piece:1:piece","NULL","NULL","1","False"
"red peprica","60A","piece","red peprica_piece_reciepe","1","piece:1:piece",,,"1","False"
"red peprica","60A","gm","red peprica_pkt_in","500","pkt:500:gm","500","NULL","NULL","False"
"red peprica","60A","gm","red peprica_pkt_out","500","pkt:500:gm","500","NULL","NULL","False"
"red peprica","60A","gm","red peprica_pkt_reciepe","1","pkt:500:gm","500",,,"False"
"rice","3","gm","rice_gm_in","1","gm:1:gm","1","NULL","NULL","False"
"rice","3","gm","rice_gm_inventory","1","gm:1:gm","1","NULL","NULL","False"
"rice","3","gm","rice_gm_out","1","gm:1:gm","1","NULL","NULL","False"
"rice","3","gm","rice_gm_reciepe","1","gm:1:gm","1","NULL","NULL","False"
"rice","3","gm","rice_kg_in","1000","kg:1000:gm","1000","NULL","NULL","False"
"rice","3","gm","rice_kg_out","500","kg:1000:gm","1000","NULL","NULL","False"
"rice","3","gm","rice_kg_reciepe","1","kg:1000:gm","1000",,,"False"
"rice","3","ml","rice_ltr_reciepe","1","ltr:1000:ml",,"1000",,"False"
"rice","3","ml","rice_ml_in","1","ml:1:ml","NULL","1","NULL","False"
"rice","3","ml","rice_ml_out","1","ml:1:ml","NULL","1","NULL","False"
"rice","3","ml","rice_ml_reciepe","1","ml:1:ml",,"1",,"False"
"rice","3","other","rice_other_in","1","NULL","NULL","NULL","1","False"
"rice","3","piece","rice_piece_in","1","piece:1:piece","NULL","NULL","1","False"
"rice","3","piece","rice_piece_out","1","piece:1:piece","NULL","NULL","1","False"
"rice","3","piece","rice_piece_reciepe","1","piece:1:piece",,,"1","False"
"rice","3","gm","rice_pkt_in","500","pkt:500:gm","500","NULL","NULL","False"
"rice","3","gm","rice_pkt_out","500","pkt:500:gm","500","NULL","NULL","False"
"rice","3","gm","rice_pkt_reciepe","1","pkt:500:gm","500",,,"False"
"RICH COOKING CREAM","75","gm","RICH COOKING CREAM_gm_in","1","gm:1:gm","1","NULL","NULL","False"
"RICH COOKING CREAM","75","gm","RICH COOKING CREAM_gm_inventory","1","gm:1:gm","1","NULL","NULL","False"
"RICH COOKING CREAM","75","gm","RICH COOKING CREAM_gm_out","1","gm:1:gm","1","NULL","NULL","False"
"RICH COOKING CREAM","75","gm","RICH COOKING CREAM_gm_reciepe","1","gm:1:gm","1","NULL","NULL","False"
"RICH COOKING CREAM","75","gm","RICH COOKING CREAM_kg_in","1000","kg:1000:gm","1000","NULL","NULL","False"
"RICH COOKING CREAM","75","gm","RICH COOKING CREAM_kg_out","500","kg:1000:gm","1000","NULL","NULL","False"
"RICH COOKING CREAM","75","gm","RICH COOKING CREAM_kg_reciepe","1","kg:1000:gm","1000",,,"False"
"RICH COOKING CREAM","75","ml","RICH COOKING CREAM_ltr_reciepe","1","ltr:1000:ml",,"1000",,"False"
"RICH COOKING CREAM","75","ml","RICH COOKING CREAM_ml_in","1","ml:1:ml","NULL","1","NULL","False"
"RICH COOKING CREAM","75","ml","RICH COOKING CREAM_ml_out","1","ml:1:ml","NULL","1","NULL","False"
"RICH COOKING CREAM","75","ml","RICH COOKING CREAM_ml_reciepe","1","ml:1:ml",,"1",,"False"
"RICH COOKING CREAM","75","other","RICH COOKING CREAM_other_in","1","NULL","NULL","NULL","1","False"
"RICH COOKING CREAM","75","piece","RICH COOKING CREAM_piece_in","1","piece:1:piece","NULL","NULL","1","False"
"RICH COOKING CREAM","75","piece","RICH COOKING CREAM_piece_out","1","piece:1:piece","NULL","NULL","1","False"
"RICH COOKING CREAM","75","piece","RICH COOKING CREAM_piece_reciepe","1","piece:1:piece",,,"1","False"
"RICH COOKING CREAM","75","gm","RICH COOKING CREAM_pkt_in","500","pkt:500:gm","500","NULL","NULL","False"
"RICH COOKING CREAM","75","gm","RICH COOKING CREAM_pkt_out","500","pkt:500:gm","500","NULL","NULL","False"
"RICH COOKING CREAM","75","gm","RICH COOKING CREAM_pkt_reciepe","1","pkt:500:gm","500",,,"False"
"ROSE WATER","25A","gm","ROSE WATER_gm_in","1","gm:1:gm","1","NULL","NULL","False"
"ROSE WATER","25A","gm","ROSE WATER_gm_inventory","1","gm:1:gm","1","NULL","NULL","False"
"ROSE WATER","25A","gm","ROSE WATER_gm_out","1","gm:1:gm","1","NULL","NULL","False"
"ROSE WATER","25A","gm","ROSE WATER_gm_reciepe","1","gm:1:gm","1","NULL","NULL","False"
"ROSE WATER","25A","gm","ROSE WATER_kg_in","1000","kg:1000:gm","1000","NULL","NULL","False"
"ROSE WATER","25A","gm","ROSE WATER_kg_out","500","kg:1000:gm","1000","NULL","NULL","False"
"ROSE WATER","25A","gm","ROSE WATER_kg_reciepe","1","kg:1000:gm","1000",,,"False"
"ROSE WATER","25A","ml","ROSE WATER_ltr_reciepe","1","ltr:1000:ml",,"1000",,"False"
"ROSE WATER","25A","ml","ROSE WATER_ml_in","1","ml:1:ml","NULL","1","NULL","False"
"ROSE WATER","25A","ml","ROSE WATER_ml_out","1","ml:1:ml","NULL","1","NULL","False"
"ROSE WATER","25A","ml","ROSE WATER_ml_reciepe","1","ml:1:ml",,"1",,"False"
"ROSE WATER","25A","other","ROSE WATER_other_in","1","NULL","NULL","NULL","1","False"
"ROSE WATER","25A","piece","ROSE WATER_piece_in","1","piece:1:piece","NULL","NULL","1","False"
"ROSE WATER","25A","piece","ROSE WATER_piece_out","1","piece:1:piece","NULL","NULL","1","False"
"ROSE WATER","25A","piece","ROSE WATER_piece_reciepe","1","piece:1:piece",,,"1","False"
"ROSE WATER","25A","gm","ROSE WATER_pkt_in","500","pkt:500:gm","500","NULL","NULL","False"
"ROSE WATER","25A","gm","ROSE WATER_pkt_out","500","pkt:500:gm","500","NULL","NULL","False"
"ROSE WATER","25A","gm","ROSE WATER_pkt_reciepe","1","pkt:500:gm","500",,,"False"
"salt","27A","gm","salt_gm_in","1","gm:1:gm","1","NULL","NULL","False"
"salt","27A","gm","salt_gm_inventory","1","gm:1:gm","1","NULL","NULL","False"
"salt","27A","gm","salt_gm_out","1","gm:1:gm","1","NULL","NULL","False"
"salt","27A","gm","salt_gm_reciepe","1","gm:1:gm","1","NULL","NULL","False"
"salt","27A","gm","salt_kg_in","1000","kg:1000:gm","1000","NULL","NULL","False"
"salt","27A","gm","salt_kg_out","500","kg:1000:gm","1000","NULL","NULL","False"
"salt","27A","gm","salt_kg_reciepe","1","kg:1000:gm","1000",,,"False"
"salt","27A","ml","salt_ltr_reciepe","1","ltr:1000:ml",,"1000",,"False"
"salt","27A","ml","salt_ml_in","1","ml:1:ml","NULL","1","NULL","False"
"salt","27A","ml","salt_ml_out","1","ml:1:ml","NULL","1","NULL","False"
"salt","27A","ml","salt_ml_reciepe","1","ml:1:ml",,"1",,"False"
"salt","27A","other","salt_other_in","1","NULL","NULL","NULL","1","False"
"salt","27A","piece","salt_piece_in","1","piece:1:piece","NULL","NULL","1","False"
"salt","27A","piece","salt_piece_out","1","piece:1:piece","NULL","NULL","1","False"
"salt","27A","piece","salt_piece_reciepe","1","piece:1:piece",,,"1","False"
"salt","27A","gm","salt_pkt_in","500","pkt:500:gm","500","NULL","NULL","False"
"salt","27A","gm","salt_pkt_out","500","pkt:500:gm","500","NULL","NULL","False"
"salt","27A","gm","salt_pkt_reciepe","1","pkt:500:gm","500",,,"False"
"sarso tel","23A","gm","sarso tel_gm_in","1","gm:1:gm","1","NULL","NULL","False"
"sarso tel","23A","gm","sarso tel_gm_inventory","1","gm:1:gm","1","NULL","NULL","False"
"sarso tel","23A","gm","sarso tel_gm_out","1","gm:1:gm","1","NULL","NULL","False"
"sarso tel","23A","gm","sarso tel_gm_reciepe","1","gm:1:gm","1","NULL","NULL","False"
"sarso tel","23A","gm","sarso tel_kg_in","1000","kg:1000:gm","1000","NULL","NULL","False"
"sarso tel","23A","gm","sarso tel_kg_out","500","kg:1000:gm","1000","NULL","NULL","False"
"sarso tel","23A","gm","sarso tel_kg_reciepe","1","kg:1000:gm","1000",,,"False"
"sarso tel","23A","ml","sarso tel_ltr_reciepe","1","ltr:1000:ml",,"1000",,"False"
"sarso tel","23A","ml","sarso tel_ml_in","1","ml:1:ml","NULL","1","NULL","False"
"sarso tel","23A","ml","sarso tel_ml_out","1","ml:1:ml","NULL","1","NULL","False"
"sarso tel","23A","ml","sarso tel_ml_reciepe","1","ml:1:ml",,"1",,"False"
"sarso tel","23A","other","sarso tel_other_in","1","NULL","NULL","NULL","1","False"
"sarso tel","23A","piece","sarso tel_piece_in","1","piece:1:piece","NULL","NULL","1","False"
"sarso tel","23A","piece","sarso tel_piece_out","1","piece:1:piece","NULL","NULL","1","False"
"sarso tel","23A","piece","sarso tel_piece_reciepe","1","piece:1:piece",,,"1","False"
"sarso tel","23A","gm","sarso tel_pkt_in","500","pkt:500:gm","500","NULL","NULL","False"
"sarso tel","23A","gm","sarso tel_pkt_out","500","pkt:500:gm","500","NULL","NULL","False"
"sarso tel","23A","gm","sarso tel_pkt_reciepe","1","pkt:500:gm","500",,,"False"
"SAUNF","103","gm","SAUNF_gm_in","1","gm:1:gm","1",,,"False"
"SAUNF","103","gm","SAUNF_gm_inventory","1","gm:1:gm","1",,,"False"
"SAUNF","103","gm","SAUNF_gm_out","1","gm:1:gm","1",,,"False"
"SAUNF","103","gm","SAUNF_gm_reciepe","1","gm:1:gm","1",,,"False"
"SAUNF","103","gm","SAUNF_kg_in","1000","kg:1000:gm","1000",,,"False"
"SAUNF","103","gm","SAUNF_kg_out","500","kg:1000:gm","1000",,,"False"
"SAUNF","103","gm","SAUNF_kg_reciepe","1","kg:1000:gm","1000",,,"False"
"SAUNF","103","ml","SAUNF_ltr_reciepe","1","ltr:1000:ml",,"1000",,"False"
"SAUNF","103","ml","SAUNF_ml_in","1","ml:1:ml",,"1",,"False"
"SAUNF","103","ml","SAUNF_ml_out","1","ml:1:ml",,"1",,"False"
"SAUNF","103","ml","SAUNF_ml_reciepe","1","ml:1:ml",,"1",,"False"
"SAUNF","103","other","SAUNF_other_in","1",,,,"1","False"
"SAUNF","103","piece","SAUNF_piece_in","1","piece:1:piece",,,"1","False"
"SAUNF","103","piece","SAUNF_piece_out","1","piece:1:piece",,,"1","False"
"SAUNF","103","piece","SAUNF_piece_reciepe","1","piece:1:piece",,,"1","False"
"SAUNF","103","gm","SAUNF_pkt_in","500","pkt:500:gm","500",,,"False"
"SAUNF","103","gm","SAUNF_pkt_out","500","pkt:500:gm","500",,,"False"
"SAUNF","103","gm","SAUNF_pkt_reciepe","1","pkt:500:gm","500",,,"False"
"schezwan sauce","41","gm","schezwan sauce_gm_in","1","gm:1:gm","1","NULL","NULL","False"
"schezwan sauce","41","gm","schezwan sauce_gm_inventory","1","gm:1:gm","1","NULL","NULL","False"
"schezwan sauce","41","gm","schezwan sauce_gm_out","1","gm:1:gm","1","NULL","NULL","False"
"schezwan sauce","41","gm","schezwan sauce_gm_reciepe","1","gm:1:gm","1","NULL","NULL","False"
"schezwan sauce","41","gm","schezwan sauce_kg_in","1000","kg:1000:gm","1000","NULL","NULL","False"
"schezwan sauce","41","gm","schezwan sauce_kg_out","500","kg:1000:gm","1000","NULL","NULL","False"
"schezwan sauce","41","gm","schezwan sauce_kg_reciepe","1","kg:1000:gm","1000",,,"False"
"schezwan sauce","41","ml","schezwan sauce_ltr_reciepe","1","ltr:1000:ml",,"1000",,"False"
"schezwan sauce","41","ml","schezwan sauce_ml_in","1","ml:1:ml","NULL","1","NULL","False"
"schezwan sauce","41","ml","schezwan sauce_ml_out","1","ml:1:ml","NULL","1","NULL","False"
"schezwan sauce","41","ml","schezwan sauce_ml_reciepe","1","ml:1:ml",,"1",,"False"
"schezwan sauce","41","other","schezwan sauce_other_in","1","NULL","NULL","NULL","1","False"
"schezwan sauce","41","piece","schezwan sauce_piece_in","1","piece:1:piece","NULL","NULL","1","False"
"schezwan sauce","41","piece","schezwan sauce_piece_out","1","piece:1:piece","NULL","NULL","1","False"
"schezwan sauce","41","piece","schezwan sauce_piece_reciepe","1","piece:1:piece",,,"1","False"
"schezwan sauce","41","gm","schezwan sauce_pkt_in","500","pkt:500:gm","500","NULL","NULL","False"
"schezwan sauce","41","gm","schezwan sauce_pkt_out","500","pkt:500:gm","500","NULL","NULL","False"
"schezwan sauce","41","gm","schezwan sauce_pkt_reciepe","1","pkt:500:gm","500",,,"False"
"schezwan","41","gm","schezwan_gm_in","1","gm:1:gm","1","NULL","NULL","False"
"schezwan","41","gm","schezwan_gm_inventory","1","gm:1:gm","1","NULL","NULL","False"
"schezwan","41","gm","schezwan_gm_out","1","gm:1:gm","1","NULL","NULL","False"
"schezwan","41","gm","schezwan_gm_reciepe","1","gm:1:gm","1","NULL","NULL","False"
"schezwan","41","gm","schezwan_kg_in","1000","kg:1000:gm","1000","NULL","NULL","False"
"schezwan","41","gm","schezwan_kg_out","500","kg:1000:gm","1000","NULL","NULL","False"
"schezwan","41","gm","schezwan_kg_reciepe","1","kg:1000:gm","1000",,,"False"
"schezwan","41","ml","schezwan_ltr_reciepe","1","ltr:1000:ml",,"1000",,"False"
"schezwan","41","ml","schezwan_ml_in","1","ml:1:ml","NULL","1","NULL","False"
"schezwan","41","ml","schezwan_ml_out","1","ml:1:ml","NULL","1","NULL","False"
"schezwan","41","ml","schezwan_ml_reciepe","1","ml:1:ml",,"1",,"False"
"schezwan","41","other","schezwan_other_in","1","NULL","NULL","NULL","1","False"
"schezwan","41","piece","schezwan_piece_in","1","piece:1:piece","NULL","NULL","1","False"
"schezwan","41","piece","schezwan_piece_out","1","piece:1:piece","NULL","NULL","1","False"
"schezwan","41","piece","schezwan_piece_reciepe","1","piece:1:piece",,,"1","False"
"schezwan","41","gm","schezwan_pkt_in","500","pkt:500:gm","500","NULL","NULL","False"
"schezwan","41","gm","schezwan_pkt_out","500","pkt:500:gm","500","NULL","NULL","False"
"schezwan","41","gm","schezwan_pkt_reciepe","1","pkt:500:gm","500",,,"False"
"sev","111A","gm","sev_gm_in","1","gm:1:gm","1","NULL","NULL","False"
"sev","111A","gm","sev_gm_inventory","1","gm:1:gm","1","NULL","NULL","False"
"sev","111A","gm","sev_gm_out","1","gm:1:gm","1","NULL","NULL","False"
"sev","111A","gm","sev_gm_reciepe","1","gm:1:gm","1","NULL","NULL","False"
"sev","111A","gm","sev_kg_in","1000","kg:1000:gm","1000","NULL","NULL","False"
"sev","111A","gm","sev_kg_out","500","kg:1000:gm","1000","NULL","NULL","False"
"sev","111A","gm","sev_kg_reciepe","1","kg:1000:gm","1000",,,"False"
"sev","111A","ml","sev_ltr_reciepe","1","ltr:1000:ml",,"1000",,"False"
"sev","111A","ml","sev_ml_in","1","ml:1:ml","NULL","1","NULL","False"
"sev","111A","ml","sev_ml_out","1","ml:1:ml","NULL","1","NULL","False"
"sev","111A","ml","sev_ml_reciepe","1","ml:1:ml",,"1",,"False"
"sev","111A","other","sev_other_in","1","NULL","NULL","NULL","1","False"
"sev","111A","piece","sev_piece_in","1","piece:1:piece","NULL","NULL","1","False"
"sev","111A","piece","sev_piece_out","1","piece:1:piece","NULL","NULL","1","False"
"sev","111A","piece","sev_piece_reciepe","1","piece:1:piece",,,"1","False"
"sev","111A","gm","sev_pkt_in","500","pkt:500:gm","500","NULL","NULL","False"
"sev","111A","gm","sev_pkt_out","500","pkt:500:gm","500","NULL","NULL","False"
"sev","111A","gm","sev_pkt_reciepe","1","pkt:500:gm","500",,,"False"
"soda","97","gm","soda_gm_in","1","gm:1:gm","1","NULL","NULL","False"
"soda","97","gm","soda_gm_inventory","1","gm:1:gm","1","NULL","NULL","False"
"soda","97","gm","soda_gm_out","1","gm:1:gm","1","NULL","NULL","False"
"soda","97","gm","soda_gm_reciepe","1","gm:1:gm","1","NULL","NULL","False"
"soda","97","gm","soda_kg_in","1000","kg:1000:gm","1000","NULL","NULL","False"
"soda","97","gm","soda_kg_out","500","kg:1000:gm","1000","NULL","NULL","False"
"soda","97","gm","soda_kg_reciepe","1","kg:1000:gm","1000",,,"False"
"soda","97","ml","soda_ltr_reciepe","1","ltr:1000:ml",,"1000",,"False"
"soda","97","ml","soda_ml_in","1","ml:1:ml","NULL","1","NULL","False"
"soda","97","ml","soda_ml_out","1","ml:1:ml","NULL","1","NULL","False"
"soda","97","ml","soda_ml_reciepe","1","ml:1:ml",,"1",,"False"
"soda","97","other","soda_other_in","1","NULL","NULL","NULL","1","False"
"soda","97","piece","soda_piece_in","1","piece:1:piece","NULL","NULL","1","False"
"soda","97","piece","soda_piece_out","1","piece:1:piece","NULL","NULL","1","False"
"soda","97","piece","soda_piece_reciepe","1","piece:1:piece",,,"1","False"
"soda","97","gm","soda_pkt_in","500","pkt:500:gm","500","NULL","NULL","False"
"soda","97","gm","soda_pkt_out","500","pkt:500:gm","500","NULL","NULL","False"
"soda","97","gm","soda_pkt_reciepe","1","pkt:500:gm","500",,,"False"
"SOFT DRINK","98","portion","SOFT DRINK_1_portion","1","NULL","NULL","NULL","1","False"
"soft drink","98","gm","soft drink_gm_in","1","gm:1:gm","1","NULL","NULL","False"
"soft drink","98","gm","soft drink_gm_inventory","1","gm:1:gm","1","NULL","NULL","False"
"soft drink","98","gm","soft drink_gm_out","1","gm:1:gm","1","NULL","NULL","False"
"soft drink","98","gm","soft drink_gm_reciepe","1","gm:1:gm","1","NULL","NULL","False"
"soft drink","98","gm","soft drink_kg_in","1000","kg:1000:gm","1000","NULL","NULL","False"
"soft drink","98","gm","soft drink_kg_out","500","kg:1000:gm","1000","NULL","NULL","False"
"soft drink","98","gm","soft drink_kg_reciepe","1","kg:1000:gm","1000",,,"False"
"soft drink","98","ml","soft drink_ltr_reciepe","1","ltr:1000:ml",,"1000",,"False"
"soft drink","98","ml","soft drink_ml_in","1","ml:1:ml","NULL","1","NULL","False"
"soft drink","98","ml","soft drink_ml_out","1","ml:1:ml","NULL","1","NULL","False"
"soft drink","98","ml","soft drink_ml_reciepe","1","ml:1:ml",,"1",,"False"
"soft drink","98","other","soft drink_other_in","1","NULL","NULL","NULL","1","False"
"soft drink","98","piece","soft drink_piece_in","1","piece:1:piece","NULL","NULL","1","False"
"soft drink","98","piece","soft drink_piece_out","1","piece:1:piece","NULL","NULL","1","False"
"soft drink","98","piece","soft drink_piece_reciepe","1","piece:1:piece",,,"1","False"
"soft drink","98","gm","soft drink_pkt_in","500","pkt:500:gm","500","NULL","NULL","False"
"soft drink","98","gm","soft drink_pkt_out","500","pkt:500:gm","500","NULL","NULL","False"
"soft drink","98","gm","soft drink_pkt_reciepe","1","pkt:500:gm","500",,,"False"
"soya sauce","43A","gm","soya sauce_gm_in","1","gm:1:gm","1","NULL","NULL","False"
"soya sauce","43A","gm","soya sauce_gm_inventory","1","gm:1:gm","1","NULL","NULL","False"
"soya sauce","43A","gm","soya sauce_gm_out","1","gm:1:gm","1","NULL","NULL","False"
"soya sauce","43A","gm","soya sauce_gm_reciepe","1","gm:1:gm","1","NULL","NULL","False"
"soya sauce","43A","gm","soya sauce_kg_in","1000","kg:1000:gm","1000","NULL","NULL","False"
"soya sauce","43A","gm","soya sauce_kg_out","500","kg:1000:gm","1000","NULL","NULL","False"
"soya sauce","43A","gm","soya sauce_kg_reciepe","1","kg:1000:gm","1000",,,"False"
"soya sauce","43A","ml","soya sauce_ltr_reciepe","1","ltr:1000:ml",,"1000",,"False"
"soya sauce","43A","ml","soya sauce_ml_in","1","ml:1:ml","NULL","1","NULL","False"
"soya sauce","43A","ml","soya sauce_ml_out","1","ml:1:ml","NULL","1","NULL","False"
"soya sauce","43A","ml","soya sauce_ml_reciepe","1","ml:1:ml",,"1",,"False"
"soya sauce","43A","other","soya sauce_other_in","1","NULL","NULL","NULL","1","False"
"soya sauce","43A","piece","soya sauce_piece_in","1","piece:1:piece","NULL","NULL","1","False"
"soya sauce","43A","piece","soya sauce_piece_out","1","piece:1:piece","NULL","NULL","1","False"
"soya sauce","43A","piece","soya sauce_piece_reciepe","1","piece:1:piece",,,"1","False"
"soya sauce","43A","gm","soya sauce_pkt_in","500","pkt:500:gm","500","NULL","NULL","False"
"soya sauce","43A","gm","soya sauce_pkt_out","500","pkt:500:gm","500","NULL","NULL","False"
"soya sauce","43A","gm","soya sauce_pkt_reciepe","1","pkt:500:gm","500",,,"False"
"SOYABEAN WADI","19B","gm","SOYABEAN WADI_gm_in","1","gm:1:gm","1","NULL","NULL","False"
"SOYABEAN WADI","19B","gm","SOYABEAN WADI_gm_inventory","1","gm:1:gm","1","NULL","NULL","False"
"SOYABEAN WADI","19B","gm","SOYABEAN WADI_gm_out","1","gm:1:gm","1","NULL","NULL","False"
"SOYABEAN WADI","19B","gm","SOYABEAN WADI_gm_reciepe","1","gm:1:gm","1","NULL","NULL","False"
"SOYABEAN WADI","19B","gm","SOYABEAN WADI_kg_in","1000","kg:1000:gm","1000","NULL","NULL","False"
"SOYABEAN WADI","19B","gm","SOYABEAN WADI_kg_out","500","kg:1000:gm","1000","NULL","NULL","False"
"SOYABEAN WADI","19B","gm","SOYABEAN WADI_kg_reciepe","1","kg:1000:gm","1000",,,"False"
"SOYABEAN WADI","19B","ml","SOYABEAN WADI_ltr_reciepe","1","ltr:1000:ml",,"1000",,"False"
"SOYABEAN WADI","19B","ml","SOYABEAN WADI_ml_in","1","ml:1:ml","NULL","1","NULL","False"
"SOYABEAN WADI","19B","ml","SOYABEAN WADI_ml_out","1","ml:1:ml","NULL","1","NULL","False"
"SOYABEAN WADI","19B","ml","SOYABEAN WADI_ml_reciepe","1","ml:1:ml",,"1",,"False"
"SOYABEAN WADI","19B","other","SOYABEAN WADI_other_in","1","NULL","NULL","NULL","1","False"
"SOYABEAN WADI","19B","piece","SOYABEAN WADI_piece_in","1","piece:1:piece","NULL","NULL","1","False"
"SOYABEAN WADI","19B","piece","SOYABEAN WADI_piece_out","1","piece:1:piece","NULL","NULL","1","False"
"SOYABEAN WADI","19B","piece","SOYABEAN WADI_piece_reciepe","1","piece:1:piece",,,"1","False"
"SOYABEAN WADI","19B","gm","SOYABEAN WADI_pkt_in","500","pkt:500:gm","500","NULL","NULL","False"
"SOYABEAN WADI","19B","gm","SOYABEAN WADI_pkt_out","500","pkt:500:gm","500","NULL","NULL","False"
"SOYABEAN WADI","19B","gm","SOYABEAN WADI_pkt_reciepe","1","pkt:500:gm","500",,,"False"
"SPINACH","V20","gm","SPINACH_gm_in","1","gm:1:gm","1","NULL","NULL","False"
"SPINACH","V20","gm","SPINACH_gm_out","1","gm:1:gm","1","NULL","NULL","False"
"SPINACH","V20","gm","SPINACH_gm_reciepe","1","gm:1:gm","1","NULL","NULL","False"
"SPINACH","V20","gm","SPINACH_kg_reciepe","1","kg:1000:gm","1000",,,"False"
"SPINACH","V20","ml","SPINACH_ltr_reciepe","1","ltr:1000:ml",,"1000",,"False"
"SPINACH","V20","ml","SPINACH_ml_reciepe","1","ml:1:ml",,"1",,"False"
"SPINACH","V20","piece","SPINACH_piece_reciepe","1","piece:1:piece",,,"1","False"
"SPINACH","V20","gm","SPINACH_pkt_reciepe","1","pkt:500:gm","500",,,"False"
"Spring Onion","V8","gm","Spring Onion_gm_in","1","gm:1:gm","1","NULL","NULL","False"
"Spring Onion","V8","gm","Spring Onion_gm_out","1","gm:1:gm","1","NULL","NULL","False"
"Spring Onion","V8","gm","Spring Onion_gm_reciepe","1","gm:1:gm","1","NULL","NULL","False"
"Spring Onion","V8","gm","Spring Onion_kg_reciepe","1","kg:1000:gm","1000",,,"False"
"Spring Onion","V8","ml","Spring Onion_ltr_reciepe","1","ltr:1000:ml",,"1000",,"False"
"Spring Onion","V8","ml","Spring Onion_ml_reciepe","1","ml:1:ml",,"1",,"False"
"Spring Onion","V8","piece","Spring Onion_piece_reciepe","1","piece:1:piece",,,"1","False"
"Spring Onion","V8","gm","Spring Onion_pkt_reciepe","1","pkt:500:gm","500",,,"False"
"staff rice","4","gm","staff rice_gm_in","1","gm:1:gm","1","NULL","NULL","False"
"staff rice","4","gm","staff rice_gm_inventory","1","gm:1:gm","1","NULL","NULL","False"
"staff rice","4","gm","staff rice_gm_out","1","gm:1:gm","1","NULL","NULL","False"
"staff rice","4","gm","staff rice_gm_reciepe","1","gm:1:gm","1","NULL","NULL","False"
"staff rice","4","gm","staff rice_kg_in","1000","kg:1000:gm","1000","NULL","NULL","False"
"staff rice","4","gm","staff rice_kg_out","500","kg:1000:gm","1000","NULL","NULL","False"
"staff rice","4","gm","staff rice_kg_reciepe","1","kg:1000:gm","1000",,,"False"
"staff rice","4","ml","staff rice_ltr_reciepe","1","ltr:1000:ml",,"1000",,"False"
"staff rice","4","ml","staff rice_ml_in","1","ml:1:ml","NULL","1","NULL","False"
"staff rice","4","ml","staff rice_ml_out","1","ml:1:ml","NULL","1","NULL","False"
"staff rice","4","ml","staff rice_ml_reciepe","1","ml:1:ml",,"1",,"False"
"staff rice","4","other","staff rice_other_in","1","NULL","NULL","NULL","1","False"
"staff rice","4","piece","staff rice_piece_in","1","piece:1:piece","NULL","NULL","1","False"
"staff rice","4","piece","staff rice_piece_out","1","piece:1:piece","NULL","NULL","1","False"
"staff rice","4","piece","staff rice_piece_reciepe","1","piece:1:piece",,,"1","False"
"staff rice","4","gm","staff rice_pkt_in","500","pkt:500:gm","500","NULL","NULL","False"
"staff rice","4","gm","staff rice_pkt_out","500","pkt:500:gm","500","NULL","NULL","False"
"staff rice","4","gm","staff rice_pkt_reciepe","1","pkt:500:gm","500",,,"False"
"STARFOOL","31A","gm","STARFOOL_gm_in","1","gm:1:gm","1","NULL","NULL","False"
"STARFOOL","31A","gm","STARFOOL_gm_inventory","1","gm:1:gm","1","NULL","NULL","False"
"STARFOOL","31A","gm","STARFOOL_gm_out","1","gm:1:gm","1","NULL","NULL","False"
"STARFOOL","31A","gm","STARFOOL_gm_reciepe","1","gm:1:gm","1","NULL","NULL","False"
"STARFOOL","31A","gm","STARFOOL_kg_in","1000","kg:1000:gm","1000","NULL","NULL","False"
"STARFOOL","31A","gm","STARFOOL_kg_out","500","kg:1000:gm","1000","NULL","NULL","False"
"STARFOOL","31A","gm","STARFOOL_kg_reciepe","1","kg:1000:gm","1000",,,"False"
"STARFOOL","31A","ml","STARFOOL_ltr_reciepe","1","ltr:1000:ml",,"1000",,"False"
"STARFOOL","31A","ml","STARFOOL_ml_in","1","ml:1:ml","NULL","1","NULL","False"
"STARFOOL","31A","ml","STARFOOL_ml_out","1","ml:1:ml","NULL","1","NULL","False"
"STARFOOL","31A","ml","STARFOOL_ml_reciepe","1","ml:1:ml",,"1",,"False"
"STARFOOL","31A","other","STARFOOL_other_in","1","NULL","NULL","NULL","1","False"
"STARFOOL","31A","piece","STARFOOL_piece_in","1","piece:1:piece","NULL","NULL","1","False"
"STARFOOL","31A","piece","STARFOOL_piece_out","1","piece:1:piece","NULL","NULL","1","False"
"STARFOOL","31A","piece","STARFOOL_piece_reciepe","1","piece:1:piece",,,"1","False"
"STARFOOL","31A","gm","STARFOOL_pkt_in","500","pkt:500:gm","500","NULL","NULL","False"
"STARFOOL","31A","gm","STARFOOL_pkt_out","500","pkt:500:gm","500","NULL","NULL","False"
"STARFOOL","31A","gm","STARFOOL_pkt_reciepe","1","pkt:500:gm","500",,,"False"
"STRAWBERRY CRUSH","58A","gm","STRAWBERRY CRUSH_gm_in","1","gm:1:gm","1","NULL","NULL","False"
"STRAWBERRY CRUSH","58A","gm","STRAWBERRY CRUSH_gm_inventory","1","gm:1:gm","1","NULL","NULL","False"
"STRAWBERRY CRUSH","58A","gm","STRAWBERRY CRUSH_gm_out","1","gm:1:gm","1","NULL","NULL","False"
"STRAWBERRY CRUSH","58A","gm","STRAWBERRY CRUSH_gm_reciepe","1","gm:1:gm","1","NULL","NULL","False"
"STRAWBERRY CRUSH","58A","gm","STRAWBERRY CRUSH_kg_in","1000","kg:1000:gm","1000","NULL","NULL","False"
"STRAWBERRY CRUSH","58A","gm","STRAWBERRY CRUSH_kg_out","500","kg:1000:gm","1000","NULL","NULL","False"
"STRAWBERRY CRUSH","58A","gm","STRAWBERRY CRUSH_kg_reciepe","1","kg:1000:gm","1000",,,"False"
"STRAWBERRY CRUSH","58A","ml","STRAWBERRY CRUSH_ltr_reciepe","1","ltr:1000:ml",,"1000",,"False"
"STRAWBERRY CRUSH","58A","ml","STRAWBERRY CRUSH_ml_in","1","ml:1:ml","NULL","1","NULL","False"
"STRAWBERRY CRUSH","58A","ml","STRAWBERRY CRUSH_ml_out","1","ml:1:ml","NULL","1","NULL","False"
"STRAWBERRY CRUSH","58A","ml","STRAWBERRY CRUSH_ml_reciepe","1","ml:1:ml",,"1",,"False"
"STRAWBERRY CRUSH","58A","other","STRAWBERRY CRUSH_other_in","1","NULL","NULL","NULL","1","False"
"STRAWBERRY CRUSH","58A","piece","STRAWBERRY CRUSH_piece_in","1","piece:1:piece","NULL","NULL","1","False"
"STRAWBERRY CRUSH","58A","piece","STRAWBERRY CRUSH_piece_out","1","piece:1:piece","NULL","NULL","1","False"
"STRAWBERRY CRUSH","58A","piece","STRAWBERRY CRUSH_piece_reciepe","1","piece:1:piece",,,"1","False"
"STRAWBERRY CRUSH","58A","gm","STRAWBERRY CRUSH_pkt_in","500","pkt:500:gm","500","NULL","NULL","False"
"STRAWBERRY CRUSH","58A","gm","STRAWBERRY CRUSH_pkt_out","500","pkt:500:gm","500","NULL","NULL","False"
"STRAWBERRY CRUSH","58A","gm","STRAWBERRY CRUSH_pkt_reciepe","1","pkt:500:gm","500",,,"False"
"SUGAR SACHET","69A","gm","SUGAR SACHET_gm_in","1","gm:1:gm","1","NULL","NULL","False"
"SUGAR SACHET","69A","gm","SUGAR SACHET_gm_inventory","1","gm:1:gm","1","NULL","NULL","False"
"SUGAR SACHET","69A","gm","SUGAR SACHET_gm_out","1","gm:1:gm","1","NULL","NULL","False"
"SUGAR SACHET","69A","gm","SUGAR SACHET_gm_reciepe","1","gm:1:gm","1","NULL","NULL","False"
"SUGAR SACHET","69A","gm","SUGAR SACHET_kg_in","1000","kg:1000:gm","1000","NULL","NULL","False"
"SUGAR SACHET","69A","gm","SUGAR SACHET_kg_out","500","kg:1000:gm","1000","NULL","NULL","False"
"SUGAR SACHET","69A","gm","SUGAR SACHET_kg_reciepe","1","kg:1000:gm","1000",,,"False"
"SUGAR SACHET","69A","ml","SUGAR SACHET_ltr_reciepe","1","ltr:1000:ml",,"1000",,"False"
"SUGAR SACHET","69A","ml","SUGAR SACHET_ml_in","1","ml:1:ml","NULL","1","NULL","False"
"SUGAR SACHET","69A","ml","SUGAR SACHET_ml_out","1","ml:1:ml","NULL","1","NULL","False"
"SUGAR SACHET","69A","ml","SUGAR SACHET_ml_reciepe","1","ml:1:ml",,"1",,"False"
"SUGAR SACHET","69A","other","SUGAR SACHET_other_in","1","NULL","NULL","NULL","1","False"
"SUGAR SACHET","69A","piece","SUGAR SACHET_piece_in","1","piece:1:piece","NULL","NULL","1","False"
"SUGAR SACHET","69A","piece","SUGAR SACHET_piece_out","1","piece:1:piece","NULL","NULL","1","False"
"SUGAR SACHET","69A","piece","SUGAR SACHET_piece_reciepe","1","piece:1:piece",,,"1","False"
"SUGAR SACHET","69A","gm","SUGAR SACHET_pkt_in","500","pkt:500:gm","500","NULL","NULL","False"
"SUGAR SACHET","69A","gm","SUGAR SACHET_pkt_out","500","pkt:500:gm","500","NULL","NULL","False"
"SUGAR SACHET","69A","gm","SUGAR SACHET_pkt_reciepe","1","pkt:500:gm","500",,,"False"
"sugar","6","gm","sugar_gm_in","1","gm:1:gm","1","NULL","NULL","False"
"sugar","6","gm","sugar_gm_inventory","1","gm:1:gm","1","NULL","NULL","False"
"sugar","6","gm","sugar_gm_out","1","gm:1:gm","1","NULL","NULL","False"
"sugar","6","gm","sugar_gm_reciepe","1","gm:1:gm","1","NULL","NULL","False"
"sugar","6","gm","sugar_kg_in","1000","kg:1000:gm","1000","NULL","NULL","False"
"sugar","6","gm","sugar_kg_out","500","kg:1000:gm","1000","NULL","NULL","False"
"sugar","6","gm","sugar_kg_reciepe","1","kg:1000:gm","1000",,,"False"
"sugar","6","ml","sugar_ltr_reciepe","1","ltr:1000:ml",,"1000",,"False"
"sugar","6","ml","sugar_ml_in","1","ml:1:ml","NULL","1","NULL","False"
"sugar","6","ml","sugar_ml_out","1","ml:1:ml","NULL","1","NULL","False"
"sugar","6","ml","sugar_ml_reciepe","1","ml:1:ml",,"1",,"False"
"sugar","6","other","sugar_other_in","1","NULL","NULL","NULL","1","False"
"sugar","6","piece","sugar_piece_in","1","piece:1:piece","NULL","NULL","1","False"
"sugar","6","piece","sugar_piece_out","1","piece:1:piece","NULL","NULL","1","False"
"sugar","6","piece","sugar_piece_reciepe","1","piece:1:piece",,,"1","False"
"sugar","6","gm","sugar_pkt_in","500","pkt:500:gm","500","NULL","NULL","False"
"sugar","6","gm","sugar_pkt_out","500","pkt:500:gm","500","NULL","NULL","False"
"sugar","6","gm","sugar_pkt_reciepe","1","pkt:500:gm","500",,,"False"
"tea powder","6B","gm","tea powder_gm_in","1","gm:1:gm","1","NULL","NULL","False"
"tea powder","6B","gm","tea powder_gm_inventory","1","gm:1:gm","1","NULL","NULL","False"
"tea powder","6B","gm","tea powder_gm_out","1","gm:1:gm","1","NULL","NULL","False"
"tea powder","6B","gm","tea powder_gm_reciepe","1","gm:1:gm","1","NULL","NULL","False"
"tea powder","6B","gm","tea powder_kg_in","1000","kg:1000:gm","1000","NULL","NULL","False"
"tea powder","6B","gm","tea powder_kg_out","500","kg:1000:gm","1000","NULL","NULL","False"
"tea powder","6B","gm","tea powder_kg_reciepe","1","kg:1000:gm","1000",,,"False"
"tea powder","6B","ml","tea powder_ltr_reciepe","1","ltr:1000:ml",,"1000",,"False"
"tea powder","6B","ml","tea powder_ml_in","1","ml:1:ml","NULL","1","NULL","False"
"tea powder","6B","ml","tea powder_ml_out","1","ml:1:ml","NULL","1","NULL","False"
"tea powder","6B","ml","tea powder_ml_reciepe","1","ml:1:ml",,"1",,"False"
"tea powder","6B","other","tea powder_other_in","1","NULL","NULL","NULL","1","False"
"tea powder","6B","piece","tea powder_piece_in","1","piece:1:piece","NULL","NULL","1","False"
"tea powder","6B","piece","tea powder_piece_out","1","piece:1:piece","NULL","NULL","1","False"
"tea powder","6B","piece","tea powder_piece_reciepe","1","piece:1:piece",,,"1","False"
"tea powder","6B","gm","tea powder_pkt_in","500","pkt:500:gm","500","NULL","NULL","False"
"tea powder","6B","gm","tea powder_pkt_out","500","pkt:500:gm","500","NULL","NULL","False"
"tea powder","6B","gm","tea powder_pkt_reciepe","1","pkt:500:gm","500",,,"False"
"thai chilly sauce","42B","gm","thai chilly sauce_gm_in","1","gm:1:gm","1","NULL","NULL","False"
"thai chilly sauce","42B","gm","thai chilly sauce_gm_inventory","1","gm:1:gm","1","NULL","NULL","False"
"thai chilly sauce","42B","gm","thai chilly sauce_gm_out","1","gm:1:gm","1","NULL","NULL","False"
"thai chilly sauce","42B","gm","thai chilly sauce_gm_reciepe","1","gm:1:gm","1","NULL","NULL","False"
"thai chilly sauce","42B","gm","thai chilly sauce_kg_in","1000","kg:1000:gm","1000","NULL","NULL","False"
"thai chilly sauce","42B","gm","thai chilly sauce_kg_out","500","kg:1000:gm","1000","NULL","NULL","False"
"thai chilly sauce","42B","gm","thai chilly sauce_kg_reciepe","1","kg:1000:gm","1000",,,"False"
"thai chilly sauce","42B","ml","thai chilly sauce_ltr_reciepe","1","ltr:1000:ml",,"1000",,"False"
"thai chilly sauce","42B","ml","thai chilly sauce_ml_in","1","ml:1:ml","NULL","1","NULL","False"
"thai chilly sauce","42B","ml","thai chilly sauce_ml_out","1","ml:1:ml","NULL","1","NULL","False"
"thai chilly sauce","42B","ml","thai chilly sauce_ml_reciepe","1","ml:1:ml",,"1",,"False"
"thai chilly sauce","42B","other","thai chilly sauce_other_in","1","NULL","NULL","NULL","1","False"
"thai chilly sauce","42B","piece","thai chilly sauce_piece_in","1","piece:1:piece","NULL","NULL","1","False"
"thai chilly sauce","42B","piece","thai chilly sauce_piece_out","1","piece:1:piece","NULL","NULL","1","False"
"thai chilly sauce","42B","piece","thai chilly sauce_piece_reciepe","1","piece:1:piece",,,"1","False"
"thai chilly sauce","42B","gm","thai chilly sauce_pkt_in","500","pkt:500:gm","500","NULL","NULL","False"
"thai chilly sauce","42B","gm","thai chilly sauce_pkt_out","500","pkt:500:gm","500","NULL","NULL","False"
"thai chilly sauce","42B","gm","thai chilly sauce_pkt_reciepe","1","pkt:500:gm","500",,,"False"
"thai chilly","42B","gm","thai chilly_gm_in","1","gm:1:gm","1","NULL","NULL","False"
"thai chilly","42B","gm","thai chilly_gm_inventory","1","gm:1:gm","1","NULL","NULL","False"
"thai chilly","42B","gm","thai chilly_gm_out","1","gm:1:gm","1","NULL","NULL","False"
"thai chilly","42B","gm","thai chilly_gm_reciepe","1","gm:1:gm","1","NULL","NULL","False"
"thai chilly","42B","gm","thai chilly_kg_in","1000","kg:1000:gm","1000","NULL","NULL","False"
"thai chilly","42B","gm","thai chilly_kg_out","500","kg:1000:gm","1000","NULL","NULL","False"
"thai chilly","42B","gm","thai chilly_kg_reciepe","1","kg:1000:gm","1000",,,"False"
"thai chilly","42B","ml","thai chilly_ltr_reciepe","1","ltr:1000:ml",,"1000",,"False"
"thai chilly","42B","ml","thai chilly_ml_in","1","ml:1:ml","NULL","1","NULL","False"
"thai chilly","42B","ml","thai chilly_ml_out","1","ml:1:ml","NULL","1","NULL","False"
"thai chilly","42B","ml","thai chilly_ml_reciepe","1","ml:1:ml",,"1",,"False"
"thai chilly","42B","other","thai chilly_other_in","1","NULL","NULL","NULL","1","False"
"thai chilly","42B","piece","thai chilly_piece_in","1","piece:1:piece","NULL","NULL","1","False"
"thai chilly","42B","piece","thai chilly_piece_out","1","piece:1:piece","NULL","NULL","1","False"
"thai chilly","42B","piece","thai chilly_piece_reciepe","1","piece:1:piece",,,"1","False"
"thai chilly","42B","gm","thai chilly_pkt_in","500","pkt:500:gm","500","NULL","NULL","False"
"thai chilly","42B","gm","thai chilly_pkt_out","500","pkt:500:gm","500","NULL","NULL","False"
"thai chilly","42B","gm","thai chilly_pkt_reciepe","1","pkt:500:gm","500",,,"False"
"thousand sauce","54","gm","thousand sauce_gm_in","1","gm:1:gm","1","NULL","NULL","False"
"thousand sauce","54","gm","thousand sauce_gm_inventory","1","gm:1:gm","1","NULL","NULL","False"
"thousand sauce","54","gm","thousand sauce_gm_out","1","gm:1:gm","1","NULL","NULL","False"
"thousand sauce","54","gm","thousand sauce_gm_reciepe","1","gm:1:gm","1","NULL","NULL","False"
"thousand sauce","54","gm","thousand sauce_kg_in","1000","kg:1000:gm","1000","NULL","NULL","False"
"thousand sauce","54","gm","thousand sauce_kg_out","500","kg:1000:gm","1000","NULL","NULL","False"
"thousand sauce","54","gm","thousand sauce_kg_reciepe","1","kg:1000:gm","1000",,,"False"
"thousand sauce","54","ml","thousand sauce_ltr_reciepe","1","ltr:1000:ml",,"1000",,"False"
"thousand sauce","54","ml","thousand sauce_ml_in","1","ml:1:ml","NULL","1","NULL","False"
"thousand sauce","54","ml","thousand sauce_ml_out","1","ml:1:ml","NULL","1","NULL","False"
"thousand sauce","54","ml","thousand sauce_ml_reciepe","1","ml:1:ml",,"1",,"False"
"thousand sauce","54","other","thousand sauce_other_in","1","NULL","NULL","NULL","1","False"
"thousand sauce","54","piece","thousand sauce_piece_in","1","piece:1:piece","NULL","NULL","1","False"
"thousand sauce","54","piece","thousand sauce_piece_out","1","piece:1:piece","NULL","NULL","1","False"
"thousand sauce","54","piece","thousand sauce_piece_reciepe","1","piece:1:piece",,,"1","False"
"thousand sauce","54","gm","thousand sauce_pkt_in","500","pkt:500:gm","500","NULL","NULL","False"
"thousand sauce","54","gm","thousand sauce_pkt_out","500","pkt:500:gm","500","NULL","NULL","False"
"thousand sauce","54","gm","thousand sauce_pkt_reciepe","1","pkt:500:gm","500",,,"False"
"tika sauce","52","gm","tika sauce_gm_in","1","gm:1:gm","1","NULL","NULL","False"
"tika sauce","52","gm","tika sauce_gm_inventory","1","gm:1:gm","1","NULL","NULL","False"
"tika sauce","52","gm","tika sauce_gm_out","1","gm:1:gm","1","NULL","NULL","False"
"tika sauce","52","gm","tika sauce_gm_reciepe","1","gm:1:gm","1","NULL","NULL","False"
"tika sauce","52","gm","tika sauce_kg_in","1000","kg:1000:gm","1000","NULL","NULL","False"
"tika sauce","52","gm","tika sauce_kg_out","500","kg:1000:gm","1000","NULL","NULL","False"
"tika sauce","52","gm","tika sauce_kg_reciepe","1","kg:1000:gm","1000",,,"False"
"tika sauce","52","ml","tika sauce_ltr_reciepe","1","ltr:1000:ml",,"1000",,"False"
"tika sauce","52","ml","tika sauce_ml_in","1","ml:1:ml","NULL","1","NULL","False"
"tika sauce","52","ml","tika sauce_ml_out","1","ml:1:ml","NULL","1","NULL","False"
"tika sauce","52","ml","tika sauce_ml_reciepe","1","ml:1:ml",,"1",,"False"
"tika sauce","52","other","tika sauce_other_in","1","NULL","NULL","NULL","1","False"
"tika sauce","52","piece","tika sauce_piece_in","1","piece:1:piece","NULL","NULL","1","False"
"tika sauce","52","piece","tika sauce_piece_out","1","piece:1:piece","NULL","NULL","1","False"
"tika sauce","52","piece","tika sauce_piece_reciepe","1","piece:1:piece",,,"1","False"
"tika sauce","52","gm","tika sauce_pkt_in","500","pkt:500:gm","500","NULL","NULL","False"
"tika sauce","52","gm","tika sauce_pkt_out","500","pkt:500:gm","500","NULL","NULL","False"
"tika sauce","52","gm","tika sauce_pkt_reciepe","1","pkt:500:gm","500",,,"False"
"TOM MAKHAN SAUCE","51B","gm","TOM MAKHAN SAUCE_gm_in","1","gm:1:gm","1","NULL","NULL","False"
"TOM MAKHAN SAUCE","51B","gm","TOM MAKHAN SAUCE_gm_inventory","1","gm:1:gm","1","NULL","NULL","False"
"TOM MAKHAN SAUCE","51B","gm","TOM MAKHAN SAUCE_gm_out","1","gm:1:gm","1","NULL","NULL","False"
"TOM MAKHAN SAUCE","51B","gm","TOM MAKHAN SAUCE_gm_reciepe","1","gm:1:gm","1","NULL","NULL","False"
"TOM MAKHAN SAUCE","51B","gm","TOM MAKHAN SAUCE_kg_in","1000","kg:1000:gm","1000","NULL","NULL","False"
"TOM MAKHAN SAUCE","51B","gm","TOM MAKHAN SAUCE_kg_out","500","kg:1000:gm","1000","NULL","NULL","False"
"TOM MAKHAN SAUCE","51B","gm","TOM MAKHAN SAUCE_kg_reciepe","1","kg:1000:gm","1000",,,"False"
"TOM MAKHAN SAUCE","51B","ml","TOM MAKHAN SAUCE_ltr_reciepe","1","ltr:1000:ml",,"1000",,"False"
"TOM MAKHAN SAUCE","51B","ml","TOM MAKHAN SAUCE_ml_in","1","ml:1:ml","NULL","1","NULL","False"
"TOM MAKHAN SAUCE","51B","ml","TOM MAKHAN SAUCE_ml_out","1","ml:1:ml","NULL","1","NULL","False"
"TOM MAKHAN SAUCE","51B","ml","TOM MAKHAN SAUCE_ml_reciepe","1","ml:1:ml",,"1",,"False"
"TOM MAKHAN SAUCE","51B","other","TOM MAKHAN SAUCE_other_in","1","NULL","NULL","NULL","1","False"
"TOM MAKHAN SAUCE","51B","piece","TOM MAKHAN SAUCE_piece_in","1","piece:1:piece","NULL","NULL","1","False"
"TOM MAKHAN SAUCE","51B","piece","TOM MAKHAN SAUCE_piece_out","1","piece:1:piece","NULL","NULL","1","False"
"TOM MAKHAN SAUCE","51B","piece","TOM MAKHAN SAUCE_piece_reciepe","1","piece:1:piece",,,"1","False"
"TOM MAKHAN SAUCE","51B","gm","TOM MAKHAN SAUCE_pkt_in","500","pkt:500:gm","500","NULL","NULL","False"
"TOM MAKHAN SAUCE","51B","gm","TOM MAKHAN SAUCE_pkt_out","500","pkt:500:gm","500","NULL","NULL","False"
"TOM MAKHAN SAUCE","51B","gm","TOM MAKHAN SAUCE_pkt_reciepe","1","pkt:500:gm","500",,,"False"
"tomato kechup","37","gm","tomato kechup_gm_in","1","gm:1:gm","1","NULL","NULL","False"
"tomato kechup","37","gm","tomato kechup_gm_inventory","1","gm:1:gm","1","NULL","NULL","False"
"tomato kechup","37","gm","tomato kechup_gm_out","1","gm:1:gm","1","NULL","NULL","False"
"tomato kechup","37","gm","tomato kechup_gm_reciepe","1","gm:1:gm","1","NULL","NULL","False"
"tomato kechup","37","gm","tomato kechup_kg_in","1000","kg:1000:gm","1000","NULL","NULL","False"
"tomato kechup","37","gm","tomato kechup_kg_out","500","kg:1000:gm","1000","NULL","NULL","False"
"tomato kechup","37","gm","tomato kechup_kg_reciepe","1","kg:1000:gm","1000",,,"False"
"tomato kechup","37","ml","tomato kechup_ltr_reciepe","1","ltr:1000:ml",,"1000",,"False"
"tomato kechup","37","ml","tomato kechup_ml_in","1","ml:1:ml","NULL","1","NULL","False"
"tomato kechup","37","ml","tomato kechup_ml_out","1","ml:1:ml","NULL","1","NULL","False"
"tomato kechup","37","ml","tomato kechup_ml_reciepe","1","ml:1:ml",,"1",,"False"
"tomato kechup","37","other","tomato kechup_other_in","1","NULL","NULL","NULL","1","False"
"tomato kechup","37","piece","tomato kechup_piece_in","1","piece:1:piece","NULL","NULL","1","False"
"tomato kechup","37","piece","tomato kechup_piece_out","1","piece:1:piece","NULL","NULL","1","False"
"tomato kechup","37","piece","tomato kechup_piece_reciepe","1","piece:1:piece",,,"1","False"
"tomato kechup","37","gm","tomato kechup_pkt_in","500","pkt:500:gm","500","NULL","NULL","False"
"tomato kechup","37","gm","tomato kechup_pkt_out","500","pkt:500:gm","500","NULL","NULL","False"
"tomato kechup","37","gm","tomato kechup_pkt_reciepe","1","pkt:500:gm","500",,,"False"
"tomato ketchup","37","gm","tomato ketchup_gm_in","1","gm:1:gm","1","NULL","NULL","False"
"tomato ketchup","37","gm","tomato ketchup_gm_inventory","1","gm:1:gm","1","NULL","NULL","False"
"tomato ketchup","37","gm","tomato ketchup_gm_out","1","gm:1:gm","1","NULL","NULL","False"
"tomato ketchup","37","gm","tomato ketchup_gm_reciepe","1","gm:1:gm","1","NULL","NULL","False"
"TOMATO KETCHUP","71B","gm","TOMATO KETCHUP_gm_reciepe","1","gm:1:gm","1",,,"False"
"tomato ketchup","37","gm","tomato ketchup_kg_in","1000","kg:1000:gm","1000","NULL","NULL","False"
"tomato ketchup","37","gm","tomato ketchup_kg_out","500","kg:1000:gm","1000","NULL","NULL","False"
"TOMATO KETCHUP","71B","gm","TOMATO KETCHUP_kg_reciepe","1","kg:1000:gm","1000",,,"False"
"tomato ketchup","37","gm","tomato ketchup_kg_reciepe","1","kg:1000:gm","1000",,,"False"
"TOMATO KETCHUP","71B","ml","TOMATO KETCHUP_ltr_reciepe","1","ltr:1000:ml",,"1000",,"False"
"tomato ketchup","37","ml","tomato ketchup_ltr_reciepe","1","ltr:1000:ml",,"1000",,"False"
"tomato ketchup","37","ml","tomato ketchup_ml_in","1","ml:1:ml","NULL","1","NULL","False"
"tomato ketchup","37","ml","tomato ketchup_ml_out","1","ml:1:ml","NULL","1","NULL","False"
"TOMATO KETCHUP","71B","ml","TOMATO KETCHUP_ml_reciepe","1","ml:1:ml",,"1",,"False"
"tomato ketchup","37","ml","tomato ketchup_ml_reciepe","1","ml:1:ml",,"1",,"False"
"tomato ketchup","37","other","tomato ketchup_other_in","1","NULL","NULL","NULL","1","False"
"tomato ketchup","37","piece","tomato ketchup_piece_in","1","piece:1:piece","NULL","NULL","1","False"
"tomato ketchup","37","piece","tomato ketchup_piece_out","1","piece:1:piece","NULL","NULL","1","False"
"TOMATO KETCHUP","71B","piece","TOMATO KETCHUP_piece_reciepe","1","piece:1:piece",,,"1","False"
"tomato ketchup","37","piece","tomato ketchup_piece_reciepe","1","piece:1:piece",,,"1","False"
"tomato ketchup","37","gm","tomato ketchup_pkt_in","500","pkt:500:gm","500","NULL","NULL","False"
"tomato ketchup","37","gm","tomato ketchup_pkt_out","500","pkt:500:gm","500","NULL","NULL","False"
"TOMATO KETCHUP","71B","gm","TOMATO KETCHUP_pkt_reciepe","1","pkt:500:gm","500",,,"False"
"tomato ketchup","37","gm","tomato ketchup_pkt_reciepe","1","pkt:500:gm","500",,,"False"
"tomato sauce","37","gm","tomato sauce_gm_in","1","gm:1:gm","1","NULL","NULL","False"
"tomato sauce","37","gm","tomato sauce_gm_inventory","1","gm:1:gm","1","NULL","NULL","False"
"tomato sauce","37","gm","tomato sauce_gm_out","1","gm:1:gm","1","NULL","NULL","False"
"tomato sauce","37","gm","tomato sauce_gm_reciepe","1","gm:1:gm","1","NULL","NULL","False"
"tomato sauce","37","gm","tomato sauce_kg_in","1000","kg:1000:gm","1000","NULL","NULL","False"
"tomato sauce","37","gm","tomato sauce_kg_out","500","kg:1000:gm","1000","NULL","NULL","False"
"tomato sauce","37","gm","tomato sauce_kg_reciepe","1","kg:1000:gm","1000",,,"False"
"tomato sauce","37","ml","tomato sauce_ltr_reciepe","1","ltr:1000:ml",,"1000",,"False"
"tomato sauce","37","ml","tomato sauce_ml_in","1","ml:1:ml","NULL","1","NULL","False"
"tomato sauce","37","ml","tomato sauce_ml_out","1","ml:1:ml","NULL","1","NULL","False"
"tomato sauce","37","ml","tomato sauce_ml_reciepe","1","ml:1:ml",,"1",,"False"
"tomato sauce","37","other","tomato sauce_other_in","1","NULL","NULL","NULL","1","False"
"tomato sauce","37","piece","tomato sauce_piece_in","1","piece:1:piece","NULL","NULL","1","False"
"tomato sauce","37","piece","tomato sauce_piece_out","1","piece:1:piece","NULL","NULL","1","False"
"tomato sauce","37","piece","tomato sauce_piece_reciepe","1","piece:1:piece",,,"1","False"
"tomato sauce","37","gm","tomato sauce_pkt_in","500","pkt:500:gm","500","NULL","NULL","False"
"tomato sauce","37","gm","tomato sauce_pkt_out","500","pkt:500:gm","500","NULL","NULL","False"
"tomato sauce","37","gm","tomato sauce_pkt_reciepe","1","pkt:500:gm","500",,,"False"
"tomato suce","37","gm","tomato suce_gm_in","1","gm:1:gm","1","NULL","NULL","False"
"tomato suce","37","gm","tomato suce_gm_inventory","1","gm:1:gm","1","NULL","NULL","False"
"tomato suce","37","gm","tomato suce_gm_out","1","gm:1:gm","1","NULL","NULL","False"
"tomato suce","37","gm","tomato suce_gm_reciepe","1","gm:1:gm","1","NULL","NULL","False"
"tomato suce","37","gm","tomato suce_kg_in","1000","kg:1000:gm","1000","NULL","NULL","False"
"tomato suce","37","gm","tomato suce_kg_out","500","kg:1000:gm","1000","NULL","NULL","False"
"tomato suce","37","gm","tomato suce_kg_reciepe","1","kg:1000:gm","1000",,,"False"
"tomato suce","37","ml","tomato suce_ltr_reciepe","1","ltr:1000:ml",,"1000",,"False"
"tomato suce","37","ml","tomato suce_ml_in","1","ml:1:ml","NULL","1","NULL","False"
"tomato suce","37","ml","tomato suce_ml_out","1","ml:1:ml","NULL","1","NULL","False"
"tomato suce","37","ml","tomato suce_ml_reciepe","1","ml:1:ml",,"1",,"False"
"tomato suce","37","other","tomato suce_other_in","1","NULL","NULL","NULL","1","False"
"tomato suce","37","piece","tomato suce_piece_in","1","piece:1:piece","NULL","NULL","1","False"
"tomato suce","37","piece","tomato suce_piece_out","1","piece:1:piece","NULL","NULL","1","False"
"tomato suce","37","piece","tomato suce_piece_reciepe","1","piece:1:piece",,,"1","False"
"tomato suce","37","gm","tomato suce_pkt_in","500","pkt:500:gm","500","NULL","NULL","False"
"tomato suce","37","gm","tomato suce_pkt_out","500","pkt:500:gm","500","NULL","NULL","False"
"tomato suce","37","gm","tomato suce_pkt_reciepe","1","pkt:500:gm","500",,,"False"
"Tomato","V18","gm","Tomato_gm_in","1","gm:1:gm","1","NULL","NULL","False"
"tomato","37","gm","tomato_gm_inventory","1","gm:1:gm","1","NULL","NULL","False"
"Tomato","V18","gm","Tomato_gm_out","1","gm:1:gm","1","NULL","NULL","False"
"Tomato","V18","gm","Tomato_gm_reciepe","1","gm:1:gm","1","NULL","NULL","False"
"tomato","37","gm","tomato_gm_reciepe","1","gm:1:gm","1",,,"False"
"tomato","37","gm","tomato_kg_in","1000","kg:1000:gm","1000","NULL","NULL","False"
"tomato","37","gm","tomato_kg_out","500","kg:1000:gm","1000","NULL","NULL","False"
"tomato","37","gm","tomato_kg_reciepe","1","kg:1000:gm","1000",,,"False"
"Tomato","V18","gm","Tomato_kg_reciepe","1","kg:1000:gm","1000",,,"False"
"tomato","37","ml","tomato_ltr_reciepe","1","ltr:1000:ml",,"1000",,"False"
"Tomato","V18","ml","Tomato_ltr_reciepe","1","ltr:1000:ml",,"1000",,"False"
"tomato","37","ml","tomato_ml_in","1","ml:1:ml","NULL","1","NULL","False"
"tomato","37","ml","tomato_ml_out","1","ml:1:ml","NULL","1","NULL","False"
"tomato","37","ml","tomato_ml_reciepe","1","ml:1:ml",,"1",,"False"
"Tomato","V18","ml","Tomato_ml_reciepe","1","ml:1:ml",,"1",,"False"
"tomato","37","other","tomato_other_in","1","NULL","NULL","NULL","1","False"
"tomato","37","piece","tomato_piece_in","1","piece:1:piece","NULL","NULL","1","False"
"tomato","37","piece","tomato_piece_out","1","piece:1:piece","NULL","NULL","1","False"
"tomato","37","piece","tomato_piece_reciepe","1","piece:1:piece",,,"1","False"
"Tomato","V18","piece","Tomato_piece_reciepe","1","piece:1:piece",,,"1","False"
"tomato","37","gm","tomato_pkt_in","500","pkt:500:gm","500","NULL","NULL","False"
"tomato","37","gm","tomato_pkt_out","500","pkt:500:gm","500","NULL","NULL","False"
"tomato","37","gm","tomato_pkt_reciepe","1","pkt:500:gm","500",,,"False"
"Tomato","V18","gm","Tomato_pkt_reciepe","1","pkt:500:gm","500",,,"False"
"tur dal","5","gm","tur dal_gm_in","1","gm:1:gm","1","NULL","NULL","False"
"tur dal","5","gm","tur dal_gm_inventory","1","gm:1:gm","1","NULL","NULL","False"
"tur dal","5","gm","tur dal_gm_out","1","gm:1:gm","1","NULL","NULL","False"
"tur dal","5","gm","tur dal_gm_reciepe","1","gm:1:gm","1","NULL","NULL","False"
"tur dal","5","gm","tur dal_kg_in","1000","kg:1000:gm","1000","NULL","NULL","False"
"tur dal","5","gm","tur dal_kg_out","500","kg:1000:gm","1000","NULL","NULL","False"
"tur dal","5","gm","tur dal_kg_reciepe","1","kg:1000:gm","1000",,,"False"
"tur dal","5","ml","tur dal_ltr_reciepe","1","ltr:1000:ml",,"1000",,"False"
"tur dal","5","ml","tur dal_ml_in","1","ml:1:ml","NULL","1","NULL","False"
"tur dal","5","ml","tur dal_ml_out","1","ml:1:ml","NULL","1","NULL","False"
"tur dal","5","ml","tur dal_ml_reciepe","1","ml:1:ml",,"1",,"False"
"tur dal","5","other","tur dal_other_in","1","NULL","NULL","NULL","1","False"
"tur dal","5","piece","tur dal_piece_in","1","piece:1:piece","NULL","NULL","1","False"
"tur dal","5","piece","tur dal_piece_out","1","piece:1:piece","NULL","NULL","1","False"
"tur dal","5","piece","tur dal_piece_reciepe","1","piece:1:piece",,,"1","False"
"tur dal","5","gm","tur dal_pkt_in","500","pkt:500:gm","500","NULL","NULL","False"
"tur dal","5","gm","tur dal_pkt_out","500","pkt:500:gm","500","NULL","NULL","False"
"tur dal","5","gm","tur dal_pkt_reciepe","1","pkt:500:gm","500",,,"False"
"UDAD SAL","18A","gm","UDAD SAL_gm_in","1","gm:1:gm","1","NULL","NULL","False"
"UDAD SAL","18A","gm","UDAD SAL_gm_inventory","1","gm:1:gm","1","NULL","NULL","False"
"UDAD SAL","18A","gm","UDAD SAL_gm_out","1","gm:1:gm","1","NULL","NULL","False"
"UDAD SAL","18A","gm","UDAD SAL_gm_reciepe","1","gm:1:gm","1","NULL","NULL","False"
"UDAD SAL","18A","gm","UDAD SAL_kg_in","1000","kg:1000:gm","1000","NULL","NULL","False"
"UDAD SAL","18A","gm","UDAD SAL_kg_out","500","kg:1000:gm","1000","NULL","NULL","False"
"UDAD SAL","18A","gm","UDAD SAL_kg_reciepe","1","kg:1000:gm","1000",,,"False"
"UDAD SAL","18A","ml","UDAD SAL_ltr_reciepe","1","ltr:1000:ml",,"1000",,"False"
"UDAD SAL","18A","ml","UDAD SAL_ml_in","1","ml:1:ml","NULL","1","NULL","False"
"UDAD SAL","18A","ml","UDAD SAL_ml_out","1","ml:1:ml","NULL","1","NULL","False"
"UDAD SAL","18A","ml","UDAD SAL_ml_reciepe","1","ml:1:ml",,"1",,"False"
"UDAD SAL","18A","other","UDAD SAL_other_in","1","NULL","NULL","NULL","1","False"
"UDAD SAL","18A","piece","UDAD SAL_piece_in","1","piece:1:piece","NULL","NULL","1","False"
"UDAD SAL","18A","piece","UDAD SAL_piece_out","1","piece:1:piece","NULL","NULL","1","False"
"UDAD SAL","18A","piece","UDAD SAL_piece_reciepe","1","piece:1:piece",,,"1","False"
"UDAD SAL","18A","gm","UDAD SAL_pkt_in","500","pkt:500:gm","500","NULL","NULL","False"
"UDAD SAL","18A","gm","UDAD SAL_pkt_out","500","pkt:500:gm","500","NULL","NULL","False"
"UDAD SAL","18A","gm","UDAD SAL_pkt_reciepe","1","pkt:500:gm","500",,,"False"
"VINAGER","44","gm","VINAGER_gm_in","1","gm:1:gm","1","NULL","NULL","False"
"VINAGER","44","gm","VINAGER_gm_inventory","1","gm:1:gm","1","NULL","NULL","False"
"VINAGER","44","gm","VINAGER_gm_out","1","gm:1:gm","1","NULL","NULL","False"
"VINAGER","44","gm","VINAGER_gm_reciepe","1","gm:1:gm","1","NULL","NULL","False"
"VINAGER","44","gm","VINAGER_kg_in","1000","kg:1000:gm","1000","NULL","NULL","False"
"VINAGER","44","gm","VINAGER_kg_out","500","kg:1000:gm","1000","NULL","NULL","False"
"VINAGER","44","gm","VINAGER_kg_reciepe","1","kg:1000:gm","1000",,,"False"
"VINAGER","44","ml","VINAGER_ltr_reciepe","1","ltr:1000:ml",,"1000",,"False"
"VINAGER","44","ml","VINAGER_ml_in","1","ml:1:ml","NULL","1","NULL","False"
"VINAGER","44","ml","VINAGER_ml_out","1","ml:1:ml","NULL","1","NULL","False"
"VINAGER","44","ml","VINAGER_ml_reciepe","1","ml:1:ml",,"1",,"False"
"VINAGER","44","other","VINAGER_other_in","1","NULL","NULL","NULL","1","False"
"VINAGER","44","piece","VINAGER_piece_in","1","piece:1:piece","NULL","NULL","1","False"
"VINAGER","44","piece","VINAGER_piece_out","1","piece:1:piece","NULL","NULL","1","False"
"VINAGER","44","piece","VINAGER_piece_reciepe","1","piece:1:piece",,,"1","False"
"VINAGER","44","gm","VINAGER_pkt_in","500","pkt:500:gm","500","NULL","NULL","False"
"VINAGER","44","gm","VINAGER_pkt_out","500","pkt:500:gm","500","NULL","NULL","False"
"VINAGER","44","gm","VINAGER_pkt_reciepe","1","pkt:500:gm","500",,,"False"
"vinegar","44","gm","vinegar_gm_in","1","gm:1:gm","1","NULL","NULL","False"
"vinegar","44","gm","vinegar_gm_inventory","1","gm:1:gm","1","NULL","NULL","False"
"vinegar","44","gm","vinegar_gm_out","1","gm:1:gm","1","NULL","NULL","False"
"vinegar","44","gm","vinegar_gm_reciepe","1","gm:1:gm","1","NULL","NULL","False"
"vinegar","44","gm","vinegar_kg_in","1000","kg:1000:gm","1000","NULL","NULL","False"
"vinegar","44","gm","vinegar_kg_out","500","kg:1000:gm","1000","NULL","NULL","False"
"vinegar","44","gm","vinegar_kg_reciepe","1","kg:1000:gm","1000",,,"False"
"vinegar","44","ml","vinegar_ltr_reciepe","1","ltr:1000:ml",,"1000",,"False"
"vinegar","44","ml","vinegar_ml_in","1","ml:1:ml","NULL","1","NULL","False"
"vinegar","44","ml","vinegar_ml_out","1","ml:1:ml","NULL","1","NULL","False"
"vinegar","44","ml","vinegar_ml_reciepe","1","ml:1:ml",,"1",,"False"
"vinegar","44","other","vinegar_other_in","1","NULL","NULL","NULL","1","False"
"vinegar","44","piece","vinegar_piece_in","1","piece:1:piece","NULL","NULL","1","False"
"vinegar","44","piece","vinegar_piece_out","1","piece:1:piece","NULL","NULL","1","False"
"vinegar","44","piece","vinegar_piece_reciepe","1","piece:1:piece",,,"1","False"
"vinegar","44","gm","vinegar_pkt_in","500","pkt:500:gm","500","NULL","NULL","False"
"vinegar","44","gm","vinegar_pkt_out","500","pkt:500:gm","500","NULL","NULL","False"
"vinegar","44","gm","vinegar_pkt_reciepe","1","pkt:500:gm","500",,,"False"
"WHITE BREAD","B1","gm","WHITE BREAD_gm_in","1","gm:1:gm","1",,,"False"
"WHITE BREAD","B1","gm","WHITE BREAD_gm_inventory","1","gm:1:gm","1",,,"False"
"WHITE BREAD","B1","gm","WHITE BREAD_gm_out","1","gm:1:gm","1",,,"False"
"WHITE BREAD","B1","gm","WHITE BREAD_gm_reciepe","1","gm:1:gm","1",,,"False"
"WHITE BREAD","B1","gm","WHITE BREAD_kg_in","1000","kg:1000:gm","1000",,,"False"
"WHITE BREAD","B1","gm","WHITE BREAD_kg_out","500","kg:1000:gm","1000",,,"False"
"WHITE BREAD","B1","gm","WHITE BREAD_kg_reciepe","1","kg:1000:gm","1000",,,"False"
"WHITE BREAD","B1","ml","WHITE BREAD_ltr_reciepe","1","ltr:1000:ml",,"1000",,"False"
"WHITE BREAD","B1","ml","WHITE BREAD_ml_in","1","ml:1:ml",,"1",,"False"
"WHITE BREAD","B1","ml","WHITE BREAD_ml_out","1","ml:1:ml",,"1",,"False"
"WHITE BREAD","B1","ml","WHITE BREAD_ml_reciepe","1","ml:1:ml",,"1",,"False"
"WHITE BREAD","B1","other","WHITE BREAD_other_in","1",,,,"1","False"
"WHITE BREAD","B1","piece","WHITE BREAD_piece_in","1","piece:1:piece",,,"1","False"
"WHITE BREAD","B1","piece","WHITE BREAD_piece_out","1","piece:1:piece",,,"1","False"
"WHITE BREAD","B1","piece","WHITE BREAD_piece_reciepe","1","piece:1:piece",,,"1","False"
"WHITE BREAD","B1","gm","WHITE BREAD_pkt_in","500","pkt:500:gm","500",,,"False"
"WHITE BREAD","B1","gm","WHITE BREAD_pkt_out","500","pkt:500:gm","500",,,"False"
"WHITE BREAD","B1","gm","WHITE BREAD_pkt_reciepe","1","pkt:500:gm","500",,,"False"
"white pepper","39A","gm","white pepper_gm_in","1","gm:1:gm","1","NULL","NULL","False"
"white pepper","39A","gm","white pepper_gm_inventory","1","gm:1:gm","1","NULL","NULL","False"
"white pepper","39A","gm","white pepper_gm_out","1","gm:1:gm","1","NULL","NULL","False"
"white pepper","39A","gm","white pepper_gm_reciepe","1","gm:1:gm","1","NULL","NULL","False"
"white pepper","39A","gm","white pepper_kg_in","1000","kg:1000:gm","1000","NULL","NULL","False"
"white pepper","39A","gm","white pepper_kg_out","500","kg:1000:gm","1000","NULL","NULL","False"
"white pepper","39A","gm","white pepper_kg_reciepe","1","kg:1000:gm","1000",,,"False"
"white pepper","39A","ml","white pepper_ltr_reciepe","1","ltr:1000:ml",,"1000",,"False"
"white pepper","39A","ml","white pepper_ml_in","1","ml:1:ml","NULL","1","NULL","False"
"white pepper","39A","ml","white pepper_ml_out","1","ml:1:ml","NULL","1","NULL","False"
"white pepper","39A","ml","white pepper_ml_reciepe","1","ml:1:ml",,"1",,"False"
"white pepper","39A","other","white pepper_other_in","1","NULL","NULL","NULL","1","False"
"white pepper","39A","piece","white pepper_piece_in","1","piece:1:piece","NULL","NULL","1","False"
"white pepper","39A","piece","white pepper_piece_out","1","piece:1:piece","NULL","NULL","1","False"
"white pepper","39A","piece","white pepper_piece_reciepe","1","piece:1:piece",,,"1","False"
"white pepper","39A","gm","white pepper_pkt_in","500","pkt:500:gm","500","NULL","NULL","False"
"white pepper","39A","gm","white pepper_pkt_out","500","pkt:500:gm","500","NULL","NULL","False"
"white pepper","39A","gm","white pepper_pkt_reciepe","1","pkt:500:gm","500",,,"False"
"yellow bell pepper","V21","gm","yellow bell pepper_gm_in","1","gm:1:gm","1","NULL","NULL","False"
"yellow bell pepper","V21","gm","yellow bell pepper_gm_out","1","gm:1:gm","1","NULL","NULL","False"
"yellow bell pepper","V21","gm","yellow bell pepper_gm_reciepe","1","gm:1:gm","1","NULL","NULL","False"
"yellow bell pepper","V21","gm","yellow bell pepper_kg_reciepe","1","kg:1000:gm","1000",,,"False"
"yellow bell pepper","V21","ml","yellow bell pepper_ltr_reciepe","1","ltr:1000:ml",,"1000",,"False"
"yellow bell pepper","V21","ml","yellow bell pepper_ml_reciepe","1","ml:1:ml",,"1",,"False"
"yellow bell pepper","V21","piece","yellow bell pepper_piece_reciepe","1","piece:1:piece",,,"1","False"
"yellow bell pepper","V21","gm","yellow bell pepper_pkt_reciepe","1","pkt:500:gm","500",,,"False"
