"result_set","dish_code","dishname","line_type","itemname","pgNo_or_dishCode","receipescoop","qty","destination_unit","units_per_scoop","qty_in_destination_unit","rate_per_destination_unit","line_cost","dish_out_mode","is_usable_in_other_dish","effective_scoop","qty_of_scoops","cost_per_portion","batch_total_cost","portions_per_batch","unknown_ingredient_lines","raw_unpriced_lines","processed_unpriced_lines"
"line_detail","C100","PROCESSED CRISPY VEG","raw","Beans","V5","Beans_gm_reciepe","150","gm","1","150","","","","","","","657.7800","657.7800","1","","",""
"line_detail","C100","PROCESSED CRISPY VEG","raw","Beans","V5","Beans_gm_reciepe","150","gm","1","150","","","","","","","657.7800","657.7800","1","","",""
"line_detail","C100","PROCESSED CRISPY VEG","raw","Beans","V5","Beans_gm_reciepe","150","gm","1","150","","","","","","","657.7800","657.7800","1","","",""
"line_detail","C100","PROCESSED CRISPY VEG","raw","Beans","V5","Beans_gm_reciepe","150","gm","1","150","","","","","","","657.7800","657.7800","1","","",""
"line_detail","C100","PROCESSED CRISPY VEG","raw","Capsicum","V1","Capsicum_gm_reciepe","30","gm","1","30","","","","","","","657.7800","657.7800","1","","",""
"line_detail","C100","PROCESSED CRISPY VEG","raw","Capsicum","V1","Capsicum_gm_reciepe","30","gm","1","30","","","","","","","657.7800","657.7800","1","","",""
"line_detail","C100","PROCESSED CRISPY VEG","raw","Capsicum","V1","Capsicum_gm_reciepe","30","gm","1","30","","","","","","","657.7800","657.7800","1","","",""
"line_detail","C100","PROCESSED CRISPY VEG","raw","Capsicum","V1","Capsicum_gm_reciepe","30","gm","1","30","","","","","","","657.7800","657.7800","1","","",""
"line_detail","C100","PROCESSED CRISPY VEG","raw","Carrot","V4","Carrot_gm_reciepe","250","gm","1","250","","","","","","","657.7800","657.7800","1","","",""
"line_detail","C100","PROCESSED CRISPY VEG","raw","Carrot","V4","Carrot_gm_reciepe","250","gm","1","250","","","","","","","657.7800","657.7800","1","","",""
"line_detail","C100","PROCESSED CRISPY VEG","raw","Carrot","V4","Carrot_gm_reciepe","250","gm","1","250","","","","","","","657.7800","657.7800","1","","",""
"line_detail","C100","PROCESSED CRISPY VEG","raw","Carrot","V4","Carrot_gm_reciepe","250","gm","1","250","","","","","","","657.7800","657.7800","1","","",""
"line_detail","C100","PROCESSED CRISPY VEG","raw","Cauliflower","V6","Cauliflower_gm_reciepe","700","gm","1","700","","","","","","","657.7800","657.7800","1","","",""
"line_detail","C100","PROCESSED CRISPY VEG","raw","Cauliflower","V6","Cauliflower_gm_reciepe","700","gm","1","700","","","","","","","657.7800","657.7800","1","","",""
"line_detail","C100","PROCESSED CRISPY VEG","raw","Cauliflower","V6","Cauliflower_gm_reciepe","700","gm","1","700","","","","","","","657.7800","657.7800","1","","",""
"line_detail","C100","PROCESSED CRISPY VEG","raw","Cauliflower","V6","Cauliflower_gm_reciepe","700","gm","1","700","","","","","","","657.7800","657.7800","1","","",""
"line_detail","C100","PROCESSED CRISPY VEG","raw","GREEN CHILLY SAUCE","43B","GREEN CHILLY SAUCE_gm_reciepe","100","gm","1","100","2.1600","216.0000","","","","","657.7800","657.7800","1","","",""
"line_detail","C100","PROCESSED CRISPY VEG","raw","GREEN CHILLY SAUCE","43B","GREEN CHILLY SAUCE_gm_reciepe","100","gm","1","100","2.1600","216.0000","","","","","657.7800","657.7800","1","","",""
"line_detail","C100","PROCESSED CRISPY VEG","raw","GREEN CHILLY SAUCE","43B","GREEN CHILLY SAUCE_gm_reciepe","100","gm","1","100","2.1600","216.0000","","","","","657.7800","657.7800","1","","",""
"line_detail","C100","PROCESSED CRISPY VEG","raw","Onion","V11","Onion_gm_reciepe","20","gm","1","20","","","","","","","657.7800","657.7800","1","","",""
"line_detail","C100","PROCESSED CRISPY VEG","raw","Onion","V11","Onion_gm_reciepe","20","gm","1","20","","","","","","","657.7800","657.7800","1","","",""
"line_detail","C100","PROCESSED CRISPY VEG","raw","Onion","V11","Onion_gm_reciepe","20","gm","1","20","","","","","","","657.7800","657.7800","1","","",""
"line_detail","C100","PROCESSED CRISPY VEG","raw","Onion","V11","Onion_gm_reciepe","20","gm","1","20","","","","","","","657.7800","657.7800","1","","",""
"line_detail","C100","PROCESSED CRISPY VEG","raw","TOMATO KETCHUP","71B","TOMATO KETCHUP_gm_reciepe","100","","","","","","","","","","657.7800","657.7800","1","","",""
"line_detail","C100","PROCESSED CRISPY VEG","raw","TOMATO KETCHUP","71B","TOMATO KETCHUP_gm_reciepe","100","","","","","","","","","","657.7800","657.7800","1","","",""
"line_detail","C100","PROCESSED CRISPY VEG","raw","TOMATO KETCHUP","71B","TOMATO KETCHUP_gm_reciepe","100","","","","","","","","","","657.7800","657.7800","1","","",""
"line_detail","C100","PROCESSED CRISPY VEG","raw","black pepper","39B","black pepper_gm_reciepe","10","gm","1","10","","","","","","","657.7800","657.7800","1","","",""
"line_detail","C100","PROCESSED CRISPY VEG","raw","black pepper","39B","black pepper_gm_reciepe","10","gm","1","10","","","","","","","657.7800","657.7800","1","","",""
"line_detail","C100","PROCESSED CRISPY VEG","raw","black pepper","39B","black pepper_gm_reciepe","10","gm","1","10","","","","","","","657.7800","657.7800","1","","",""
"line_detail","C100","PROCESSED CRISPY VEG","raw","corn floor","36A","corn floor_gm_reciepe","200","gm","1","200","","","","","","","657.7800","657.7800","1","","",""
"line_detail","C100","PROCESSED CRISPY VEG","raw","corn floor","36A","corn floor_gm_reciepe","200","gm","1","200","","","","","","","657.7800","657.7800","1","","",""
"line_detail","C100","PROCESSED CRISPY VEG","raw","corn floor","36A","corn floor_gm_reciepe","200","gm","1","200","","","","","","","657.7800","657.7800","1","","",""
"line_detail","C100","PROCESSED CRISPY VEG","raw","corn floor","36A","corn floor_gm_reciepe","200","gm","1","200","","","","","","","657.7800","657.7800","1","","",""
"line_detail","C100","PROCESSED CRISPY VEG","raw","corn floor","36A","corn floor_gm_reciepe","200","gm","1","200","","","","","","","657.7800","657.7800","1","","",""
"line_detail","C100","PROCESSED CRISPY VEG","raw","corn floor","36A","corn floor_gm_reciepe","200","gm","1","200","","","","","","","657.7800","657.7800","1","","",""
"line_detail","C100","PROCESSED CRISPY VEG","raw","maida","2","maida_gm_reciepe","70","gm","1","70","0.0380","2.6600","","","","","657.7800","657.7800","1","","",""
"line_detail","C100","PROCESSED CRISPY VEG","raw","maida","2","maida_gm_reciepe","70","gm","1","70","0.0380","2.6600","","","","","657.7800","657.7800","1","","",""
"line_detail","C100","PROCESSED CRISPY VEG","raw","maida","2","maida_gm_reciepe","70","gm","1","70","0.0380","2.6600","","","","","657.7800","657.7800","1","","",""
"line_detail","C100","PROCESSED CRISPY VEG","raw","oil tin","7","oil tin_gm_reciepe","3000","gm","1","3000","","","","","","","657.7800","657.7800","1","","",""
"line_detail","C100","PROCESSED CRISPY VEG","raw","oil tin","7","oil tin_gm_reciepe","3000","gm","1","3000","","","","","","","657.7800","657.7800","1","","",""
"line_detail","C100","PROCESSED CRISPY VEG","raw","oil tin","7","oil tin_gm_reciepe","3000","gm","1","3000","","","","","","","657.7800","657.7800","1","","",""
"line_detail","C100","PROCESSED CRISPY VEG","raw","salt","27A","salt_gm_reciepe","20","gm","1","20","0.0300","0.6000","","","","","657.7800","657.7800","1","","",""
"line_detail","C100","PROCESSED CRISPY VEG","raw","salt","27A","salt_gm_reciepe","20","gm","1","20","0.0300","0.6000","","","","","657.7800","657.7800","1","","",""
"line_detail","C100","PROCESSED CRISPY VEG","raw","salt","27A","salt_gm_reciepe","20","gm","1","20","0.0300","0.6000","","","","","657.7800","657.7800","1","","",""
"line_detail","C100","PROCESSED CRISPY VEG","raw","white pepper","39A","white pepper_gm_reciepe","5","gm","1","5","","","","","","","657.7800","657.7800","1","","",""
"line_detail","C100","PROCESSED CRISPY VEG","raw","white pepper","39A","white pepper_gm_reciepe","5","gm","1","5","","","","","","","657.7800","657.7800","1","","",""
"line_detail","C100","PROCESSED CRISPY VEG","raw","white pepper","39A","white pepper_gm_reciepe","5","gm","1","5","","","","","","","657.7800","657.7800","1","","",""
"dish_summary","C100","PROCESSED CRISPY VEG","","","","CRISPY VEG_1_portion","700","gm","","","","657.7800","standard","false","CRISPY VEG_1_portion","","657.7800","657.7800","1","0","38","0"
"line_detail","CH7","MANCHURIAN PROCESSED","raw","Beans","V5","Beans_gm_reciepe","150","gm","1","150","","","","","","","38.6778","1044.3000","27.0000000000000000","","",""
"line_detail","CH7","MANCHURIAN PROCESSED","raw","Beans","V5","Beans_gm_reciepe","150","gm","1","150","","","","","","","38.6778","1044.3000","27.0000000000000000","","",""
"line_detail","CH7","MANCHURIAN PROCESSED","raw","Beans","V5","Beans_gm_reciepe","150","gm","1","150","","","","","","","38.6778","1044.3000","27.0000000000000000","","",""
"line_detail","CH7","MANCHURIAN PROCESSED","raw","Beans","V5","Beans_gm_reciepe","150","gm","1","150","","","","","","","38.6778","1044.3000","27.0000000000000000","","",""
"line_detail","CH7","MANCHURIAN PROCESSED","raw","Cabbage","V7","Cabbage_gm_reciepe","550","gm","1","550","","","","","","","38.6778","1044.3000","27.0000000000000000","","",""
"line_detail","CH7","MANCHURIAN PROCESSED","raw","Cabbage","V7","Cabbage_gm_reciepe","550","gm","1","550","","","","","","","38.6778","1044.3000","27.0000000000000000","","",""
"line_detail","CH7","MANCHURIAN PROCESSED","raw","Cabbage","V7","Cabbage_gm_reciepe","550","gm","1","550","","","","","","","38.6778","1044.3000","27.0000000000000000","","",""
"line_detail","CH7","MANCHURIAN PROCESSED","raw","Cabbage","V7","Cabbage_gm_reciepe","550","gm","1","550","","","","","","","38.6778","1044.3000","27.0000000000000000","","",""
"line_detail","CH7","MANCHURIAN PROCESSED","raw","Carrot","V4","Carrot_gm_reciepe","300","gm","1","300","","","","","","","38.6778","1044.3000","27.0000000000000000","","",""
"line_detail","CH7","MANCHURIAN PROCESSED","raw","Carrot","V4","Carrot_gm_reciepe","300","gm","1","300","","","","","","","38.6778","1044.3000","27.0000000000000000","","",""
"line_detail","CH7","MANCHURIAN PROCESSED","raw","Carrot","V4","Carrot_gm_reciepe","300","gm","1","300","","","","","","","38.6778","1044.3000","27.0000000000000000","","",""
"line_detail","CH7","MANCHURIAN PROCESSED","raw","Carrot","V4","Carrot_gm_reciepe","300","gm","1","300","","","","","","","38.6778","1044.3000","27.0000000000000000","","",""
"line_detail","CH7","MANCHURIAN PROCESSED","raw","GREEN CHILLY SAUCE","43B","GREEN CHILLY SAUCE_gm_reciepe","80","gm","1","80","2.1600","172.8000","","","","","38.6778","1044.3000","27.0000000000000000","","",""
"line_detail","CH7","MANCHURIAN PROCESSED","raw","GREEN CHILLY SAUCE","43B","GREEN CHILLY SAUCE_gm_reciepe","80","gm","1","80","2.1600","172.8000","","","","","38.6778","1044.3000","27.0000000000000000","","",""
"line_detail","CH7","MANCHURIAN PROCESSED","raw","GREEN CHILLY SAUCE","43B","GREEN CHILLY SAUCE_gm_reciepe","80","gm","1","80","2.1600","172.8000","","","","","38.6778","1044.3000","27.0000000000000000","","",""
"line_detail","CH7","MANCHURIAN PROCESSED","raw","GREEN CHILLY SAUCE","43B","GREEN CHILLY SAUCE_gm_reciepe","80","gm","1","80","2.1600","172.8000","","","","","38.6778","1044.3000","27.0000000000000000","","",""
"line_detail","CH7","MANCHURIAN PROCESSED","raw","GREEN CHILLY SAUCE","43B","GREEN CHILLY SAUCE_gm_reciepe","80","gm","1","80","2.1600","172.8000","","","","","38.6778","1044.3000","27.0000000000000000","","",""
"line_detail","CH7","MANCHURIAN PROCESSED","raw","GREEN CHILLY SAUCE","43B","GREEN CHILLY SAUCE_gm_reciepe","80","gm","1","80","2.1600","172.8000","","","","","38.6778","1044.3000","27.0000000000000000","","",""
"line_detail","CH7","MANCHURIAN PROCESSED","raw","Garlic","V10","Garlic_gm_reciepe","30","gm","1","30","","","","","","","38.6778","1044.3000","27.0000000000000000","","",""
"line_detail","CH7","MANCHURIAN PROCESSED","raw","Garlic","V10","Garlic_gm_reciepe","30","gm","1","30","","","","","","","38.6778","1044.3000","27.0000000000000000","","",""
"line_detail","CH7","MANCHURIAN PROCESSED","raw","Garlic","V10","Garlic_gm_reciepe","30","gm","1","30","","","","","","","38.6778","1044.3000","27.0000000000000000","","",""
"line_detail","CH7","MANCHURIAN PROCESSED","raw","Garlic","V10","Garlic_gm_reciepe","30","gm","1","30","","","","","","","38.6778","1044.3000","27.0000000000000000","","",""
"line_detail","CH7","MANCHURIAN PROCESSED","raw","Ginger","V3","Ginger_gm_reciepe","30","gm","1","30","","","","","","","38.6778","1044.3000","27.0000000000000000","","",""
"line_detail","CH7","MANCHURIAN PROCESSED","raw","Ginger","V3","Ginger_gm_reciepe","30","gm","1","30","","","","","","","38.6778","1044.3000","27.0000000000000000","","",""
"line_detail","CH7","MANCHURIAN PROCESSED","raw","Ginger","V3","Ginger_gm_reciepe","30","gm","1","30","","","","","","","38.6778","1044.3000","27.0000000000000000","","",""
"line_detail","CH7","MANCHURIAN PROCESSED","raw","Ginger","V3","Ginger_gm_reciepe","30","gm","1","30","","","","","","","38.6778","1044.3000","27.0000000000000000","","",""
"line_detail","CH7","MANCHURIAN PROCESSED","raw","Green Chilli","V2","Green Chilli_gm_reciepe","50","gm","1","50","","","","","","","38.6778","1044.3000","27.0000000000000000","","",""
"line_detail","CH7","MANCHURIAN PROCESSED","raw","Green Chilli","V2","Green Chilli_gm_reciepe","50","gm","1","50","","","","","","","38.6778","1044.3000","27.0000000000000000","","",""
"line_detail","CH7","MANCHURIAN PROCESSED","raw","Green Chilli","V2","Green Chilli_gm_reciepe","50","gm","1","50","","","","","","","38.6778","1044.3000","27.0000000000000000","","",""
"line_detail","CH7","MANCHURIAN PROCESSED","raw","Green Chilli","V2","Green Chilli_gm_reciepe","50","gm","1","50","","","","","","","38.6778","1044.3000","27.0000000000000000","","",""
"line_detail","CH7","MANCHURIAN PROCESSED","raw","ajinomoto","40","ajinomoto_gm_reciepe","50","gm","1","50","","","","","","","38.6778","1044.3000","27.0000000000000000","","",""
"line_detail","CH7","MANCHURIAN PROCESSED","raw","ajinomoto","40","ajinomoto_gm_reciepe","50","gm","1","50","","","","","","","38.6778","1044.3000","27.0000000000000000","","",""
"line_detail","CH7","MANCHURIAN PROCESSED","raw","ajinomoto","40","ajinomoto_gm_reciepe","50","gm","1","50","","","","","","","38.6778","1044.3000","27.0000000000000000","","",""
"line_detail","CH7","MANCHURIAN PROCESSED","raw","black pepper","39B","black pepper_gm_reciepe","50","gm","1","50","","","","","","","38.6778","1044.3000","27.0000000000000000","","",""
"line_detail","CH7","MANCHURIAN PROCESSED","raw","black pepper","39B","black pepper_gm_reciepe","50","gm","1","50","","","","","","","38.6778","1044.3000","27.0000000000000000","","",""
"line_detail","CH7","MANCHURIAN PROCESSED","raw","black pepper","39B","black pepper_gm_reciepe","50","gm","1","50","","","","","","","38.6778","1044.3000","27.0000000000000000","","",""
"line_detail","CH7","MANCHURIAN PROCESSED","raw","corn floor","36A","corn floor_gm_reciepe","250","gm","1","250","","","","","","","38.6778","1044.3000","27.0000000000000000","","",""
"line_detail","CH7","MANCHURIAN PROCESSED","raw","corn floor","36A","corn floor_gm_reciepe","250","gm","1","250","","","","","","","38.6778","1044.3000","27.0000000000000000","","",""
"line_detail","CH7","MANCHURIAN PROCESSED","raw","corn floor","36A","corn floor_gm_reciepe","250","gm","1","250","","","","","","","38.6778","1044.3000","27.0000000000000000","","",""
"line_detail","CH7","MANCHURIAN PROCESSED","raw","corn floor","36A","corn floor_gm_reciepe","250","gm","1","250","","","","","","","38.6778","1044.3000","27.0000000000000000","","",""
"line_detail","CH7","MANCHURIAN PROCESSED","raw","corn floor","36A","corn floor_gm_reciepe","250","gm","1","250","","","","","","","38.6778","1044.3000","27.0000000000000000","","",""
"line_detail","CH7","MANCHURIAN PROCESSED","raw","corn floor","36A","corn floor_gm_reciepe","250","gm","1","250","","","","","","","38.6778","1044.3000","27.0000000000000000","","",""
"line_detail","CH7","MANCHURIAN PROCESSED","raw","maida","2","maida_gm_reciepe","50","gm","1","50","0.0380","1.9000","","","","","38.6778","1044.3000","27.0000000000000000","","",""
"line_detail","CH7","MANCHURIAN PROCESSED","raw","maida","2","maida_gm_reciepe","50","gm","1","50","0.0380","1.9000","","","","","38.6778","1044.3000","27.0000000000000000","","",""
"line_detail","CH7","MANCHURIAN PROCESSED","raw","maida","2","maida_gm_reciepe","50","gm","1","50","0.0380","1.9000","","","","","38.6778","1044.3000","27.0000000000000000","","",""
"line_detail","CH7","MANCHURIAN PROCESSED","raw","oil tin","7","oil tin_gm_reciepe","2000","gm","1","2000","","","","","","","38.6778","1044.3000","27.0000000000000000","","",""
"line_detail","CH7","MANCHURIAN PROCESSED","raw","oil tin","7","oil tin_gm_reciepe","2000","gm","1","2000","","","","","","","38.6778","1044.3000","27.0000000000000000","","",""
"line_detail","CH7","MANCHURIAN PROCESSED","raw","oil tin","7","oil tin_gm_reciepe","2000","gm","1","2000","","","","","","","38.6778","1044.3000","27.0000000000000000","","",""
"line_detail","CH7","MANCHURIAN PROCESSED","raw","salt","27A","salt_gm_reciepe","20","gm","1","20","0.0300","0.6000","","","","","38.6778","1044.3000","27.0000000000000000","","",""
"line_detail","CH7","MANCHURIAN PROCESSED","raw","salt","27A","salt_gm_reciepe","20","gm","1","20","0.0300","0.6000","","","","","38.6778","1044.3000","27.0000000000000000","","",""
"line_detail","CH7","MANCHURIAN PROCESSED","raw","salt","27A","salt_gm_reciepe","20","gm","1","20","0.0300","0.6000","","","","","38.6778","1044.3000","27.0000000000000000","","",""
"line_detail","CH7","MANCHURIAN PROCESSED","raw","tomato sauce","37","tomato sauce_gm_reciepe","100","gm","1","100","","","","","","","38.6778","1044.3000","27.0000000000000000","","",""
"line_detail","CH7","MANCHURIAN PROCESSED","raw","tomato sauce","37","tomato sauce_gm_reciepe","100","gm","1","100","","","","","","","38.6778","1044.3000","27.0000000000000000","","",""
"line_detail","CH7","MANCHURIAN PROCESSED","raw","tomato sauce","37","tomato sauce_gm_reciepe","100","gm","1","100","","","","","","","38.6778","1044.3000","27.0000000000000000","","",""
"line_detail","CH7","MANCHURIAN PROCESSED","raw","tomato sauce","37","tomato sauce_gm_reciepe","100","gm","1","100","","","","","","","38.6778","1044.3000","27.0000000000000000","","",""
"line_detail","CH7","MANCHURIAN PROCESSED","raw","tomato sauce","37","tomato sauce_gm_reciepe","100","gm","1","100","","","","","","","38.6778","1044.3000","27.0000000000000000","","",""
"line_detail","CH7","MANCHURIAN PROCESSED","raw","tomato sauce","37","tomato sauce_gm_reciepe","100","gm","1","100","","","","","","","38.6778","1044.3000","27.0000000000000000","","",""
"line_detail","CH7","MANCHURIAN PROCESSED","raw","tomato sauce","37","tomato sauce_gm_reciepe","100","gm","1","100","","","","","","","38.6778","1044.3000","27.0000000000000000","","",""
"line_detail","CH7","MANCHURIAN PROCESSED","raw","tomato sauce","37","tomato sauce_gm_reciepe","100","gm","1","100","","","","","","","38.6778","1044.3000","27.0000000000000000","","",""
"line_detail","CH7","MANCHURIAN PROCESSED","raw","tomato sauce","37","tomato sauce_gm_reciepe","100","gm","1","100","","","","","","","38.6778","1044.3000","27.0000000000000000","","",""
"line_detail","CH7","MANCHURIAN PROCESSED","raw","tomato sauce","37","tomato sauce_gm_reciepe","100","gm","1","100","","","","","","","38.6778","1044.3000","27.0000000000000000","","",""
"line_detail","CH7","MANCHURIAN PROCESSED","raw","tomato sauce","37","tomato sauce_gm_reciepe","100","gm","1","100","","","","","","","38.6778","1044.3000","27.0000000000000000","","",""
"line_detail","CH7","MANCHURIAN PROCESSED","raw","tomato sauce","37","tomato sauce_gm_reciepe","100","gm","1","100","","","","","","","38.6778","1044.3000","27.0000000000000000","","",""
"line_detail","CH7","MANCHURIAN PROCESSED","raw","tomato sauce","37","tomato sauce_gm_reciepe","100","gm","1","100","","","","","","","38.6778","1044.3000","27.0000000000000000","","",""
"line_detail","CH7","MANCHURIAN PROCESSED","raw","tomato sauce","37","tomato sauce_gm_reciepe","100","gm","1","100","","","","","","","38.6778","1044.3000","27.0000000000000000","","",""
"line_detail","CH7","MANCHURIAN PROCESSED","raw","tomato sauce","37","tomato sauce_gm_reciepe","100","gm","1","100","","","","","","","38.6778","1044.3000","27.0000000000000000","","",""
"line_detail","CH7","MANCHURIAN PROCESSED","raw","white pepper","39A","white pepper_gm_reciepe","30","gm","1","30","","","","","","","38.6778","1044.3000","27.0000000000000000","","",""
"line_detail","CH7","MANCHURIAN PROCESSED","raw","white pepper","39A","white pepper_gm_reciepe","30","gm","1","30","","","","","","","38.6778","1044.3000","27.0000000000000000","","",""
"line_detail","CH7","MANCHURIAN PROCESSED","raw","white pepper","39A","white pepper_gm_reciepe","30","gm","1","30","","","","","","","38.6778","1044.3000","27.0000000000000000","","",""
"dish_summary","CH7","MANCHURIAN PROCESSED","","","","MANCHURIAN_1_portion","27","piece","1","","","1044.3000","standard","false","MANCHURIAN_1_portion","","38.6778","1044.3000","27.0000000000000000","0","57","0"
"line_detail","D003","PINDI  CHOLE","raw","oil tin","7","staff rice_gm_reciepe","150","","","","","","","","","","0.0000","0.0000","1","","",""
"line_detail","D003","PINDI  CHOLE","raw","oil tin","7","staff rice_gm_reciepe","150","","","","","","","","","","0.0000","0.0000","1","","",""
"line_detail","D003","PINDI  CHOLE","raw","oil tin","7","staff rice_gm_reciepe","150","","","","","","","","","","0.0000","0.0000","1","","",""
"line_detail","D003","PINDI  CHOLE","raw","oil tin","7","staff rice_gm_reciepe","150","","","","","","","","","","0.0000","0.0000","1","","",""
"line_detail","D003","PINDI  CHOLE","raw","oil tin","7","staff rice_gm_reciepe","150","","","","","","","","","","0.0000","0.0000","1","","",""
"line_detail","D003","PINDI  CHOLE","raw","oil tin","7","staff rice_gm_reciepe","150","","","","","","","","","","0.0000","0.0000","1","","",""
"dish_summary","D003","PINDI  CHOLE","","","","","","","","","","0.0000","standard","","","","0.0000","0.0000","1","0","6","0"
"line_detail","D004","EXTRA  KULCHA","raw","chilly powder","10","staff rice_gm_reciepe","175","","","","","","","","","","0.0000","0.0000","1","","",""
"line_detail","D004","EXTRA  KULCHA","raw","chilly powder","10","staff rice_gm_reciepe","175","","","","","","","","","","0.0000","0.0000","1","","",""
"line_detail","D004","EXTRA  KULCHA","raw","chilly powder","10","staff rice_gm_reciepe","175","","","","","","","","","","0.0000","0.0000","1","","",""
"line_detail","D004","EXTRA  KULCHA","raw","chilly powder","10","staff rice_gm_reciepe","175","","","","","","","","","","0.0000","0.0000","1","","",""
"line_detail","D004","EXTRA  KULCHA","raw","chilly powder","10","staff rice_gm_reciepe","175","","","","","","","","","","0.0000","0.0000","1","","",""
"line_detail","D004","EXTRA  KULCHA","raw","chilly powder","10","staff rice_gm_reciepe","175","","","","","","","","","","0.0000","0.0000","1","","",""
"dish_summary","D004","EXTRA  KULCHA","","","","","","","","","","0.0000","standard","","","","0.0000","0.0000","1","0","6","0"
"line_detail","D005","ONION PARATHA","raw","Onion","V11","Onion_gm_reciepe","60","gm","1","60","","","","","","","33.1200","33.1200","1","","",""
"line_detail","D005","ONION PARATHA","raw","Onion","V11","Onion_gm_reciepe","60","gm","1","60","","","","","","","33.1200","33.1200","1","","",""
"line_detail","D005","ONION PARATHA","raw","Onion","V11","Onion_gm_reciepe","60","gm","1","60","","","","","","","33.1200","33.1200","1","","",""
"line_detail","D005","ONION PARATHA","raw","Onion","V11","Onion_gm_reciepe","60","gm","1","60","","","","","","","33.1200","33.1200","1","","",""
"line_detail","D005","ONION PARATHA","raw","PANEER","D3","","50","","","","","","","","","","33.1200","33.1200","1","","",""
"line_detail","D005","ONION PARATHA","raw","aaata","1","aaata_gm_reciepe","150","gm","1","150","0.0368","5.5200","","","","","33.1200","33.1200","1","","",""
"line_detail","D005","ONION PARATHA","raw","aaata","1","aaata_gm_reciepe","150","gm","1","150","0.0368","5.5200","","","","","33.1200","33.1200","1","","",""
"line_detail","D005","ONION PARATHA","raw","aaata","1","aaata_gm_reciepe","150","gm","1","150","0.0368","5.5200","","","","","33.1200","33.1200","1","","",""
"line_detail","D005","ONION PARATHA","raw","aaata","1","aaata_gm_reciepe","150","gm","1","150","0.0368","5.5200","","","","","33.1200","33.1200","1","","",""
"line_detail","D005","ONION PARATHA","raw","aaata","1","aaata_gm_reciepe","150","gm","1","150","0.0368","5.5200","","","","","33.1200","33.1200","1","","",""
"line_detail","D005","ONION PARATHA","raw","aaata","1","aaata_gm_reciepe","150","gm","1","150","0.0368","5.5200","","","","","33.1200","33.1200","1","","",""
"line_detail","D005","ONION PARATHA","raw","haldi powder","11","staff rice_gm_reciepe","200","","","","","","","","","","33.1200","33.1200","1","","",""
"line_detail","D005","ONION PARATHA","raw","haldi powder","11","staff rice_gm_reciepe","200","","","","","","","","","","33.1200","33.1200","1","","",""
"line_detail","D005","ONION PARATHA","raw","haldi powder","11","staff rice_gm_reciepe","200","","","","","","","","","","33.1200","33.1200","1","","",""
"line_detail","D005","ONION PARATHA","raw","haldi powder","11","staff rice_gm_reciepe","200","","","","","","","","","","33.1200","33.1200","1","","",""
"line_detail","D005","ONION PARATHA","raw","haldi powder","11","staff rice_gm_reciepe","200","","","","","","","","","","33.1200","33.1200","1","","",""
"line_detail","D005","ONION PARATHA","raw","haldi powder","11","staff rice_gm_reciepe","200","","","","","","","","","","33.1200","33.1200","1","","",""
"line_detail","D005","ONION PARATHA","raw","potato","V22","potato_gm_reciepe","100","gm","1","100","","","","","","","33.1200","33.1200","1","","",""
"line_detail","D005","ONION PARATHA","raw","potato","V22","potato_gm_reciepe","100","gm","1","100","","","","","","","33.1200","33.1200","1","","",""
"line_detail","D005","ONION PARATHA","raw","potato","V22","potato_gm_reciepe","100","gm","1","100","","","","","","","33.1200","33.1200","1","","",""
"line_detail","D005","ONION PARATHA","raw","potato","V22","potato_gm_reciepe","100","gm","1","100","","","","","","","33.1200","33.1200","1","","",""
"dish_summary","D005","ONION PARATHA","","","","ONION PARATHA_1_portion","","","","","","33.1200","standard","false","ONION PARATHA_1_portion","","33.1200","33.1200","1","1","15","0"
"line_detail","D006","ALOO PARATHA","raw","Onion","V11","Onion_gm_reciepe","30","gm","1","30","","","","","","","33.1200","33.1200","1","","",""
"line_detail","D006","ALOO PARATHA","raw","Onion","V11","Onion_gm_reciepe","30","gm","1","30","","","","","","","33.1200","33.1200","1","","",""
"line_detail","D006","ALOO PARATHA","raw","Onion","V11","Onion_gm_reciepe","30","gm","1","30","","","","","","","33.1200","33.1200","1","","",""
"line_detail","D006","ALOO PARATHA","raw","Onion","V11","Onion_gm_reciepe","30","gm","1","30","","","","","","","33.1200","33.1200","1","","",""
"line_detail","D006","ALOO PARATHA","raw","aaata","1","aaata_gm_reciepe","150","gm","1","150","0.0368","5.5200","","","","","33.1200","33.1200","1","","",""
"line_detail","D006","ALOO PARATHA","raw","aaata","1","aaata_gm_reciepe","150","gm","1","150","0.0368","5.5200","","","","","33.1200","33.1200","1","","",""
"line_detail","D006","ALOO PARATHA","raw","aaata","1","aaata_gm_reciepe","150","gm","1","150","0.0368","5.5200","","","","","33.1200","33.1200","1","","",""
"line_detail","D006","ALOO PARATHA","raw","aaata","1","aaata_gm_reciepe","150","gm","1","150","0.0368","5.5200","","","","","33.1200","33.1200","1","","",""
"line_detail","D006","ALOO PARATHA","raw","aaata","1","aaata_gm_reciepe","150","gm","1","150","0.0368","5.5200","","","","","33.1200","33.1200","1","","",""
"line_detail","D006","ALOO PARATHA","raw","aaata","1","aaata_gm_reciepe","150","gm","1","150","0.0368","5.5200","","","","","33.1200","33.1200","1","","",""
"line_detail","D006","ALOO PARATHA","raw","potato","V22","potato_gm_reciepe","150","gm","1","150","","","","","","","33.1200","33.1200","1","","",""
"line_detail","D006","ALOO PARATHA","raw","potato","V22","potato_gm_reciepe","80","gm","1","80","","","","","","","33.1200","33.1200","1","","",""
"line_detail","D006","ALOO PARATHA","raw","potato","V22","potato_gm_reciepe","150","gm","1","150","","","","","","","33.1200","33.1200","1","","",""
"line_detail","D006","ALOO PARATHA","raw","potato","V22","potato_gm_reciepe","80","gm","1","80","","","","","","","33.1200","33.1200","1","","",""
"line_detail","D006","ALOO PARATHA","raw","potato","V22","potato_gm_reciepe","80","gm","1","80","","","","","","","33.1200","33.1200","1","","",""
"line_detail","D006","ALOO PARATHA","raw","potato","V22","potato_gm_reciepe","150","gm","1","150","","","","","","","33.1200","33.1200","1","","",""
"line_detail","D006","ALOO PARATHA","raw","potato","V22","potato_gm_reciepe","150","gm","1","150","","","","","","","33.1200","33.1200","1","","",""
"line_detail","D006","ALOO PARATHA","raw","potato","V22","potato_gm_reciepe","80","gm","1","80","","","","","","","33.1200","33.1200","1","","",""
"dish_summary","D006","ALOO PARATHA","","","","ALOO PARATHA_1_portion","","","","","","33.1200","standard","false","ALOO PARATHA_1_portion","","33.1200","33.1200","1","1","12","0"
"line_detail","D008","ALOO LEHSUNI PARATHA","raw","Garlic","V10","Garlic_gm_reciepe","50","gm","1","50","","","","","","","33.1200","33.1200","1","","",""
"line_detail","D008","ALOO LEHSUNI PARATHA","raw","Garlic","V10","Garlic_gm_reciepe","50","gm","1","50","","","","","","","33.1200","33.1200","1","","",""
"line_detail","D008","ALOO LEHSUNI PARATHA","raw","Garlic","V10","Garlic_gm_reciepe","50","gm","1","50","","","","","","","33.1200","33.1200","1","","",""
"line_detail","D008","ALOO LEHSUNI PARATHA","raw","Garlic","V10","Garlic_gm_reciepe","50","gm","1","50","","","","","","","33.1200","33.1200","1","","",""
"line_detail","D008","ALOO LEHSUNI PARATHA","raw","aaata","1","aaata_gm_reciepe","150","gm","1","150","0.0368","5.5200","","","","","33.1200","33.1200","1","","",""
"line_detail","D008","ALOO LEHSUNI PARATHA","raw","aaata","1","aaata_gm_reciepe","150","gm","1","150","0.0368","5.5200","","","","","33.1200","33.1200","1","","",""
"line_detail","D008","ALOO LEHSUNI PARATHA","raw","aaata","1","aaata_gm_reciepe","150","gm","1","150","0.0368","5.5200","","","","","33.1200","33.1200","1","","",""
"line_detail","D008","ALOO LEHSUNI PARATHA","raw","aaata","1","aaata_gm_reciepe","150","gm","1","150","0.0368","5.5200","","","","","33.1200","33.1200","1","","",""
"line_detail","D008","ALOO LEHSUNI PARATHA","raw","aaata","1","aaata_gm_reciepe","150","gm","1","150","0.0368","5.5200","","","","","33.1200","33.1200","1","","",""
"line_detail","D008","ALOO LEHSUNI PARATHA","raw","aaata","1","aaata_gm_reciepe","150","gm","1","150","0.0368","5.5200","","","","","33.1200","33.1200","1","","",""
"line_detail","D008","ALOO LEHSUNI PARATHA","raw","potato","V22","potato_gm_reciepe","80","gm","1","80","","","","","","","33.1200","33.1200","1","","",""
"line_detail","D008","ALOO LEHSUNI PARATHA","raw","potato","V22","potato_gm_reciepe","100","gm","1","100","","","","","","","33.1200","33.1200","1","","",""
"line_detail","D008","ALOO LEHSUNI PARATHA","raw","potato","V22","potato_gm_reciepe","100","gm","1","100","","","","","","","33.1200","33.1200","1","","",""
"line_detail","D008","ALOO LEHSUNI PARATHA","raw","potato","V22","potato_gm_reciepe","80","gm","1","80","","","","","","","33.1200","33.1200","1","","",""
"line_detail","D008","ALOO LEHSUNI PARATHA","raw","potato","V22","potato_gm_reciepe","100","gm","1","100","","","","","","","33.1200","33.1200","1","","",""
"line_detail","D008","ALOO LEHSUNI PARATHA","raw","potato","V22","potato_gm_reciepe","80","gm","1","80","","","","","","","33.1200","33.1200","1","","",""
"line_detail","D008","ALOO LEHSUNI PARATHA","raw","potato","V22","potato_gm_reciepe","80","gm","1","80","","","","","","","33.1200","33.1200","1","","",""
"line_detail","D008","ALOO LEHSUNI PARATHA","raw","potato","V22","potato_gm_reciepe","100","gm","1","100","","","","","","","33.1200","33.1200","1","","",""
"dish_summary","D008","ALOO LEHSUNI PARATHA","","","","ALOO LEHSUNI PARATHA_1_portion","","","","","","33.1200","standard","false","ALOO LEHSUNI PARATHA_1_portion","","33.1200","33.1200","1","1","12","0"
"line_detail","D009","PANEER PARATHA","raw","PANEER","D3","PANEER_gm_reciepe","80","","","","","","","","","","33.1200","33.1200","1","","",""
"line_detail","D009","PANEER PARATHA","raw","PANEER","D3","","50","","","","","","","","","","33.1200","33.1200","1","","",""
"line_detail","D009","PANEER PARATHA","raw","aaata","1","aaata_gm_reciepe","150","gm","1","150","0.0368","5.5200","","","","","33.1200","33.1200","1","","",""
"line_detail","D009","PANEER PARATHA","raw","aaata","1","aaata_gm_reciepe","150","gm","1","150","0.0368","5.5200","","","","","33.1200","33.1200","1","","",""
"line_detail","D009","PANEER PARATHA","raw","aaata","1","aaata_gm_reciepe","150","gm","1","150","0.0368","5.5200","","","","","33.1200","33.1200","1","","",""
"line_detail","D009","PANEER PARATHA","raw","aaata","1","aaata_gm_reciepe","150","gm","1","150","0.0368","5.5200","","","","","33.1200","33.1200","1","","",""
"line_detail","D009","PANEER PARATHA","raw","aaata","1","aaata_gm_reciepe","150","gm","1","150","0.0368","5.5200","","","","","33.1200","33.1200","1","","",""
"line_detail","D009","PANEER PARATHA","raw","aaata","1","aaata_gm_reciepe","150","gm","1","150","0.0368","5.5200","","","","","33.1200","33.1200","1","","",""
"dish_summary","D009","PANEER PARATHA","","","","PANEER PARATHA_1_portion","","","","","","33.1200","standard","false","PANEER PARATHA_1_portion","","33.1200","33.1200","1","1","2","0"
"line_detail","D010","CRISPY VEG","raw","Coriander","V9","Coriander_gm_reciepe","10","gm","1","10","","","","","","","1.6500","1.6500","1","","",""
"line_detail","D010","CRISPY VEG","raw","Coriander","V9","Coriander_gm_reciepe","10","gm","1","10","","","","","","","1.6500","1.6500","1","","",""
"line_detail","D010","CRISPY VEG","raw","Coriander","V9","Coriander_gm_reciepe","10","gm","1","10","","","","","","","1.6500","1.6500","1","","",""
"line_detail","D010","CRISPY VEG","raw","Coriander","V9","Coriander_gm_reciepe","10","gm","1","10","","","","","","","1.6500","1.6500","1","","",""
"line_detail","D010","CRISPY VEG","raw","Garlic","V10","Garlic_gm_reciepe","10","gm","1","10","","","","","","","1.6500","1.6500","1","","",""
"line_detail","D010","CRISPY VEG","raw","Garlic","V10","Garlic_gm_reciepe","10","gm","1","10","","","","","","","1.6500","1.6500","1","","",""
"line_detail","D010","CRISPY VEG","raw","Garlic","V10","Garlic_gm_reciepe","10","gm","1","10","","","","","","","1.6500","1.6500","1","","",""
"line_detail","D010","CRISPY VEG","raw","Garlic","V10","Garlic_gm_reciepe","10","gm","1","10","","","","","","","1.6500","1.6500","1","","",""
"line_detail","D010","CRISPY VEG","raw","Green Chilli","V2","Green Chilli_gm_reciepe","10","gm","1","10","","","","","","","1.6500","1.6500","1","","",""
"line_detail","D010","CRISPY VEG","raw","Green Chilli","V2","Green Chilli_gm_reciepe","10","gm","1","10","","","","","","","1.6500","1.6500","1","","",""
"line_detail","D010","CRISPY VEG","raw","Green Chilli","V2","Green Chilli_gm_reciepe","10","gm","1","10","","","","","","","1.6500","1.6500","1","","",""
"line_detail","D010","CRISPY VEG","raw","Green Chilli","V2","Green Chilli_gm_reciepe","10","gm","1","10","","","","","","","1.6500","1.6500","1","","",""
"line_detail","D010","CRISPY VEG","raw","Onion","V11","Onion_gm_reciepe","20","gm","1","20","","","","","","","1.6500","1.6500","1","","",""
"line_detail","D010","CRISPY VEG","raw","Onion","V11","Onion_gm_reciepe","20","gm","1","20","","","","","","","1.6500","1.6500","1","","",""
"line_detail","D010","CRISPY VEG","raw","Onion","V11","Onion_gm_reciepe","20","gm","1","20","","","","","","","1.6500","1.6500","1","","",""
"line_detail","D010","CRISPY VEG","raw","Onion","V11","Onion_gm_reciepe","20","gm","1","20","","","","","","","1.6500","1.6500","1","","",""
"line_detail","D010","CRISPY VEG","raw","Spring Onion","V8","Spring Onion_gm_reciepe","10","gm","1","10","","","","","","","1.6500","1.6500","1","","",""
"line_detail","D010","CRISPY VEG","raw","Spring Onion","V8","Spring Onion_gm_reciepe","10","gm","1","10","","","","","","","1.6500","1.6500","1","","",""
"line_detail","D010","CRISPY VEG","raw","Spring Onion","V8","Spring Onion_gm_reciepe","10","gm","1","10","","","","","","","1.6500","1.6500","1","","",""
"line_detail","D010","CRISPY VEG","raw","Spring Onion","V8","Spring Onion_gm_reciepe","10","gm","1","10","","","","","","","1.6500","1.6500","1","","",""
"line_detail","D010","CRISPY VEG","raw","ajinomoto","40","ajinomoto_gm_reciepe","15","gm","1","15","","","","","","","1.6500","1.6500","1","","",""
"line_detail","D010","CRISPY VEG","raw","ajinomoto","40","ajinomoto_gm_reciepe","15","gm","1","15","","","","","","","1.6500","1.6500","1","","",""
"line_detail","D010","CRISPY VEG","raw","ajinomoto","40","ajinomoto_gm_reciepe","15","gm","1","15","","","","","","","1.6500","1.6500","1","","",""
"line_detail","D010","CRISPY VEG","raw","lal mirch","110","lal mirch_gm_reciepe","15","gm","1","15","","","","","","","1.6500","1.6500","1","","",""
"line_detail","D010","CRISPY VEG","raw","lal mirch","110","lal mirch_gm_reciepe","15","gm","1","15","","","","","","","1.6500","1.6500","1","","",""
"line_detail","D010","CRISPY VEG","raw","lal mirch","110","lal mirch_gm_reciepe","15","gm","1","15","","","","","","","1.6500","1.6500","1","","",""
"line_detail","D010","CRISPY VEG","raw","schezwan","41","schezwan_gm_reciepe","20","gm","1","20","","","","","","","1.6500","1.6500","1","","",""
"line_detail","D010","CRISPY VEG","raw","schezwan","41","schezwan_gm_reciepe","20","gm","1","20","","","","","","","1.6500","1.6500","1","","",""
"line_detail","D010","CRISPY VEG","raw","schezwan","41","schezwan_gm_reciepe","20","gm","1","20","","","","","","","1.6500","1.6500","1","","",""
"line_detail","D010","CRISPY VEG","raw","schezwan","41","schezwan_gm_reciepe","20","gm","1","20","","","","","","","1.6500","1.6500","1","","",""
"line_detail","D010","CRISPY VEG","raw","schezwan","41","schezwan_gm_reciepe","20","gm","1","20","","","","","","","1.6500","1.6500","1","","",""
"line_detail","D010","CRISPY VEG","raw","schezwan","41","schezwan_gm_reciepe","20","gm","1","20","","","","","","","1.6500","1.6500","1","","",""
"line_detail","D010","CRISPY VEG","raw","sugar","6","sugar_gm_reciepe","10","gm","1","10","0.0550","0.5500","","","","","1.6500","1.6500","1","","",""
"line_detail","D010","CRISPY VEG","raw","sugar","6","sugar_gm_reciepe","10","gm","1","10","0.0550","0.5500","","","","","1.6500","1.6500","1","","",""
"line_detail","D010","CRISPY VEG","raw","sugar","6","sugar_gm_reciepe","10","gm","1","10","0.0550","0.5500","","","","","1.6500","1.6500","1","","",""
"line_detail","D010","CRISPY VEG","raw","tomato kechup","37","tomato kechup_gm_reciepe","10","gm","1","10","","","","","","","1.6500","1.6500","1","","",""
"line_detail","D010","CRISPY VEG","raw","tomato kechup","37","tomato kechup_gm_reciepe","10","gm","1","10","","","","","","","1.6500","1.6500","1","","",""
"line_detail","D010","CRISPY VEG","raw","tomato kechup","37","tomato kechup_gm_reciepe","10","gm","1","10","","","","","","","1.6500","1.6500","1","","",""
"line_detail","D010","CRISPY VEG","raw","tomato kechup","37","tomato kechup_gm_reciepe","10","gm","1","10","","","","","","","1.6500","1.6500","1","","",""
"line_detail","D010","CRISPY VEG","raw","tomato kechup","37","tomato kechup_gm_reciepe","10","gm","1","10","","","","","","","1.6500","1.6500","1","","",""
"line_detail","D010","CRISPY VEG","raw","tomato kechup","37","tomato kechup_gm_reciepe","10","gm","1","10","","","","","","","1.6500","1.6500","1","","",""
"line_detail","D010","CRISPY VEG","raw","tomato kechup","37","tomato kechup_gm_reciepe","10","gm","1","10","","","","","","","1.6500","1.6500","1","","",""
"line_detail","D010","CRISPY VEG","raw","tomato kechup","37","tomato kechup_gm_reciepe","10","gm","1","10","","","","","","","1.6500","1.6500","1","","",""
"line_detail","D010","CRISPY VEG","raw","tomato kechup","37","tomato kechup_gm_reciepe","10","gm","1","10","","","","","","","1.6500","1.6500","1","","",""
"line_detail","D010","CRISPY VEG","raw","tomato kechup","37","tomato kechup_gm_reciepe","10","gm","1","10","","","","","","","1.6500","1.6500","1","","",""
"line_detail","D010","CRISPY VEG","raw","tomato kechup","37","tomato kechup_gm_reciepe","10","gm","1","10","","","","","","","1.6500","1.6500","1","","",""
"line_detail","D010","CRISPY VEG","raw","tomato kechup","37","tomato kechup_gm_reciepe","10","gm","1","10","","","","","","","1.6500","1.6500","1","","",""
"line_detail","D010","CRISPY VEG","raw","tomato kechup","37","tomato kechup_gm_reciepe","10","gm","1","10","","","","","","","1.6500","1.6500","1","","",""
"line_detail","D010","CRISPY VEG","raw","tomato kechup","37","tomato kechup_gm_reciepe","10","gm","1","10","","","","","","","1.6500","1.6500","1","","",""
"line_detail","D010","CRISPY VEG","raw","tomato kechup","37","tomato kechup_gm_reciepe","10","gm","1","10","","","","","","","1.6500","1.6500","1","","",""
"line_detail","D010","CRISPY VEG","raw","white pepper","39A","white pepper_gm_reciepe","15","gm","1","15","","","","","","","1.6500","1.6500","1","","",""
"line_detail","D010","CRISPY VEG","raw","white pepper","39A","white pepper_gm_reciepe","15","gm","1","15","","","","","","","1.6500","1.6500","1","","",""
"line_detail","D010","CRISPY VEG","raw","white pepper","39A","white pepper_gm_reciepe","15","gm","1","15","","","","","","","1.6500","1.6500","1","","",""
"dish_summary","D010","CRISPY VEG","","","","CRISPY VEG_1_portion","","","","","","1.6500","standard","false","CRISPY VEG_1_portion","","1.6500","1.6500","1","0","50","0"
"line_detail","D011","MANCHURIAN","raw","Garlic","V10","Garlic_gm_reciepe","20","gm","1","20","","","","","","","0.4500","0.4500","1","","",""
"line_detail","D011","MANCHURIAN","raw","Garlic","V10","Garlic_gm_reciepe","20","gm","1","20","","","","","","","0.4500","0.4500","1","","",""
"line_detail","D011","MANCHURIAN","raw","Garlic","V10","Garlic_gm_reciepe","20","gm","1","20","","","","","","","0.4500","0.4500","1","","",""
"line_detail","D011","MANCHURIAN","raw","Garlic","V10","Garlic_gm_reciepe","20","gm","1","20","","","","","","","0.4500","0.4500","1","","",""
"line_detail","D011","MANCHURIAN","raw","Ginger","V3","Ginger_gm_reciepe","10","gm","1","10","","","","","","","0.4500","0.4500","1","","",""
"line_detail","D011","MANCHURIAN","raw","Ginger","V3","Ginger_gm_reciepe","10","gm","1","10","","","","","","","0.4500","0.4500","1","","",""
"line_detail","D011","MANCHURIAN","raw","Ginger","V3","Ginger_gm_reciepe","10","gm","1","10","","","","","","","0.4500","0.4500","1","","",""
"line_detail","D011","MANCHURIAN","raw","Ginger","V3","Ginger_gm_reciepe","10","gm","1","10","","","","","","","0.4500","0.4500","1","","",""
"line_detail","D011","MANCHURIAN","raw","Green Chilli","V2","Green Chilli_gm_reciepe","10","gm","1","10","","","","","","","0.4500","0.4500","1","","",""
"line_detail","D011","MANCHURIAN","raw","Green Chilli","V2","Green Chilli_gm_reciepe","10","gm","1","10","","","","","","","0.4500","0.4500","1","","",""
"line_detail","D011","MANCHURIAN","raw","Green Chilli","V2","Green Chilli_gm_reciepe","10","gm","1","10","","","","","","","0.4500","0.4500","1","","",""
"line_detail","D011","MANCHURIAN","raw","Green Chilli","V2","Green Chilli_gm_reciepe","10","gm","1","10","","","","","","","0.4500","0.4500","1","","",""
"line_detail","D011","MANCHURIAN","raw","Onion","V11","Onion_gm_reciepe","20","gm","1","20","","","","","","","0.4500","0.4500","1","","",""
"line_detail","D011","MANCHURIAN","raw","Onion","V11","Onion_gm_reciepe","20","gm","1","20","","","","","","","0.4500","0.4500","1","","",""
"line_detail","D011","MANCHURIAN","raw","Onion","V11","Onion_gm_reciepe","20","gm","1","20","","","","","","","0.4500","0.4500","1","","",""
"line_detail","D011","MANCHURIAN","raw","Onion","V11","Onion_gm_reciepe","20","gm","1","20","","","","","","","0.4500","0.4500","1","","",""
"line_detail","D011","MANCHURIAN","raw","Spring Onion","V8","Spring Onion_gm_reciepe","10","gm","1","10","","","","","","","0.4500","0.4500","1","","",""
"line_detail","D011","MANCHURIAN","raw","Spring Onion","V8","Spring Onion_gm_reciepe","10","gm","1","10","","","","","","","0.4500","0.4500","1","","",""
"line_detail","D011","MANCHURIAN","raw","Spring Onion","V8","Spring Onion_gm_reciepe","10","gm","1","10","","","","","","","0.4500","0.4500","1","","",""
"line_detail","D011","MANCHURIAN","raw","Spring Onion","V8","Spring Onion_gm_reciepe","10","gm","1","10","","","","","","","0.4500","0.4500","1","","",""
"line_detail","D011","MANCHURIAN","raw","TOMATO KETCHUP","71B","TOMATO KETCHUP_gm_reciepe","20","","","","","","","","","","0.4500","0.4500","1","","",""
"line_detail","D011","MANCHURIAN","raw","TOMATO KETCHUP","71B","TOMATO KETCHUP_gm_reciepe","20","","","","","","","","","","0.4500","0.4500","1","","",""
"line_detail","D011","MANCHURIAN","raw","TOMATO KETCHUP","71B","TOMATO KETCHUP_gm_reciepe","20","","","","","","","","","","0.4500","0.4500","1","","",""
"line_detail","D011","MANCHURIAN","raw","corn floor","36A","corn floor_gm_reciepe","30","gm","1","30","","","","","","","0.4500","0.4500","1","","",""
"line_detail","D011","MANCHURIAN","raw","corn floor","36A","corn floor_gm_reciepe","30","gm","1","30","","","","","","","0.4500","0.4500","1","","",""
"line_detail","D011","MANCHURIAN","raw","corn floor","36A","corn floor_gm_reciepe","30","gm","1","30","","","","","","","0.4500","0.4500","1","","",""
"line_detail","D011","MANCHURIAN","raw","corn floor","36A","corn floor_gm_reciepe","30","gm","1","30","","","","","","","0.4500","0.4500","1","","",""
"line_detail","D011","MANCHURIAN","raw","corn floor","36A","corn floor_gm_reciepe","30","gm","1","30","","","","","","","0.4500","0.4500","1","","",""
"line_detail","D011","MANCHURIAN","raw","corn floor","36A","corn floor_gm_reciepe","30","gm","1","30","","","","","","","0.4500","0.4500","1","","",""
"line_detail","D011","MANCHURIAN","raw","dhaniya","9","dhaniya_gm_reciepe","10","gm","1","10","","","","","","","0.4500","0.4500","1","","",""
"line_detail","D011","MANCHURIAN","raw","dhaniya","9","dhaniya_gm_reciepe","10","gm","1","10","","","","","","","0.4500","0.4500","1","","",""
"line_detail","D011","MANCHURIAN","raw","dhaniya","9","dhaniya_gm_reciepe","10","gm","1","10","","","","","","","0.4500","0.4500","1","","",""
"line_detail","D011","MANCHURIAN","raw","dhaniya","9","dhaniya_gm_reciepe","10","gm","1","10","","","","","","","0.4500","0.4500","1","","",""
"line_detail","D011","MANCHURIAN","raw","dhaniya","9","dhaniya_gm_reciepe","10","gm","1","10","","","","","","","0.4500","0.4500","1","","",""
"line_detail","D011","MANCHURIAN","raw","dhaniya","9","dhaniya_gm_reciepe","10","gm","1","10","","","","","","","0.4500","0.4500","1","","",""
"line_detail","D011","MANCHURIAN","raw","green sauce","42","green sauce_gm_reciepe","10","gm","1","10","","","","","","","0.4500","0.4500","1","","",""
"line_detail","D011","MANCHURIAN","raw","green sauce","42","green sauce_gm_reciepe","10","gm","1","10","","","","","","","0.4500","0.4500","1","","",""
"line_detail","D011","MANCHURIAN","raw","green sauce","42","green sauce_gm_reciepe","10","gm","1","10","","","","","","","0.4500","0.4500","1","","",""
"line_detail","D011","MANCHURIAN","raw","lal mirch","110","lal mirch_gm_reciepe","15","gm","1","15","","","","","","","0.4500","0.4500","1","","",""
"line_detail","D011","MANCHURIAN","raw","lal mirch","110","lal mirch_gm_reciepe","15","gm","1","15","","","","","","","0.4500","0.4500","1","","",""
"line_detail","D011","MANCHURIAN","raw","lal mirch","110","lal mirch_gm_reciepe","15","gm","1","15","","","","","","","0.4500","0.4500","1","","",""
"line_detail","D011","MANCHURIAN","raw","salt","27A","salt_gm_reciepe","5","gm","1","5","0.0300","0.1500","","","","","0.4500","0.4500","1","","",""
"line_detail","D011","MANCHURIAN","raw","salt","27A","salt_gm_reciepe","5","gm","1","5","0.0300","0.1500","","","","","0.4500","0.4500","1","","",""
"line_detail","D011","MANCHURIAN","raw","salt","27A","salt_gm_reciepe","5","gm","1","5","0.0300","0.1500","","","","","0.4500","0.4500","1","","",""
"line_detail","D011","MANCHURIAN","raw","schezwan sauce","41","schezwan sauce_gm_reciepe","20","gm","1","20","","","","","","","0.4500","0.4500","1","","",""
"line_detail","D011","MANCHURIAN","raw","schezwan sauce","41","schezwan sauce_gm_reciepe","20","gm","1","20","","","","","","","0.4500","0.4500","1","","",""
"line_detail","D011","MANCHURIAN","raw","schezwan sauce","41","schezwan sauce_gm_reciepe","20","gm","1","20","","","","","","","0.4500","0.4500","1","","",""
"line_detail","D011","MANCHURIAN","raw","schezwan sauce","41","schezwan sauce_gm_reciepe","20","gm","1","20","","","","","","","0.4500","0.4500","1","","",""
"line_detail","D011","MANCHURIAN","raw","schezwan sauce","41","schezwan sauce_gm_reciepe","20","gm","1","20","","","","","","","0.4500","0.4500","1","","",""
"line_detail","D011","MANCHURIAN","raw","schezwan sauce","41","schezwan sauce_gm_reciepe","20","gm","1","20","","","","","","","0.4500","0.4500","1","","",""
"line_detail","D011","MANCHURIAN","raw","soya sauce","43A","soya sauce_gm_reciepe","10","gm","1","10","","","","","","","0.4500","0.4500","1","","",""
"line_detail","D011","MANCHURIAN","raw","soya sauce","43A","soya sauce_gm_reciepe","10","gm","1","10","","","","","","","0.4500","0.4500","1","","",""
"line_detail","D011","MANCHURIAN","raw","soya sauce","43A","soya sauce_gm_reciepe","10","gm","1","10","","","","","","","0.4500","0.4500","1","","",""
"dish_summary","D011","MANCHURIAN","","","","MANCHURIAN_1_portion","","","","","","0.4500","standard","false","MANCHURIAN_1_portion","","0.4500","0.4500","1","0","50","0"
"line_detail","D012","HONEY CHILLY POTATO","raw","Garlic","V10","Garlic_gm_reciepe","20","gm","1","20","","","","","","","284.1720","284.1720","1","","",""
"line_detail","D012","HONEY CHILLY POTATO","raw","Garlic","V10","Garlic_gm_reciepe","20","gm","1","20","","","","","","","284.1720","284.1720","1","","",""
"line_detail","D012","HONEY CHILLY POTATO","raw","Garlic","V10","Garlic_gm_reciepe","20","gm","1","20","","","","","","","284.1720","284.1720","1","","",""
"line_detail","D012","HONEY CHILLY POTATO","raw","Garlic","V10","Garlic_gm_reciepe","20","gm","1","20","","","","","","","284.1720","284.1720","1","","",""
"line_detail","D012","HONEY CHILLY POTATO","raw","Garlic","V10","Garlic_gm_reciepe","20","gm","1","20","","","","","","","284.1720","284.1720","1","","",""
"line_detail","D012","HONEY CHILLY POTATO","raw","Garlic","V10","Garlic_gm_reciepe","20","gm","1","20","","","","","","","284.1720","284.1720","1","","",""
"line_detail","D012","HONEY CHILLY POTATO","raw","Garlic","V10","Garlic_gm_reciepe","20","gm","1","20","","","","","","","284.1720","284.1720","1","","",""
"line_detail","D012","HONEY CHILLY POTATO","raw","Garlic","V10","Garlic_gm_reciepe","20","gm","1","20","","","","","","","284.1720","284.1720","1","","",""
"line_detail","D012","HONEY CHILLY POTATO","raw","Ginger","V3","Ginger_gm_reciepe","10","gm","1","10","","","","","","","284.1720","284.1720","1","","",""
"line_detail","D012","HONEY CHILLY POTATO","raw","Ginger","V3","Ginger_gm_reciepe","10","gm","1","10","","","","","","","284.1720","284.1720","1","","",""
"line_detail","D012","HONEY CHILLY POTATO","raw","Ginger","V3","Ginger_gm_reciepe","10","gm","1","10","","","","","","","284.1720","284.1720","1","","",""
"line_detail","D012","HONEY CHILLY POTATO","raw","Ginger","V3","Ginger_gm_reciepe","10","gm","1","10","","","","","","","284.1720","284.1720","1","","",""
"line_detail","D012","HONEY CHILLY POTATO","raw","Ginger","V3","Ginger_gm_reciepe","10","gm","1","10","","","","","","","284.1720","284.1720","1","","",""
"line_detail","D012","HONEY CHILLY POTATO","raw","Ginger","V3","Ginger_gm_reciepe","10","gm","1","10","","","","","","","284.1720","284.1720","1","","",""
"line_detail","D012","HONEY CHILLY POTATO","raw","Ginger","V3","Ginger_gm_reciepe","10","gm","1","10","","","","","","","284.1720","284.1720","1","","",""
"line_detail","D012","HONEY CHILLY POTATO","raw","Ginger","V3","Ginger_gm_reciepe","10","gm","1","10","","","","","","","284.1720","284.1720","1","","",""
"line_detail","D012","HONEY CHILLY POTATO","raw","Green Chilli","V2","Green Chilli_gm_reciepe","10","gm","1","10","","","","","","","284.1720","284.1720","1","","",""
"line_detail","D012","HONEY CHILLY POTATO","raw","Green Chilli","V2","Green Chilli_gm_reciepe","10","gm","1","10","","","","","","","284.1720","284.1720","1","","",""
"line_detail","D012","HONEY CHILLY POTATO","raw","Green Chilli","V2","Green Chilli_gm_reciepe","10","gm","1","10","","","","","","","284.1720","284.1720","1","","",""
"line_detail","D012","HONEY CHILLY POTATO","raw","Green Chilli","V2","Green Chilli_gm_reciepe","10","gm","1","10","","","","","","","284.1720","284.1720","1","","",""
"line_detail","D012","HONEY CHILLY POTATO","raw","Green Chilli","V2","Green Chilli_gm_reciepe","10","gm","1","10","","","","","","","284.1720","284.1720","1","","",""
"line_detail","D012","HONEY CHILLY POTATO","raw","Green Chilli","V2","Green Chilli_gm_reciepe","10","gm","1","10","","","","","","","284.1720","284.1720","1","","",""
"line_detail","D012","HONEY CHILLY POTATO","raw","Green Chilli","V2","Green Chilli_gm_reciepe","10","gm","1","10","","","","","","","284.1720","284.1720","1","","",""
"line_detail","D012","HONEY CHILLY POTATO","raw","Green Chilli","V2","Green Chilli_gm_reciepe","10","gm","1","10","","","","","","","284.1720","284.1720","1","","",""
"line_detail","D012","HONEY CHILLY POTATO","raw","Onion","V11","Onion_gm_reciepe","20","gm","1","20","","","","","","","284.1720","284.1720","1","","",""
"line_detail","D012","HONEY CHILLY POTATO","raw","Onion","V11","Onion_gm_reciepe","20","gm","1","20","","","","","","","284.1720","284.1720","1","","",""
"line_detail","D012","HONEY CHILLY POTATO","raw","Onion","V11","Onion_gm_reciepe","20","gm","1","20","","","","","","","284.1720","284.1720","1","","",""
"line_detail","D012","HONEY CHILLY POTATO","raw","Onion","V11","Onion_gm_reciepe","20","gm","1","20","","","","","","","284.1720","284.1720","1","","",""
"line_detail","D012","HONEY CHILLY POTATO","raw","Onion","V11","Onion_gm_reciepe","20","gm","1","20","","","","","","","284.1720","284.1720","1","","",""
"line_detail","D012","HONEY CHILLY POTATO","raw","Onion","V11","Onion_gm_reciepe","20","gm","1","20","","","","","","","284.1720","284.1720","1","","",""
"line_detail","D012","HONEY CHILLY POTATO","raw","Onion","V11","Onion_gm_reciepe","20","gm","1","20","","","","","","","284.1720","284.1720","1","","",""
"line_detail","D012","HONEY CHILLY POTATO","raw","Onion","V11","Onion_gm_reciepe","20","gm","1","20","","","","","","","284.1720","284.1720","1","","",""
"line_detail","D012","HONEY CHILLY POTATO","raw","Spring Onion","V8","Spring Onion_gm_reciepe","1","gm","1","1","","","","","","","284.1720","284.1720","1","","",""
"line_detail","D012","HONEY CHILLY POTATO","raw","Spring Onion","V8","Spring Onion_gm_reciepe","1","gm","1","1","","","","","","","284.1720","284.1720","1","","",""
"line_detail","D012","HONEY CHILLY POTATO","raw","Spring Onion","V8","Spring Onion_gm_reciepe","1","gm","1","1","","","","","","","284.1720","284.1720","1","","",""
"line_detail","D012","HONEY CHILLY POTATO","raw","Spring Onion","V8","Spring Onion_gm_reciepe","1","gm","1","1","","","","","","","284.1720","284.1720","1","","",""
"line_detail","D012","HONEY CHILLY POTATO","raw","Spring Onion","V8","Spring Onion_gm_reciepe","1","gm","1","1","","","","","","","284.1720","284.1720","1","","",""
"line_detail","D012","HONEY CHILLY POTATO","raw","Spring Onion","V8","Spring Onion_gm_reciepe","1","gm","1","1","","","","","","","284.1720","284.1720","1","","",""
"line_detail","D012","HONEY CHILLY POTATO","raw","Spring Onion","V8","Spring Onion_gm_reciepe","1","gm","1","1","","","","","","","284.1720","284.1720","1","","",""
"line_detail","D012","HONEY CHILLY POTATO","raw","Spring Onion","V8","Spring Onion_gm_reciepe","1","gm","1","1","","","","","","","284.1720","284.1720","1","","",""
"line_detail","D012","HONEY CHILLY POTATO","raw","TOMATO KETCHUP","71B","TOMATO KETCHUP_gm_reciepe","10","","","","","","","","","","284.1720","284.1720","1","","",""
"line_detail","D012","HONEY CHILLY POTATO","raw","TOMATO KETCHUP","71B","TOMATO KETCHUP_gm_reciepe","100","","","","","","","","","","284.1720","284.1720","1","","",""
"line_detail","D012","HONEY CHILLY POTATO","raw","TOMATO KETCHUP","71B","TOMATO KETCHUP_gm_reciepe","10","","","","","","","","","","284.1720","284.1720","1","","",""
"line_detail","D012","HONEY CHILLY POTATO","raw","TOMATO KETCHUP","71B","TOMATO KETCHUP_gm_reciepe","10","","","","","","","","","","284.1720","284.1720","1","","",""
"line_detail","D012","HONEY CHILLY POTATO","raw","TOMATO KETCHUP","71B","TOMATO KETCHUP_gm_reciepe","100","","","","","","","","","","284.1720","284.1720","1","","",""
"line_detail","D012","HONEY CHILLY POTATO","raw","TOMATO KETCHUP","71B","TOMATO KETCHUP_gm_reciepe","10","","","","","","","","","","284.1720","284.1720","1","","",""
"line_detail","D012","HONEY CHILLY POTATO","raw","TOMATO KETCHUP","71B","TOMATO KETCHUP_gm_reciepe","10","","","","","","","","","","284.1720","284.1720","1","","",""
"line_detail","D012","HONEY CHILLY POTATO","raw","TOMATO KETCHUP","71B","TOMATO KETCHUP_gm_reciepe","10","","","","","","","","","","284.1720","284.1720","1","","",""
"line_detail","D012","HONEY CHILLY POTATO","raw","TOMATO KETCHUP","71B","TOMATO KETCHUP_gm_reciepe","100","","","","","","","","","","284.1720","284.1720","1","","",""
"line_detail","D012","HONEY CHILLY POTATO","raw","ajinomoto","40","ajinomoto_gm_reciepe","15","gm","1","15","","","","","","","284.1720","284.1720","1","","",""
"line_detail","D012","HONEY CHILLY POTATO","raw","ajinomoto","40","ajinomoto_gm_reciepe","15","gm","1","15","","","","","","","284.1720","284.1720","1","","",""
"line_detail","D012","HONEY CHILLY POTATO","raw","ajinomoto","40","ajinomoto_gm_reciepe","15","gm","1","15","","","","","","","284.1720","284.1720","1","","",""
"line_detail","D012","HONEY CHILLY POTATO","raw","ajinomoto","40","ajinomoto_gm_reciepe","15","gm","1","15","","","","","","","284.1720","284.1720","1","","",""
"line_detail","D012","HONEY CHILLY POTATO","raw","ajinomoto","40","ajinomoto_gm_reciepe","15","gm","1","15","","","","","","","284.1720","284.1720","1","","",""
"line_detail","D012","HONEY CHILLY POTATO","raw","ajinomoto","40","ajinomoto_gm_reciepe","15","gm","1","15","","","","","","","284.1720","284.1720","1","","",""
"line_detail","D012","HONEY CHILLY POTATO","raw","dhaniya","9","dhaniya_gm_reciepe","10","gm","1","10","","","","","","","284.1720","284.1720","1","","",""
"line_detail","D012","HONEY CHILLY POTATO","raw","dhaniya","9","dhaniya_gm_reciepe","10","gm","1","10","","","","","","","284.1720","284.1720","1","","",""
"line_detail","D012","HONEY CHILLY POTATO","raw","dhaniya","9","dhaniya_gm_reciepe","10","gm","1","10","","","","","","","284.1720","284.1720","1","","",""
"line_detail","D012","HONEY CHILLY POTATO","raw","dhaniya","9","dhaniya_gm_reciepe","10","gm","1","10","","","","","","","284.1720","284.1720","1","","",""
"line_detail","D012","HONEY CHILLY POTATO","raw","dhaniya","9","dhaniya_gm_reciepe","10","gm","1","10","","","","","","","284.1720","284.1720","1","","",""
"line_detail","D012","HONEY CHILLY POTATO","raw","dhaniya","9","dhaniya_gm_reciepe","10","gm","1","10","","","","","","","284.1720","284.1720","1","","",""
"line_detail","D012","HONEY CHILLY POTATO","raw","dhaniya","9","dhaniya_gm_reciepe","10","gm","1","10","","","","","","","284.1720","284.1720","1","","",""
"line_detail","D012","HONEY CHILLY POTATO","raw","dhaniya","9","dhaniya_gm_reciepe","10","gm","1","10","","","","","","","284.1720","284.1720","1","","",""
"line_detail","D012","HONEY CHILLY POTATO","raw","dhaniya","9","dhaniya_gm_reciepe","10","gm","1","10","","","","","","","284.1720","284.1720","1","","",""
"line_detail","D012","HONEY CHILLY POTATO","raw","dhaniya","9","dhaniya_gm_reciepe","10","gm","1","10","","","","","","","284.1720","284.1720","1","","",""
"line_detail","D012","HONEY CHILLY POTATO","raw","dhaniya","9","dhaniya_gm_reciepe","10","gm","1","10","","","","","","","284.1720","284.1720","1","","",""
"line_detail","D012","HONEY CHILLY POTATO","raw","dhaniya","9","dhaniya_gm_reciepe","10","gm","1","10","","","","","","","284.1720","284.1720","1","","",""
"line_detail","D012","HONEY CHILLY POTATO","raw","fries","78","fries_gm_reciepe","220","gm","1","220","0.4242","93.3240","","","","","284.1720","284.1720","1","","",""
"line_detail","D012","HONEY CHILLY POTATO","raw","fries","78","fries_gm_reciepe","220","gm","1","220","0.4242","93.3240","","","","","284.1720","284.1720","1","","",""
"line_detail","D012","HONEY CHILLY POTATO","raw","fries","78","fries_gm_reciepe","220","gm","1","220","0.4242","93.3240","","","","","284.1720","284.1720","1","","",""
"line_detail","D012","HONEY CHILLY POTATO","raw","lal mirch","110","lal mirch_gm_reciepe","15","gm","1","15","","","","","","","284.1720","284.1720","1","","",""
"line_detail","D012","HONEY CHILLY POTATO","raw","lal mirch","110","lal mirch_gm_reciepe","15","gm","1","15","","","","","","","284.1720","284.1720","1","","",""
"line_detail","D012","HONEY CHILLY POTATO","raw","lal mirch","110","lal mirch_gm_reciepe","15","gm","1","15","","","","","","","284.1720","284.1720","1","","",""
"line_detail","D012","HONEY CHILLY POTATO","raw","lal mirch","110","lal mirch_gm_reciepe","15","gm","1","15","","","","","","","284.1720","284.1720","1","","",""
"line_detail","D012","HONEY CHILLY POTATO","raw","lal mirch","110","lal mirch_gm_reciepe","15","gm","1","15","","","","","","","284.1720","284.1720","1","","",""
"line_detail","D012","HONEY CHILLY POTATO","raw","lal mirch","110","lal mirch_gm_reciepe","15","gm","1","15","","","","","","","284.1720","284.1720","1","","",""
"line_detail","D012","HONEY CHILLY POTATO","raw","salt","27A","salt_gm_reciepe","5","gm","1","5","0.0300","0.1500","","","","","284.1720","284.1720","1","","",""
"line_detail","D012","HONEY CHILLY POTATO","raw","salt","27A","salt_gm_reciepe","5","gm","1","5","0.0300","0.1500","","","","","284.1720","284.1720","1","","",""
"line_detail","D012","HONEY CHILLY POTATO","raw","salt","27A","salt_gm_reciepe","5","gm","1","5","0.0300","0.1500","","","","","284.1720","284.1720","1","","",""
"line_detail","D012","HONEY CHILLY POTATO","raw","salt","27A","salt_gm_reciepe","5","gm","1","5","0.0300","0.1500","","","","","284.1720","284.1720","1","","",""
"line_detail","D012","HONEY CHILLY POTATO","raw","salt","27A","salt_gm_reciepe","5","gm","1","5","0.0300","0.1500","","","","","284.1720","284.1720","1","","",""
"line_detail","D012","HONEY CHILLY POTATO","raw","salt","27A","salt_gm_reciepe","5","gm","1","5","0.0300","0.1500","","","","","284.1720","284.1720","1","","",""
"line_detail","D012","HONEY CHILLY POTATO","raw","schezwan sauce","41","schezwan sauce_gm_reciepe","20","gm","1","20","","","","","","","284.1720","284.1720","1","","",""
"line_detail","D012","HONEY CHILLY POTATO","raw","schezwan sauce","41","schezwan sauce_gm_reciepe","20","gm","1","20","","","","","","","284.1720","284.1720","1","","",""
"line_detail","D012","HONEY CHILLY POTATO","raw","schezwan sauce","41","schezwan sauce_gm_reciepe","20","gm","1","20","","","","","","","284.1720","284.1720","1","","",""
"line_detail","D012","HONEY CHILLY POTATO","raw","schezwan sauce","41","schezwan sauce_gm_reciepe","20","gm","1","20","","","","","","","284.1720","284.1720","1","","",""
"line_detail","D012","HONEY CHILLY POTATO","raw","schezwan sauce","41","schezwan sauce_gm_reciepe","20","gm","1","20","","","","","","","284.1720","284.1720","1","","",""
"line_detail","D012","HONEY CHILLY POTATO","raw","schezwan sauce","41","schezwan sauce_gm_reciepe","20","gm","1","20","","","","","","","284.1720","284.1720","1","","",""
"line_detail","D012","HONEY CHILLY POTATO","raw","schezwan sauce","41","schezwan sauce_gm_reciepe","20","gm","1","20","","","","","","","284.1720","284.1720","1","","",""
"line_detail","D012","HONEY CHILLY POTATO","raw","schezwan sauce","41","schezwan sauce_gm_reciepe","20","gm","1","20","","","","","","","284.1720","284.1720","1","","",""
"line_detail","D012","HONEY CHILLY POTATO","raw","schezwan sauce","41","schezwan sauce_gm_reciepe","20","gm","1","20","","","","","","","284.1720","284.1720","1","","",""
"line_detail","D012","HONEY CHILLY POTATO","raw","schezwan sauce","41","schezwan sauce_gm_reciepe","20","gm","1","20","","","","","","","284.1720","284.1720","1","","",""
"line_detail","D012","HONEY CHILLY POTATO","raw","schezwan sauce","41","schezwan sauce_gm_reciepe","20","gm","1","20","","","","","","","284.1720","284.1720","1","","",""
"line_detail","D012","HONEY CHILLY POTATO","raw","schezwan sauce","41","schezwan sauce_gm_reciepe","20","gm","1","20","","","","","","","284.1720","284.1720","1","","",""
"line_detail","D012","HONEY CHILLY POTATO","raw","sugar","6","sugar_gm_reciepe","10","gm","1","10","0.0550","0.5500","","","","","284.1720","284.1720","1","","",""
"line_detail","D012","HONEY CHILLY POTATO","raw","sugar","6","sugar_gm_reciepe","10","gm","1","10","0.0550","0.5500","","","","","284.1720","284.1720","1","","",""
"line_detail","D012","HONEY CHILLY POTATO","raw","sugar","6","sugar_gm_reciepe","10","gm","1","10","0.0550","0.5500","","","","","284.1720","284.1720","1","","",""
"line_detail","D012","HONEY CHILLY POTATO","raw","sugar","6","sugar_gm_reciepe","10","gm","1","10","0.0550","0.5500","","","","","284.1720","284.1720","1","","",""
"line_detail","D012","HONEY CHILLY POTATO","raw","sugar","6","sugar_gm_reciepe","10","gm","1","10","0.0550","0.5500","","","","","284.1720","284.1720","1","","",""
"line_detail","D012","HONEY CHILLY POTATO","raw","sugar","6","sugar_gm_reciepe","10","gm","1","10","0.0550","0.5500","","","","","284.1720","284.1720","1","","",""
"line_detail","D012","HONEY CHILLY POTATO","raw","white pepper","39A","white pepper_gm_reciepe","15","gm","1","15","","","","","","","284.1720","284.1720","1","","",""
"line_detail","D012","HONEY CHILLY POTATO","raw","white pepper","39A","white pepper_gm_reciepe","15","gm","1","15","","","","","","","284.1720","284.1720","1","","",""
"line_detail","D012","HONEY CHILLY POTATO","raw","white pepper","39A","white pepper_gm_reciepe","15","gm","1","15","","","","","","","284.1720","284.1720","1","","",""
"line_detail","D012","HONEY CHILLY POTATO","raw","white pepper","39A","white pepper_gm_reciepe","15","gm","1","15","","","","","","","284.1720","284.1720","1","","",""
"line_detail","D012","HONEY CHILLY POTATO","raw","white pepper","39A","white pepper_gm_reciepe","15","gm","1","15","","","","","","","284.1720","284.1720","1","","",""
"line_detail","D012","HONEY CHILLY POTATO","raw","white pepper","39A","white pepper_gm_reciepe","15","gm","1","15","","","","","","","284.1720","284.1720","1","","",""
"dish_summary","D012","HONEY CHILLY POTATO","","","","HONEY CHILLY POTATO_1_portion","","","","","","284.1720","standard","false","HONEY CHILLY POTATO_1_portion","","284.1720","284.1720","1","2","91","0"
"line_detail","D013","CHILLY PANEER","raw","PANEER","D3","PANEER_gm_reciepe","100","","","","","","","","","","0.0000","0.0000","1","","",""
"dish_summary","D013","CHILLY PANEER","","","","CHILLY PANEER_1_portion","","","","","","0.0000","standard","false","CHILLY PANEER_1_portion","","0.0000","0.0000","1","2","1","0"
"line_detail","D014","PANEER 65","raw","CURD","D2","CURD_gm_reciepe","15","gm","1","15","","","","","","","0.0000","0.0000","1","","",""
"line_detail","D014","PANEER 65","raw","PANEER","D3","PANEER_gm_reciepe","100","","","","","","","","","","0.0000","0.0000","1","","",""
"dish_summary","D014","PANEER 65","","","","PANEER 65_1_portion","","","","","","0.0000","standard","false","PANEER 65_1_portion","","0.0000","0.0000","1","2","2","0"
"line_detail","D015","CRISPY CORN","raw","corn","80","corn_gm_reciepe","120","gm","1","120","0.0660","7.9200","","","","","23.7600","23.7600","1","","",""
"line_detail","D015","CRISPY CORN","raw","corn","80","corn_gm_reciepe","120","gm","1","120","0.0660","7.9200","","","","","23.7600","23.7600","1","","",""
"line_detail","D015","CRISPY CORN","raw","corn","80","corn_gm_reciepe","120","gm","1","120","0.0660","7.9200","","","","","23.7600","23.7600","1","","",""
"dish_summary","D015","CRISPY CORN","","","","CRISPY CORN_1_portion","","","","","","23.7600","standard","false","CRISPY CORN_1_portion","","23.7600","23.7600","1","2","0","0"
"line_detail","D017","HARA BHARA KABAB","raw","Beans","V5","Beans_gm_reciepe","800","gm","1","800","","","","","","","29.3000","263.7000","9.0000000000000000","","",""
"line_detail","D017","HARA BHARA KABAB","raw","Beans","V5","Beans_gm_reciepe","800","gm","1","800","","","","","","","29.3000","263.7000","9.0000000000000000","","",""
"line_detail","D017","HARA BHARA KABAB","raw","Beans","V5","Beans_gm_reciepe","500","gm","1","500","","","","","","","29.3000","263.7000","9.0000000000000000","","",""
"line_detail","D017","HARA BHARA KABAB","raw","Beans","V5","Beans_gm_reciepe","500","gm","1","500","","","","","","","29.3000","263.7000","9.0000000000000000","","",""
"line_detail","D017","HARA BHARA KABAB","raw","Beans","V5","Beans_gm_reciepe","800","gm","1","800","","","","","","","29.3000","263.7000","9.0000000000000000","","",""
"line_detail","D017","HARA BHARA KABAB","raw","Beans","V5","Beans_gm_reciepe","800","gm","1","800","","","","","","","29.3000","263.7000","9.0000000000000000","","",""
"line_detail","D017","HARA BHARA KABAB","raw","Beans","V5","Beans_gm_reciepe","800","gm","1","800","","","","","","","29.3000","263.7000","9.0000000000000000","","",""
"line_detail","D017","HARA BHARA KABAB","raw","Beans","V5","Beans_gm_reciepe","500","gm","1","500","","","","","","","29.3000","263.7000","9.0000000000000000","","",""
"line_detail","D017","HARA BHARA KABAB","raw","Beans","V5","Beans_gm_reciepe","800","gm","1","800","","","","","","","29.3000","263.7000","9.0000000000000000","","",""
"line_detail","D017","HARA BHARA KABAB","raw","Beans","V5","Beans_gm_reciepe","800","gm","1","800","","","","","","","29.3000","263.7000","9.0000000000000000","","",""
"line_detail","D017","HARA BHARA KABAB","raw","Beans","V5","Beans_gm_reciepe","800","gm","1","800","","","","","","","29.3000","263.7000","9.0000000000000000","","",""
"line_detail","D017","HARA BHARA KABAB","raw","Beans","V5","Beans_gm_reciepe","800","gm","1","800","","","","","","","29.3000","263.7000","9.0000000000000000","","",""
"line_detail","D017","HARA BHARA KABAB","raw","Beans","V5","Beans_gm_reciepe","500","gm","1","500","","","","","","","29.3000","263.7000","9.0000000000000000","","",""
"line_detail","D017","HARA BHARA KABAB","raw","Beans","V5","Beans_gm_reciepe","800","gm","1","800","","","","","","","29.3000","263.7000","9.0000000000000000","","",""
"line_detail","D017","HARA BHARA KABAB","raw","Beans","V5","Beans_gm_reciepe","800","gm","1","800","","","","","","","29.3000","263.7000","9.0000000000000000","","",""
"line_detail","D017","HARA BHARA KABAB","raw","Beans","V5","Beans_gm_reciepe","800","gm","1","800","","","","","","","29.3000","263.7000","9.0000000000000000","","",""
"line_detail","D017","HARA BHARA KABAB","raw","Carrot","V4","Carrot_gm_reciepe","800","gm","1","800","","","","","","","29.3000","263.7000","9.0000000000000000","","",""
"line_detail","D017","HARA BHARA KABAB","raw","Carrot","V4","Carrot_gm_reciepe","800","gm","1","800","","","","","","","29.3000","263.7000","9.0000000000000000","","",""
"line_detail","D017","HARA BHARA KABAB","raw","Carrot","V4","Carrot_gm_reciepe","800","gm","1","800","","","","","","","29.3000","263.7000","9.0000000000000000","","",""
"line_detail","D017","HARA BHARA KABAB","raw","Carrot","V4","Carrot_gm_reciepe","100","gm","1","100","","","","","","","29.3000","263.7000","9.0000000000000000","","",""
"line_detail","D017","HARA BHARA KABAB","raw","Carrot","V4","Carrot_gm_reciepe","100","gm","1","100","","","","","","","29.3000","263.7000","9.0000000000000000","","",""
"line_detail","D017","HARA BHARA KABAB","raw","Carrot","V4","Carrot_gm_reciepe","800","gm","1","800","","","","","","","29.3000","263.7000","9.0000000000000000","","",""
"line_detail","D017","HARA BHARA KABAB","raw","Carrot","V4","Carrot_gm_reciepe","800","gm","1","800","","","","","","","29.3000","263.7000","9.0000000000000000","","",""
"line_detail","D017","HARA BHARA KABAB","raw","Carrot","V4","Carrot_gm_reciepe","800","gm","1","800","","","","","","","29.3000","263.7000","9.0000000000000000","","",""
"line_detail","D017","HARA BHARA KABAB","raw","Carrot","V4","Carrot_gm_reciepe","100","gm","1","100","","","","","","","29.3000","263.7000","9.0000000000000000","","",""
"line_detail","D017","HARA BHARA KABAB","raw","Carrot","V4","Carrot_gm_reciepe","800","gm","1","800","","","","","","","29.3000","263.7000","9.0000000000000000","","",""
"line_detail","D017","HARA BHARA KABAB","raw","Carrot","V4","Carrot_gm_reciepe","800","gm","1","800","","","","","","","29.3000","263.7000","9.0000000000000000","","",""
"line_detail","D017","HARA BHARA KABAB","raw","Carrot","V4","Carrot_gm_reciepe","800","gm","1","800","","","","","","","29.3000","263.7000","9.0000000000000000","","",""
"line_detail","D017","HARA BHARA KABAB","raw","Carrot","V4","Carrot_gm_reciepe","800","gm","1","800","","","","","","","29.3000","263.7000","9.0000000000000000","","",""
"line_detail","D017","HARA BHARA KABAB","raw","Carrot","V4","Carrot_gm_reciepe","800","gm","1","800","","","","","","","29.3000","263.7000","9.0000000000000000","","",""
"line_detail","D017","HARA BHARA KABAB","raw","Carrot","V4","Carrot_gm_reciepe","100","gm","1","100","","","","","","","29.3000","263.7000","9.0000000000000000","","",""
"line_detail","D017","HARA BHARA KABAB","raw","Carrot","V4","Carrot_gm_reciepe","800","gm","1","800","","","","","","","29.3000","263.7000","9.0000000000000000","","",""
"line_detail","D017","HARA BHARA KABAB","raw","Cauliflower","V6","Cauliflower_gm_reciepe","100","gm","1","100","","","","","","","29.3000","263.7000","9.0000000000000000","","",""
"line_detail","D017","HARA BHARA KABAB","raw","Cauliflower","V6","Cauliflower_gm_reciepe","100","gm","1","100","","","","","","","29.3000","263.7000","9.0000000000000000","","",""
"line_detail","D017","HARA BHARA KABAB","raw","Cauliflower","V6","Cauliflower_gm_reciepe","100","gm","1","100","","","","","","","29.3000","263.7000","9.0000000000000000","","",""
"line_detail","D017","HARA BHARA KABAB","raw","Cauliflower","V6","Cauliflower_gm_reciepe","100","gm","1","100","","","","","","","29.3000","263.7000","9.0000000000000000","","",""
"line_detail","D017","HARA BHARA KABAB","raw","Garlic","V10","Garlic_gm_reciepe","50","gm","1","50","","","","","","","29.3000","263.7000","9.0000000000000000","","",""
"line_detail","D017","HARA BHARA KABAB","raw","Garlic","V10","Garlic_gm_reciepe","50","gm","1","50","","","","","","","29.3000","263.7000","9.0000000000000000","","",""
"line_detail","D017","HARA BHARA KABAB","raw","Garlic","V10","Garlic_gm_reciepe","50","gm","1","50","","","","","","","29.3000","263.7000","9.0000000000000000","","",""
"line_detail","D017","HARA BHARA KABAB","raw","Garlic","V10","Garlic_gm_reciepe","50","gm","1","50","","","","","","","29.3000","263.7000","9.0000000000000000","","",""
"line_detail","D017","HARA BHARA KABAB","raw","Ginger","V3","Ginger_gm_reciepe","10","gm","1","10","","","","","","","29.3000","263.7000","9.0000000000000000","","",""
"line_detail","D017","HARA BHARA KABAB","raw","Ginger","V3","Ginger_gm_reciepe","20","gm","1","20","","","","","","","29.3000","263.7000","9.0000000000000000","","",""
"line_detail","D017","HARA BHARA KABAB","raw","Ginger","V3","Ginger_gm_reciepe","20","gm","1","20","","","","","","","29.3000","263.7000","9.0000000000000000","","",""
"line_detail","D017","HARA BHARA KABAB","raw","Ginger","V3","Ginger_gm_reciepe","10","gm","1","10","","","","","","","29.3000","263.7000","9.0000000000000000","","",""
"line_detail","D017","HARA BHARA KABAB","raw","Ginger","V3","Ginger_gm_reciepe","10","gm","1","10","","","","","","","29.3000","263.7000","9.0000000000000000","","",""
"line_detail","D017","HARA BHARA KABAB","raw","Ginger","V3","Ginger_gm_reciepe","10","gm","1","10","","","","","","","29.3000","263.7000","9.0000000000000000","","",""
"line_detail","D017","HARA BHARA KABAB","raw","Ginger","V3","Ginger_gm_reciepe","20","gm","1","20","","","","","","","29.3000","263.7000","9.0000000000000000","","",""
"line_detail","D017","HARA BHARA KABAB","raw","Ginger","V3","Ginger_gm_reciepe","10","gm","1","10","","","","","","","29.3000","263.7000","9.0000000000000000","","",""
"line_detail","D017","HARA BHARA KABAB","raw","Ginger","V3","Ginger_gm_reciepe","10","gm","1","10","","","","","","","29.3000","263.7000","9.0000000000000000","","",""
"line_detail","D017","HARA BHARA KABAB","raw","Ginger","V3","Ginger_gm_reciepe","10","gm","1","10","","","","","","","29.3000","263.7000","9.0000000000000000","","",""
"line_detail","D017","HARA BHARA KABAB","raw","Ginger","V3","Ginger_gm_reciepe","10","gm","1","10","","","","","","","29.3000","263.7000","9.0000000000000000","","",""
"line_detail","D017","HARA BHARA KABAB","raw","Ginger","V3","Ginger_gm_reciepe","10","gm","1","10","","","","","","","29.3000","263.7000","9.0000000000000000","","",""
"line_detail","D017","HARA BHARA KABAB","raw","Ginger","V3","Ginger_gm_reciepe","10","gm","1","10","","","","","","","29.3000","263.7000","9.0000000000000000","","",""
"line_detail","D017","HARA BHARA KABAB","raw","Ginger","V3","Ginger_gm_reciepe","20","gm","1","20","","","","","","","29.3000","263.7000","9.0000000000000000","","",""
"line_detail","D017","HARA BHARA KABAB","raw","Ginger","V3","Ginger_gm_reciepe","10","gm","1","10","","","","","","","29.3000","263.7000","9.0000000000000000","","",""
"line_detail","D017","HARA BHARA KABAB","raw","Ginger","V3","Ginger_gm_reciepe","10","gm","1","10","","","","","","","29.3000","263.7000","9.0000000000000000","","",""
"line_detail","D017","HARA BHARA KABAB","raw","Green Chilli","V2","Green Chilli_gm_reciepe","30","gm","1","30","","","","","","","29.3000","263.7000","9.0000000000000000","","",""
"line_detail","D017","HARA BHARA KABAB","raw","Green Chilli","V2","Green Chilli_gm_reciepe","50","gm","1","50","","","","","","","29.3000","263.7000","9.0000000000000000","","",""
"line_detail","D017","HARA BHARA KABAB","raw","Green Chilli","V2","Green Chilli_gm_reciepe","30","gm","1","30","","","","","","","29.3000","263.7000","9.0000000000000000","","",""
"line_detail","D017","HARA BHARA KABAB","raw","Green Chilli","V2","Green Chilli_gm_reciepe","30","gm","1","30","","","","","","","29.3000","263.7000","9.0000000000000000","","",""
"line_detail","D017","HARA BHARA KABAB","raw","Green Chilli","V2","Green Chilli_gm_reciepe","30","gm","1","30","","","","","","","29.3000","263.7000","9.0000000000000000","","",""
"line_detail","D017","HARA BHARA KABAB","raw","Green Chilli","V2","Green Chilli_gm_reciepe","30","gm","1","30","","","","","","","29.3000","263.7000","9.0000000000000000","","",""
"line_detail","D017","HARA BHARA KABAB","raw","Green Chilli","V2","Green Chilli_gm_reciepe","50","gm","1","50","","","","","","","29.3000","263.7000","9.0000000000000000","","",""
"line_detail","D017","HARA BHARA KABAB","raw","Green Chilli","V2","Green Chilli_gm_reciepe","50","gm","1","50","","","","","","","29.3000","263.7000","9.0000000000000000","","",""
"line_detail","D017","HARA BHARA KABAB","raw","Green Chilli","V2","Green Chilli_gm_reciepe","30","gm","1","30","","","","","","","29.3000","263.7000","9.0000000000000000","","",""
"line_detail","D017","HARA BHARA KABAB","raw","Green Chilli","V2","Green Chilli_gm_reciepe","30","gm","1","30","","","","","","","29.3000","263.7000","9.0000000000000000","","",""
"line_detail","D017","HARA BHARA KABAB","raw","Green Chilli","V2","Green Chilli_gm_reciepe","30","gm","1","30","","","","","","","29.3000","263.7000","9.0000000000000000","","",""
"line_detail","D017","HARA BHARA KABAB","raw","Green Chilli","V2","Green Chilli_gm_reciepe","30","gm","1","30","","","","","","","29.3000","263.7000","9.0000000000000000","","",""
"line_detail","D017","HARA BHARA KABAB","raw","Green Chilli","V2","Green Chilli_gm_reciepe","30","gm","1","30","","","","","","","29.3000","263.7000","9.0000000000000000","","",""
"line_detail","D017","HARA BHARA KABAB","raw","Green Chilli","V2","Green Chilli_gm_reciepe","30","gm","1","30","","","","","","","29.3000","263.7000","9.0000000000000000","","",""
"line_detail","D017","HARA BHARA KABAB","raw","Green Chilli","V2","Green Chilli_gm_reciepe","30","gm","1","30","","","","","","","29.3000","263.7000","9.0000000000000000","","",""
"line_detail","D017","HARA BHARA KABAB","raw","Green Chilli","V2","Green Chilli_gm_reciepe","50","gm","1","50","","","","","","","29.3000","263.7000","9.0000000000000000","","",""
"line_detail","D017","HARA BHARA KABAB","raw","PANEER","D3","","250","","","","","","","","","","29.3000","263.7000","9.0000000000000000","","",""
"line_detail","D017","HARA BHARA KABAB","raw","PANEER","D3","","250","","","","","","","","","","29.3000","263.7000","9.0000000000000000","","",""
"line_detail","D017","HARA BHARA KABAB","raw","PANEER","D3","","250","","","","","","","","","","29.3000","263.7000","9.0000000000000000","","",""
"line_detail","D017","HARA BHARA KABAB","raw","PANEER","D3","PANEER_gm_reciepe","100","","","","","","","","","","29.3000","263.7000","9.0000000000000000","","",""
"line_detail","D017","HARA BHARA KABAB","raw","bread crum","29A","bread crum_gm_reciepe","300","gm","1","300","","","","","","","29.3000","263.7000","9.0000000000000000","","",""
"line_detail","D017","HARA BHARA KABAB","raw","bread crum","29A","bread crum_gm_reciepe","500","gm","1","500","","","","","","","29.3000","263.7000","9.0000000000000000","","",""
"line_detail","D017","HARA BHARA KABAB","raw","bread crum","29A","bread crum_gm_reciepe","300","gm","1","300","","","","","","","29.3000","263.7000","9.0000000000000000","","",""
"line_detail","D017","HARA BHARA KABAB","raw","bread crum","29A","bread crum_gm_reciepe","300","gm","1","300","","","","","","","29.3000","263.7000","9.0000000000000000","","",""
"line_detail","D017","HARA BHARA KABAB","raw","bread crum","29A","bread crum_gm_reciepe","300","gm","1","300","","","","","","","29.3000","263.7000","9.0000000000000000","","",""
"line_detail","D017","HARA BHARA KABAB","raw","bread crum","29A","bread crum_gm_reciepe","500","gm","1","500","","","","","","","29.3000","263.7000","9.0000000000000000","","",""
"line_detail","D017","HARA BHARA KABAB","raw","bread crum","29A","bread crum_gm_reciepe","300","gm","1","300","","","","","","","29.3000","263.7000","9.0000000000000000","","",""
"line_detail","D017","HARA BHARA KABAB","raw","bread crum","29A","bread crum_gm_reciepe","300","gm","1","300","","","","","","","29.3000","263.7000","9.0000000000000000","","",""
"line_detail","D017","HARA BHARA KABAB","raw","bread crum","29A","bread crum_gm_reciepe","300","gm","1","300","","","","","","","29.3000","263.7000","9.0000000000000000","","",""
"line_detail","D017","HARA BHARA KABAB","raw","bread crum","29A","bread crum_gm_reciepe","500","gm","1","500","","","","","","","29.3000","263.7000","9.0000000000000000","","",""
"line_detail","D017","HARA BHARA KABAB","raw","bread crum","29A","bread crum_gm_reciepe","300","gm","1","300","","","","","","","29.3000","263.7000","9.0000000000000000","","",""
"line_detail","D017","HARA BHARA KABAB","raw","bread crum","29A","bread crum_gm_reciepe","300","gm","1","300","","","","","","","29.3000","263.7000","9.0000000000000000","","",""
"line_detail","D017","HARA BHARA KABAB","raw","bread crum","29A","bread crum_gm_reciepe","300","gm","1","300","","","","","","","29.3000","263.7000","9.0000000000000000","","",""
"line_detail","D017","HARA BHARA KABAB","raw","bread crum","29A","bread crum_gm_reciepe","500","gm","1","500","","","","","","","29.3000","263.7000","9.0000000000000000","","",""
"line_detail","D017","HARA BHARA KABAB","raw","bread crum","29A","bread crum_gm_reciepe","300","gm","1","300","","","","","","","29.3000","263.7000","9.0000000000000000","","",""
"line_detail","D017","HARA BHARA KABAB","raw","bread crum","29A","bread crum_gm_reciepe","300","gm","1","300","","","","","","","29.3000","263.7000","9.0000000000000000","","",""
"line_detail","D017","HARA BHARA KABAB","raw","bread crum","29A","bread crum_gm_reciepe","500","gm","1","500","","","","","","","29.3000","263.7000","9.0000000000000000","","",""
"line_detail","D017","HARA BHARA KABAB","raw","bread crum","29A","bread crum_gm_reciepe","300","gm","1","300","","","","","","","29.3000","263.7000","9.0000000000000000","","",""
"line_detail","D017","HARA BHARA KABAB","raw","bread crum","29A","bread crum_gm_reciepe","300","gm","1","300","","","","","","","29.3000","263.7000","9.0000000000000000","","",""
"line_detail","D017","HARA BHARA KABAB","raw","bread crum","29A","bread crum_gm_reciepe","300","gm","1","300","","","","","","","29.3000","263.7000","9.0000000000000000","","",""
"line_detail","D017","HARA BHARA KABAB","raw","bread crum","29A","bread crum_gm_reciepe","500","gm","1","500","","","","","","","29.3000","263.7000","9.0000000000000000","","",""
"line_detail","D017","HARA BHARA KABAB","raw","bread crum","29A","bread crum_gm_reciepe","300","gm","1","300","","","","","","","29.3000","263.7000","9.0000000000000000","","",""
"line_detail","D017","HARA BHARA KABAB","raw","bread crum","29A","bread crum_gm_reciepe","300","gm","1","300","","","","","","","29.3000","263.7000","9.0000000000000000","","",""
"line_detail","D017","HARA BHARA KABAB","raw","bread crum","29A","bread crum_gm_reciepe","300","gm","1","300","","","","","","","29.3000","263.7000","9.0000000000000000","","",""
"line_detail","D017","HARA BHARA KABAB","raw","corn flor","36A","corn flor_gm_reciepe","250","gm","1","250","","","","","","","29.3000","263.7000","9.0000000000000000","","",""
"line_detail","D017","HARA BHARA KABAB","raw","corn flor","36A","corn flor_gm_reciepe","250","gm","1","250","","","","","","","29.3000","263.7000","9.0000000000000000","","",""
"line_detail","D017","HARA BHARA KABAB","raw","corn flor","36A","corn flor_gm_reciepe","250","gm","1","250","","","","","","","29.3000","263.7000","9.0000000000000000","","",""
"line_detail","D017","HARA BHARA KABAB","raw","corn flor","36A","corn flor_gm_reciepe","250","gm","1","250","","","","","","","29.3000","263.7000","9.0000000000000000","","",""
"line_detail","D017","HARA BHARA KABAB","raw","corn flor","36A","corn flor_gm_reciepe","250","gm","1","250","","","","","","","29.3000","263.7000","9.0000000000000000","","",""
"line_detail","D017","HARA BHARA KABAB","raw","corn flor","36A","corn flor_gm_reciepe","250","gm","1","250","","","","","","","29.3000","263.7000","9.0000000000000000","","",""
"line_detail","D017","HARA BHARA KABAB","raw","corn flor","36A","corn flor_gm_reciepe","250","gm","1","250","","","","","","","29.3000","263.7000","9.0000000000000000","","",""
"line_detail","D017","HARA BHARA KABAB","raw","corn flor","36A","corn flor_gm_reciepe","250","gm","1","250","","","","","","","29.3000","263.7000","9.0000000000000000","","",""
"line_detail","D017","HARA BHARA KABAB","raw","corn flor","36A","corn flor_gm_reciepe","250","gm","1","250","","","","","","","29.3000","263.7000","9.0000000000000000","","",""
"line_detail","D017","HARA BHARA KABAB","raw","corn flor","36A","corn flor_gm_reciepe","250","gm","1","250","","","","","","","29.3000","263.7000","9.0000000000000000","","",""
"line_detail","D017","HARA BHARA KABAB","raw","corn flor","36A","corn flor_gm_reciepe","250","gm","1","250","","","","","","","29.3000","263.7000","9.0000000000000000","","",""
"line_detail","D017","HARA BHARA KABAB","raw","corn flor","36A","corn flor_gm_reciepe","250","gm","1","250","","","","","","","29.3000","263.7000","9.0000000000000000","","",""
"line_detail","D017","HARA BHARA KABAB","raw","corn flor","36A","corn flor_gm_reciepe","250","gm","1","250","","","","","","","29.3000","263.7000","9.0000000000000000","","",""
"line_detail","D017","HARA BHARA KABAB","raw","corn flor","36A","corn flor_gm_reciepe","250","gm","1","250","","","","","","","29.3000","263.7000","9.0000000000000000","","",""
"line_detail","D017","HARA BHARA KABAB","raw","corn flor","36A","corn flor_gm_reciepe","250","gm","1","250","","","","","","","29.3000","263.7000","9.0000000000000000","","",""
"line_detail","D017","HARA BHARA KABAB","raw","corn flor","36A","corn flor_gm_reciepe","250","gm","1","250","","","","","","","29.3000","263.7000","9.0000000000000000","","",""
"line_detail","D017","HARA BHARA KABAB","raw","corn flor","36A","corn flor_gm_reciepe","250","gm","1","250","","","","","","","29.3000","263.7000","9.0000000000000000","","",""
"line_detail","D017","HARA BHARA KABAB","raw","corn flor","36A","corn flor_gm_reciepe","250","gm","1","250","","","","","","","29.3000","263.7000","9.0000000000000000","","",""
"line_detail","D017","HARA BHARA KABAB","raw","maida","2","maida_gm_reciepe","250","gm","1","250","0.0380","9.5000","","","","","29.3000","263.7000","9.0000000000000000","","",""
"line_detail","D017","HARA BHARA KABAB","raw","maida","2","maida_gm_reciepe","250","gm","1","250","0.0380","9.5000","","","","","29.3000","263.7000","9.0000000000000000","","",""
"line_detail","D017","HARA BHARA KABAB","raw","maida","2","maida_gm_reciepe","250","gm","1","250","0.0380","9.5000","","","","","29.3000","263.7000","9.0000000000000000","","",""
"line_detail","D017","HARA BHARA KABAB","raw","maida","2","maida_gm_reciepe","250","gm","1","250","0.0380","9.5000","","","","","29.3000","263.7000","9.0000000000000000","","",""
"line_detail","D017","HARA BHARA KABAB","raw","maida","2","maida_gm_reciepe","250","gm","1","250","0.0380","9.5000","","","","","29.3000","263.7000","9.0000000000000000","","",""
"line_detail","D017","HARA BHARA KABAB","raw","maida","2","maida_gm_reciepe","250","gm","1","250","0.0380","9.5000","","","","","29.3000","263.7000","9.0000000000000000","","",""
"line_detail","D017","HARA BHARA KABAB","raw","maida","2","maida_gm_reciepe","250","gm","1","250","0.0380","9.5000","","","","","29.3000","263.7000","9.0000000000000000","","",""
"line_detail","D017","HARA BHARA KABAB","raw","maida","2","maida_gm_reciepe","250","gm","1","250","0.0380","9.5000","","","","","29.3000","263.7000","9.0000000000000000","","",""
"line_detail","D017","HARA BHARA KABAB","raw","maida","2","maida_gm_reciepe","250","gm","1","250","0.0380","9.5000","","","","","29.3000","263.7000","9.0000000000000000","","",""
"line_detail","D017","HARA BHARA KABAB","raw","matar","79","matar_gm_reciepe","250","gm","1","250","0.0390","9.7500","","","","","29.3000","263.7000","9.0000000000000000","","",""
"line_detail","D017","HARA BHARA KABAB","raw","matar","79","matar_gm_reciepe","250","gm","1","250","0.0390","9.7500","","","","","29.3000","263.7000","9.0000000000000000","","",""
"line_detail","D017","HARA BHARA KABAB","raw","matar","79","matar_gm_reciepe","250","gm","1","250","0.0390","9.7500","","","","","29.3000","263.7000","9.0000000000000000","","",""
"line_detail","D017","HARA BHARA KABAB","raw","matar","79","matar_gm_reciepe","250","gm","1","250","0.0390","9.7500","","","","","29.3000","263.7000","9.0000000000000000","","",""
"line_detail","D017","HARA BHARA KABAB","raw","matar","79","matar_gm_reciepe","250","gm","1","250","0.0390","9.7500","","","","","29.3000","263.7000","9.0000000000000000","","",""
"line_detail","D017","HARA BHARA KABAB","raw","matar","79","matar_gm_reciepe","250","gm","1","250","0.0390","9.7500","","","","","29.3000","263.7000","9.0000000000000000","","",""
"line_detail","D017","HARA BHARA KABAB","raw","matar","79","matar_gm_reciepe","250","gm","1","250","0.0390","9.7500","","","","","29.3000","263.7000","9.0000000000000000","","",""
"line_detail","D017","HARA BHARA KABAB","raw","matar","79","matar_gm_reciepe","250","gm","1","250","0.0390","9.7500","","","","","29.3000","263.7000","9.0000000000000000","","",""
"line_detail","D017","HARA BHARA KABAB","raw","matar","79","matar_gm_reciepe","250","gm","1","250","0.0390","9.7500","","","","","29.3000","263.7000","9.0000000000000000","","",""
"line_detail","D017","HARA BHARA KABAB","raw","matar","79","matar_gm_reciepe","250","gm","1","250","0.0390","9.7500","","","","","29.3000","263.7000","9.0000000000000000","","",""
"line_detail","D017","HARA BHARA KABAB","raw","matar","79","matar_gm_reciepe","250","gm","1","250","0.0390","9.7500","","","","","29.3000","263.7000","9.0000000000000000","","",""
"line_detail","D017","HARA BHARA KABAB","raw","matar","79","matar_gm_reciepe","250","gm","1","250","0.0390","9.7500","","","","","29.3000","263.7000","9.0000000000000000","","",""
"line_detail","D017","HARA BHARA KABAB","raw","matar","79","matar_gm_reciepe","250","gm","1","250","0.0390","9.7500","","","","","29.3000","263.7000","9.0000000000000000","","",""
"line_detail","D017","HARA BHARA KABAB","raw","matar","79","matar_gm_reciepe","250","gm","1","250","0.0390","9.7500","","","","","29.3000","263.7000","9.0000000000000000","","",""
"line_detail","D017","HARA BHARA KABAB","raw","matar","79","matar_gm_reciepe","250","gm","1","250","0.0390","9.7500","","","","","29.3000","263.7000","9.0000000000000000","","",""
"line_detail","D017","HARA BHARA KABAB","raw","matar","79","matar_gm_reciepe","250","gm","1","250","0.0390","9.7500","","","","","29.3000","263.7000","9.0000000000000000","","",""
"line_detail","D017","HARA BHARA KABAB","raw","matar","79","matar_gm_reciepe","250","gm","1","250","0.0390","9.7500","","","","","29.3000","263.7000","9.0000000000000000","","",""
"line_detail","D017","HARA BHARA KABAB","raw","matar","79","matar_gm_reciepe","250","gm","1","250","0.0390","9.7500","","","","","29.3000","263.7000","9.0000000000000000","","",""
"line_detail","D017","HARA BHARA KABAB","raw","oil tin","7","oil tin_gm_reciepe","2","gm","1","2","","","","","","","29.3000","263.7000","9.0000000000000000","","",""
"line_detail","D017","HARA BHARA KABAB","raw","oil tin","7","oil tin_gm_reciepe","2","gm","1","2","","","","","","","29.3000","263.7000","9.0000000000000000","","",""
"line_detail","D017","HARA BHARA KABAB","raw","oil tin","7","oil tin_gm_reciepe","2","gm","1","2","","","","","","","29.3000","263.7000","9.0000000000000000","","",""
"line_detail","D017","HARA BHARA KABAB","raw","potato","V22","potato_gm_reciepe","450","gm","1","450","","","","","","","29.3000","263.7000","9.0000000000000000","","",""
"line_detail","D017","HARA BHARA KABAB","raw","potato","V22","potato_gm_reciepe","450","gm","1","450","","","","","","","29.3000","263.7000","9.0000000000000000","","",""
"line_detail","D017","HARA BHARA KABAB","raw","potato","V22","potato_gm_reciepe","100","gm","1","100","","","","","","","29.3000","263.7000","9.0000000000000000","","",""
"line_detail","D017","HARA BHARA KABAB","raw","potato","V22","potato_gm_reciepe","100","gm","1","100","","","","","","","29.3000","263.7000","9.0000000000000000","","",""
"line_detail","D017","HARA BHARA KABAB","raw","potato","V22","potato_gm_reciepe","450","gm","1","450","","","","","","","29.3000","263.7000","9.0000000000000000","","",""
"line_detail","D017","HARA BHARA KABAB","raw","potato","V22","potato_gm_reciepe","450","gm","1","450","","","","","","","29.3000","263.7000","9.0000000000000000","","",""
"line_detail","D017","HARA BHARA KABAB","raw","potato","V22","potato_gm_reciepe","450","gm","1","450","","","","","","","29.3000","263.7000","9.0000000000000000","","",""
"line_detail","D017","HARA BHARA KABAB","raw","potato","V22","potato_gm_reciepe","100","gm","1","100","","","","","","","29.3000","263.7000","9.0000000000000000","","",""
"line_detail","D017","HARA BHARA KABAB","raw","potato","V22","potato_gm_reciepe","450","gm","1","450","","","","","","","29.3000","263.7000","9.0000000000000000","","",""
"line_detail","D017","HARA BHARA KABAB","raw","potato","V22","potato_gm_reciepe","450","gm","1","450","","","","","","","29.3000","263.7000","9.0000000000000000","","",""
"line_detail","D017","HARA BHARA KABAB","raw","potato","V22","potato_gm_reciepe","450","gm","1","450","","","","","","","29.3000","263.7000","9.0000000000000000","","",""
"line_detail","D017","HARA BHARA KABAB","raw","potato","V22","potato_gm_reciepe","450","gm","1","450","","","","","","","29.3000","263.7000","9.0000000000000000","","",""
"line_detail","D017","HARA BHARA KABAB","raw","potato","V22","potato_gm_reciepe","450","gm","1","450","","","","","","","29.3000","263.7000","9.0000000000000000","","",""
"line_detail","D017","HARA BHARA KABAB","raw","potato","V22","potato_gm_reciepe","100","gm","1","100","","","","","","","29.3000","263.7000","9.0000000000000000","","",""
"line_detail","D017","HARA BHARA KABAB","raw","potato","V22","potato_gm_reciepe","450","gm","1","450","","","","","","","29.3000","263.7000","9.0000000000000000","","",""
"line_detail","D017","HARA BHARA KABAB","raw","potato","V22","potato_gm_reciepe","450","gm","1","450","","","","","","","29.3000","263.7000","9.0000000000000000","","",""
"line_detail","D017","HARA BHARA KABAB","raw","salt","27A","salt_gm_reciepe","30","gm","1","30","0.0300","0.9000","","","","","29.3000","263.7000","9.0000000000000000","","",""
"line_detail","D017","HARA BHARA KABAB","raw","salt","27A","salt_gm_reciepe","30","gm","1","30","0.0300","0.9000","","","","","29.3000","263.7000","9.0000000000000000","","",""
"line_detail","D017","HARA BHARA KABAB","raw","salt","27A","salt_gm_reciepe","30","gm","1","30","0.0300","0.9000","","","","","29.3000","263.7000","9.0000000000000000","","",""
"dish_summary","D017","HARA BHARA KABAB","","","","HARA BHARA KABAB_1_portion","9","piece","1","","","263.7000","standard","false","HARA BHARA KABAB_1_portion","","29.3000","263.7000","9.0000000000000000","1","137","0"
"line_detail","D018","PANEER TIKKA","raw","CURD","D2","","250","","","","","","","","","","0.0000","0.0000","1","","",""
"line_detail","D018","PANEER TIKKA","raw","PANEER","D3","","140","","","","","","","","","","0.0000","0.0000","1","","",""
"line_detail","D018","PANEER TIKKA","raw","sarso tel","23A","sarso tel_gm_reciepe","100","gm","1","100","","","","","","","0.0000","0.0000","1","","",""
"line_detail","D018","PANEER TIKKA","raw","sarso tel","23A","sarso tel_gm_reciepe","100","gm","1","100","","","","","","","0.0000","0.0000","1","","",""
"line_detail","D018","PANEER TIKKA","raw","sarso tel","23A","sarso tel_gm_reciepe","100","gm","1","100","","","","","","","0.0000","0.0000","1","","",""
"dish_summary","D018","PANEER TIKKA","","","","PANEER TIKKA_1_portion","","","","","","0.0000","standard","false","PANEER TIKKA_1_portion","","0.0000","0.0000","1","0","5","0"
"line_detail","D021","TOMATO SOUP","raw","TOMATO KETCHUP","71B","TOMATO KETCHUP_gm_reciepe","90","","","","","","","","","","4.9500","4.9500","1","","",""
"line_detail","D021","TOMATO SOUP","raw","TOMATO KETCHUP","71B","TOMATO KETCHUP_gm_reciepe","90","","","","","","","","","","4.9500","4.9500","1","","",""
"line_detail","D021","TOMATO SOUP","raw","TOMATO KETCHUP","71B","TOMATO KETCHUP_gm_reciepe","90","","","","","","","","","","4.9500","4.9500","1","","",""
"line_detail","D021","TOMATO SOUP","raw","ajinomoto","40","ajinomoto_gm_reciepe","15","gm","1","15","","","","","","","4.9500","4.9500","1","","",""
"line_detail","D021","TOMATO SOUP","raw","ajinomoto","40","ajinomoto_gm_reciepe","15","gm","1","15","","","","","","","4.9500","4.9500","1","","",""
"line_detail","D021","TOMATO SOUP","raw","ajinomoto","40","ajinomoto_gm_reciepe","15","gm","1","15","","","","","","","4.9500","4.9500","1","","",""
"line_detail","D021","TOMATO SOUP","raw","amul butter","72","amul butter_gm_reciepe","20","gm","1","20","","","","","","","4.9500","4.9500","1","","",""
"line_detail","D021","TOMATO SOUP","raw","amul butter","72","amul butter_gm_reciepe","20","gm","1","20","","","","","","","4.9500","4.9500","1","","",""
"line_detail","D021","TOMATO SOUP","raw","amul butter","72","amul butter_gm_reciepe","20","gm","1","20","","","","","","","4.9500","4.9500","1","","",""
"line_detail","D021","TOMATO SOUP","raw","black pepper","39B","black pepper_gm_reciepe","15","gm","1","15","","","","","","","4.9500","4.9500","1","","",""
"line_detail","D021","TOMATO SOUP","raw","black pepper","39B","black pepper_gm_reciepe","15","gm","1","15","","","","","","","4.9500","4.9500","1","","",""
"line_detail","D021","TOMATO SOUP","raw","black pepper","39B","black pepper_gm_reciepe","15","gm","1","15","","","","","","","4.9500","4.9500","1","","",""
"line_detail","D021","TOMATO SOUP","raw","sugar","6","sugar_gm_reciepe","30","gm","1","30","0.0550","1.6500","","","","","4.9500","4.9500","1","","",""
"line_detail","D021","TOMATO SOUP","raw","sugar","6","sugar_gm_reciepe","30","gm","1","30","0.0550","1.6500","","","","","4.9500","4.9500","1","","",""
"line_detail","D021","TOMATO SOUP","raw","sugar","6","sugar_gm_reciepe","30","gm","1","30","0.0550","1.6500","","","","","4.9500","4.9500","1","","",""
"dish_summary","D021","TOMATO SOUP","","","","TOMATO SOUP  _1_portion","","","","","","4.9500","standard","false","TOMATO SOUP  _1_portion","","4.9500","4.9500","1","0","12","0"
"line_detail","D022","HOT AND SOUR SOUP","raw","Garlic","V10","Garlic_gm_reciepe","20","gm","1","20","","","","","","","0.9000","0.9000","1","","",""
"line_detail","D022","HOT AND SOUR SOUP","raw","Garlic","V10","Garlic_gm_reciepe","20","gm","1","20","","","","","","","0.9000","0.9000","1","","",""
"line_detail","D022","HOT AND SOUR SOUP","raw","Garlic","V10","Garlic_gm_reciepe","20","gm","1","20","","","","","","","0.9000","0.9000","1","","",""
"line_detail","D022","HOT AND SOUR SOUP","raw","Garlic","V10","Garlic_gm_reciepe","20","gm","1","20","","","","","","","0.9000","0.9000","1","","",""
"line_detail","D022","HOT AND SOUR SOUP","raw","Garlic","V10","Garlic_gm_reciepe","20","gm","1","20","","","","","","","0.9000","0.9000","1","","",""
"line_detail","D022","HOT AND SOUR SOUP","raw","Garlic","V10","Garlic_gm_reciepe","20","gm","1","20","","","","","","","0.9000","0.9000","1","","",""
"line_detail","D022","HOT AND SOUR SOUP","raw","Garlic","V10","Garlic_gm_reciepe","20","gm","1","20","","","","","","","0.9000","0.9000","1","","",""
"line_detail","D022","HOT AND SOUR SOUP","raw","Garlic","V10","Garlic_gm_reciepe","20","gm","1","20","","","","","","","0.9000","0.9000","1","","",""
"line_detail","D022","HOT AND SOUR SOUP","raw","Garlic","V10","Garlic_gm_reciepe","20","gm","1","20","","","","","","","0.9000","0.9000","1","","",""
"line_detail","D022","HOT AND SOUR SOUP","raw","Garlic","V10","Garlic_gm_reciepe","20","gm","1","20","","","","","","","0.9000","0.9000","1","","",""
"line_detail","D022","HOT AND SOUR SOUP","raw","Garlic","V10","Garlic_gm_reciepe","20","gm","1","20","","","","","","","0.9000","0.9000","1","","",""
"line_detail","D022","HOT AND SOUR SOUP","raw","Garlic","V10","Garlic_gm_reciepe","20","gm","1","20","","","","","","","0.9000","0.9000","1","","",""
"line_detail","D022","HOT AND SOUR SOUP","raw","Garlic","V10","Garlic_gm_reciepe","20","gm","1","20","","","","","","","0.9000","0.9000","1","","",""
"line_detail","D022","HOT AND SOUR SOUP","raw","Garlic","V10","Garlic_gm_reciepe","20","gm","1","20","","","","","","","0.9000","0.9000","1","","",""
"line_detail","D022","HOT AND SOUR SOUP","raw","Garlic","V10","Garlic_gm_reciepe","20","gm","1","20","","","","","","","0.9000","0.9000","1","","",""
"line_detail","D022","HOT AND SOUR SOUP","raw","Garlic","V10","Garlic_gm_reciepe","20","gm","1","20","","","","","","","0.9000","0.9000","1","","",""
"line_detail","D022","HOT AND SOUR SOUP","raw","Ginger","V3","Ginger_gm_reciepe","10","gm","1","10","","","","","","","0.9000","0.9000","1","","",""
"line_detail","D022","HOT AND SOUR SOUP","raw","Ginger","V3","Ginger_gm_reciepe","10","gm","1","10","","","","","","","0.9000","0.9000","1","","",""
"line_detail","D022","HOT AND SOUR SOUP","raw","Ginger","V3","Ginger_gm_reciepe","10","gm","1","10","","","","","","","0.9000","0.9000","1","","",""
"line_detail","D022","HOT AND SOUR SOUP","raw","Ginger","V3","Ginger_gm_reciepe","10","gm","1","10","","","","","","","0.9000","0.9000","1","","",""
"line_detail","D022","HOT AND SOUR SOUP","raw","Ginger","V3","Ginger_gm_reciepe","10","gm","1","10","","","","","","","0.9000","0.9000","1","","",""
"line_detail","D022","HOT AND SOUR SOUP","raw","Ginger","V3","Ginger_gm_reciepe","10","gm","1","10","","","","","","","0.9000","0.9000","1","","",""
"line_detail","D022","HOT AND SOUR SOUP","raw","Ginger","V3","Ginger_gm_reciepe","10","gm","1","10","","","","","","","0.9000","0.9000","1","","",""
"line_detail","D022","HOT AND SOUR SOUP","raw","Ginger","V3","Ginger_gm_reciepe","10","gm","1","10","","","","","","","0.9000","0.9000","1","","",""
"line_detail","D022","HOT AND SOUR SOUP","raw","Ginger","V3","Ginger_gm_reciepe","10","gm","1","10","","","","","","","0.9000","0.9000","1","","",""
"line_detail","D022","HOT AND SOUR SOUP","raw","Ginger","V3","Ginger_gm_reciepe","10","gm","1","10","","","","","","","0.9000","0.9000","1","","",""
"line_detail","D022","HOT AND SOUR SOUP","raw","Ginger","V3","Ginger_gm_reciepe","10","gm","1","10","","","","","","","0.9000","0.9000","1","","",""
"line_detail","D022","HOT AND SOUR SOUP","raw","Ginger","V3","Ginger_gm_reciepe","10","gm","1","10","","","","","","","0.9000","0.9000","1","","",""
"line_detail","D022","HOT AND SOUR SOUP","raw","Ginger","V3","Ginger_gm_reciepe","10","gm","1","10","","","","","","","0.9000","0.9000","1","","",""
"line_detail","D022","HOT AND SOUR SOUP","raw","Ginger","V3","Ginger_gm_reciepe","10","gm","1","10","","","","","","","0.9000","0.9000","1","","",""
"line_detail","D022","HOT AND SOUR SOUP","raw","Ginger","V3","Ginger_gm_reciepe","10","gm","1","10","","","","","","","0.9000","0.9000","1","","",""
"line_detail","D022","HOT AND SOUR SOUP","raw","Ginger","V3","Ginger_gm_reciepe","10","gm","1","10","","","","","","","0.9000","0.9000","1","","",""
"line_detail","D022","HOT AND SOUR SOUP","raw","Green Chilli","V2","Green Chilli_gm_reciepe","10","gm","1","10","","","","","","","0.9000","0.9000","1","","",""
"line_detail","D022","HOT AND SOUR SOUP","raw","Green Chilli","V2","Green Chilli_gm_reciepe","10","gm","1","10","","","","","","","0.9000","0.9000","1","","",""
"line_detail","D022","HOT AND SOUR SOUP","raw","Green Chilli","V2","Green Chilli_gm_reciepe","10","gm","1","10","","","","","","","0.9000","0.9000","1","","",""
"line_detail","D022","HOT AND SOUR SOUP","raw","Green Chilli","V2","Green Chilli_gm_reciepe","10","gm","1","10","","","","","","","0.9000","0.9000","1","","",""
"line_detail","D022","HOT AND SOUR SOUP","raw","Green Chilli","V2","Green Chilli_gm_reciepe","10","gm","1","10","","","","","","","0.9000","0.9000","1","","",""
"line_detail","D022","HOT AND SOUR SOUP","raw","Green Chilli","V2","Green Chilli_gm_reciepe","10","gm","1","10","","","","","","","0.9000","0.9000","1","","",""
"line_detail","D022","HOT AND SOUR SOUP","raw","Green Chilli","V2","Green Chilli_gm_reciepe","10","gm","1","10","","","","","","","0.9000","0.9000","1","","",""
"line_detail","D022","HOT AND SOUR SOUP","raw","Green Chilli","V2","Green Chilli_gm_reciepe","10","gm","1","10","","","","","","","0.9000","0.9000","1","","",""
"line_detail","D022","HOT AND SOUR SOUP","raw","Green Chilli","V2","Green Chilli_gm_reciepe","10","gm","1","10","","","","","","","0.9000","0.9000","1","","",""
"line_detail","D022","HOT AND SOUR SOUP","raw","Green Chilli","V2","Green Chilli_gm_reciepe","10","gm","1","10","","","","","","","0.9000","0.9000","1","","",""
"line_detail","D022","HOT AND SOUR SOUP","raw","Green Chilli","V2","Green Chilli_gm_reciepe","10","gm","1","10","","","","","","","0.9000","0.9000","1","","",""
"line_detail","D022","HOT AND SOUR SOUP","raw","Green Chilli","V2","Green Chilli_gm_reciepe","10","gm","1","10","","","","","","","0.9000","0.9000","1","","",""
"line_detail","D022","HOT AND SOUR SOUP","raw","Green Chilli","V2","Green Chilli_gm_reciepe","10","gm","1","10","","","","","","","0.9000","0.9000","1","","",""
"line_detail","D022","HOT AND SOUR SOUP","raw","Green Chilli","V2","Green Chilli_gm_reciepe","10","gm","1","10","","","","","","","0.9000","0.9000","1","","",""
"line_detail","D022","HOT AND SOUR SOUP","raw","Green Chilli","V2","Green Chilli_gm_reciepe","10","gm","1","10","","","","","","","0.9000","0.9000","1","","",""
"line_detail","D022","HOT AND SOUR SOUP","raw","Green Chilli","V2","Green Chilli_gm_reciepe","10","gm","1","10","","","","","","","0.9000","0.9000","1","","",""
"line_detail","D022","HOT AND SOUR SOUP","raw","Lemon","V13","Lemon_gm_reciepe","18","gm","1","18","","","","","","","0.9000","0.9000","1","","",""
"line_detail","D022","HOT AND SOUR SOUP","raw","Lemon","V13","Lemon_gm_reciepe","18","gm","1","18","","","","","","","0.9000","0.9000","1","","",""
"line_detail","D022","HOT AND SOUR SOUP","raw","Lemon","V13","Lemon_gm_reciepe","18","gm","1","18","","","","","","","0.9000","0.9000","1","","",""
"line_detail","D022","HOT AND SOUR SOUP","raw","Lemon","V13","Lemon_gm_reciepe","18","gm","1","18","","","","","","","0.9000","0.9000","1","","",""
"line_detail","D022","HOT AND SOUR SOUP","raw","Lemon","V13","Lemon_gm_reciepe","18","gm","1","18","","","","","","","0.9000","0.9000","1","","",""
"line_detail","D022","HOT AND SOUR SOUP","raw","Lemon","V13","Lemon_gm_reciepe","18","gm","1","18","","","","","","","0.9000","0.9000","1","","",""
"line_detail","D022","HOT AND SOUR SOUP","raw","Lemon","V13","Lemon_gm_reciepe","18","gm","1","18","","","","","","","0.9000","0.9000","1","","",""
"line_detail","D022","HOT AND SOUR SOUP","raw","Lemon","V13","Lemon_gm_reciepe","18","gm","1","18","","","","","","","0.9000","0.9000","1","","",""
"line_detail","D022","HOT AND SOUR SOUP","raw","Lemon","V13","Lemon_gm_reciepe","18","gm","1","18","","","","","","","0.9000","0.9000","1","","",""
"line_detail","D022","HOT AND SOUR SOUP","raw","Lemon","V13","Lemon_gm_reciepe","18","gm","1","18","","","","","","","0.9000","0.9000","1","","",""
"line_detail","D022","HOT AND SOUR SOUP","raw","Lemon","V13","Lemon_gm_reciepe","18","gm","1","18","","","","","","","0.9000","0.9000","1","","",""
"line_detail","D022","HOT AND SOUR SOUP","raw","Lemon","V13","Lemon_gm_reciepe","18","gm","1","18","","","","","","","0.9000","0.9000","1","","",""
"line_detail","D022","HOT AND SOUR SOUP","raw","Lemon","V13","Lemon_gm_reciepe","18","gm","1","18","","","","","","","0.9000","0.9000","1","","",""
"line_detail","D022","HOT AND SOUR SOUP","raw","Lemon","V13","Lemon_gm_reciepe","18","gm","1","18","","","","","","","0.9000","0.9000","1","","",""
"line_detail","D022","HOT AND SOUR SOUP","raw","Lemon","V13","Lemon_gm_reciepe","18","gm","1","18","","","","","","","0.9000","0.9000","1","","",""
"line_detail","D022","HOT AND SOUR SOUP","raw","Lemon","V13","Lemon_gm_reciepe","18","gm","1","18","","","","","","","0.9000","0.9000","1","","",""
"line_detail","D022","HOT AND SOUR SOUP","raw","VINAGER","44","VINAGER_gm_reciepe","9","gm","1","9","","","","","","","0.9000","0.9000","1","","",""
"line_detail","D022","HOT AND SOUR SOUP","raw","VINAGER","44","VINAGER_gm_reciepe","9","gm","1","9","","","","","","","0.9000","0.9000","1","","",""
"line_detail","D022","HOT AND SOUR SOUP","raw","VINAGER","44","VINAGER_gm_reciepe","9","gm","1","9","","","","","","","0.9000","0.9000","1","","",""
"line_detail","D022","HOT AND SOUR SOUP","raw","VINAGER","44","VINAGER_gm_reciepe","9","gm","1","9","","","","","","","0.9000","0.9000","1","","",""
"line_detail","D022","HOT AND SOUR SOUP","raw","VINAGER","44","VINAGER_gm_reciepe","9","gm","1","9","","","","","","","0.9000","0.9000","1","","",""
"line_detail","D022","HOT AND SOUR SOUP","raw","VINAGER","44","VINAGER_gm_reciepe","9","gm","1","9","","","","","","","0.9000","0.9000","1","","",""
"line_detail","D022","HOT AND SOUR SOUP","raw","VINAGER","44","VINAGER_gm_reciepe","9","gm","1","9","","","","","","","0.9000","0.9000","1","","",""
"line_detail","D022","HOT AND SOUR SOUP","raw","VINAGER","44","VINAGER_gm_reciepe","9","gm","1","9","","","","","","","0.9000","0.9000","1","","",""
"line_detail","D022","HOT AND SOUR SOUP","raw","VINAGER","44","VINAGER_gm_reciepe","9","gm","1","9","","","","","","","0.9000","0.9000","1","","",""
"line_detail","D022","HOT AND SOUR SOUP","raw","VINAGER","44","VINAGER_gm_reciepe","9","gm","1","9","","","","","","","0.9000","0.9000","1","","",""
"line_detail","D022","HOT AND SOUR SOUP","raw","VINAGER","44","VINAGER_gm_reciepe","9","gm","1","9","","","","","","","0.9000","0.9000","1","","",""
"line_detail","D022","HOT AND SOUR SOUP","raw","VINAGER","44","VINAGER_gm_reciepe","9","gm","1","9","","","","","","","0.9000","0.9000","1","","",""
"line_detail","D022","HOT AND SOUR SOUP","raw","ajinomoto","40","ajinomoto_gm_reciepe","15","gm","1","15","","","","","","","0.9000","0.9000","1","","",""
"line_detail","D022","HOT AND SOUR SOUP","raw","ajinomoto","40","ajinomoto_gm_reciepe","15","gm","1","15","","","","","","","0.9000","0.9000","1","","",""
"line_detail","D022","HOT AND SOUR SOUP","raw","ajinomoto","40","ajinomoto_gm_reciepe","15","gm","1","15","","","","","","","0.9000","0.9000","1","","",""
"line_detail","D022","HOT AND SOUR SOUP","raw","ajinomoto","40","ajinomoto_gm_reciepe","15","gm","1","15","","","","","","","0.9000","0.9000","1","","",""
"line_detail","D022","HOT AND SOUR SOUP","raw","ajinomoto","40","ajinomoto_gm_reciepe","15","gm","1","15","","","","","","","0.9000","0.9000","1","","",""
"line_detail","D022","HOT AND SOUR SOUP","raw","ajinomoto","40","ajinomoto_gm_reciepe","15","gm","1","15","","","","","","","0.9000","0.9000","1","","",""
"line_detail","D022","HOT AND SOUR SOUP","raw","ajinomoto","40","ajinomoto_gm_reciepe","15","gm","1","15","","","","","","","0.9000","0.9000","1","","",""
"line_detail","D022","HOT AND SOUR SOUP","raw","ajinomoto","40","ajinomoto_gm_reciepe","15","gm","1","15","","","","","","","0.9000","0.9000","1","","",""
"line_detail","D022","HOT AND SOUR SOUP","raw","ajinomoto","40","ajinomoto_gm_reciepe","15","gm","1","15","","","","","","","0.9000","0.9000","1","","",""
"line_detail","D022","HOT AND SOUR SOUP","raw","ajinomoto","40","ajinomoto_gm_reciepe","15","gm","1","15","","","","","","","0.9000","0.9000","1","","",""
"line_detail","D022","HOT AND SOUR SOUP","raw","ajinomoto","40","ajinomoto_gm_reciepe","15","gm","1","15","","","","","","","0.9000","0.9000","1","","",""
"line_detail","D022","HOT AND SOUR SOUP","raw","ajinomoto","40","ajinomoto_gm_reciepe","15","gm","1","15","","","","","","","0.9000","0.9000","1","","",""
"line_detail","D022","HOT AND SOUR SOUP","raw","dhaniya","9","dhaniya_gm_reciepe","10","gm","1","10","","","","","","","0.9000","0.9000","1","","",""
"line_detail","D022","HOT AND SOUR SOUP","raw","dhaniya","9","dhaniya_gm_reciepe","10","gm","1","10","","","","","","","0.9000","0.9000","1","","",""
"line_detail","D022","HOT AND SOUR SOUP","raw","dhaniya","9","dhaniya_gm_reciepe","10","gm","1","10","","","","","","","0.9000","0.9000","1","","",""
"line_detail","D022","HOT AND SOUR SOUP","raw","dhaniya","9","dhaniya_gm_reciepe","10","gm","1","10","","","","","","","0.9000","0.9000","1","","",""
"line_detail","D022","HOT AND SOUR SOUP","raw","dhaniya","9","dhaniya_gm_reciepe","10","gm","1","10","","","","","","","0.9000","0.9000","1","","",""
"line_detail","D022","HOT AND SOUR SOUP","raw","dhaniya","9","dhaniya_gm_reciepe","10","gm","1","10","","","","","","","0.9000","0.9000","1","","",""
"line_detail","D022","HOT AND SOUR SOUP","raw","dhaniya","9","dhaniya_gm_reciepe","10","gm","1","10","","","","","","","0.9000","0.9000","1","","",""
"line_detail","D022","HOT AND SOUR SOUP","raw","dhaniya","9","dhaniya_gm_reciepe","10","gm","1","10","","","","","","","0.9000","0.9000","1","","",""
"line_detail","D022","HOT AND SOUR SOUP","raw","dhaniya","9","dhaniya_gm_reciepe","10","gm","1","10","","","","","","","0.9000","0.9000","1","","",""
"line_detail","D022","HOT AND SOUR SOUP","raw","dhaniya","9","dhaniya_gm_reciepe","10","gm","1","10","","","","","","","0.9000","0.9000","1","","",""
"line_detail","D022","HOT AND SOUR SOUP","raw","dhaniya","9","dhaniya_gm_reciepe","10","gm","1","10","","","","","","","0.9000","0.9000","1","","",""
"line_detail","D022","HOT AND SOUR SOUP","raw","dhaniya","9","dhaniya_gm_reciepe","10","gm","1","10","","","","","","","0.9000","0.9000","1","","",""
"line_detail","D022","HOT AND SOUR SOUP","raw","dhaniya","9","dhaniya_gm_reciepe","10","gm","1","10","","","","","","","0.9000","0.9000","1","","",""
"line_detail","D022","HOT AND SOUR SOUP","raw","dhaniya","9","dhaniya_gm_reciepe","10","gm","1","10","","","","","","","0.9000","0.9000","1","","",""
"line_detail","D022","HOT AND SOUR SOUP","raw","dhaniya","9","dhaniya_gm_reciepe","10","gm","1","10","","","","","","","0.9000","0.9000","1","","",""
"line_detail","D022","HOT AND SOUR SOUP","raw","dhaniya","9","dhaniya_gm_reciepe","10","gm","1","10","","","","","","","0.9000","0.9000","1","","",""
"line_detail","D022","HOT AND SOUR SOUP","raw","dhaniya","9","dhaniya_gm_reciepe","10","gm","1","10","","","","","","","0.9000","0.9000","1","","",""
"line_detail","D022","HOT AND SOUR SOUP","raw","dhaniya","9","dhaniya_gm_reciepe","10","gm","1","10","","","","","","","0.9000","0.9000","1","","",""
"line_detail","D022","HOT AND SOUR SOUP","raw","dhaniya","9","dhaniya_gm_reciepe","10","gm","1","10","","","","","","","0.9000","0.9000","1","","",""
"line_detail","D022","HOT AND SOUR SOUP","raw","dhaniya","9","dhaniya_gm_reciepe","10","gm","1","10","","","","","","","0.9000","0.9000","1","","",""
"line_detail","D022","HOT AND SOUR SOUP","raw","dhaniya","9","dhaniya_gm_reciepe","10","gm","1","10","","","","","","","0.9000","0.9000","1","","",""
"line_detail","D022","HOT AND SOUR SOUP","raw","dhaniya","9","dhaniya_gm_reciepe","10","gm","1","10","","","","","","","0.9000","0.9000","1","","",""
"line_detail","D022","HOT AND SOUR SOUP","raw","dhaniya","9","dhaniya_gm_reciepe","10","gm","1","10","","","","","","","0.9000","0.9000","1","","",""
"line_detail","D022","HOT AND SOUR SOUP","raw","dhaniya","9","dhaniya_gm_reciepe","10","gm","1","10","","","","","","","0.9000","0.9000","1","","",""
"line_detail","D022","HOT AND SOUR SOUP","raw","green sauce","42","green sauce_gm_reciepe","10","gm","1","10","","","","","","","0.9000","0.9000","1","","",""
"line_detail","D022","HOT AND SOUR SOUP","raw","green sauce","42","green sauce_gm_reciepe","10","gm","1","10","","","","","","","0.9000","0.9000","1","","",""
"line_detail","D022","HOT AND SOUR SOUP","raw","green sauce","42","green sauce_gm_reciepe","10","gm","1","10","","","","","","","0.9000","0.9000","1","","",""
"line_detail","D022","HOT AND SOUR SOUP","raw","green sauce","42","green sauce_gm_reciepe","10","gm","1","10","","","","","","","0.9000","0.9000","1","","",""
"line_detail","D022","HOT AND SOUR SOUP","raw","green sauce","42","green sauce_gm_reciepe","10","gm","1","10","","","","","","","0.9000","0.9000","1","","",""
"line_detail","D022","HOT AND SOUR SOUP","raw","green sauce","42","green sauce_gm_reciepe","10","gm","1","10","","","","","","","0.9000","0.9000","1","","",""
"line_detail","D022","HOT AND SOUR SOUP","raw","green sauce","42","green sauce_gm_reciepe","10","gm","1","10","","","","","","","0.9000","0.9000","1","","",""
"line_detail","D022","HOT AND SOUR SOUP","raw","green sauce","42","green sauce_gm_reciepe","10","gm","1","10","","","","","","","0.9000","0.9000","1","","",""
"line_detail","D022","HOT AND SOUR SOUP","raw","green sauce","42","green sauce_gm_reciepe","10","gm","1","10","","","","","","","0.9000","0.9000","1","","",""
"line_detail","D022","HOT AND SOUR SOUP","raw","green sauce","42","green sauce_gm_reciepe","10","gm","1","10","","","","","","","0.9000","0.9000","1","","",""
"line_detail","D022","HOT AND SOUR SOUP","raw","green sauce","42","green sauce_gm_reciepe","10","gm","1","10","","","","","","","0.9000","0.9000","1","","",""
"line_detail","D022","HOT AND SOUR SOUP","raw","green sauce","42","green sauce_gm_reciepe","10","gm","1","10","","","","","","","0.9000","0.9000","1","","",""
"line_detail","D022","HOT AND SOUR SOUP","raw","salt","27A","salt_gm_reciepe","5","gm","1","5","0.0300","0.1500","","","","","0.9000","0.9000","1","","",""
"line_detail","D022","HOT AND SOUR SOUP","raw","salt","27A","salt_gm_reciepe","5","gm","1","5","0.0300","0.1500","","","","","0.9000","0.9000","1","","",""
"line_detail","D022","HOT AND SOUR SOUP","raw","salt","27A","salt_gm_reciepe","5","gm","1","5","0.0300","0.1500","","","","","0.9000","0.9000","1","","",""
"line_detail","D022","HOT AND SOUR SOUP","raw","salt","27A","salt_gm_reciepe","5","gm","1","5","0.0300","0.1500","","","","","0.9000","0.9000","1","","",""
"line_detail","D022","HOT AND SOUR SOUP","raw","salt","27A","salt_gm_reciepe","5","gm","1","5","0.0300","0.1500","","","","","0.9000","0.9000","1","","",""
"line_detail","D022","HOT AND SOUR SOUP","raw","salt","27A","salt_gm_reciepe","5","gm","1","5","0.0300","0.1500","","","","","0.9000","0.9000","1","","",""
"line_detail","D022","HOT AND SOUR SOUP","raw","vinegar","44","vinegar_gm_reciepe","9","gm","1","9","","","","","","","0.9000","0.9000","1","","",""
"line_detail","D022","HOT AND SOUR SOUP","raw","vinegar","44","vinegar_gm_reciepe","9","gm","1","9","","","","","","","0.9000","0.9000","1","","",""
"line_detail","D022","HOT AND SOUR SOUP","raw","vinegar","44","vinegar_gm_reciepe","9","gm","1","9","","","","","","","0.9000","0.9000","1","","",""
"line_detail","D022","HOT AND SOUR SOUP","raw","vinegar","44","vinegar_gm_reciepe","9","gm","1","9","","","","","","","0.9000","0.9000","1","","",""
"line_detail","D022","HOT AND SOUR SOUP","raw","vinegar","44","vinegar_gm_reciepe","9","gm","1","9","","","","","","","0.9000","0.9000","1","","",""
"line_detail","D022","HOT AND SOUR SOUP","raw","vinegar","44","vinegar_gm_reciepe","9","gm","1","9","","","","","","","0.9000","0.9000","1","","",""
"line_detail","D022","HOT AND SOUR SOUP","raw","vinegar","44","vinegar_gm_reciepe","9","gm","1","9","","","","","","","0.9000","0.9000","1","","",""
"line_detail","D022","HOT AND SOUR SOUP","raw","vinegar","44","vinegar_gm_reciepe","9","gm","1","9","","","","","","","0.9000","0.9000","1","","",""
"line_detail","D022","HOT AND SOUR SOUP","raw","vinegar","44","vinegar_gm_reciepe","9","gm","1","9","","","","","","","0.9000","0.9000","1","","",""
"line_detail","D022","HOT AND SOUR SOUP","raw","vinegar","44","vinegar_gm_reciepe","9","gm","1","9","","","","","","","0.9000","0.9000","1","","",""
"line_detail","D022","HOT AND SOUR SOUP","raw","vinegar","44","vinegar_gm_reciepe","9","gm","1","9","","","","","","","0.9000","0.9000","1","","",""
"line_detail","D022","HOT AND SOUR SOUP","raw","vinegar","44","vinegar_gm_reciepe","9","gm","1","9","","","","","","","0.9000","0.9000","1","","",""
"line_detail","D022","HOT AND SOUR SOUP","raw","white pepper","39A","white pepper_gm_reciepe","15","gm","1","15","","","","","","","0.9000","0.9000","1","","",""
"line_detail","D022","HOT AND SOUR SOUP","raw","white pepper","39A","white pepper_gm_reciepe","15","gm","1","15","","","","","","","0.9000","0.9000","1","","",""
"line_detail","D022","HOT AND SOUR SOUP","raw","white pepper","39A","white pepper_gm_reciepe","15","gm","1","15","","","","","","","0.9000","0.9000","1","","",""
"line_detail","D022","HOT AND SOUR SOUP","raw","white pepper","39A","white pepper_gm_reciepe","15","gm","1","15","","","","","","","0.9000","0.9000","1","","",""
"line_detail","D022","HOT AND SOUR SOUP","raw","white pepper","39A","white pepper_gm_reciepe","15","gm","1","15","","","","","","","0.9000","0.9000","1","","",""
"line_detail","D022","HOT AND SOUR SOUP","raw","white pepper","39A","white pepper_gm_reciepe","15","gm","1","15","","","","","","","0.9000","0.9000","1","","",""
"line_detail","D022","HOT AND SOUR SOUP","raw","white pepper","39A","white pepper_gm_reciepe","15","gm","1","15","","","","","","","0.9000","0.9000","1","","",""
"line_detail","D022","HOT AND SOUR SOUP","raw","white pepper","39A","white pepper_gm_reciepe","15","gm","1","15","","","","","","","0.9000","0.9000","1","","",""
"line_detail","D022","HOT AND SOUR SOUP","raw","white pepper","39A","white pepper_gm_reciepe","15","gm","1","15","","","","","","","0.9000","0.9000","1","","",""
"line_detail","D022","HOT AND SOUR SOUP","raw","white pepper","39A","white pepper_gm_reciepe","15","gm","1","15","","","","","","","0.9000","0.9000","1","","",""
"line_detail","D022","HOT AND SOUR SOUP","raw","white pepper","39A","white pepper_gm_reciepe","15","gm","1","15","","","","","","","0.9000","0.9000","1","","",""
"line_detail","D022","HOT AND SOUR SOUP","raw","white pepper","39A","white pepper_gm_reciepe","15","gm","1","15","","","","","","","0.9000","0.9000","1","","",""
"dish_summary","D022","HOT AND SOUR SOUP","","","","HOT AND SOUR SOUP _1_portion","","","","","","0.9000","standard","false","HOT AND SOUR SOUP _1_portion","","0.9000","0.9000","1","0","148","0"
"line_detail","D023","MANCHOW SOUP","raw","Garlic","V10","Garlic_gm_reciepe","20","gm","1","20","","","","","","","0.0000","0.0000","1","","",""
"line_detail","D023","MANCHOW SOUP","raw","Garlic","V10","Garlic_gm_reciepe","20","gm","1","20","","","","","","","0.0000","0.0000","1","","",""
"line_detail","D023","MANCHOW SOUP","raw","Garlic","V10","Garlic_gm_reciepe","20","gm","1","20","","","","","","","0.0000","0.0000","1","","",""
"line_detail","D023","MANCHOW SOUP","raw","Garlic","V10","Garlic_gm_reciepe","20","gm","1","20","","","","","","","0.0000","0.0000","1","","",""
"line_detail","D023","MANCHOW SOUP","raw","Garlic","V10","Garlic_gm_reciepe","20","gm","1","20","","","","","","","0.0000","0.0000","1","","",""
"line_detail","D023","MANCHOW SOUP","raw","Garlic","V10","Garlic_gm_reciepe","20","gm","1","20","","","","","","","0.0000","0.0000","1","","",""
"line_detail","D023","MANCHOW SOUP","raw","Garlic","V10","Garlic_gm_reciepe","20","gm","1","20","","","","","","","0.0000","0.0000","1","","",""
"line_detail","D023","MANCHOW SOUP","raw","Garlic","V10","Garlic_gm_reciepe","20","gm","1","20","","","","","","","0.0000","0.0000","1","","",""
"line_detail","D023","MANCHOW SOUP","raw","Ginger","V3","Ginger_gm_reciepe","10","gm","1","10","","","","","","","0.0000","0.0000","1","","",""
"line_detail","D023","MANCHOW SOUP","raw","Ginger","V3","Ginger_gm_reciepe","10","gm","1","10","","","","","","","0.0000","0.0000","1","","",""
"line_detail","D023","MANCHOW SOUP","raw","Ginger","V3","Ginger_gm_reciepe","10","gm","1","10","","","","","","","0.0000","0.0000","1","","",""
"line_detail","D023","MANCHOW SOUP","raw","Ginger","V3","Ginger_gm_reciepe","10","gm","1","10","","","","","","","0.0000","0.0000","1","","",""
"line_detail","D023","MANCHOW SOUP","raw","Ginger","V3","Ginger_gm_reciepe","10","gm","1","10","","","","","","","0.0000","0.0000","1","","",""
"line_detail","D023","MANCHOW SOUP","raw","Ginger","V3","Ginger_gm_reciepe","10","gm","1","10","","","","","","","0.0000","0.0000","1","","",""
"line_detail","D023","MANCHOW SOUP","raw","Ginger","V3","Ginger_gm_reciepe","10","gm","1","10","","","","","","","0.0000","0.0000","1","","",""
"line_detail","D023","MANCHOW SOUP","raw","Ginger","V3","Ginger_gm_reciepe","10","gm","1","10","","","","","","","0.0000","0.0000","1","","",""
"line_detail","D023","MANCHOW SOUP","raw","Green Chilli","V2","Green Chilli_gm_reciepe","10","gm","1","10","","","","","","","0.0000","0.0000","1","","",""
"line_detail","D023","MANCHOW SOUP","raw","Green Chilli","V2","Green Chilli_gm_reciepe","10","gm","1","10","","","","","","","0.0000","0.0000","1","","",""
"line_detail","D023","MANCHOW SOUP","raw","Green Chilli","V2","Green Chilli_gm_reciepe","10","gm","1","10","","","","","","","0.0000","0.0000","1","","",""
"line_detail","D023","MANCHOW SOUP","raw","Green Chilli","V2","Green Chilli_gm_reciepe","10","gm","1","10","","","","","","","0.0000","0.0000","1","","",""
"line_detail","D023","MANCHOW SOUP","raw","Green Chilli","V2","Green Chilli_gm_reciepe","10","gm","1","10","","","","","","","0.0000","0.0000","1","","",""
"line_detail","D023","MANCHOW SOUP","raw","Green Chilli","V2","Green Chilli_gm_reciepe","10","gm","1","10","","","","","","","0.0000","0.0000","1","","",""
"line_detail","D023","MANCHOW SOUP","raw","Green Chilli","V2","Green Chilli_gm_reciepe","10","gm","1","10","","","","","","","0.0000","0.0000","1","","",""
"line_detail","D023","MANCHOW SOUP","raw","Green Chilli","V2","Green Chilli_gm_reciepe","10","gm","1","10","","","","","","","0.0000","0.0000","1","","",""
"line_detail","D023","MANCHOW SOUP","raw","Spring Onion","V8","Spring Onion_gm_reciepe","10","gm","1","10","","","","","","","0.0000","0.0000","1","","",""
"line_detail","D023","MANCHOW SOUP","raw","Spring Onion","V8","Spring Onion_gm_reciepe","10","gm","1","10","","","","","","","0.0000","0.0000","1","","",""
"line_detail","D023","MANCHOW SOUP","raw","Spring Onion","V8","Spring Onion_gm_reciepe","10","gm","1","10","","","","","","","0.0000","0.0000","1","","",""
"line_detail","D023","MANCHOW SOUP","raw","Spring Onion","V8","Spring Onion_gm_reciepe","10","gm","1","10","","","","","","","0.0000","0.0000","1","","",""
"line_detail","D023","MANCHOW SOUP","raw","Spring Onion","V8","Spring Onion_gm_reciepe","10","gm","1","10","","","","","","","0.0000","0.0000","1","","",""
"line_detail","D023","MANCHOW SOUP","raw","Spring Onion","V8","Spring Onion_gm_reciepe","10","gm","1","10","","","","","","","0.0000","0.0000","1","","",""
"line_detail","D023","MANCHOW SOUP","raw","Spring Onion","V8","Spring Onion_gm_reciepe","10","gm","1","10","","","","","","","0.0000","0.0000","1","","",""
"line_detail","D023","MANCHOW SOUP","raw","Spring Onion","V8","Spring Onion_gm_reciepe","10","gm","1","10","","","","","","","0.0000","0.0000","1","","",""
"line_detail","D023","MANCHOW SOUP","raw","ajinomoto","40","ajinomoto_gm_reciepe","15","gm","1","15","","","","","","","0.0000","0.0000","1","","",""
"line_detail","D023","MANCHOW SOUP","raw","ajinomoto","40","ajinomoto_gm_reciepe","15","gm","1","15","","","","","","","0.0000","0.0000","1","","",""
"line_detail","D023","MANCHOW SOUP","raw","ajinomoto","40","ajinomoto_gm_reciepe","15","gm","1","15","","","","","","","0.0000","0.0000","1","","",""
"line_detail","D023","MANCHOW SOUP","raw","ajinomoto","40","ajinomoto_gm_reciepe","15","gm","1","15","","","","","","","0.0000","0.0000","1","","",""
"line_detail","D023","MANCHOW SOUP","raw","ajinomoto","40","ajinomoto_gm_reciepe","15","gm","1","15","","","","","","","0.0000","0.0000","1","","",""
"line_detail","D023","MANCHOW SOUP","raw","ajinomoto","40","ajinomoto_gm_reciepe","15","gm","1","15","","","","","","","0.0000","0.0000","1","","",""
"line_detail","D023","MANCHOW SOUP","raw","black pepper","39B","black pepper_gm_reciepe","10","gm","1","10","","","","","","","0.0000","0.0000","1","","",""
"line_detail","D023","MANCHOW SOUP","raw","black pepper","39B","black pepper_gm_reciepe","10","gm","1","10","","","","","","","0.0000","0.0000","1","","",""
"line_detail","D023","MANCHOW SOUP","raw","black pepper","39B","black pepper_gm_reciepe","10","gm","1","10","","","","","","","0.0000","0.0000","1","","",""
"line_detail","D023","MANCHOW SOUP","raw","black pepper","39B","black pepper_gm_reciepe","10","gm","1","10","","","","","","","0.0000","0.0000","1","","",""
"line_detail","D023","MANCHOW SOUP","raw","black pepper","39B","black pepper_gm_reciepe","10","gm","1","10","","","","","","","0.0000","0.0000","1","","",""
"line_detail","D023","MANCHOW SOUP","raw","black pepper","39B","black pepper_gm_reciepe","10","gm","1","10","","","","","","","0.0000","0.0000","1","","",""
"line_detail","D023","MANCHOW SOUP","raw","corn flor","36A","corn flor_gm_reciepe","30","gm","1","30","","","","","","","0.0000","0.0000","1","","",""
"line_detail","D023","MANCHOW SOUP","raw","corn flor","36A","corn flor_gm_reciepe","30","gm","1","30","","","","","","","0.0000","0.0000","1","","",""
"line_detail","D023","MANCHOW SOUP","raw","corn flor","36A","corn flor_gm_reciepe","30","gm","1","30","","","","","","","0.0000","0.0000","1","","",""
"line_detail","D023","MANCHOW SOUP","raw","corn flor","36A","corn flor_gm_reciepe","30","gm","1","30","","","","","","","0.0000","0.0000","1","","",""
"line_detail","D023","MANCHOW SOUP","raw","corn flor","36A","corn flor_gm_reciepe","30","gm","1","30","","","","","","","0.0000","0.0000","1","","",""
"line_detail","D023","MANCHOW SOUP","raw","corn flor","36A","corn flor_gm_reciepe","30","gm","1","30","","","","","","","0.0000","0.0000","1","","",""
"line_detail","D023","MANCHOW SOUP","raw","corn flor","36A","corn flor_gm_reciepe","30","gm","1","30","","","","","","","0.0000","0.0000","1","","",""
"line_detail","D023","MANCHOW SOUP","raw","corn flor","36A","corn flor_gm_reciepe","30","gm","1","30","","","","","","","0.0000","0.0000","1","","",""
"line_detail","D023","MANCHOW SOUP","raw","corn flor","36A","corn flor_gm_reciepe","30","gm","1","30","","","","","","","0.0000","0.0000","1","","",""
"line_detail","D023","MANCHOW SOUP","raw","corn flor","36A","corn flor_gm_reciepe","30","gm","1","30","","","","","","","0.0000","0.0000","1","","",""
"line_detail","D023","MANCHOW SOUP","raw","corn flor","36A","corn flor_gm_reciepe","30","gm","1","30","","","","","","","0.0000","0.0000","1","","",""
"line_detail","D023","MANCHOW SOUP","raw","corn flor","36A","corn flor_gm_reciepe","30","gm","1","30","","","","","","","0.0000","0.0000","1","","",""
"line_detail","D023","MANCHOW SOUP","raw","dhaniya","9","dhaniya_gm_reciepe","10","gm","1","10","","","","","","","0.0000","0.0000","1","","",""
"line_detail","D023","MANCHOW SOUP","raw","dhaniya","9","dhaniya_gm_reciepe","10","gm","1","10","","","","","","","0.0000","0.0000","1","","",""
"line_detail","D023","MANCHOW SOUP","raw","dhaniya","9","dhaniya_gm_reciepe","10","gm","1","10","","","","","","","0.0000","0.0000","1","","",""
"line_detail","D023","MANCHOW SOUP","raw","dhaniya","9","dhaniya_gm_reciepe","10","gm","1","10","","","","","","","0.0000","0.0000","1","","",""
"line_detail","D023","MANCHOW SOUP","raw","dhaniya","9","dhaniya_gm_reciepe","10","gm","1","10","","","","","","","0.0000","0.0000","1","","",""
"line_detail","D023","MANCHOW SOUP","raw","dhaniya","9","dhaniya_gm_reciepe","10","gm","1","10","","","","","","","0.0000","0.0000","1","","",""
"line_detail","D023","MANCHOW SOUP","raw","dhaniya","9","dhaniya_gm_reciepe","10","gm","1","10","","","","","","","0.0000","0.0000","1","","",""
"line_detail","D023","MANCHOW SOUP","raw","dhaniya","9","dhaniya_gm_reciepe","10","gm","1","10","","","","","","","0.0000","0.0000","1","","",""
"line_detail","D023","MANCHOW SOUP","raw","dhaniya","9","dhaniya_gm_reciepe","10","gm","1","10","","","","","","","0.0000","0.0000","1","","",""
"line_detail","D023","MANCHOW SOUP","raw","dhaniya","9","dhaniya_gm_reciepe","10","gm","1","10","","","","","","","0.0000","0.0000","1","","",""
"line_detail","D023","MANCHOW SOUP","raw","dhaniya","9","dhaniya_gm_reciepe","10","gm","1","10","","","","","","","0.0000","0.0000","1","","",""
"line_detail","D023","MANCHOW SOUP","raw","dhaniya","9","dhaniya_gm_reciepe","10","gm","1","10","","","","","","","0.0000","0.0000","1","","",""
"line_detail","D023","MANCHOW SOUP","raw","green sauce","42","green sauce_gm_reciepe","10","gm","1","10","","","","","","","0.0000","0.0000","1","","",""
"line_detail","D023","MANCHOW SOUP","raw","green sauce","42","green sauce_gm_reciepe","10","gm","1","10","","","","","","","0.0000","0.0000","1","","",""
"line_detail","D023","MANCHOW SOUP","raw","green sauce","42","green sauce_gm_reciepe","10","gm","1","10","","","","","","","0.0000","0.0000","1","","",""
"line_detail","D023","MANCHOW SOUP","raw","green sauce","42","green sauce_gm_reciepe","10","gm","1","10","","","","","","","0.0000","0.0000","1","","",""
"line_detail","D023","MANCHOW SOUP","raw","green sauce","42","green sauce_gm_reciepe","10","gm","1","10","","","","","","","0.0000","0.0000","1","","",""
"line_detail","D023","MANCHOW SOUP","raw","green sauce","42","green sauce_gm_reciepe","10","gm","1","10","","","","","","","0.0000","0.0000","1","","",""
"line_detail","D023","MANCHOW SOUP","raw","lal mirch","110","lal mirch_gm_reciepe","15","gm","1","15","","","","","","","0.0000","0.0000","1","","",""
"line_detail","D023","MANCHOW SOUP","raw","lal mirch","110","lal mirch_gm_reciepe","15","gm","1","15","","","","","","","0.0000","0.0000","1","","",""
"line_detail","D023","MANCHOW SOUP","raw","lal mirch","110","lal mirch_gm_reciepe","15","gm","1","15","","","","","","","0.0000","0.0000","1","","",""
"line_detail","D023","MANCHOW SOUP","raw","lal mirch","110","lal mirch_gm_reciepe","15","gm","1","15","","","","","","","0.0000","0.0000","1","","",""
"line_detail","D023","MANCHOW SOUP","raw","lal mirch","110","lal mirch_gm_reciepe","15","gm","1","15","","","","","","","0.0000","0.0000","1","","",""
"line_detail","D023","MANCHOW SOUP","raw","lal mirch","110","lal mirch_gm_reciepe","15","gm","1","15","","","","","","","0.0000","0.0000","1","","",""
"line_detail","D023","MANCHOW SOUP","raw","soya sauce","43A","soya sauce_gm_reciepe","10","gm","1","10","","","","","","","0.0000","0.0000","1","","",""
"line_detail","D023","MANCHOW SOUP","raw","soya sauce","43A","soya sauce_gm_reciepe","10","gm","1","10","","","","","","","0.0000","0.0000","1","","",""
"line_detail","D023","MANCHOW SOUP","raw","soya sauce","43A","soya sauce_gm_reciepe","10","gm","1","10","","","","","","","0.0000","0.0000","1","","",""
"line_detail","D023","MANCHOW SOUP","raw","soya sauce","43A","soya sauce_gm_reciepe","10","gm","1","10","","","","","","","0.0000","0.0000","1","","",""
"line_detail","D023","MANCHOW SOUP","raw","soya sauce","43A","soya sauce_gm_reciepe","10","gm","1","10","","","","","","","0.0000","0.0000","1","","",""
"line_detail","D023","MANCHOW SOUP","raw","soya sauce","43A","soya sauce_gm_reciepe","10","gm","1","10","","","","","","","0.0000","0.0000","1","","",""
"line_detail","D023","MANCHOW SOUP","raw","white pepper","39A","white pepper_gm_reciepe","15","gm","1","15","","","","","","","0.0000","0.0000","1","","",""
"line_detail","D023","MANCHOW SOUP","raw","white pepper","39A","white pepper_gm_reciepe","15","gm","1","15","","","","","","","0.0000","0.0000","1","","",""
"line_detail","D023","MANCHOW SOUP","raw","white pepper","39A","white pepper_gm_reciepe","15","gm","1","15","","","","","","","0.0000","0.0000","1","","",""
"line_detail","D023","MANCHOW SOUP","raw","white pepper","39A","white pepper_gm_reciepe","15","gm","1","15","","","","","","","0.0000","0.0000","1","","",""
"line_detail","D023","MANCHOW SOUP","raw","white pepper","39A","white pepper_gm_reciepe","15","gm","1","15","","","","","","","0.0000","0.0000","1","","",""
"line_detail","D023","MANCHOW SOUP","raw","white pepper","39A","white pepper_gm_reciepe","15","gm","1","15","","","","","","","0.0000","0.0000","1","","",""
"dish_summary","D023","MANCHOW SOUP","","","","MANCHOW SOUP _1_portion","","","","","","0.0000","standard","false","MANCHOW SOUP _1_portion","","0.0000","0.0000","1","0","92","0"
"line_detail","D025","CHILLY GARLIC NOODLES","raw","Garlic","V10","Garlic_gm_reciepe","10","gm","1","10","","","","","","","0.0000","0.0000","1","","",""
"line_detail","D025","CHILLY GARLIC NOODLES","raw","Garlic","V10","Garlic_gm_reciepe","10","gm","1","10","","","","","","","0.0000","0.0000","1","","",""
"line_detail","D025","CHILLY GARLIC NOODLES","raw","Garlic","V10","Garlic_gm_reciepe","10","gm","1","10","","","","","","","0.0000","0.0000","1","","",""
"line_detail","D025","CHILLY GARLIC NOODLES","raw","Garlic","V10","Garlic_gm_reciepe","10","gm","1","10","","","","","","","0.0000","0.0000","1","","",""
"line_detail","D025","CHILLY GARLIC NOODLES","raw","Ginger","V3","Ginger_gm_reciepe","5","gm","1","5","","","","","","","0.0000","0.0000","1","","",""
"line_detail","D025","CHILLY GARLIC NOODLES","raw","Ginger","V3","Ginger_gm_reciepe","5","gm","1","5","","","","","","","0.0000","0.0000","1","","",""
"line_detail","D025","CHILLY GARLIC NOODLES","raw","Ginger","V3","Ginger_gm_reciepe","5","gm","1","5","","","","","","","0.0000","0.0000","1","","",""
"line_detail","D025","CHILLY GARLIC NOODLES","raw","Ginger","V3","Ginger_gm_reciepe","5","gm","1","5","","","","","","","0.0000","0.0000","1","","",""
"line_detail","D025","CHILLY GARLIC NOODLES","raw","Green Chilli","V2","Green Chilli_gm_reciepe","5","gm","1","5","","","","","","","0.0000","0.0000","1","","",""
"line_detail","D025","CHILLY GARLIC NOODLES","raw","Green Chilli","V2","Green Chilli_gm_reciepe","5","gm","1","5","","","","","","","0.0000","0.0000","1","","",""
"line_detail","D025","CHILLY GARLIC NOODLES","raw","Green Chilli","V2","Green Chilli_gm_reciepe","5","gm","1","5","","","","","","","0.0000","0.0000","1","","",""
"line_detail","D025","CHILLY GARLIC NOODLES","raw","Green Chilli","V2","Green Chilli_gm_reciepe","5","gm","1","5","","","","","","","0.0000","0.0000","1","","",""
"line_detail","D025","CHILLY GARLIC NOODLES","raw","Onion","V11","Onion_gm_reciepe","15","gm","1","15","","","","","","","0.0000","0.0000","1","","",""
"line_detail","D025","CHILLY GARLIC NOODLES","raw","Onion","V11","Onion_gm_reciepe","15","gm","1","15","","","","","","","0.0000","0.0000","1","","",""
"line_detail","D025","CHILLY GARLIC NOODLES","raw","Onion","V11","Onion_gm_reciepe","15","gm","1","15","","","","","","","0.0000","0.0000","1","","",""
"line_detail","D025","CHILLY GARLIC NOODLES","raw","Onion","V11","Onion_gm_reciepe","15","gm","1","15","","","","","","","0.0000","0.0000","1","","",""
"dish_summary","D025","CHILLY GARLIC NOODLES","","","","CHILLY GARLIC NOODLES_1_portion","","","","","","0.0000","standard","false","CHILLY GARLIC NOODLES_1_portion","","0.0000","0.0000","1","3","16","0"
"line_detail","D026","VEG NOODLES","raw","Garlic","V10","Garlic_gm_reciepe","10","gm","1","10","","","","","","","0.0000","0.0000","1","","",""
"line_detail","D026","VEG NOODLES","raw","Garlic","V10","Garlic_gm_reciepe","10","gm","1","10","","","","","","","0.0000","0.0000","1","","",""
"line_detail","D026","VEG NOODLES","raw","Garlic","V10","Garlic_gm_reciepe","10","gm","1","10","","","","","","","0.0000","0.0000","1","","",""
"line_detail","D026","VEG NOODLES","raw","Garlic","V10","Garlic_gm_reciepe","10","gm","1","10","","","","","","","0.0000","0.0000","1","","",""
"line_detail","D026","VEG NOODLES","raw","Ginger","V3","Ginger_gm_reciepe","5","gm","1","5","","","","","","","0.0000","0.0000","1","","",""
"line_detail","D026","VEG NOODLES","raw","Ginger","V3","Ginger_gm_reciepe","5","gm","1","5","","","","","","","0.0000","0.0000","1","","",""
"line_detail","D026","VEG NOODLES","raw","Ginger","V3","Ginger_gm_reciepe","5","gm","1","5","","","","","","","0.0000","0.0000","1","","",""
"line_detail","D026","VEG NOODLES","raw","Ginger","V3","Ginger_gm_reciepe","5","gm","1","5","","","","","","","0.0000","0.0000","1","","",""
"line_detail","D026","VEG NOODLES","raw","Green Chilli","V2","Green Chilli_gm_reciepe","5","gm","1","5","","","","","","","0.0000","0.0000","1","","",""
"line_detail","D026","VEG NOODLES","raw","Green Chilli","V2","Green Chilli_gm_reciepe","5","gm","1","5","","","","","","","0.0000","0.0000","1","","",""
"line_detail","D026","VEG NOODLES","raw","Green Chilli","V2","Green Chilli_gm_reciepe","5","gm","1","5","","","","","","","0.0000","0.0000","1","","",""
"line_detail","D026","VEG NOODLES","raw","Green Chilli","V2","Green Chilli_gm_reciepe","5","gm","1","5","","","","","","","0.0000","0.0000","1","","",""
"line_detail","D026","VEG NOODLES","raw","Onion","V11","Onion_gm_reciepe","15","gm","1","15","","","","","","","0.0000","0.0000","1","","",""
"line_detail","D026","VEG NOODLES","raw","Onion","V11","Onion_gm_reciepe","15","gm","1","15","","","","","","","0.0000","0.0000","1","","",""
"line_detail","D026","VEG NOODLES","raw","Onion","V11","Onion_gm_reciepe","15","gm","1","15","","","","","","","0.0000","0.0000","1","","",""
"line_detail","D026","VEG NOODLES","raw","Onion","V11","Onion_gm_reciepe","15","gm","1","15","","","","","","","0.0000","0.0000","1","","",""
"dish_summary","D026","VEG NOODLES","","","","VEG NOODLES_1_portion","","","","","","0.0000","standard","false","VEG NOODLES_1_portion","","0.0000","0.0000","1","3","16","0"
"line_detail","D027","HAKKA NOODLES","raw","Garlic","V10","Garlic_gm_reciepe","10","gm","1","10","","","","","","","0.0000","0.0000","1","","",""
"line_detail","D027","HAKKA NOODLES","raw","Garlic","V10","Garlic_gm_reciepe","10","gm","1","10","","","","","","","0.0000","0.0000","1","","",""
"line_detail","D027","HAKKA NOODLES","raw","Garlic","V10","Garlic_gm_reciepe","10","gm","1","10","","","","","","","0.0000","0.0000","1","","",""
"line_detail","D027","HAKKA NOODLES","raw","Garlic","V10","Garlic_gm_reciepe","10","gm","1","10","","","","","","","0.0000","0.0000","1","","",""
"line_detail","D027","HAKKA NOODLES","raw","Ginger","V3","Ginger_gm_reciepe","5","gm","1","5","","","","","","","0.0000","0.0000","1","","",""
"line_detail","D027","HAKKA NOODLES","raw","Ginger","V3","Ginger_gm_reciepe","5","gm","1","5","","","","","","","0.0000","0.0000","1","","",""
"line_detail","D027","HAKKA NOODLES","raw","Ginger","V3","Ginger_gm_reciepe","5","gm","1","5","","","","","","","0.0000","0.0000","1","","",""
"line_detail","D027","HAKKA NOODLES","raw","Ginger","V3","Ginger_gm_reciepe","5","gm","1","5","","","","","","","0.0000","0.0000","1","","",""
"line_detail","D027","HAKKA NOODLES","raw","Green Chilli","V2","Green Chilli_gm_reciepe","5","gm","1","5","","","","","","","0.0000","0.0000","1","","",""
"line_detail","D027","HAKKA NOODLES","raw","Green Chilli","V2","Green Chilli_gm_reciepe","5","gm","1","5","","","","","","","0.0000","0.0000","1","","",""
"line_detail","D027","HAKKA NOODLES","raw","Green Chilli","V2","Green Chilli_gm_reciepe","5","gm","1","5","","","","","","","0.0000","0.0000","1","","",""
"line_detail","D027","HAKKA NOODLES","raw","Green Chilli","V2","Green Chilli_gm_reciepe","5","gm","1","5","","","","","","","0.0000","0.0000","1","","",""
"line_detail","D027","HAKKA NOODLES","raw","Onion","V11","Onion_gm_reciepe","15","gm","1","15","","","","","","","0.0000","0.0000","1","","",""
"line_detail","D027","HAKKA NOODLES","raw","Onion","V11","Onion_gm_reciepe","15","gm","1","15","","","","","","","0.0000","0.0000","1","","",""
"line_detail","D027","HAKKA NOODLES","raw","Onion","V11","Onion_gm_reciepe","15","gm","1","15","","","","","","","0.0000","0.0000","1","","",""
"line_detail","D027","HAKKA NOODLES","raw","Onion","V11","Onion_gm_reciepe","15","gm","1","15","","","","","","","0.0000","0.0000","1","","",""
"dish_summary","D027","HAKKA NOODLES","","","","HAKKA NOODLES       _1_portion","","","","","","0.0000","standard","false","HAKKA NOODLES       _1_portion","","0.0000","0.0000","1","4","16","0"
"line_detail","D029","SCHEZWAN NOODLES","raw","Garlic","V10","Garlic_gm_reciepe","10","gm","1","10","","","","","","","0.0000","0.0000","1","","",""
"line_detail","D029","SCHEZWAN NOODLES","raw","Garlic","V10","Garlic_gm_reciepe","10","gm","1","10","","","","","","","0.0000","0.0000","1","","",""
"line_detail","D029","SCHEZWAN NOODLES","raw","Garlic","V10","Garlic_gm_reciepe","10","gm","1","10","","","","","","","0.0000","0.0000","1","","",""
"line_detail","D029","SCHEZWAN NOODLES","raw","Garlic","V10","Garlic_gm_reciepe","10","gm","1","10","","","","","","","0.0000","0.0000","1","","",""
"line_detail","D029","SCHEZWAN NOODLES","raw","Ginger","V3","Ginger_gm_reciepe","5","gm","1","5","","","","","","","0.0000","0.0000","1","","",""
"line_detail","D029","SCHEZWAN NOODLES","raw","Ginger","V3","Ginger_gm_reciepe","5","gm","1","5","","","","","","","0.0000","0.0000","1","","",""
"line_detail","D029","SCHEZWAN NOODLES","raw","Ginger","V3","Ginger_gm_reciepe","5","gm","1","5","","","","","","","0.0000","0.0000","1","","",""
"line_detail","D029","SCHEZWAN NOODLES","raw","Ginger","V3","Ginger_gm_reciepe","5","gm","1","5","","","","","","","0.0000","0.0000","1","","",""
"line_detail","D029","SCHEZWAN NOODLES","raw","Green Chilli","V2","Green Chilli_gm_reciepe","5","gm","1","5","","","","","","","0.0000","0.0000","1","","",""
"line_detail","D029","SCHEZWAN NOODLES","raw","Green Chilli","V2","Green Chilli_gm_reciepe","5","gm","1","5","","","","","","","0.0000","0.0000","1","","",""
"line_detail","D029","SCHEZWAN NOODLES","raw","Green Chilli","V2","Green Chilli_gm_reciepe","5","gm","1","5","","","","","","","0.0000","0.0000","1","","",""
"line_detail","D029","SCHEZWAN NOODLES","raw","Green Chilli","V2","Green Chilli_gm_reciepe","5","gm","1","5","","","","","","","0.0000","0.0000","1","","",""
"line_detail","D029","SCHEZWAN NOODLES","raw","Onion","V11","Onion_gm_reciepe","15","gm","1","15","","","","","","","0.0000","0.0000","1","","",""
"line_detail","D029","SCHEZWAN NOODLES","raw","Onion","V11","Onion_gm_reciepe","15","gm","1","15","","","","","","","0.0000","0.0000","1","","",""
"line_detail","D029","SCHEZWAN NOODLES","raw","Onion","V11","Onion_gm_reciepe","15","gm","1","15","","","","","","","0.0000","0.0000","1","","",""
"line_detail","D029","SCHEZWAN NOODLES","raw","Onion","V11","Onion_gm_reciepe","15","gm","1","15","","","","","","","0.0000","0.0000","1","","",""
"line_detail","D029","SCHEZWAN NOODLES","raw","schezwan sauce","41","schezwan sauce_gm_reciepe","50","gm","1","50","","","","","","","0.0000","0.0000","1","","",""
"line_detail","D029","SCHEZWAN NOODLES","raw","schezwan sauce","41","schezwan sauce_gm_reciepe","50","gm","1","50","","","","","","","0.0000","0.0000","1","","",""
"line_detail","D029","SCHEZWAN NOODLES","raw","schezwan sauce","41","schezwan sauce_gm_reciepe","50","gm","1","50","","","","","","","0.0000","0.0000","1","","",""
"line_detail","D029","SCHEZWAN NOODLES","raw","schezwan sauce","41","schezwan sauce_gm_reciepe","50","gm","1","50","","","","","","","0.0000","0.0000","1","","",""
"line_detail","D029","SCHEZWAN NOODLES","raw","schezwan sauce","41","schezwan sauce_gm_reciepe","50","gm","1","50","","","","","","","0.0000","0.0000","1","","",""
"line_detail","D029","SCHEZWAN NOODLES","raw","schezwan sauce","41","schezwan sauce_gm_reciepe","50","gm","1","50","","","","","","","0.0000","0.0000","1","","",""
"dish_summary","D029","SCHEZWAN NOODLES","","","","SCHEZWAN NOODLES_1_portion","","","","","","0.0000","standard","false","SCHEZWAN NOODLES_1_portion","","0.0000","0.0000","1","3","22","0"
"line_detail","D032","COCKTAIL RICE","raw","Garlic","V10","Garlic_gm_reciepe","10","gm","1","10","","","","","","","0.0000","0.0000","1","","",""
"line_detail","D032","COCKTAIL RICE","raw","Garlic","V10","Garlic_gm_reciepe","10","gm","1","10","","","","","","","0.0000","0.0000","1","","",""
"line_detail","D032","COCKTAIL RICE","raw","Garlic","V10","Garlic_gm_reciepe","10","gm","1","10","","","","","","","0.0000","0.0000","1","","",""
"line_detail","D032","COCKTAIL RICE","raw","Garlic","V10","Garlic_gm_reciepe","10","gm","1","10","","","","","","","0.0000","0.0000","1","","",""
"line_detail","D032","COCKTAIL RICE","raw","Ginger","V3","Ginger_gm_reciepe","5","gm","1","5","","","","","","","0.0000","0.0000","1","","",""
"line_detail","D032","COCKTAIL RICE","raw","Ginger","V3","Ginger_gm_reciepe","5","gm","1","5","","","","","","","0.0000","0.0000","1","","",""
"line_detail","D032","COCKTAIL RICE","raw","Ginger","V3","Ginger_gm_reciepe","5","gm","1","5","","","","","","","0.0000","0.0000","1","","",""
"line_detail","D032","COCKTAIL RICE","raw","Ginger","V3","Ginger_gm_reciepe","5","gm","1","5","","","","","","","0.0000","0.0000","1","","",""
"line_detail","D032","COCKTAIL RICE","raw","Green Chilli","V2","Green Chilli_gm_reciepe","5","gm","1","5","","","","","","","0.0000","0.0000","1","","",""
"line_detail","D032","COCKTAIL RICE","raw","Green Chilli","V2","Green Chilli_gm_reciepe","5","gm","1","5","","","","","","","0.0000","0.0000","1","","",""
"line_detail","D032","COCKTAIL RICE","raw","Green Chilli","V2","Green Chilli_gm_reciepe","5","gm","1","5","","","","","","","0.0000","0.0000","1","","",""
"line_detail","D032","COCKTAIL RICE","raw","Green Chilli","V2","Green Chilli_gm_reciepe","5","gm","1","5","","","","","","","0.0000","0.0000","1","","",""
"line_detail","D032","COCKTAIL RICE","raw","Onion","V11","Onion_gm_reciepe","15","gm","1","15","","","","","","","0.0000","0.0000","1","","",""
"line_detail","D032","COCKTAIL RICE","raw","Onion","V11","Onion_gm_reciepe","15","gm","1","15","","","","","","","0.0000","0.0000","1","","",""
"line_detail","D032","COCKTAIL RICE","raw","Onion","V11","Onion_gm_reciepe","15","gm","1","15","","","","","","","0.0000","0.0000","1","","",""
"line_detail","D032","COCKTAIL RICE","raw","Onion","V11","Onion_gm_reciepe","15","gm","1","15","","","","","","","0.0000","0.0000","1","","",""
"dish_summary","D032","COCKTAIL RICE","","","","COCKTAIL RICE_1_portion","","","","","","0.0000","standard","false","COCKTAIL RICE_1_portion","","0.0000","0.0000","1","4","16","0"
"line_detail","D034","VEG FRIED RICE","raw","Garlic","V10","Garlic_gm_reciepe","20","gm","1","20","","","","","","","1.8000","1.8000","1","","",""
"line_detail","D034","VEG FRIED RICE","raw","Garlic","V10","Garlic_gm_reciepe","20","gm","1","20","","","","","","","1.8000","1.8000","1","","",""
"line_detail","D034","VEG FRIED RICE","raw","Garlic","V10","Garlic_gm_reciepe","20","gm","1","20","","","","","","","1.8000","1.8000","1","","",""
"line_detail","D034","VEG FRIED RICE","raw","Garlic","V10","Garlic_gm_reciepe","20","gm","1","20","","","","","","","1.8000","1.8000","1","","",""
"line_detail","D034","VEG FRIED RICE","raw","Garlic","V10","Garlic_gm_reciepe","20","gm","1","20","","","","","","","1.8000","1.8000","1","","",""
"line_detail","D034","VEG FRIED RICE","raw","Garlic","V10","Garlic_gm_reciepe","20","gm","1","20","","","","","","","1.8000","1.8000","1","","",""
"line_detail","D034","VEG FRIED RICE","raw","Garlic","V10","Garlic_gm_reciepe","20","gm","1","20","","","","","","","1.8000","1.8000","1","","",""
"line_detail","D034","VEG FRIED RICE","raw","Garlic","V10","Garlic_gm_reciepe","20","gm","1","20","","","","","","","1.8000","1.8000","1","","",""
"line_detail","D034","VEG FRIED RICE","raw","Garlic","V10","Garlic_gm_reciepe","20","gm","1","20","","","","","","","1.8000","1.8000","1","","",""
"line_detail","D034","VEG FRIED RICE","raw","Garlic","V10","Garlic_gm_reciepe","20","gm","1","20","","","","","","","1.8000","1.8000","1","","",""
"line_detail","D034","VEG FRIED RICE","raw","Garlic","V10","Garlic_gm_reciepe","20","gm","1","20","","","","","","","1.8000","1.8000","1","","",""
"line_detail","D034","VEG FRIED RICE","raw","Garlic","V10","Garlic_gm_reciepe","20","gm","1","20","","","","","","","1.8000","1.8000","1","","",""
"line_detail","D034","VEG FRIED RICE","raw","Garlic","V10","Garlic_gm_reciepe","20","gm","1","20","","","","","","","1.8000","1.8000","1","","",""
"line_detail","D034","VEG FRIED RICE","raw","Garlic","V10","Garlic_gm_reciepe","20","gm","1","20","","","","","","","1.8000","1.8000","1","","",""
"line_detail","D034","VEG FRIED RICE","raw","Garlic","V10","Garlic_gm_reciepe","20","gm","1","20","","","","","","","1.8000","1.8000","1","","",""
"line_detail","D034","VEG FRIED RICE","raw","Garlic","V10","Garlic_gm_reciepe","20","gm","1","20","","","","","","","1.8000","1.8000","1","","",""
"line_detail","D034","VEG FRIED RICE","raw","Green Chilli","V2","Green Chilli_gm_reciepe","10","gm","1","10","","","","","","","1.8000","1.8000","1","","",""
"line_detail","D034","VEG FRIED RICE","raw","Green Chilli","V2","Green Chilli_gm_reciepe","10","gm","1","10","","","","","","","1.8000","1.8000","1","","",""
"line_detail","D034","VEG FRIED RICE","raw","Green Chilli","V2","Green Chilli_gm_reciepe","10","gm","1","10","","","","","","","1.8000","1.8000","1","","",""
"line_detail","D034","VEG FRIED RICE","raw","Green Chilli","V2","Green Chilli_gm_reciepe","10","gm","1","10","","","","","","","1.8000","1.8000","1","","",""
"line_detail","D034","VEG FRIED RICE","raw","Green Chilli","V2","Green Chilli_gm_reciepe","10","gm","1","10","","","","","","","1.8000","1.8000","1","","",""
"line_detail","D034","VEG FRIED RICE","raw","Green Chilli","V2","Green Chilli_gm_reciepe","10","gm","1","10","","","","","","","1.8000","1.8000","1","","",""
"line_detail","D034","VEG FRIED RICE","raw","Green Chilli","V2","Green Chilli_gm_reciepe","10","gm","1","10","","","","","","","1.8000","1.8000","1","","",""
"line_detail","D034","VEG FRIED RICE","raw","Green Chilli","V2","Green Chilli_gm_reciepe","10","gm","1","10","","","","","","","1.8000","1.8000","1","","",""
"line_detail","D034","VEG FRIED RICE","raw","Green Chilli","V2","Green Chilli_gm_reciepe","10","gm","1","10","","","","","","","1.8000","1.8000","1","","",""
"line_detail","D034","VEG FRIED RICE","raw","Green Chilli","V2","Green Chilli_gm_reciepe","10","gm","1","10","","","","","","","1.8000","1.8000","1","","",""
"line_detail","D034","VEG FRIED RICE","raw","Green Chilli","V2","Green Chilli_gm_reciepe","10","gm","1","10","","","","","","","1.8000","1.8000","1","","",""
"line_detail","D034","VEG FRIED RICE","raw","Green Chilli","V2","Green Chilli_gm_reciepe","10","gm","1","10","","","","","","","1.8000","1.8000","1","","",""
"line_detail","D034","VEG FRIED RICE","raw","Green Chilli","V2","Green Chilli_gm_reciepe","10","gm","1","10","","","","","","","1.8000","1.8000","1","","",""
"line_detail","D034","VEG FRIED RICE","raw","Green Chilli","V2","Green Chilli_gm_reciepe","10","gm","1","10","","","","","","","1.8000","1.8000","1","","",""
"line_detail","D034","VEG FRIED RICE","raw","Green Chilli","V2","Green Chilli_gm_reciepe","10","gm","1","10","","","","","","","1.8000","1.8000","1","","",""
"line_detail","D034","VEG FRIED RICE","raw","Green Chilli","V2","Green Chilli_gm_reciepe","10","gm","1","10","","","","","","","1.8000","1.8000","1","","",""
"line_detail","D034","VEG FRIED RICE","raw","Onion","V11","Onion_gm_reciepe","20","gm","1","20","","","","","","","1.8000","1.8000","1","","",""
"line_detail","D034","VEG FRIED RICE","raw","Onion","V11","Onion_gm_reciepe","20","gm","1","20","","","","","","","1.8000","1.8000","1","","",""
"line_detail","D034","VEG FRIED RICE","raw","Onion","V11","Onion_gm_reciepe","20","gm","1","20","","","","","","","1.8000","1.8000","1","","",""
"line_detail","D034","VEG FRIED RICE","raw","Onion","V11","Onion_gm_reciepe","20","gm","1","20","","","","","","","1.8000","1.8000","1","","",""
"line_detail","D034","VEG FRIED RICE","raw","Onion","V11","Onion_gm_reciepe","20","gm","1","20","","","","","","","1.8000","1.8000","1","","",""
"line_detail","D034","VEG FRIED RICE","raw","Onion","V11","Onion_gm_reciepe","20","gm","1","20","","","","","","","1.8000","1.8000","1","","",""
"line_detail","D034","VEG FRIED RICE","raw","Onion","V11","Onion_gm_reciepe","20","gm","1","20","","","","","","","1.8000","1.8000","1","","",""
"line_detail","D034","VEG FRIED RICE","raw","Onion","V11","Onion_gm_reciepe","20","gm","1","20","","","","","","","1.8000","1.8000","1","","",""
"line_detail","D034","VEG FRIED RICE","raw","Onion","V11","Onion_gm_reciepe","20","gm","1","20","","","","","","","1.8000","1.8000","1","","",""
"line_detail","D034","VEG FRIED RICE","raw","Onion","V11","Onion_gm_reciepe","20","gm","1","20","","","","","","","1.8000","1.8000","1","","",""
"line_detail","D034","VEG FRIED RICE","raw","Onion","V11","Onion_gm_reciepe","20","gm","1","20","","","","","","","1.8000","1.8000","1","","",""
"line_detail","D034","VEG FRIED RICE","raw","Onion","V11","Onion_gm_reciepe","20","gm","1","20","","","","","","","1.8000","1.8000","1","","",""
"line_detail","D034","VEG FRIED RICE","raw","Onion","V11","Onion_gm_reciepe","20","gm","1","20","","","","","","","1.8000","1.8000","1","","",""
"line_detail","D034","VEG FRIED RICE","raw","Onion","V11","Onion_gm_reciepe","20","gm","1","20","","","","","","","1.8000","1.8000","1","","",""
"line_detail","D034","VEG FRIED RICE","raw","Onion","V11","Onion_gm_reciepe","20","gm","1","20","","","","","","","1.8000","1.8000","1","","",""
"line_detail","D034","VEG FRIED RICE","raw","Onion","V11","Onion_gm_reciepe","20","gm","1","20","","","","","","","1.8000","1.8000","1","","",""
"line_detail","D034","VEG FRIED RICE","raw","ajinomoto","40","ajinomoto_gm_reciepe","15","gm","1","15","","","","","","","1.8000","1.8000","1","","",""
"line_detail","D034","VEG FRIED RICE","raw","ajinomoto","40","ajinomoto_gm_reciepe","15","gm","1","15","","","","","","","1.8000","1.8000","1","","",""
"line_detail","D034","VEG FRIED RICE","raw","ajinomoto","40","ajinomoto_gm_reciepe","15","gm","1","15","","","","","","","1.8000","1.8000","1","","",""
"line_detail","D034","VEG FRIED RICE","raw","ajinomoto","40","ajinomoto_gm_reciepe","15","gm","1","15","","","","","","","1.8000","1.8000","1","","",""
"line_detail","D034","VEG FRIED RICE","raw","ajinomoto","40","ajinomoto_gm_reciepe","15","gm","1","15","","","","","","","1.8000","1.8000","1","","",""
"line_detail","D034","VEG FRIED RICE","raw","ajinomoto","40","ajinomoto_gm_reciepe","15","gm","1","15","","","","","","","1.8000","1.8000","1","","",""
"line_detail","D034","VEG FRIED RICE","raw","ajinomoto","40","ajinomoto_gm_reciepe","15","gm","1","15","","","","","","","1.8000","1.8000","1","","",""
"line_detail","D034","VEG FRIED RICE","raw","ajinomoto","40","ajinomoto_gm_reciepe","15","gm","1","15","","","","","","","1.8000","1.8000","1","","",""
"line_detail","D034","VEG FRIED RICE","raw","ajinomoto","40","ajinomoto_gm_reciepe","15","gm","1","15","","","","","","","1.8000","1.8000","1","","",""
"line_detail","D034","VEG FRIED RICE","raw","ajinomoto","40","ajinomoto_gm_reciepe","15","gm","1","15","","","","","","","1.8000","1.8000","1","","",""
"line_detail","D034","VEG FRIED RICE","raw","ajinomoto","40","ajinomoto_gm_reciepe","15","gm","1","15","","","","","","","1.8000","1.8000","1","","",""
"line_detail","D034","VEG FRIED RICE","raw","ajinomoto","40","ajinomoto_gm_reciepe","15","gm","1","15","","","","","","","1.8000","1.8000","1","","",""
"line_detail","D034","VEG FRIED RICE","raw","black pepper","39B","black pepper_gm_reciepe","15","gm","1","15","","","","","","","1.8000","1.8000","1","","",""
"line_detail","D034","VEG FRIED RICE","raw","black pepper","39B","black pepper_gm_reciepe","15","gm","1","15","","","","","","","1.8000","1.8000","1","","",""
"line_detail","D034","VEG FRIED RICE","raw","black pepper","39B","black pepper_gm_reciepe","15","gm","1","15","","","","","","","1.8000","1.8000","1","","",""
"line_detail","D034","VEG FRIED RICE","raw","black pepper","39B","black pepper_gm_reciepe","15","gm","1","15","","","","","","","1.8000","1.8000","1","","",""
"line_detail","D034","VEG FRIED RICE","raw","black pepper","39B","black pepper_gm_reciepe","15","gm","1","15","","","","","","","1.8000","1.8000","1","","",""
"line_detail","D034","VEG FRIED RICE","raw","black pepper","39B","black pepper_gm_reciepe","15","gm","1","15","","","","","","","1.8000","1.8000","1","","",""
"line_detail","D034","VEG FRIED RICE","raw","black pepper","39B","black pepper_gm_reciepe","15","gm","1","15","","","","","","","1.8000","1.8000","1","","",""
"line_detail","D034","VEG FRIED RICE","raw","black pepper","39B","black pepper_gm_reciepe","15","gm","1","15","","","","","","","1.8000","1.8000","1","","",""
"line_detail","D034","VEG FRIED RICE","raw","black pepper","39B","black pepper_gm_reciepe","15","gm","1","15","","","","","","","1.8000","1.8000","1","","",""
"line_detail","D034","VEG FRIED RICE","raw","black pepper","39B","black pepper_gm_reciepe","15","gm","1","15","","","","","","","1.8000","1.8000","1","","",""
"line_detail","D034","VEG FRIED RICE","raw","black pepper","39B","black pepper_gm_reciepe","15","gm","1","15","","","","","","","1.8000","1.8000","1","","",""
"line_detail","D034","VEG FRIED RICE","raw","black pepper","39B","black pepper_gm_reciepe","15","gm","1","15","","","","","","","1.8000","1.8000","1","","",""
"line_detail","D034","VEG FRIED RICE","raw","salt","27A","salt_gm_reciepe","5","gm","1","5","0.0300","0.1500","","","","","1.8000","1.8000","1","","",""
"line_detail","D034","VEG FRIED RICE","raw","salt","27A","salt_gm_reciepe","5","gm","1","5","0.0300","0.1500","","","","","1.8000","1.8000","1","","",""
"line_detail","D034","VEG FRIED RICE","raw","salt","27A","salt_gm_reciepe","5","gm","1","5","0.0300","0.1500","","","","","1.8000","1.8000","1","","",""
"line_detail","D034","VEG FRIED RICE","raw","salt","27A","salt_gm_reciepe","5","gm","1","5","0.0300","0.1500","","","","","1.8000","1.8000","1","","",""
"line_detail","D034","VEG FRIED RICE","raw","salt","27A","salt_gm_reciepe","5","gm","1","5","0.0300","0.1500","","","","","1.8000","1.8000","1","","",""
"line_detail","D034","VEG FRIED RICE","raw","salt","27A","salt_gm_reciepe","5","gm","1","5","0.0300","0.1500","","","","","1.8000","1.8000","1","","",""
"line_detail","D034","VEG FRIED RICE","raw","salt","27A","salt_gm_reciepe","5","gm","1","5","0.0300","0.1500","","","","","1.8000","1.8000","1","","",""
"line_detail","D034","VEG FRIED RICE","raw","salt","27A","salt_gm_reciepe","5","gm","1","5","0.0300","0.1500","","","","","1.8000","1.8000","1","","",""
"line_detail","D034","VEG FRIED RICE","raw","salt","27A","salt_gm_reciepe","5","gm","1","5","0.0300","0.1500","","","","","1.8000","1.8000","1","","",""
"line_detail","D034","VEG FRIED RICE","raw","salt","27A","salt_gm_reciepe","5","gm","1","5","0.0300","0.1500","","","","","1.8000","1.8000","1","","",""
"line_detail","D034","VEG FRIED RICE","raw","salt","27A","salt_gm_reciepe","5","gm","1","5","0.0300","0.1500","","","","","1.8000","1.8000","1","","",""
"line_detail","D034","VEG FRIED RICE","raw","salt","27A","salt_gm_reciepe","5","gm","1","5","0.0300","0.1500","","","","","1.8000","1.8000","1","","",""
"line_detail","D034","VEG FRIED RICE","raw","soya sauce","43A","soya sauce_gm_reciepe","10","gm","1","10","","","","","","","1.8000","1.8000","1","","",""
"line_detail","D034","VEG FRIED RICE","raw","soya sauce","43A","soya sauce_gm_reciepe","10","gm","1","10","","","","","","","1.8000","1.8000","1","","",""
"line_detail","D034","VEG FRIED RICE","raw","soya sauce","43A","soya sauce_gm_reciepe","10","gm","1","10","","","","","","","1.8000","1.8000","1","","",""
"line_detail","D034","VEG FRIED RICE","raw","soya sauce","43A","soya sauce_gm_reciepe","10","gm","1","10","","","","","","","1.8000","1.8000","1","","",""
"line_detail","D034","VEG FRIED RICE","raw","soya sauce","43A","soya sauce_gm_reciepe","10","gm","1","10","","","","","","","1.8000","1.8000","1","","",""
"line_detail","D034","VEG FRIED RICE","raw","soya sauce","43A","soya sauce_gm_reciepe","10","gm","1","10","","","","","","","1.8000","1.8000","1","","",""
"line_detail","D034","VEG FRIED RICE","raw","soya sauce","43A","soya sauce_gm_reciepe","10","gm","1","10","","","","","","","1.8000","1.8000","1","","",""
"line_detail","D034","VEG FRIED RICE","raw","soya sauce","43A","soya sauce_gm_reciepe","10","gm","1","10","","","","","","","1.8000","1.8000","1","","",""
"line_detail","D034","VEG FRIED RICE","raw","soya sauce","43A","soya sauce_gm_reciepe","10","gm","1","10","","","","","","","1.8000","1.8000","1","","",""
"line_detail","D034","VEG FRIED RICE","raw","soya sauce","43A","soya sauce_gm_reciepe","10","gm","1","10","","","","","","","1.8000","1.8000","1","","",""
"line_detail","D034","VEG FRIED RICE","raw","soya sauce","43A","soya sauce_gm_reciepe","10","gm","1","10","","","","","","","1.8000","1.8000","1","","",""
"line_detail","D034","VEG FRIED RICE","raw","soya sauce","43A","soya sauce_gm_reciepe","10","gm","1","10","","","","","","","1.8000","1.8000","1","","",""
"line_detail","D034","VEG FRIED RICE","raw","white pepper","39A","white pepper_gm_reciepe","15","gm","1","15","","","","","","","1.8000","1.8000","1","","",""
"line_detail","D034","VEG FRIED RICE","raw","white pepper","39A","white pepper_gm_reciepe","15","gm","1","15","","","","","","","1.8000","1.8000","1","","",""
"line_detail","D034","VEG FRIED RICE","raw","white pepper","39A","white pepper_gm_reciepe","15","gm","1","15","","","","","","","1.8000","1.8000","1","","",""
"line_detail","D034","VEG FRIED RICE","raw","white pepper","39A","white pepper_gm_reciepe","15","gm","1","15","","","","","","","1.8000","1.8000","1","","",""
"line_detail","D034","VEG FRIED RICE","raw","white pepper","39A","white pepper_gm_reciepe","15","gm","1","15","","","","","","","1.8000","1.8000","1","","",""
"line_detail","D034","VEG FRIED RICE","raw","white pepper","39A","white pepper_gm_reciepe","15","gm","1","15","","","","","","","1.8000","1.8000","1","","",""
"line_detail","D034","VEG FRIED RICE","raw","white pepper","39A","white pepper_gm_reciepe","15","gm","1","15","","","","","","","1.8000","1.8000","1","","",""
"line_detail","D034","VEG FRIED RICE","raw","white pepper","39A","white pepper_gm_reciepe","15","gm","1","15","","","","","","","1.8000","1.8000","1","","",""
"line_detail","D034","VEG FRIED RICE","raw","white pepper","39A","white pepper_gm_reciepe","15","gm","1","15","","","","","","","1.8000","1.8000","1","","",""
"line_detail","D034","VEG FRIED RICE","raw","white pepper","39A","white pepper_gm_reciepe","15","gm","1","15","","","","","","","1.8000","1.8000","1","","",""
"line_detail","D034","VEG FRIED RICE","raw","white pepper","39A","white pepper_gm_reciepe","15","gm","1","15","","","","","","","1.8000","1.8000","1","","",""
"line_detail","D034","VEG FRIED RICE","raw","white pepper","39A","white pepper_gm_reciepe","15","gm","1","15","","","","","","","1.8000","1.8000","1","","",""
"dish_summary","D034","VEG FRIED RICE","","","","VEG FRIED RICE                  _1_portion","","","","","","1.8000","standard","false","VEG FRIED RICE                  _1_portion","","1.8000","1.8000","1","7","96","0"
"line_detail","D035","SCHEZWAN FRIED RICE","raw","schezwan sauce","41","schezwan sauce_gm_reciepe","50","gm","1","50","","","","","","","0.0000","0.0000","1","","",""
"line_detail","D035","SCHEZWAN FRIED RICE","raw","schezwan sauce","41","schezwan sauce_gm_reciepe","50","gm","1","50","","","","","","","0.0000","0.0000","1","","",""
"line_detail","D035","SCHEZWAN FRIED RICE","raw","schezwan sauce","41","schezwan sauce_gm_reciepe","50","gm","1","50","","","","","","","0.0000","0.0000","1","","",""
"line_detail","D035","SCHEZWAN FRIED RICE","raw","schezwan sauce","41","schezwan sauce_gm_reciepe","50","gm","1","50","","","","","","","0.0000","0.0000","1","","",""
"line_detail","D035","SCHEZWAN FRIED RICE","raw","schezwan sauce","41","schezwan sauce_gm_reciepe","50","gm","1","50","","","","","","","0.0000","0.0000","1","","",""
"line_detail","D035","SCHEZWAN FRIED RICE","raw","schezwan sauce","41","schezwan sauce_gm_reciepe","50","gm","1","50","","","","","","","0.0000","0.0000","1","","",""
"dish_summary","D035","SCHEZWAN FRIED RICE","","","","SCHEZWAN FRIED RICE        _1_portion","","","","","","0.0000","standard","false","SCHEZWAN FRIED RICE        _1_portion","","0.0000","0.0000","1","3","6","0"
"line_detail","D036","PANEER FRIED RICE","raw","PANEER","D3","PANEER_gm_reciepe","50","","","","","","","","","","0.0000","0.0000","1","","",""
"dish_summary","D036","PANEER FRIED RICE","","","","PANEER FRIED RICE                    _1_portion","","","","","","0.0000","standard","false","PANEER FRIED RICE                    _1_portion","","0.0000","0.0000","1","3","1","0"
"line_detail","D061","DAL  makhani","raw","ALL SPICES","OT1","","1","","","","","","","","","","0.0000","0.0000","1","","",""
"line_detail","D061","DAL  makhani","raw","ALL SPICES","OT1","","1","","","","","","","","","","0.0000","0.0000","1","","",""
"line_detail","D061","DAL  makhani","raw","BLACK MUNG DAL","17B","BLACK MUNG DAL_gm_reciepe","150","gm","1","150","","","","","","","0.0000","0.0000","1","","",""
"line_detail","D061","DAL  makhani","raw","BLACK MUNG DAL","17B","BLACK MUNG DAL_gm_reciepe","150","gm","1","150","","","","","","","0.0000","0.0000","1","","",""
"line_detail","D061","DAL  makhani","raw","BLACK MUNG DAL","17B","BLACK MUNG DAL_gm_reciepe","150","gm","1","150","","","","","","","0.0000","0.0000","1","","",""
"line_detail","D061","DAL  makhani","raw","BLACK MUNG DAL","17B","BLACK MUNG DAL_gm_reciepe","150","gm","1","150","","","","","","","0.0000","0.0000","1","","",""
"line_detail","D061","DAL  makhani","raw","BLACK MUNG DAL","17B","BLACK MUNG DAL_gm_reciepe","150","gm","1","150","","","","","","","0.0000","0.0000","1","","",""
"line_detail","D061","DAL  makhani","raw","BLACK MUNG DAL","17B","BLACK MUNG DAL_gm_reciepe","150","gm","1","150","","","","","","","0.0000","0.0000","1","","",""
"line_detail","D061","DAL  makhani","raw","BLACK MUNG DAL","17B","BLACK MUNG DAL_gm_reciepe","150","gm","1","150","","","","","","","0.0000","0.0000","1","","",""
"line_detail","D061","DAL  makhani","raw","BLACK MUNG DAL","17B","BLACK MUNG DAL_gm_reciepe","150","gm","1","150","","","","","","","0.0000","0.0000","1","","",""
"line_detail","D061","DAL  makhani","raw","BLACK MUNG DAL","17B","BLACK MUNG DAL_gm_reciepe","150","gm","1","150","","","","","","","0.0000","0.0000","1","","",""
"line_detail","D061","DAL  makhani","raw","Ginger","V3","Ginger_gm_reciepe","15","gm","1","15","","","","","","","0.0000","0.0000","1","","",""
"line_detail","D061","DAL  makhani","raw","Ginger","V3","Ginger_gm_reciepe","15","gm","1","15","","","","","","","0.0000","0.0000","1","","",""
"line_detail","D061","DAL  makhani","raw","Ginger","V3","Ginger_gm_reciepe","15","gm","1","15","","","","","","","0.0000","0.0000","1","","",""
"line_detail","D061","DAL  makhani","raw","Ginger","V3","Ginger_gm_reciepe","15","gm","1","15","","","","","","","0.0000","0.0000","1","","",""
"line_detail","D061","DAL  makhani","raw","Ginger","V3","Ginger_gm_reciepe","15","gm","1","15","","","","","","","0.0000","0.0000","1","","",""
"line_detail","D061","DAL  makhani","raw","Ginger","V3","Ginger_gm_reciepe","15","gm","1","15","","","","","","","0.0000","0.0000","1","","",""
"line_detail","D061","DAL  makhani","raw","Ginger","V3","Ginger_gm_reciepe","15","gm","1","15","","","","","","","0.0000","0.0000","1","","",""
"line_detail","D061","DAL  makhani","raw","Ginger","V3","Ginger_gm_reciepe","15","gm","1","15","","","","","","","0.0000","0.0000","1","","",""
"line_detail","D061","DAL  makhani","raw","Ginger","V3","Ginger_gm_reciepe","15","gm","1","15","","","","","","","0.0000","0.0000","1","","",""
"line_detail","D061","DAL  makhani","raw","Ginger","V3","Ginger_gm_reciepe","15","gm","1","15","","","","","","","0.0000","0.0000","1","","",""
"line_detail","D061","DAL  makhani","raw","Ginger","V3","Ginger_gm_reciepe","15","gm","1","15","","","","","","","0.0000","0.0000","1","","",""
"line_detail","D061","DAL  makhani","raw","Ginger","V3","Ginger_gm_reciepe","15","gm","1","15","","","","","","","0.0000","0.0000","1","","",""
"line_detail","D061","DAL  makhani","raw","RAJMA","18B","RAJMA _gm_reciepe","10","gm","1","10","","","","","","","0.0000","0.0000","1","","",""
"line_detail","D061","DAL  makhani","raw","RAJMA","18B","RAJMA _gm_reciepe","10","gm","1","10","","","","","","","0.0000","0.0000","1","","",""
"line_detail","D061","DAL  makhani","raw","RAJMA","18B","RAJMA _gm_reciepe","10","gm","1","10","","","","","","","0.0000","0.0000","1","","",""
"line_detail","D061","DAL  makhani","raw","RAJMA","18B","RAJMA _gm_reciepe","10","gm","1","10","","","","","","","0.0000","0.0000","1","","",""
"line_detail","D061","DAL  makhani","raw","RAJMA","18B","RAJMA _gm_reciepe","10","gm","1","10","","","","","","","0.0000","0.0000","1","","",""
"line_detail","D061","DAL  makhani","raw","RAJMA","18B","RAJMA _gm_reciepe","10","gm","1","10","","","","","","","0.0000","0.0000","1","","",""
"line_detail","D061","DAL  makhani","raw","RAJMA","18B","RAJMA _gm_reciepe","10","gm","1","10","","","","","","","0.0000","0.0000","1","","",""
"line_detail","D061","DAL  makhani","raw","RAJMA","18B","RAJMA _gm_reciepe","10","gm","1","10","","","","","","","0.0000","0.0000","1","","",""
"line_detail","D061","DAL  makhani","raw","RAJMA","18B","RAJMA _gm_reciepe","10","gm","1","10","","","","","","","0.0000","0.0000","1","","",""
"line_detail","D061","DAL  makhani","raw","Tomato","V18","Tomato_gm_reciepe","20","gm","1","20","","","","","","","0.0000","0.0000","1","","",""
"line_detail","D061","DAL  makhani","raw","Tomato","V18","Tomato_gm_reciepe","20","gm","1","20","","","","","","","0.0000","0.0000","1","","",""
"line_detail","D061","DAL  makhani","raw","Tomato","V18","Tomato_gm_reciepe","20","gm","1","20","","","","","","","0.0000","0.0000","1","","",""
"line_detail","D061","DAL  makhani","raw","Tomato","V18","Tomato_gm_reciepe","20","gm","1","20","","","","","","","0.0000","0.0000","1","","",""
"line_detail","D061","DAL  makhani","raw","Tomato","V18","Tomato_gm_reciepe","20","gm","1","20","","","","","","","0.0000","0.0000","1","","",""
"line_detail","D061","DAL  makhani","raw","Tomato","V18","Tomato_gm_reciepe","20","gm","1","20","","","","","","","0.0000","0.0000","1","","",""
"line_detail","D061","DAL  makhani","raw","Tomato","V18","Tomato_gm_reciepe","20","gm","1","20","","","","","","","0.0000","0.0000","1","","",""
"line_detail","D061","DAL  makhani","raw","Tomato","V18","Tomato_gm_reciepe","20","gm","1","20","","","","","","","0.0000","0.0000","1","","",""
"line_detail","D061","DAL  makhani","raw","Tomato","V18","Tomato_gm_reciepe","20","gm","1","20","","","","","","","0.0000","0.0000","1","","",""
"line_detail","D061","DAL  makhani","raw","Tomato","V18","Tomato_gm_reciepe","20","gm","1","20","","","","","","","0.0000","0.0000","1","","",""
"line_detail","D061","DAL  makhani","raw","Tomato","V18","Tomato_gm_reciepe","20","gm","1","20","","","","","","","0.0000","0.0000","1","","",""
"line_detail","D061","DAL  makhani","raw","Tomato","V18","Tomato_gm_reciepe","20","gm","1","20","","","","","","","0.0000","0.0000","1","","",""
"line_detail","D061","DAL  makhani","raw","amul butter","72","amul butter_gm_reciepe","5","gm","1","5","","","","","","","0.0000","0.0000","1","","",""
"line_detail","D061","DAL  makhani","raw","amul butter","72","amul butter_gm_reciepe","5","gm","1","5","","","","","","","0.0000","0.0000","1","","",""
"line_detail","D061","DAL  makhani","raw","amul butter","72","amul butter_gm_reciepe","5","gm","1","5","","","","","","","0.0000","0.0000","1","","",""
"line_detail","D061","DAL  makhani","raw","chana dal","17A","chana dal_gm_reciepe","20","gm","1","20","","","","","","","0.0000","0.0000","1","","",""
"line_detail","D061","DAL  makhani","raw","chana dal","17A","chana dal_gm_reciepe","20","gm","1","20","","","","","","","0.0000","0.0000","1","","",""
"line_detail","D061","DAL  makhani","raw","chana dal","17A","chana dal_gm_reciepe","20","gm","1","20","","","","","","","0.0000","0.0000","1","","",""
"line_detail","D061","DAL  makhani","raw","chana dal","17A","chana dal_gm_reciepe","20","gm","1","20","","","","","","","0.0000","0.0000","1","","",""
"line_detail","D061","DAL  makhani","raw","chana dal","17A","chana dal_gm_reciepe","20","gm","1","20","","","","","","","0.0000","0.0000","1","","",""
"line_detail","D061","DAL  makhani","raw","chana dal","17A","chana dal_gm_reciepe","20","gm","1","20","","","","","","","0.0000","0.0000","1","","",""
"line_detail","D061","DAL  makhani","raw","chana dal","17A","chana dal_gm_reciepe","20","gm","1","20","","","","","","","0.0000","0.0000","1","","",""
"line_detail","D061","DAL  makhani","raw","chana dal","17A","chana dal_gm_reciepe","20","gm","1","20","","","","","","","0.0000","0.0000","1","","",""
"line_detail","D061","DAL  makhani","raw","chana dal","17A","chana dal_gm_reciepe","20","gm","1","20","","","","","","","0.0000","0.0000","1","","",""
"line_detail","D061","DAL  makhani","raw","kasturi methi","8","kasturi methi_gm_reciepe","2","gm","1","2","","","","","","","0.0000","0.0000","1","","",""
"line_detail","D061","DAL  makhani","raw","kasturi methi","8","kasturi methi_gm_reciepe","2","gm","1","2","","","","","","","0.0000","0.0000","1","","",""
"line_detail","D061","DAL  makhani","raw","kasturi methi","8","kasturi methi_gm_reciepe","2","gm","1","2","","","","","","","0.0000","0.0000","1","","",""
"line_detail","D061","DAL  makhani","raw","kasturi methi","8","kasturi methi_gm_reciepe","2","gm","1","2","","","","","","","0.0000","0.0000","1","","",""
"line_detail","D061","DAL  makhani","raw","kasturi methi","8","kasturi methi_gm_reciepe","2","gm","1","2","","","","","","","0.0000","0.0000","1","","",""
"line_detail","D061","DAL  makhani","raw","kasturi methi","8","kasturi methi_gm_reciepe","2","gm","1","2","","","","","","","0.0000","0.0000","1","","",""
"line_detail","D061","DAL  makhani","raw","kasturi methi","8","kasturi methi_gm_reciepe","2","gm","1","2","","","","","","","0.0000","0.0000","1","","",""
"line_detail","D061","DAL  makhani","raw","kasturi methi","8","kasturi methi_gm_reciepe","2","gm","1","2","","","","","","","0.0000","0.0000","1","","",""
"line_detail","D061","DAL  makhani","raw","kasturi methi","8","kasturi methi_gm_reciepe","2","gm","1","2","","","","","","","0.0000","0.0000","1","","",""
"line_detail","D061","DAL  makhani","raw","lal mirch","110","lal mirch_gm_reciepe","8","gm","1","8","","","","","","","0.0000","0.0000","1","","",""
"line_detail","D061","DAL  makhani","raw","lal mirch","110","lal mirch_gm_reciepe","8","gm","1","8","","","","","","","0.0000","0.0000","1","","",""
"line_detail","D061","DAL  makhani","raw","lal mirch","110","lal mirch_gm_reciepe","8","gm","1","8","","","","","","","0.0000","0.0000","1","","",""
"line_detail","D061","DAL  makhani","raw","lal mirch","110","lal mirch_gm_reciepe","8","gm","1","8","","","","","","","0.0000","0.0000","1","","",""
"line_detail","D061","DAL  makhani","raw","lal mirch","110","lal mirch_gm_reciepe","8","gm","1","8","","","","","","","0.0000","0.0000","1","","",""
"line_detail","D061","DAL  makhani","raw","lal mirch","110","lal mirch_gm_reciepe","8","gm","1","8","","","","","","","0.0000","0.0000","1","","",""
"line_detail","D061","DAL  makhani","raw","lal mirch","110","lal mirch_gm_reciepe","8","gm","1","8","","","","","","","0.0000","0.0000","1","","",""
"line_detail","D061","DAL  makhani","raw","lal mirch","110","lal mirch_gm_reciepe","8","gm","1","8","","","","","","","0.0000","0.0000","1","","",""
"line_detail","D061","DAL  makhani","raw","lal mirch","110","lal mirch_gm_reciepe","8","gm","1","8","","","","","","","0.0000","0.0000","1","","",""
"line_detail","D061","DAL  makhani","raw","oil tin","7","oil tin_gm_reciepe","7","gm","1","7","","","","","","","0.0000","0.0000","1","","",""
"line_detail","D061","DAL  makhani","raw","oil tin","7","oil tin_gm_reciepe","7","gm","1","7","","","","","","","0.0000","0.0000","1","","",""
"line_detail","D061","DAL  makhani","raw","oil tin","7","oil tin_gm_reciepe","7","gm","1","7","","","","","","","0.0000","0.0000","1","","",""
"line_detail","D061","DAL  makhani","raw","oil tin","7","oil tin_gm_reciepe","7","gm","1","7","","","","","","","0.0000","0.0000","1","","",""
"line_detail","D061","DAL  makhani","raw","oil tin","7","oil tin_gm_reciepe","7","gm","1","7","","","","","","","0.0000","0.0000","1","","",""
"line_detail","D061","DAL  makhani","raw","oil tin","7","oil tin_gm_reciepe","7","gm","1","7","","","","","","","0.0000","0.0000","1","","",""
"line_detail","D061","DAL  makhani","raw","oil tin","7","oil tin_gm_reciepe","7","gm","1","7","","","","","","","0.0000","0.0000","1","","",""
"line_detail","D061","DAL  makhani","raw","oil tin","7","oil tin_gm_reciepe","7","gm","1","7","","","","","","","0.0000","0.0000","1","","",""
"line_detail","D061","DAL  makhani","raw","oil tin","7","oil tin_gm_reciepe","7","gm","1","7","","","","","","","0.0000","0.0000","1","","",""
"dish_summary","D061","DAL  makhani","","","","DAL  makhani_1_portion","","","","","","0.0000","standard","false","DAL  makhani_1_portion","","0.0000","0.0000","1","0","83","0"
"line_detail","D063","DAL tadka","raw","ALL SPICES","OT1","","5","","","","","","","","","","19.2000","19.2000","1","","",""
"line_detail","D063","DAL tadka","raw","Coriander","V9","Coriander_gm_reciepe","5","gm","1","5","","","","","","","19.2000","19.2000","1","","",""
"line_detail","D063","DAL tadka","raw","Coriander","V9","Coriander_gm_reciepe","5","gm","1","5","","","","","","","19.2000","19.2000","1","","",""
"line_detail","D063","DAL tadka","raw","Coriander","V9","Coriander_gm_reciepe","5","gm","1","5","","","","","","","19.2000","19.2000","1","","",""
"line_detail","D063","DAL tadka","raw","Coriander","V9","Coriander_gm_reciepe","5","gm","1","5","","","","","","","19.2000","19.2000","1","","",""
"line_detail","D063","DAL tadka","raw","Coriander","V9","Coriander_gm_reciepe","5","gm","1","5","","","","","","","19.2000","19.2000","1","","",""
"line_detail","D063","DAL tadka","raw","Coriander","V9","Coriander_gm_reciepe","5","gm","1","5","","","","","","","19.2000","19.2000","1","","",""
"line_detail","D063","DAL tadka","raw","Coriander","V9","Coriander_gm_reciepe","5","gm","1","5","","","","","","","19.2000","19.2000","1","","",""
"line_detail","D063","DAL tadka","raw","Coriander","V9","Coriander_gm_reciepe","5","gm","1","5","","","","","","","19.2000","19.2000","1","","",""
"line_detail","D063","DAL tadka","raw","Garlic","V10","Garlic_gm_reciepe","10","gm","1","10","","","","","","","19.2000","19.2000","1","","",""
"line_detail","D063","DAL tadka","raw","Garlic","V10","Garlic_gm_reciepe","10","gm","1","10","","","","","","","19.2000","19.2000","1","","",""
"line_detail","D063","DAL tadka","raw","Garlic","V10","Garlic_gm_reciepe","10","gm","1","10","","","","","","","19.2000","19.2000","1","","",""
"line_detail","D063","DAL tadka","raw","Garlic","V10","Garlic_gm_reciepe","10","gm","1","10","","","","","","","19.2000","19.2000","1","","",""
"line_detail","D063","DAL tadka","raw","Garlic","V10","Garlic_gm_reciepe","10","gm","1","10","","","","","","","19.2000","19.2000","1","","",""
"line_detail","D063","DAL tadka","raw","Garlic","V10","Garlic_gm_reciepe","10","gm","1","10","","","","","","","19.2000","19.2000","1","","",""
"line_detail","D063","DAL tadka","raw","Garlic","V10","Garlic_gm_reciepe","10","gm","1","10","","","","","","","19.2000","19.2000","1","","",""
"line_detail","D063","DAL tadka","raw","Garlic","V10","Garlic_gm_reciepe","10","gm","1","10","","","","","","","19.2000","19.2000","1","","",""
"line_detail","D063","DAL tadka","raw","Onion","V11","Onion_gm_reciepe","20","gm","1","20","","","","","","","19.2000","19.2000","1","","",""
"line_detail","D063","DAL tadka","raw","Onion","V11","Onion_gm_reciepe","20","gm","1","20","","","","","","","19.2000","19.2000","1","","",""
"line_detail","D063","DAL tadka","raw","Onion","V11","Onion_gm_reciepe","20","gm","1","20","","","","","","","19.2000","19.2000","1","","",""
"line_detail","D063","DAL tadka","raw","Onion","V11","Onion_gm_reciepe","20","gm","1","20","","","","","","","19.2000","19.2000","1","","",""
"line_detail","D063","DAL tadka","raw","Onion","V11","Onion_gm_reciepe","20","gm","1","20","","","","","","","19.2000","19.2000","1","","",""
"line_detail","D063","DAL tadka","raw","Onion","V11","Onion_gm_reciepe","20","gm","1","20","","","","","","","19.2000","19.2000","1","","",""
"line_detail","D063","DAL tadka","raw","Onion","V11","Onion_gm_reciepe","20","gm","1","20","","","","","","","19.2000","19.2000","1","","",""
"line_detail","D063","DAL tadka","raw","Onion","V11","Onion_gm_reciepe","20","gm","1","20","","","","","","","19.2000","19.2000","1","","",""
"line_detail","D063","DAL tadka","raw","Tomato","V18","Tomato_gm_reciepe","10","gm","1","10","","","","","","","19.2000","19.2000","1","","",""
"line_detail","D063","DAL tadka","raw","Tomato","V18","Tomato_gm_reciepe","10","gm","1","10","","","","","","","19.2000","19.2000","1","","",""
"line_detail","D063","DAL tadka","raw","Tomato","V18","Tomato_gm_reciepe","10","gm","1","10","","","","","","","19.2000","19.2000","1","","",""
"line_detail","D063","DAL tadka","raw","Tomato","V18","Tomato_gm_reciepe","10","gm","1","10","","","","","","","19.2000","19.2000","1","","",""
"line_detail","D063","DAL tadka","raw","Tomato","V18","Tomato_gm_reciepe","10","gm","1","10","","","","","","","19.2000","19.2000","1","","",""
"line_detail","D063","DAL tadka","raw","Tomato","V18","Tomato_gm_reciepe","10","gm","1","10","","","","","","","19.2000","19.2000","1","","",""
"line_detail","D063","DAL tadka","raw","Tomato","V18","Tomato_gm_reciepe","10","gm","1","10","","","","","","","19.2000","19.2000","1","","",""
"line_detail","D063","DAL tadka","raw","Tomato","V18","Tomato_gm_reciepe","10","gm","1","10","","","","","","","19.2000","19.2000","1","","",""
"line_detail","D063","DAL tadka","raw","jeera","15","jeera_gm_reciepe","5","gm","1","5","0.3200","1.6000","","","","","19.2000","19.2000","1","","",""
"line_detail","D063","DAL tadka","raw","jeera","15","jeera_gm_reciepe","5","gm","1","5","0.3200","1.6000","","","","","19.2000","19.2000","1","","",""
"line_detail","D063","DAL tadka","raw","jeera","15","jeera_gm_reciepe","5","gm","1","5","0.3200","1.6000","","","","","19.2000","19.2000","1","","",""
"line_detail","D063","DAL tadka","raw","jeera","15","jeera_gm_reciepe","5","gm","1","5","0.3200","1.6000","","","","","19.2000","19.2000","1","","",""
"line_detail","D063","DAL tadka","raw","jeera","15","jeera_gm_reciepe","5","gm","1","5","0.3200","1.6000","","","","","19.2000","19.2000","1","","",""
"line_detail","D063","DAL tadka","raw","jeera","15","jeera_gm_reciepe","5","gm","1","5","0.3200","1.6000","","","","","19.2000","19.2000","1","","",""
"line_detail","D063","DAL tadka","raw","jeera","15","jeera_gm_reciepe","5","gm","1","5","0.3200","1.6000","","","","","19.2000","19.2000","1","","",""
"line_detail","D063","DAL tadka","raw","jeera","15","jeera_gm_reciepe","5","gm","1","5","0.3200","1.6000","","","","","19.2000","19.2000","1","","",""
"line_detail","D063","DAL tadka","raw","jeera","15","jeera_gm_reciepe","5","gm","1","5","0.3200","1.6000","","","","","19.2000","19.2000","1","","",""
"line_detail","D063","DAL tadka","raw","jeera","15","jeera_gm_reciepe","5","gm","1","5","0.3200","1.6000","","","","","19.2000","19.2000","1","","",""
"line_detail","D063","DAL tadka","raw","jeera","15","jeera_gm_reciepe","5","gm","1","5","0.3200","1.6000","","","","","19.2000","19.2000","1","","",""
"line_detail","D063","DAL tadka","raw","jeera","15","jeera_gm_reciepe","5","gm","1","5","0.3200","1.6000","","","","","19.2000","19.2000","1","","",""
"line_detail","D063","DAL tadka","raw","lal mirch","110","lal mirch_gm_reciepe","1","gm","1","1","","","","","","","19.2000","19.2000","1","","",""
"line_detail","D063","DAL tadka","raw","lal mirch","110","lal mirch_gm_reciepe","1","gm","1","1","","","","","","","19.2000","19.2000","1","","",""
"line_detail","D063","DAL tadka","raw","lal mirch","110","lal mirch_gm_reciepe","1","gm","1","1","","","","","","","19.2000","19.2000","1","","",""
"line_detail","D063","DAL tadka","raw","lal mirch","110","lal mirch_gm_reciepe","1","gm","1","1","","","","","","","19.2000","19.2000","1","","",""
"line_detail","D063","DAL tadka","raw","lal mirch","110","lal mirch_gm_reciepe","1","gm","1","1","","","","","","","19.2000","19.2000","1","","",""
"line_detail","D063","DAL tadka","raw","lal mirch","110","lal mirch_gm_reciepe","1","gm","1","1","","","","","","","19.2000","19.2000","1","","",""
"line_detail","D063","DAL tadka","raw","oil tin","7","oil tin_gm_reciepe","7","gm","1","7","","","","","","","19.2000","19.2000","1","","",""
"line_detail","D063","DAL tadka","raw","oil tin","7","oil tin_gm_reciepe","7","gm","1","7","","","","","","","19.2000","19.2000","1","","",""
"line_detail","D063","DAL tadka","raw","oil tin","7","oil tin_gm_reciepe","7","gm","1","7","","","","","","","19.2000","19.2000","1","","",""
"line_detail","D063","DAL tadka","raw","oil tin","7","oil tin_gm_reciepe","7","gm","1","7","","","","","","","19.2000","19.2000","1","","",""
"line_detail","D063","DAL tadka","raw","oil tin","7","oil tin_gm_reciepe","7","gm","1","7","","","","","","","19.2000","19.2000","1","","",""
"line_detail","D063","DAL tadka","raw","oil tin","7","oil tin_gm_reciepe","7","gm","1","7","","","","","","","19.2000","19.2000","1","","",""
"dish_summary","D063","DAL tadka","","","","DAL tadka_1_portion","","","","","","19.2000","standard","false","DAL tadka_1_portion","","19.2000","19.2000","1","2","45","0"
"line_detail","D064","PUNJabi DAL TADKA","raw","ALL SPICES","OT1","","5","","","","","","","","","","9.6000","9.6000","1","","",""
"line_detail","D064","PUNJabi DAL TADKA","raw","Coriander","V9","Coriander_gm_reciepe","5","gm","1","5","","","","","","","9.6000","9.6000","1","","",""
"line_detail","D064","PUNJabi DAL TADKA","raw","Coriander","V9","Coriander_gm_reciepe","5","gm","1","5","","","","","","","9.6000","9.6000","1","","",""
"line_detail","D064","PUNJabi DAL TADKA","raw","Coriander","V9","Coriander_gm_reciepe","5","gm","1","5","","","","","","","9.6000","9.6000","1","","",""
"line_detail","D064","PUNJabi DAL TADKA","raw","Coriander","V9","Coriander_gm_reciepe","5","gm","1","5","","","","","","","9.6000","9.6000","1","","",""
"line_detail","D064","PUNJabi DAL TADKA","raw","Garlic","V10","Garlic_gm_reciepe","10","gm","1","10","","","","","","","9.6000","9.6000","1","","",""
"line_detail","D064","PUNJabi DAL TADKA","raw","Garlic","V10","Garlic_gm_reciepe","10","gm","1","10","","","","","","","9.6000","9.6000","1","","",""
"line_detail","D064","PUNJabi DAL TADKA","raw","Garlic","V10","Garlic_gm_reciepe","10","gm","1","10","","","","","","","9.6000","9.6000","1","","",""
"line_detail","D064","PUNJabi DAL TADKA","raw","Garlic","V10","Garlic_gm_reciepe","10","gm","1","10","","","","","","","9.6000","9.6000","1","","",""
"line_detail","D064","PUNJabi DAL TADKA","raw","Onion","V11","Onion_gm_reciepe","20","gm","1","20","","","","","","","9.6000","9.6000","1","","",""
"line_detail","D064","PUNJabi DAL TADKA","raw","Onion","V11","Onion_gm_reciepe","20","gm","1","20","","","","","","","9.6000","9.6000","1","","",""
"line_detail","D064","PUNJabi DAL TADKA","raw","Onion","V11","Onion_gm_reciepe","20","gm","1","20","","","","","","","9.6000","9.6000","1","","",""
"line_detail","D064","PUNJabi DAL TADKA","raw","Onion","V11","Onion_gm_reciepe","20","gm","1","20","","","","","","","9.6000","9.6000","1","","",""
"line_detail","D064","PUNJabi DAL TADKA","raw","Tomato","V18","Tomato_gm_reciepe","10","gm","1","10","","","","","","","9.6000","9.6000","1","","",""
"line_detail","D064","PUNJabi DAL TADKA","raw","Tomato","V18","Tomato_gm_reciepe","10","gm","1","10","","","","","","","9.6000","9.6000","1","","",""
"line_detail","D064","PUNJabi DAL TADKA","raw","Tomato","V18","Tomato_gm_reciepe","10","gm","1","10","","","","","","","9.6000","9.6000","1","","",""
"line_detail","D064","PUNJabi DAL TADKA","raw","Tomato","V18","Tomato_gm_reciepe","10","gm","1","10","","","","","","","9.6000","9.6000","1","","",""
"line_detail","D064","PUNJabi DAL TADKA","raw","jeera","15","jeera_gm_reciepe","5","gm","1","5","0.3200","1.6000","","","","","9.6000","9.6000","1","","",""
"line_detail","D064","PUNJabi DAL TADKA","raw","jeera","15","jeera_gm_reciepe","5","gm","1","5","0.3200","1.6000","","","","","9.6000","9.6000","1","","",""
"line_detail","D064","PUNJabi DAL TADKA","raw","jeera","15","jeera_gm_reciepe","5","gm","1","5","0.3200","1.6000","","","","","9.6000","9.6000","1","","",""
"line_detail","D064","PUNJabi DAL TADKA","raw","jeera","15","jeera_gm_reciepe","5","gm","1","5","0.3200","1.6000","","","","","9.6000","9.6000","1","","",""
"line_detail","D064","PUNJabi DAL TADKA","raw","jeera","15","jeera_gm_reciepe","5","gm","1","5","0.3200","1.6000","","","","","9.6000","9.6000","1","","",""
"line_detail","D064","PUNJabi DAL TADKA","raw","jeera","15","jeera_gm_reciepe","5","gm","1","5","0.3200","1.6000","","","","","9.6000","9.6000","1","","",""
"line_detail","D064","PUNJabi DAL TADKA","raw","lal mirch","110","lal mirch_gm_reciepe","1","gm","1","1","","","","","","","9.6000","9.6000","1","","",""
"line_detail","D064","PUNJabi DAL TADKA","raw","lal mirch","110","lal mirch_gm_reciepe","1","gm","1","1","","","","","","","9.6000","9.6000","1","","",""
"line_detail","D064","PUNJabi DAL TADKA","raw","lal mirch","110","lal mirch_gm_reciepe","1","gm","1","1","","","","","","","9.6000","9.6000","1","","",""
"line_detail","D064","PUNJabi DAL TADKA","raw","oil tin","7","oil tin_gm_reciepe","7","gm","1","7","","","","","","","9.6000","9.6000","1","","",""
"line_detail","D064","PUNJabi DAL TADKA","raw","oil tin","7","oil tin_gm_reciepe","7","gm","1","7","","","","","","","9.6000","9.6000","1","","",""
"line_detail","D064","PUNJabi DAL TADKA","raw","oil tin","7","oil tin_gm_reciepe","7","gm","1","7","","","","","","","9.6000","9.6000","1","","",""
"dish_summary","D064","PUNJabi DAL TADKA","","","","PUNJabi DAL TADKA_1_portion","","","","","","9.6000","standard","false","PUNJabi DAL TADKA_1_portion","","9.6000","9.6000","1","1","23","0"
"line_detail","D065","ROASTED PAPAD","raw","PAPAD","34A","PAPAD_gm_reciepe","13","gm","1","13","","","","","","","0.0000","0.0000","1","","",""
"line_detail","D065","ROASTED PAPAD","raw","PAPAD","34A","PAPAD_gm_reciepe","13","gm","1","13","","","","","","","0.0000","0.0000","1","","",""
"line_detail","D065","ROASTED PAPAD","raw","PAPAD","34A","PAPAD_gm_reciepe","13","gm","1","13","","","","","","","0.0000","0.0000","1","","",""
"dish_summary","D065","ROASTED PAPAD","","","","ROASTED PAPAD_1_portion","","","","","","0.0000","standard","false","ROASTED PAPAD_1_portion","","0.0000","0.0000","1","0","3","0"
"line_detail","D066","FRIED PAPAD","raw","PAPAD","34A","PAPAD_gm_reciepe","13","gm","1","13","","","","","","","0.0000","0.0000","1","","",""
"line_detail","D066","FRIED PAPAD","raw","PAPAD","34A","PAPAD_gm_reciepe","13","gm","1","13","","","","","","","0.0000","0.0000","1","","",""
"line_detail","D066","FRIED PAPAD","raw","PAPAD","34A","PAPAD_gm_reciepe","13","gm","1","13","","","","","","","0.0000","0.0000","1","","",""
"dish_summary","D066","FRIED PAPAD","","","","FRIED PAPAD_1_portion","","","","","","0.0000","standard","false","FRIED PAPAD_1_portion","","0.0000","0.0000","1","0","3","0"
"line_detail","D067","MASALA PAPAD","raw","Coriander","V9","Coriander_gm_reciepe","3","gm","1","3","","","","","","","0.2700","0.2700","1","","",""
"line_detail","D067","MASALA PAPAD","raw","Coriander","V9","Coriander_gm_reciepe","3","gm","1","3","","","","","","","0.2700","0.2700","1","","",""
"line_detail","D067","MASALA PAPAD","raw","Coriander","V9","Coriander_gm_reciepe","3","gm","1","3","","","","","","","0.2700","0.2700","1","","",""
"line_detail","D067","MASALA PAPAD","raw","Coriander","V9","Coriander_gm_reciepe","3","gm","1","3","","","","","","","0.2700","0.2700","1","","",""
"line_detail","D067","MASALA PAPAD","raw","Cucumber","V12","Cucumber_gm_reciepe","20","gm","1","20","","","","","","","0.2700","0.2700","1","","",""
"line_detail","D067","MASALA PAPAD","raw","Cucumber","V12","Cucumber_gm_reciepe","30","gm","1","30","","","","","","","0.2700","0.2700","1","","",""
"line_detail","D067","MASALA PAPAD","raw","Cucumber","V12","Cucumber_gm_reciepe","20","gm","1","20","","","","","","","0.2700","0.2700","1","","",""
"line_detail","D067","MASALA PAPAD","raw","Cucumber","V12","Cucumber_gm_reciepe","20","gm","1","20","","","","","","","0.2700","0.2700","1","","",""
"line_detail","D067","MASALA PAPAD","raw","Cucumber","V12","Cucumber_gm_reciepe","30","gm","1","30","","","","","","","0.2700","0.2700","1","","",""
"line_detail","D067","MASALA PAPAD","raw","Cucumber","V12","Cucumber_gm_reciepe","30","gm","1","30","","","","","","","0.2700","0.2700","1","","",""
"line_detail","D067","MASALA PAPAD","raw","Cucumber","V12","Cucumber_gm_reciepe","30","gm","1","30","","","","","","","0.2700","0.2700","1","","",""
"line_detail","D067","MASALA PAPAD","raw","Cucumber","V12","Cucumber_gm_reciepe","20","gm","1","20","","","","","","","0.2700","0.2700","1","","",""
"line_detail","D067","MASALA PAPAD","raw","Lemon","V13","Lemon_gm_reciepe","25","gm","1","25","","","","","","","0.2700","0.2700","1","","",""
"line_detail","D067","MASALA PAPAD","raw","Lemon","V13","Lemon_gm_reciepe","25","gm","1","25","","","","","","","0.2700","0.2700","1","","",""
"line_detail","D067","MASALA PAPAD","raw","Lemon","V13","Lemon_gm_reciepe","25","gm","1","25","","","","","","","0.2700","0.2700","1","","",""
"line_detail","D067","MASALA PAPAD","raw","Lemon","V13","Lemon_gm_reciepe","25","gm","1","25","","","","","","","0.2700","0.2700","1","","",""
"line_detail","D067","MASALA PAPAD","raw","Onion","V11","Onion_gm_reciepe","30","gm","1","30","","","","","","","0.2700","0.2700","1","","",""
"line_detail","D067","MASALA PAPAD","raw","Onion","V11","Onion_gm_reciepe","20","gm","1","20","","","","","","","0.2700","0.2700","1","","",""
"line_detail","D067","MASALA PAPAD","raw","Onion","V11","Onion_gm_reciepe","30","gm","1","30","","","","","","","0.2700","0.2700","1","","",""
"line_detail","D067","MASALA PAPAD","raw","Onion","V11","Onion_gm_reciepe","30","gm","1","30","","","","","","","0.2700","0.2700","1","","",""
"line_detail","D067","MASALA PAPAD","raw","Onion","V11","Onion_gm_reciepe","30","gm","1","30","","","","","","","0.2700","0.2700","1","","",""
"line_detail","D067","MASALA PAPAD","raw","Onion","V11","Onion_gm_reciepe","20","gm","1","20","","","","","","","0.2700","0.2700","1","","",""
"line_detail","D067","MASALA PAPAD","raw","Onion","V11","Onion_gm_reciepe","20","gm","1","20","","","","","","","0.2700","0.2700","1","","",""
"line_detail","D067","MASALA PAPAD","raw","Onion","V11","Onion_gm_reciepe","20","gm","1","20","","","","","","","0.2700","0.2700","1","","",""
"line_detail","D067","MASALA PAPAD","raw","PAPAD","34A","PAPAD_gm_reciepe","13","gm","1","13","","","","","","","0.2700","0.2700","1","","",""
"line_detail","D067","MASALA PAPAD","raw","PAPAD","34A","PAPAD_gm_reciepe","13","gm","1","13","","","","","","","0.2700","0.2700","1","","",""
"line_detail","D067","MASALA PAPAD","raw","PAPAD","34A","PAPAD_gm_reciepe","13","gm","1","13","","","","","","","0.2700","0.2700","1","","",""
"line_detail","D067","MASALA PAPAD","raw","Tomato","V18","Tomato_gm_reciepe","20","gm","1","20","","","","","","","0.2700","0.2700","1","","",""
"line_detail","D067","MASALA PAPAD","raw","Tomato","V18","Tomato_gm_reciepe","30","gm","1","30","","","","","","","0.2700","0.2700","1","","",""
"line_detail","D067","MASALA PAPAD","raw","Tomato","V18","Tomato_gm_reciepe","20","gm","1","20","","","","","","","0.2700","0.2700","1","","",""
"line_detail","D067","MASALA PAPAD","raw","Tomato","V18","Tomato_gm_reciepe","30","gm","1","30","","","","","","","0.2700","0.2700","1","","",""
"line_detail","D067","MASALA PAPAD","raw","Tomato","V18","Tomato_gm_reciepe","30","gm","1","30","","","","","","","0.2700","0.2700","1","","",""
"line_detail","D067","MASALA PAPAD","raw","Tomato","V18","Tomato_gm_reciepe","20","gm","1","20","","","","","","","0.2700","0.2700","1","","",""
"line_detail","D067","MASALA PAPAD","raw","Tomato","V18","Tomato_gm_reciepe","30","gm","1","30","","","","","","","0.2700","0.2700","1","","",""
"line_detail","D067","MASALA PAPAD","raw","Tomato","V18","Tomato_gm_reciepe","20","gm","1","20","","","","","","","0.2700","0.2700","1","","",""
"line_detail","D067","MASALA PAPAD","raw","chat amsala","21B","chat amsala_gm_reciepe","2","gm","1","2","","","","","","","0.2700","0.2700","1","","",""
"line_detail","D067","MASALA PAPAD","raw","chat amsala","21B","chat amsala_gm_reciepe","2","gm","1","2","","","","","","","0.2700","0.2700","1","","",""
"line_detail","D067","MASALA PAPAD","raw","chat amsala","21B","chat amsala_gm_reciepe","2","gm","1","2","","","","","","","0.2700","0.2700","1","","",""
"line_detail","D067","MASALA PAPAD","raw","chat amsala","21B","chat amsala_gm_reciepe","2","gm","1","2","","","","","","","0.2700","0.2700","1","","",""
"line_detail","D067","MASALA PAPAD","raw","chat amsala","21B","chat amsala_gm_reciepe","2","gm","1","2","","","","","","","0.2700","0.2700","1","","",""
"line_detail","D067","MASALA PAPAD","raw","chat amsala","21B","chat amsala_gm_reciepe","2","gm","1","2","","","","","","","0.2700","0.2700","1","","",""
"line_detail","D067","MASALA PAPAD","raw","chat amsala","21B","chat amsala_gm_reciepe","2","gm","1","2","","","","","","","0.2700","0.2700","1","","",""
"line_detail","D067","MASALA PAPAD","raw","chat amsala","21B","chat amsala_gm_reciepe","2","gm","1","2","","","","","","","0.2700","0.2700","1","","",""
"line_detail","D067","MASALA PAPAD","raw","chat amsala","21B","chat amsala_gm_reciepe","2","gm","1","2","","","","","","","0.2700","0.2700","1","","",""
"line_detail","D067","MASALA PAPAD","raw","lal mirch","110","lal mirch_gm_reciepe","2","gm","1","2","","","","","","","0.2700","0.2700","1","","",""
"line_detail","D067","MASALA PAPAD","raw","lal mirch","110","lal mirch_gm_reciepe","2","gm","1","2","","","","","","","0.2700","0.2700","1","","",""
"line_detail","D067","MASALA PAPAD","raw","lal mirch","110","lal mirch_gm_reciepe","2","gm","1","2","","","","","","","0.2700","0.2700","1","","",""
"line_detail","D067","MASALA PAPAD","raw","salt","27A","salt_gm_reciepe","3","gm","1","3","0.0300","0.0900","","","","","0.2700","0.2700","1","","",""
"line_detail","D067","MASALA PAPAD","raw","salt","27A","salt_gm_reciepe","3","gm","1","3","0.0300","0.0900","","","","","0.2700","0.2700","1","","",""
"line_detail","D067","MASALA PAPAD","raw","salt","27A","salt_gm_reciepe","3","gm","1","3","0.0300","0.0900","","","","","0.2700","0.2700","1","","",""
"dish_summary","D067","MASALA PAPAD","","","","MASALA PAPAD_1_portion","","","","","","0.2700","standard","false","MASALA PAPAD_1_portion","","0.2700","0.2700","1","0","47","0"
"line_detail","D070","METHI MALAI MATAR","raw","AMUL CREAM","76","AMUL CREAM_gm_reciepe","15","gm","1","15","5.7600","86.4000","","","","","286.0800","286.0800","1","","",""
"line_detail","D070","METHI MALAI MATAR","raw","AMUL CREAM","76","AMUL CREAM_gm_reciepe","15","gm","1","15","5.7600","86.4000","","","","","286.0800","286.0800","1","","",""
"line_detail","D070","METHI MALAI MATAR","raw","AMUL CREAM","76","AMUL CREAM_gm_reciepe","15","gm","1","15","5.7600","86.4000","","","","","286.0800","286.0800","1","","",""
"line_detail","D070","METHI MALAI MATAR","raw","amul butter","72","amul butter_gm_reciepe","5","gm","1","5","","","","","","","286.0800","286.0800","1","","",""
"line_detail","D070","METHI MALAI MATAR","raw","amul butter","72","amul butter_gm_reciepe","5","gm","1","5","","","","","","","286.0800","286.0800","1","","",""
"line_detail","D070","METHI MALAI MATAR","raw","amul butter","72","amul butter_gm_reciepe","5","gm","1","5","","","","","","","286.0800","286.0800","1","","",""
"line_detail","D070","METHI MALAI MATAR","raw","kasturi methi","8","kasturi methi_gm_reciepe","5","gm","1","5","","","","","","","286.0800","286.0800","1","","",""
"line_detail","D070","METHI MALAI MATAR","raw","kasturi methi","8","kasturi methi_gm_reciepe","5","gm","1","5","","","","","","","286.0800","286.0800","1","","",""
"line_detail","D070","METHI MALAI MATAR","raw","kasturi methi","8","kasturi methi_gm_reciepe","5","gm","1","5","","","","","","","286.0800","286.0800","1","","",""
"line_detail","D070","METHI MALAI MATAR","raw","matar","79","matar_gm_reciepe","100","gm","1","100","0.0390","3.9000","","","","","286.0800","286.0800","1","","",""
"line_detail","D070","METHI MALAI MATAR","raw","matar","79","matar_gm_reciepe","100","gm","1","100","0.0390","3.9000","","","","","286.0800","286.0800","1","","",""
"line_detail","D070","METHI MALAI MATAR","raw","matar","79","matar_gm_reciepe","100","gm","1","100","0.0390","3.9000","","","","","286.0800","286.0800","1","","",""
"line_detail","D070","METHI MALAI MATAR","raw","matar","79","matar_gm_reciepe","100","gm","1","100","0.0390","3.9000","","","","","286.0800","286.0800","1","","",""
"line_detail","D070","METHI MALAI MATAR","raw","matar","79","matar_gm_reciepe","100","gm","1","100","0.0390","3.9000","","","","","286.0800","286.0800","1","","",""
"line_detail","D070","METHI MALAI MATAR","raw","matar","79","matar_gm_reciepe","100","gm","1","100","0.0390","3.9000","","","","","286.0800","286.0800","1","","",""
"line_detail","D070","METHI MALAI MATAR","raw","salt","27A","salt_gm_reciepe","2","gm","1","2","0.0300","0.0600","","","","","286.0800","286.0800","1","","",""
"line_detail","D070","METHI MALAI MATAR","raw","salt","27A","salt_gm_reciepe","2","gm","1","2","0.0300","0.0600","","","","","286.0800","286.0800","1","","",""
"line_detail","D070","METHI MALAI MATAR","raw","salt","27A","salt_gm_reciepe","2","gm","1","2","0.0300","0.0600","","","","","286.0800","286.0800","1","","",""
"line_detail","D070","METHI MALAI MATAR","raw","sugar","6","sugar_gm_reciepe","20","gm","1","20","0.0550","1.1000","","","","","286.0800","286.0800","1","","",""
"line_detail","D070","METHI MALAI MATAR","raw","sugar","6","sugar_gm_reciepe","20","gm","1","20","0.0550","1.1000","","","","","286.0800","286.0800","1","","",""
"line_detail","D070","METHI MALAI MATAR","raw","sugar","6","sugar_gm_reciepe","20","gm","1","20","0.0550","1.1000","","","","","286.0800","286.0800","1","","",""
"dish_summary","D070","METHI MALAI MATAR","","","","METHI MALAI MATAR_1_portion","","","","","","286.0800","standard","false","METHI MALAI MATAR_1_portion","","286.0800","286.0800","1","1","6","0"
"line_detail","D071","MALAI KOFTA","raw","AMUL CREAM","76","AMUL CREAM_gm_reciepe","15","gm","1","15","5.7600","86.4000","","","","","529.0500","529.0500","1","","",""
"line_detail","D071","MALAI KOFTA","raw","AMUL CREAM","76","AMUL CREAM_gm_reciepe","15","gm","1","15","5.7600","86.4000","","","","","529.0500","529.0500","1","","",""
"line_detail","D071","MALAI KOFTA","raw","AMUL CREAM","76","AMUL CREAM_gm_reciepe","15","gm","1","15","5.7600","86.4000","","","","","529.0500","529.0500","1","","",""
"line_detail","D071","MALAI KOFTA","raw","AMUL CREAM","76","AMUL CREAM_gm_reciepe","15","gm","1","15","5.7600","86.4000","","","","","529.0500","529.0500","1","","",""
"line_detail","D071","MALAI KOFTA","raw","AMUL CREAM","76","AMUL CREAM_gm_reciepe","15","gm","1","15","5.7600","86.4000","","","","","529.0500","529.0500","1","","",""
"line_detail","D071","MALAI KOFTA","raw","AMUL CREAM","76","AMUL CREAM_gm_reciepe","15","gm","1","15","5.7600","86.4000","","","","","529.0500","529.0500","1","","",""
"line_detail","D071","MALAI KOFTA","raw","PANEER","D3","PANEER_gm_reciepe","120","","","","","","","","","","529.0500","529.0500","1","","",""
"line_detail","D071","MALAI KOFTA","raw","PANEER","D3","PANEER_gm_reciepe","120","","","","","","","","","","529.0500","529.0500","1","","",""
"line_detail","D071","MALAI KOFTA","raw","butter","73","butter_gm_reciepe","5","gm","1","5","0.1780","0.8900","","","","","529.0500","529.0500","1","","",""
"line_detail","D071","MALAI KOFTA","raw","butter","73","butter_gm_reciepe","5","gm","1","5","0.1780","0.8900","","","","","529.0500","529.0500","1","","",""
"line_detail","D071","MALAI KOFTA","raw","butter","73","butter_gm_reciepe","5","gm","1","5","0.1780","0.8900","","","","","529.0500","529.0500","1","","",""
"line_detail","D071","MALAI KOFTA","raw","butter","73","butter_gm_reciepe","5","gm","1","5","0.1780","0.8900","","","","","529.0500","529.0500","1","","",""
"line_detail","D071","MALAI KOFTA","raw","butter","73","butter_gm_reciepe","5","gm","1","5","0.1780","0.8900","","","","","529.0500","529.0500","1","","",""
"line_detail","D071","MALAI KOFTA","raw","butter","73","butter_gm_reciepe","5","gm","1","5","0.1780","0.8900","","","","","529.0500","529.0500","1","","",""
"line_detail","D071","MALAI KOFTA","raw","potato","V22","potato_gm_reciepe","30","gm","1","30","","","","","","","529.0500","529.0500","1","","",""
"line_detail","D071","MALAI KOFTA","raw","potato","V22","potato_gm_reciepe","30","gm","1","30","","","","","","","529.0500","529.0500","1","","",""
"line_detail","D071","MALAI KOFTA","raw","potato","V22","potato_gm_reciepe","30","gm","1","30","","","","","","","529.0500","529.0500","1","","",""
"line_detail","D071","MALAI KOFTA","raw","potato","V22","potato_gm_reciepe","30","gm","1","30","","","","","","","529.0500","529.0500","1","","",""
"line_detail","D071","MALAI KOFTA","raw","potato","V22","potato_gm_reciepe","30","gm","1","30","","","","","","","529.0500","529.0500","1","","",""
"line_detail","D071","MALAI KOFTA","raw","potato","V22","potato_gm_reciepe","30","gm","1","30","","","","","","","529.0500","529.0500","1","","",""
"line_detail","D071","MALAI KOFTA","raw","potato","V22","potato_gm_reciepe","30","gm","1","30","","","","","","","529.0500","529.0500","1","","",""
"line_detail","D071","MALAI KOFTA","raw","potato","V22","potato_gm_reciepe","30","gm","1","30","","","","","","","529.0500","529.0500","1","","",""
"line_detail","D071","MALAI KOFTA","raw","salt","27A","salt_gm_reciepe","2","gm","1","2","0.0300","0.0600","","","","","529.0500","529.0500","1","","",""
"line_detail","D071","MALAI KOFTA","raw","salt","27A","salt_gm_reciepe","2","gm","1","2","0.0300","0.0600","","","","","529.0500","529.0500","1","","",""
"line_detail","D071","MALAI KOFTA","raw","salt","27A","salt_gm_reciepe","2","gm","1","2","0.0300","0.0600","","","","","529.0500","529.0500","1","","",""
"line_detail","D071","MALAI KOFTA","raw","salt","27A","salt_gm_reciepe","2","gm","1","2","0.0300","0.0600","","","","","529.0500","529.0500","1","","",""
"line_detail","D071","MALAI KOFTA","raw","salt","27A","salt_gm_reciepe","2","gm","1","2","0.0300","0.0600","","","","","529.0500","529.0500","1","","",""
"line_detail","D071","MALAI KOFTA","raw","salt","27A","salt_gm_reciepe","2","gm","1","2","0.0300","0.0600","","","","","529.0500","529.0500","1","","",""
"line_detail","D071","MALAI KOFTA","raw","sugar","6","sugar_gm_reciepe","15","gm","1","15","0.0550","0.8250","","","","","529.0500","529.0500","1","","",""
"line_detail","D071","MALAI KOFTA","raw","sugar","6","sugar_gm_reciepe","15","gm","1","15","0.0550","0.8250","","","","","529.0500","529.0500","1","","",""
"line_detail","D071","MALAI KOFTA","raw","sugar","6","sugar_gm_reciepe","15","gm","1","15","0.0550","0.8250","","","","","529.0500","529.0500","1","","",""
"line_detail","D071","MALAI KOFTA","raw","sugar","6","sugar_gm_reciepe","15","gm","1","15","0.0550","0.8250","","","","","529.0500","529.0500","1","","",""
"line_detail","D071","MALAI KOFTA","raw","sugar","6","sugar_gm_reciepe","15","gm","1","15","0.0550","0.8250","","","","","529.0500","529.0500","1","","",""
"line_detail","D071","MALAI KOFTA","raw","sugar","6","sugar_gm_reciepe","15","gm","1","15","0.0550","0.8250","","","","","529.0500","529.0500","1","","",""
"dish_summary","D071","MALAI KOFTA","","","","MALAI KOFTA_1_portion","","","","","","529.0500","standard","false","MALAI KOFTA_1_portion","","529.0500","529.0500","1","2","10","0"
"dish_summary","D073","TANDOORI ROTI","","","","TANDOORI ROTI_1_portion","","","","","","0.0000","standard","false","TANDOORI ROTI_1_portion","","0.0000","0.0000","1","1","0","0"
"line_detail","D074","BUTTER TANDOORI ROTI","raw","amul butter","72","amul butter_gm_reciepe","5","gm","1","5","","","","","","","0.0000","0.0000","1","","",""
"line_detail","D074","BUTTER TANDOORI ROTI","raw","amul butter","72","amul butter_gm_reciepe","5","gm","1","5","","","","","","","0.0000","0.0000","1","","",""
"line_detail","D074","BUTTER TANDOORI ROTI","raw","amul butter","72","amul butter_gm_reciepe","5","gm","1","5","","","","","","","0.0000","0.0000","1","","",""
"dish_summary","D074","BUTTER TANDOORI ROTI","","","","BUTTER TANDOORI ROTI_1_portion","","","","","","0.0000","standard","false","BUTTER TANDOORI ROTI_1_portion","","0.0000","0.0000","1","1","3","0"
"line_detail","D075","PYAZ KULCHA (ROTI)","raw","Onion","V11","Onion_gm_reciepe","20","gm","1","20","","","","","","","44.1600","44.1600","1","","",""
"line_detail","D075","PYAZ KULCHA (ROTI)","raw","Onion","V11","Onion_gm_reciepe","20","gm","1","20","","","","","","","44.1600","44.1600","1","","",""
"line_detail","D075","PYAZ KULCHA (ROTI)","raw","Onion","V11","Onion_gm_reciepe","20","gm","1","20","","","","","","","44.1600","44.1600","1","","",""
"line_detail","D075","PYAZ KULCHA (ROTI)","raw","Onion","V11","Onion_gm_reciepe","20","gm","1","20","","","","","","","44.1600","44.1600","1","","",""
"line_detail","D075","PYAZ KULCHA (ROTI)","raw","Onion","V11","Onion_gm_reciepe","20","gm","1","20","","","","","","","44.1600","44.1600","1","","",""
"line_detail","D075","PYAZ KULCHA (ROTI)","raw","Onion","V11","Onion_gm_reciepe","20","gm","1","20","","","","","","","44.1600","44.1600","1","","",""
"line_detail","D075","PYAZ KULCHA (ROTI)","raw","Onion","V11","Onion_gm_reciepe","20","gm","1","20","","","","","","","44.1600","44.1600","1","","",""
"line_detail","D075","PYAZ KULCHA (ROTI)","raw","Onion","V11","Onion_gm_reciepe","20","gm","1","20","","","","","","","44.1600","44.1600","1","","",""
"line_detail","D075","PYAZ KULCHA (ROTI)","raw","Onion","V11","Onion_gm_reciepe","20","gm","1","20","","","","","","","44.1600","44.1600","1","","",""
"line_detail","D075","PYAZ KULCHA (ROTI)","raw","Onion","V11","Onion_gm_reciepe","20","gm","1","20","","","","","","","44.1600","44.1600","1","","",""
"line_detail","D075","PYAZ KULCHA (ROTI)","raw","Onion","V11","Onion_gm_reciepe","20","gm","1","20","","","","","","","44.1600","44.1600","1","","",""
"line_detail","D075","PYAZ KULCHA (ROTI)","raw","Onion","V11","Onion_gm_reciepe","20","gm","1","20","","","","","","","44.1600","44.1600","1","","",""
"line_detail","D075","PYAZ KULCHA (ROTI)","raw","aaata","1","aaata_gm_reciepe","100","gm","1","100","0.0368","3.6800","","","","","44.1600","44.1600","1","","",""
"line_detail","D075","PYAZ KULCHA (ROTI)","raw","aaata","1","aaata_gm_reciepe","100","gm","1","100","0.0368","3.6800","","","","","44.1600","44.1600","1","","",""
"line_detail","D075","PYAZ KULCHA (ROTI)","raw","aaata","1","aaata_gm_reciepe","100","gm","1","100","0.0368","3.6800","","","","","44.1600","44.1600","1","","",""
"line_detail","D075","PYAZ KULCHA (ROTI)","raw","aaata","1","aaata_gm_reciepe","100","gm","1","100","0.0368","3.6800","","","","","44.1600","44.1600","1","","",""
"line_detail","D075","PYAZ KULCHA (ROTI)","raw","aaata","1","aaata_gm_reciepe","100","gm","1","100","0.0368","3.6800","","","","","44.1600","44.1600","1","","",""
"line_detail","D075","PYAZ KULCHA (ROTI)","raw","aaata","1","aaata_gm_reciepe","100","gm","1","100","0.0368","3.6800","","","","","44.1600","44.1600","1","","",""
"line_detail","D075","PYAZ KULCHA (ROTI)","raw","aaata","1","aaata_gm_reciepe","100","gm","1","100","0.0368","3.6800","","","","","44.1600","44.1600","1","","",""
"line_detail","D075","PYAZ KULCHA (ROTI)","raw","aaata","1","aaata_gm_reciepe","100","gm","1","100","0.0368","3.6800","","","","","44.1600","44.1600","1","","",""
"line_detail","D075","PYAZ KULCHA (ROTI)","raw","aaata","1","aaata_gm_reciepe","100","gm","1","100","0.0368","3.6800","","","","","44.1600","44.1600","1","","",""
"line_detail","D075","PYAZ KULCHA (ROTI)","raw","aaata","1","aaata_gm_reciepe","100","gm","1","100","0.0368","3.6800","","","","","44.1600","44.1600","1","","",""
"line_detail","D075","PYAZ KULCHA (ROTI)","raw","aaata","1","aaata_gm_reciepe","100","gm","1","100","0.0368","3.6800","","","","","44.1600","44.1600","1","","",""
"line_detail","D075","PYAZ KULCHA (ROTI)","raw","aaata","1","aaata_gm_reciepe","100","gm","1","100","0.0368","3.6800","","","","","44.1600","44.1600","1","","",""
"dish_summary","D075","PYAZ KULCHA (ROTI)","","","","PYAZ KULCHA (ROTI)_1_portion","","","","","","44.1600","standard","false","PYAZ KULCHA (ROTI)_1_portion","","44.1600","44.1600","1","1","12","0"
"dish_summary","D076","BUTTER NAAN","","","","BUTTER NAAN_1_portion","","","","","","0.0000","standard","false","BUTTER NAAN_1_portion","","0.0000","0.0000","1","1","0","0"
"line_detail","D077","GARLIC NAAN","raw","Garlic","V10","Garlic_gm_reciepe","20","gm","1","20","","","","","","","1.0680","1.0680","1","","",""
"line_detail","D077","GARLIC NAAN","raw","Garlic","V10","Garlic_gm_reciepe","20","gm","1","20","","","","","","","1.0680","1.0680","1","","",""
"line_detail","D077","GARLIC NAAN","raw","Garlic","V10","Garlic_gm_reciepe","20","gm","1","20","","","","","","","1.0680","1.0680","1","","",""
"line_detail","D077","GARLIC NAAN","raw","Garlic","V10","Garlic_gm_reciepe","20","gm","1","20","","","","","","","1.0680","1.0680","1","","",""
"line_detail","D077","GARLIC NAAN","raw","butter","73","butter_gm_reciepe","2","gm","1","2","0.1780","0.3560","","","","","1.0680","1.0680","1","","",""
"line_detail","D077","GARLIC NAAN","raw","butter","73","butter_gm_reciepe","2","gm","1","2","0.1780","0.3560","","","","","1.0680","1.0680","1","","",""
"line_detail","D077","GARLIC NAAN","raw","butter","73","butter_gm_reciepe","2","gm","1","2","0.1780","0.3560","","","","","1.0680","1.0680","1","","",""
"dish_summary","D077","GARLIC NAAN","","","","GARLIC NAAN_1_portion","","","","","","1.0680","standard","false","GARLIC NAAN_1_portion","","1.0680","1.0680","1","1","4","0"
"line_detail","D079","LACHHA PARATHA","raw","amul butter","72","amul butter_gm_reciepe","3","gm","1","3","","","","","","","0.0000","0.0000","1","","",""
"line_detail","D079","LACHHA PARATHA","raw","amul butter","72","amul butter_gm_reciepe","3","gm","1","3","","","","","","","0.0000","0.0000","1","","",""
"line_detail","D079","LACHHA PARATHA","raw","amul butter","72","amul butter_gm_reciepe","3","gm","1","3","","","","","","","0.0000","0.0000","1","","",""
"dish_summary","D079","LACHHA PARATHA","","","","LACHHA PARATHA_1_portion","","","","","","0.0000","standard","false","LACHHA PARATHA_1_portion","","0.0000","0.0000","1","1","3","0"
"line_detail","D081","GREEN SALAD","raw","Carrot","V4","Carrot_gm_reciepe","40","gm","1","40","","","","","","","0.0000","0.0000","1","","",""
"line_detail","D081","GREEN SALAD","raw","Carrot","V4","Carrot_gm_reciepe","200","gm","1","200","","","","","","","0.0000","0.0000","1","","",""
"line_detail","D081","GREEN SALAD","raw","Carrot","V4","Carrot_gm_reciepe","200","gm","1","200","","","","","","","0.0000","0.0000","1","","",""
"line_detail","D081","GREEN SALAD","raw","Carrot","V4","Carrot_gm_reciepe","200","gm","1","200","","","","","","","0.0000","0.0000","1","","",""
"line_detail","D081","GREEN SALAD","raw","Carrot","V4","Carrot_gm_reciepe","200","gm","1","200","","","","","","","0.0000","0.0000","1","","",""
"line_detail","D081","GREEN SALAD","raw","Carrot","V4","Carrot_gm_reciepe","40","gm","1","40","","","","","","","0.0000","0.0000","1","","",""
"line_detail","D081","GREEN SALAD","raw","Carrot","V4","Carrot_gm_reciepe","40","gm","1","40","","","","","","","0.0000","0.0000","1","","",""
"line_detail","D081","GREEN SALAD","raw","Carrot","V4","Carrot_gm_reciepe","200","gm","1","200","","","","","","","0.0000","0.0000","1","","",""
"line_detail","D081","GREEN SALAD","raw","Carrot","V4","Carrot_gm_reciepe","200","gm","1","200","","","","","","","0.0000","0.0000","1","","",""
"line_detail","D081","GREEN SALAD","raw","Carrot","V4","Carrot_gm_reciepe","200","gm","1","200","","","","","","","0.0000","0.0000","1","","",""
"line_detail","D081","GREEN SALAD","raw","Carrot","V4","Carrot_gm_reciepe","200","gm","1","200","","","","","","","0.0000","0.0000","1","","",""
"line_detail","D081","GREEN SALAD","raw","Carrot","V4","Carrot_gm_reciepe","40","gm","1","40","","","","","","","0.0000","0.0000","1","","",""
"line_detail","D081","GREEN SALAD","raw","Cucumber","V12","Cucumber_gm_reciepe","150","gm","1","150","","","","","","","0.0000","0.0000","1","","",""
"line_detail","D081","GREEN SALAD","raw","Cucumber","V12","Cucumber_gm_reciepe","150","gm","1","150","","","","","","","0.0000","0.0000","1","","",""
"line_detail","D081","GREEN SALAD","raw","Cucumber","V12","Cucumber_gm_reciepe","100","gm","1","100","","","","","","","0.0000","0.0000","1","","",""
"line_detail","D081","GREEN SALAD","raw","Cucumber","V12","Cucumber_gm_reciepe","150","gm","1","150","","","","","","","0.0000","0.0000","1","","",""
"line_detail","D081","GREEN SALAD","raw","Cucumber","V12","Cucumber_gm_reciepe","150","gm","1","150","","","","","","","0.0000","0.0000","1","","",""
"line_detail","D081","GREEN SALAD","raw","Cucumber","V12","Cucumber_gm_reciepe","150","gm","1","150","","","","","","","0.0000","0.0000","1","","",""
"line_detail","D081","GREEN SALAD","raw","Cucumber","V12","Cucumber_gm_reciepe","150","gm","1","150","","","","","","","0.0000","0.0000","1","","",""
"line_detail","D081","GREEN SALAD","raw","Cucumber","V12","Cucumber_gm_reciepe","100","gm","1","100","","","","","","","0.0000","0.0000","1","","",""
"line_detail","D081","GREEN SALAD","raw","Cucumber","V12","Cucumber_gm_reciepe","150","gm","1","150","","","","","","","0.0000","0.0000","1","","",""
"line_detail","D081","GREEN SALAD","raw","Cucumber","V12","Cucumber_gm_reciepe","100","gm","1","100","","","","","","","0.0000","0.0000","1","","",""
"line_detail","D081","GREEN SALAD","raw","Cucumber","V12","Cucumber_gm_reciepe","100","gm","1","100","","","","","","","0.0000","0.0000","1","","",""
"line_detail","D081","GREEN SALAD","raw","Cucumber","V12","Cucumber_gm_reciepe","150","gm","1","150","","","","","","","0.0000","0.0000","1","","",""
"line_detail","D081","GREEN SALAD","raw","Lemon","V13","Lemon_gm_reciepe","100","gm","1","100","","","","","","","0.0000","0.0000","1","","",""
"line_detail","D081","GREEN SALAD","raw","Lemon","V13","Lemon_gm_reciepe","100","gm","1","100","","","","","","","0.0000","0.0000","1","","",""
"line_detail","D081","GREEN SALAD","raw","Lemon","V13","Lemon_gm_reciepe","100","gm","1","100","","","","","","","0.0000","0.0000","1","","",""
"line_detail","D081","GREEN SALAD","raw","Lemon","V13","Lemon_gm_reciepe","100","gm","1","100","","","","","","","0.0000","0.0000","1","","",""
"line_detail","D081","GREEN SALAD","raw","Lemon","V13","Lemon_gm_reciepe","100","gm","1","100","","","","","","","0.0000","0.0000","1","","",""
"line_detail","D081","GREEN SALAD","raw","Lemon","V13","Lemon_gm_reciepe","100","gm","1","100","","","","","","","0.0000","0.0000","1","","",""
"line_detail","D081","GREEN SALAD","raw","Lemon","V13","Lemon_gm_reciepe","100","gm","1","100","","","","","","","0.0000","0.0000","1","","",""
"line_detail","D081","GREEN SALAD","raw","Lemon","V13","Lemon_gm_reciepe","100","gm","1","100","","","","","","","0.0000","0.0000","1","","",""
"line_detail","D081","GREEN SALAD","raw","Onion","V11","Onion_gm_reciepe","50","gm","1","50","","","","","","","0.0000","0.0000","1","","",""
"line_detail","D081","GREEN SALAD","raw","Onion","V11","Onion_gm_reciepe","100","gm","1","100","","","","","","","0.0000","0.0000","1","","",""
"line_detail","D081","GREEN SALAD","raw","Onion","V11","Onion_gm_reciepe","100","gm","1","100","","","","","","","0.0000","0.0000","1","","",""
"line_detail","D081","GREEN SALAD","raw","Onion","V11","Onion_gm_reciepe","100","gm","1","100","","","","","","","0.0000","0.0000","1","","",""
"line_detail","D081","GREEN SALAD","raw","Onion","V11","Onion_gm_reciepe","100","gm","1","100","","","","","","","0.0000","0.0000","1","","",""
"line_detail","D081","GREEN SALAD","raw","Onion","V11","Onion_gm_reciepe","100","gm","1","100","","","","","","","0.0000","0.0000","1","","",""
"line_detail","D081","GREEN SALAD","raw","Onion","V11","Onion_gm_reciepe","50","gm","1","50","","","","","","","0.0000","0.0000","1","","",""
"line_detail","D081","GREEN SALAD","raw","Onion","V11","Onion_gm_reciepe","100","gm","1","100","","","","","","","0.0000","0.0000","1","","",""
"line_detail","D081","GREEN SALAD","raw","Onion","V11","Onion_gm_reciepe","100","gm","1","100","","","","","","","0.0000","0.0000","1","","",""
"line_detail","D081","GREEN SALAD","raw","Onion","V11","Onion_gm_reciepe","50","gm","1","50","","","","","","","0.0000","0.0000","1","","",""
"line_detail","D081","GREEN SALAD","raw","Onion","V11","Onion_gm_reciepe","100","gm","1","100","","","","","","","0.0000","0.0000","1","","",""
"line_detail","D081","GREEN SALAD","raw","Onion","V11","Onion_gm_reciepe","50","gm","1","50","","","","","","","0.0000","0.0000","1","","",""
"line_detail","D081","GREEN SALAD","raw","Tomato","V18","Tomato_gm_reciepe","40","gm","1","40","","","","","","","0.0000","0.0000","1","","",""
"line_detail","D081","GREEN SALAD","raw","Tomato","V18","Tomato_gm_reciepe","40","gm","1","40","","","","","","","0.0000","0.0000","1","","",""
"line_detail","D081","GREEN SALAD","raw","Tomato","V18","Tomato_gm_reciepe","100","gm","1","100","","","","","","","0.0000","0.0000","1","","",""
"line_detail","D081","GREEN SALAD","raw","Tomato","V18","Tomato_gm_reciepe","100","gm","1","100","","","","","","","0.0000","0.0000","1","","",""
"line_detail","D081","GREEN SALAD","raw","Tomato","V18","Tomato_gm_reciepe","100","gm","1","100","","","","","","","0.0000","0.0000","1","","",""
"line_detail","D081","GREEN SALAD","raw","Tomato","V18","Tomato_gm_reciepe","100","gm","1","100","","","","","","","0.0000","0.0000","1","","",""
"line_detail","D081","GREEN SALAD","raw","Tomato","V18","Tomato_gm_reciepe","40","gm","1","40","","","","","","","0.0000","0.0000","1","","",""
"line_detail","D081","GREEN SALAD","raw","Tomato","V18","Tomato_gm_reciepe","100","gm","1","100","","","","","","","0.0000","0.0000","1","","",""
"line_detail","D081","GREEN SALAD","raw","Tomato","V18","Tomato_gm_reciepe","100","gm","1","100","","","","","","","0.0000","0.0000","1","","",""
"line_detail","D081","GREEN SALAD","raw","Tomato","V18","Tomato_gm_reciepe","40","gm","1","40","","","","","","","0.0000","0.0000","1","","",""
"line_detail","D081","GREEN SALAD","raw","Tomato","V18","Tomato_gm_reciepe","100","gm","1","100","","","","","","","0.0000","0.0000","1","","",""
"line_detail","D081","GREEN SALAD","raw","Tomato","V18","Tomato_gm_reciepe","100","gm","1","100","","","","","","","0.0000","0.0000","1","","",""
"dish_summary","D081","GREEN SALAD","","","","GREEN SALAD_1_portion","","","","","","0.0000","standard","false","GREEN SALAD_1_portion","","0.0000","0.0000","1","0","56","0"
"line_detail","D082","KACHUMBER SALAD","raw","CURD","D2","CURD_gm_reciepe","40","gm","1","40","","","","","","","0.3600","0.3600","1","","",""
"line_detail","D082","KACHUMBER SALAD","raw","CURD","D2","","250","","","","","","","","","","0.3600","0.3600","1","","",""
"line_detail","D082","KACHUMBER SALAD","raw","CURD","D2","","250","","","","","","","","","","0.3600","0.3600","1","","",""
"line_detail","D082","KACHUMBER SALAD","raw","Carrot","V4","Carrot_gm_reciepe","200","gm","1","200","","","","","","","0.3600","0.3600","1","","",""
"line_detail","D082","KACHUMBER SALAD","raw","Carrot","V4","Carrot_gm_reciepe","200","gm","1","200","","","","","","","0.3600","0.3600","1","","",""
"line_detail","D082","KACHUMBER SALAD","raw","Carrot","V4","Carrot_gm_reciepe","200","gm","1","200","","","","","","","0.3600","0.3600","1","","",""
"line_detail","D082","KACHUMBER SALAD","raw","Carrot","V4","Carrot_gm_reciepe","200","gm","1","200","","","","","","","0.3600","0.3600","1","","",""
"line_detail","D082","KACHUMBER SALAD","raw","Carrot","V4","Carrot_gm_reciepe","200","gm","1","200","","","","","","","0.3600","0.3600","1","","",""
"line_detail","D082","KACHUMBER SALAD","raw","Carrot","V4","Carrot_gm_reciepe","200","gm","1","200","","","","","","","0.3600","0.3600","1","","",""
"line_detail","D082","KACHUMBER SALAD","raw","Carrot","V4","Carrot_gm_reciepe","200","gm","1","200","","","","","","","0.3600","0.3600","1","","",""
"line_detail","D082","KACHUMBER SALAD","raw","Carrot","V4","Carrot_gm_reciepe","200","gm","1","200","","","","","","","0.3600","0.3600","1","","",""
"line_detail","D082","KACHUMBER SALAD","raw","Cucumber","V12","Cucumber_gm_reciepe","150","gm","1","150","","","","","","","0.3600","0.3600","1","","",""
"line_detail","D082","KACHUMBER SALAD","raw","Cucumber","V12","Cucumber_gm_reciepe","150","gm","1","150","","","","","","","0.3600","0.3600","1","","",""
"line_detail","D082","KACHUMBER SALAD","raw","Cucumber","V12","Cucumber_gm_reciepe","150","gm","1","150","","","","","","","0.3600","0.3600","1","","",""
"line_detail","D082","KACHUMBER SALAD","raw","Cucumber","V12","Cucumber_gm_reciepe","30","gm","1","30","","","","","","","0.3600","0.3600","1","","",""
"line_detail","D082","KACHUMBER SALAD","raw","Cucumber","V12","Cucumber_gm_reciepe","150","gm","1","150","","","","","","","0.3600","0.3600","1","","",""
"line_detail","D082","KACHUMBER SALAD","raw","Cucumber","V12","Cucumber_gm_reciepe","150","gm","1","150","","","","","","","0.3600","0.3600","1","","",""
"line_detail","D082","KACHUMBER SALAD","raw","Cucumber","V12","Cucumber_gm_reciepe","30","gm","1","30","","","","","","","0.3600","0.3600","1","","",""
"line_detail","D082","KACHUMBER SALAD","raw","Cucumber","V12","Cucumber_gm_reciepe","150","gm","1","150","","","","","","","0.3600","0.3600","1","","",""
"line_detail","D082","KACHUMBER SALAD","raw","Cucumber","V12","Cucumber_gm_reciepe","150","gm","1","150","","","","","","","0.3600","0.3600","1","","",""
"line_detail","D082","KACHUMBER SALAD","raw","Cucumber","V12","Cucumber_gm_reciepe","30","gm","1","30","","","","","","","0.3600","0.3600","1","","",""
"line_detail","D082","KACHUMBER SALAD","raw","Cucumber","V12","Cucumber_gm_reciepe","30","gm","1","30","","","","","","","0.3600","0.3600","1","","",""
"line_detail","D082","KACHUMBER SALAD","raw","Cucumber","V12","Cucumber_gm_reciepe","150","gm","1","150","","","","","","","0.3600","0.3600","1","","",""
"line_detail","D082","KACHUMBER SALAD","raw","Onion","V11","Onion_gm_reciepe","30","gm","1","30","","","","","","","0.3600","0.3600","1","","",""
"line_detail","D082","KACHUMBER SALAD","raw","Onion","V11","Onion_gm_reciepe","30","gm","1","30","","","","","","","0.3600","0.3600","1","","",""
"line_detail","D082","KACHUMBER SALAD","raw","Onion","V11","Onion_gm_reciepe","30","gm","1","30","","","","","","","0.3600","0.3600","1","","",""
"line_detail","D082","KACHUMBER SALAD","raw","Onion","V11","Onion_gm_reciepe","30","gm","1","30","","","","","","","0.3600","0.3600","1","","",""
"line_detail","D082","KACHUMBER SALAD","raw","Tomato","V18","Tomato_gm_reciepe","100","gm","1","100","","","","","","","0.3600","0.3600","1","","",""
"line_detail","D082","KACHUMBER SALAD","raw","Tomato","V18","Tomato_gm_reciepe","100","gm","1","100","","","","","","","0.3600","0.3600","1","","",""
"line_detail","D082","KACHUMBER SALAD","raw","Tomato","V18","Tomato_gm_reciepe","100","gm","1","100","","","","","","","0.3600","0.3600","1","","",""
"line_detail","D082","KACHUMBER SALAD","raw","Tomato","V18","Tomato_gm_reciepe","100","gm","1","100","","","","","","","0.3600","0.3600","1","","",""
"line_detail","D082","KACHUMBER SALAD","raw","Tomato","V18","Tomato_gm_reciepe","30","gm","1","30","","","","","","","0.3600","0.3600","1","","",""
"line_detail","D082","KACHUMBER SALAD","raw","Tomato","V18","Tomato_gm_reciepe","100","gm","1","100","","","","","","","0.3600","0.3600","1","","",""
"line_detail","D082","KACHUMBER SALAD","raw","Tomato","V18","Tomato_gm_reciepe","30","gm","1","30","","","","","","","0.3600","0.3600","1","","",""
"line_detail","D082","KACHUMBER SALAD","raw","Tomato","V18","Tomato_gm_reciepe","30","gm","1","30","","","","","","","0.3600","0.3600","1","","",""
"line_detail","D082","KACHUMBER SALAD","raw","Tomato","V18","Tomato_gm_reciepe","100","gm","1","100","","","","","","","0.3600","0.3600","1","","",""
"line_detail","D082","KACHUMBER SALAD","raw","Tomato","V18","Tomato_gm_reciepe","30","gm","1","30","","","","","","","0.3600","0.3600","1","","",""
"line_detail","D082","KACHUMBER SALAD","raw","Tomato","V18","Tomato_gm_reciepe","100","gm","1","100","","","","","","","0.3600","0.3600","1","","",""
"line_detail","D082","KACHUMBER SALAD","raw","Tomato","V18","Tomato_gm_reciepe","100","gm","1","100","","","","","","","0.3600","0.3600","1","","",""
"line_detail","D082","KACHUMBER SALAD","raw","chat amsala","21B","chat amsala_gm_reciepe","3","gm","1","3","","","","","","","0.3600","0.3600","1","","",""
"line_detail","D082","KACHUMBER SALAD","raw","chat amsala","21B","chat amsala_gm_reciepe","3","gm","1","3","","","","","","","0.3600","0.3600","1","","",""
"line_detail","D082","KACHUMBER SALAD","raw","chat amsala","21B","chat amsala_gm_reciepe","3","gm","1","3","","","","","","","0.3600","0.3600","1","","",""
"line_detail","D082","KACHUMBER SALAD","raw","chat amsala","21B","chat amsala_gm_reciepe","3","gm","1","3","","","","","","","0.3600","0.3600","1","","",""
"line_detail","D082","KACHUMBER SALAD","raw","chat amsala","21B","chat amsala_gm_reciepe","3","gm","1","3","","","","","","","0.3600","0.3600","1","","",""
"line_detail","D082","KACHUMBER SALAD","raw","chat amsala","21B","chat amsala_gm_reciepe","3","gm","1","3","","","","","","","0.3600","0.3600","1","","",""
"line_detail","D082","KACHUMBER SALAD","raw","chat amsala","21B","chat amsala_gm_reciepe","3","gm","1","3","","","","","","","0.3600","0.3600","1","","",""
"line_detail","D082","KACHUMBER SALAD","raw","chat amsala","21B","chat amsala_gm_reciepe","3","gm","1","3","","","","","","","0.3600","0.3600","1","","",""
"line_detail","D082","KACHUMBER SALAD","raw","chat amsala","21B","chat amsala_gm_reciepe","3","gm","1","3","","","","","","","0.3600","0.3600","1","","",""
"line_detail","D082","KACHUMBER SALAD","raw","chat amsala","21B","chat amsala_gm_reciepe","3","gm","1","3","","","","","","","0.3600","0.3600","1","","",""
"line_detail","D082","KACHUMBER SALAD","raw","chat amsala","21B","chat amsala_gm_reciepe","3","gm","1","3","","","","","","","0.3600","0.3600","1","","",""
"line_detail","D082","KACHUMBER SALAD","raw","chat amsala","21B","chat amsala_gm_reciepe","3","gm","1","3","","","","","","","0.3600","0.3600","1","","",""
"line_detail","D082","KACHUMBER SALAD","raw","chat amsala","21B","chat amsala_gm_reciepe","3","gm","1","3","","","","","","","0.3600","0.3600","1","","",""
"line_detail","D082","KACHUMBER SALAD","raw","chat amsala","21B","chat amsala_gm_reciepe","3","gm","1","3","","","","","","","0.3600","0.3600","1","","",""
"line_detail","D082","KACHUMBER SALAD","raw","chat amsala","21B","chat amsala_gm_reciepe","3","gm","1","3","","","","","","","0.3600","0.3600","1","","",""
"line_detail","D082","KACHUMBER SALAD","raw","chat amsala","21B","chat amsala_gm_reciepe","3","gm","1","3","","","","","","","0.3600","0.3600","1","","",""
"line_detail","D082","KACHUMBER SALAD","raw","chat amsala","21B","chat amsala_gm_reciepe","3","gm","1","3","","","","","","","0.3600","0.3600","1","","",""
"line_detail","D082","KACHUMBER SALAD","raw","chat amsala","21B","chat amsala_gm_reciepe","3","gm","1","3","","","","","","","0.3600","0.3600","1","","",""
"line_detail","D082","KACHUMBER SALAD","raw","degi mirch","12","degi mirch_gm_reciepe","3","gm","1","3","","","","","","","0.3600","0.3600","1","","",""
"line_detail","D082","KACHUMBER SALAD","raw","degi mirch","12","degi mirch_gm_reciepe","3","gm","1","3","","","","","","","0.3600","0.3600","1","","",""
"line_detail","D082","KACHUMBER SALAD","raw","degi mirch","12","degi mirch_gm_reciepe","3","gm","1","3","","","","","","","0.3600","0.3600","1","","",""
"line_detail","D082","KACHUMBER SALAD","raw","degi mirch","12","degi mirch_gm_reciepe","3","gm","1","3","","","","","","","0.3600","0.3600","1","","",""
"line_detail","D082","KACHUMBER SALAD","raw","degi mirch","12","degi mirch_gm_reciepe","3","gm","1","3","","","","","","","0.3600","0.3600","1","","",""
"line_detail","D082","KACHUMBER SALAD","raw","degi mirch","12","degi mirch_gm_reciepe","3","gm","1","3","","","","","","","0.3600","0.3600","1","","",""
"line_detail","D082","KACHUMBER SALAD","raw","degi mirch","12","degi mirch_gm_reciepe","3","gm","1","3","","","","","","","0.3600","0.3600","1","","",""
"line_detail","D082","KACHUMBER SALAD","raw","degi mirch","12","degi mirch_gm_reciepe","3","gm","1","3","","","","","","","0.3600","0.3600","1","","",""
"line_detail","D082","KACHUMBER SALAD","raw","degi mirch","12","degi mirch_gm_reciepe","3","gm","1","3","","","","","","","0.3600","0.3600","1","","",""
"line_detail","D082","KACHUMBER SALAD","raw","degi mirch","12","degi mirch_gm_reciepe","3","gm","1","3","","","","","","","0.3600","0.3600","1","","",""
"line_detail","D082","KACHUMBER SALAD","raw","degi mirch","12","degi mirch_gm_reciepe","3","gm","1","3","","","","","","","0.3600","0.3600","1","","",""
"line_detail","D082","KACHUMBER SALAD","raw","degi mirch","12","degi mirch_gm_reciepe","3","gm","1","3","","","","","","","0.3600","0.3600","1","","",""
"line_detail","D082","KACHUMBER SALAD","raw","degi mirch","12","degi mirch_gm_reciepe","3","gm","1","3","","","","","","","0.3600","0.3600","1","","",""
"line_detail","D082","KACHUMBER SALAD","raw","degi mirch","12","degi mirch_gm_reciepe","3","gm","1","3","","","","","","","0.3600","0.3600","1","","",""
"line_detail","D082","KACHUMBER SALAD","raw","degi mirch","12","degi mirch_gm_reciepe","3","gm","1","3","","","","","","","0.3600","0.3600","1","","",""
"line_detail","D082","KACHUMBER SALAD","raw","degi mirch","12","degi mirch_gm_reciepe","3","gm","1","3","","","","","","","0.3600","0.3600","1","","",""
"line_detail","D082","KACHUMBER SALAD","raw","degi mirch","12","degi mirch_gm_reciepe","3","gm","1","3","","","","","","","0.3600","0.3600","1","","",""
"line_detail","D082","KACHUMBER SALAD","raw","degi mirch","12","degi mirch_gm_reciepe","3","gm","1","3","","","","","","","0.3600","0.3600","1","","",""
"line_detail","D082","KACHUMBER SALAD","raw","lal mirch","110","lal mirch_gm_reciepe","2","gm","1","2","","","","","","","0.3600","0.3600","1","","",""
"line_detail","D082","KACHUMBER SALAD","raw","lal mirch","110","lal mirch_gm_reciepe","2","gm","1","2","","","","","","","0.3600","0.3600","1","","",""
"line_detail","D082","KACHUMBER SALAD","raw","lal mirch","110","lal mirch_gm_reciepe","2","gm","1","2","","","","","","","0.3600","0.3600","1","","",""
"line_detail","D082","KACHUMBER SALAD","raw","lal mirch","110","lal mirch_gm_reciepe","2","gm","1","2","","","","","","","0.3600","0.3600","1","","",""
"line_detail","D082","KACHUMBER SALAD","raw","lal mirch","110","lal mirch_gm_reciepe","2","gm","1","2","","","","","","","0.3600","0.3600","1","","",""
"line_detail","D082","KACHUMBER SALAD","raw","lal mirch","110","lal mirch_gm_reciepe","2","gm","1","2","","","","","","","0.3600","0.3600","1","","",""
"line_detail","D082","KACHUMBER SALAD","raw","salt","27A","salt_gm_reciepe","2","gm","1","2","0.0300","0.0600","","","","","0.3600","0.3600","1","","",""
"line_detail","D082","KACHUMBER SALAD","raw","salt","27A","salt_gm_reciepe","2","gm","1","2","0.0300","0.0600","","","","","0.3600","0.3600","1","","",""
"line_detail","D082","KACHUMBER SALAD","raw","salt","27A","salt_gm_reciepe","2","gm","1","2","0.0300","0.0600","","","","","0.3600","0.3600","1","","",""
"line_detail","D082","KACHUMBER SALAD","raw","salt","27A","salt_gm_reciepe","2","gm","1","2","0.0300","0.0600","","","","","0.3600","0.3600","1","","",""
"line_detail","D082","KACHUMBER SALAD","raw","salt","27A","salt_gm_reciepe","2","gm","1","2","0.0300","0.0600","","","","","0.3600","0.3600","1","","",""
"line_detail","D082","KACHUMBER SALAD","raw","salt","27A","salt_gm_reciepe","2","gm","1","2","0.0300","0.0600","","","","","0.3600","0.3600","1","","",""
"dish_summary","D082","KACHUMBER SALAD","","","","KACHUMBER SALAD_1_portion","","","","","","0.3600","standard","false","KACHUMBER SALAD_1_portion","","0.3600","0.3600","1","0","81","0"
"line_detail","D083","DAHI KACHUMBER","raw","CURD","D2","CURD_gm_reciepe","300","gm","1","300","","","","","","","0.0000","0.0000","1","","",""
"line_detail","D083","DAHI KACHUMBER","raw","Cucumber","V12","Cucumber_gm_reciepe","70","gm","1","70","","","","","","","0.0000","0.0000","1","","",""
"line_detail","D083","DAHI KACHUMBER","raw","Cucumber","V12","Cucumber_gm_reciepe","70","gm","1","70","","","","","","","0.0000","0.0000","1","","",""
"line_detail","D083","DAHI KACHUMBER","raw","Cucumber","V12","Cucumber_gm_reciepe","70","gm","1","70","","","","","","","0.0000","0.0000","1","","",""
"line_detail","D083","DAHI KACHUMBER","raw","Cucumber","V12","Cucumber_gm_reciepe","70","gm","1","70","","","","","","","0.0000","0.0000","1","","",""
"line_detail","D083","DAHI KACHUMBER","raw","Onion","V11","Onion_gm_reciepe","70","gm","1","70","","","","","","","0.0000","0.0000","1","","",""
"line_detail","D083","DAHI KACHUMBER","raw","Onion","V11","Onion_gm_reciepe","70","gm","1","70","","","","","","","0.0000","0.0000","1","","",""
"line_detail","D083","DAHI KACHUMBER","raw","Onion","V11","Onion_gm_reciepe","70","gm","1","70","","","","","","","0.0000","0.0000","1","","",""
"line_detail","D083","DAHI KACHUMBER","raw","Onion","V11","Onion_gm_reciepe","70","gm","1","70","","","","","","","0.0000","0.0000","1","","",""
"line_detail","D083","DAHI KACHUMBER","raw","Tomato","V18","Tomato_gm_reciepe","70","gm","1","70","","","","","","","0.0000","0.0000","1","","",""
"line_detail","D083","DAHI KACHUMBER","raw","Tomato","V18","Tomato_gm_reciepe","70","gm","1","70","","","","","","","0.0000","0.0000","1","","",""
"line_detail","D083","DAHI KACHUMBER","raw","Tomato","V18","Tomato_gm_reciepe","70","gm","1","70","","","","","","","0.0000","0.0000","1","","",""
"line_detail","D083","DAHI KACHUMBER","raw","Tomato","V18","Tomato_gm_reciepe","70","gm","1","70","","","","","","","0.0000","0.0000","1","","",""
"dish_summary","D083","DAHI KACHUMBER","","","","DAHI KACHUMBER_1_portion","","","","","","0.0000","standard","false","DAHI KACHUMBER_1_portion","","0.0000","0.0000","1","0","13","0"
"line_detail","D084","CURD","raw","CURD","D2","CURD_gm_reciepe","300","gm","1","300","","","","","","","0.0000","0.0000","1","","",""
"line_detail","D084","CURD","raw","CURD","D2","CURD_gm_reciepe","300","gm","1","300","","","","","","","0.0000","0.0000","1","","",""
"dish_summary","D084","CURD","","","","CURD_1_portion","","","","","","0.0000","standard","false","CURD_1_portion","","0.0000","0.0000","1","0","2","0"
"line_detail","D085","MIX RAITA","raw","CURD","D2","","250","","","","","","","","","","0.5400","0.5400","1","","",""
"line_detail","D085","MIX RAITA","raw","CURD","D2","","250","","","","","","","","","","0.5400","0.5400","1","","",""
"line_detail","D085","MIX RAITA","raw","CURD","D2","CURD_gm_reciepe","200","gm","1","200","","","","","","","0.5400","0.5400","1","","",""
"line_detail","D085","MIX RAITA","raw","Cucumber","V12","Cucumber_gm_reciepe","70","gm","1","70","","","","","","","0.5400","0.5400","1","","",""
"line_detail","D085","MIX RAITA","raw","Cucumber","V12","Cucumber_gm_reciepe","150","gm","1","150","","","","","","","0.5400","0.5400","1","","",""
"line_detail","D085","MIX RAITA","raw","Cucumber","V12","Cucumber_gm_reciepe","150","gm","1","150","","","","","","","0.5400","0.5400","1","","",""
"line_detail","D085","MIX RAITA","raw","Cucumber","V12","Cucumber_gm_reciepe","150","gm","1","150","","","","","","","0.5400","0.5400","1","","",""
"line_detail","D085","MIX RAITA","raw","Cucumber","V12","Cucumber_gm_reciepe","70","gm","1","70","","","","","","","0.5400","0.5400","1","","",""
"line_detail","D085","MIX RAITA","raw","Cucumber","V12","Cucumber_gm_reciepe","150","gm","1","150","","","","","","","0.5400","0.5400","1","","",""
"line_detail","D085","MIX RAITA","raw","Cucumber","V12","Cucumber_gm_reciepe","70","gm","1","70","","","","","","","0.5400","0.5400","1","","",""
"line_detail","D085","MIX RAITA","raw","Cucumber","V12","Cucumber_gm_reciepe","150","gm","1","150","","","","","","","0.5400","0.5400","1","","",""
"line_detail","D085","MIX RAITA","raw","Cucumber","V12","Cucumber_gm_reciepe","150","gm","1","150","","","","","","","0.5400","0.5400","1","","",""
"line_detail","D085","MIX RAITA","raw","Cucumber","V12","Cucumber_gm_reciepe","70","gm","1","70","","","","","","","0.5400","0.5400","1","","",""
"line_detail","D085","MIX RAITA","raw","Cucumber","V12","Cucumber_gm_reciepe","150","gm","1","150","","","","","","","0.5400","0.5400","1","","",""
"line_detail","D085","MIX RAITA","raw","Cucumber","V12","Cucumber_gm_reciepe","150","gm","1","150","","","","","","","0.5400","0.5400","1","","",""
"line_detail","D085","MIX RAITA","raw","Onion","V11","Onion_gm_reciepe","70","gm","1","70","","","","","","","0.5400","0.5400","1","","",""
"line_detail","D085","MIX RAITA","raw","Onion","V11","Onion_gm_reciepe","100","gm","1","100","","","","","","","0.5400","0.5400","1","","",""
"line_detail","D085","MIX RAITA","raw","Onion","V11","Onion_gm_reciepe","70","gm","1","70","","","","","","","0.5400","0.5400","1","","",""
"line_detail","D085","MIX RAITA","raw","Onion","V11","Onion_gm_reciepe","70","gm","1","70","","","","","","","0.5400","0.5400","1","","",""
"line_detail","D085","MIX RAITA","raw","Onion","V11","Onion_gm_reciepe","100","gm","1","100","","","","","","","0.5400","0.5400","1","","",""
"line_detail","D085","MIX RAITA","raw","Onion","V11","Onion_gm_reciepe","100","gm","1","100","","","","","","","0.5400","0.5400","1","","",""
"line_detail","D085","MIX RAITA","raw","Onion","V11","Onion_gm_reciepe","70","gm","1","70","","","","","","","0.5400","0.5400","1","","",""
"line_detail","D085","MIX RAITA","raw","Onion","V11","Onion_gm_reciepe","100","gm","1","100","","","","","","","0.5400","0.5400","1","","",""
"line_detail","D085","MIX RAITA","raw","Onion","V11","Onion_gm_reciepe","100","gm","1","100","","","","","","","0.5400","0.5400","1","","",""
"line_detail","D085","MIX RAITA","raw","Onion","V11","Onion_gm_reciepe","100","gm","1","100","","","","","","","0.5400","0.5400","1","","",""
"line_detail","D085","MIX RAITA","raw","Onion","V11","Onion_gm_reciepe","100","gm","1","100","","","","","","","0.5400","0.5400","1","","",""
"line_detail","D085","MIX RAITA","raw","Onion","V11","Onion_gm_reciepe","100","gm","1","100","","","","","","","0.5400","0.5400","1","","",""
"line_detail","D085","MIX RAITA","raw","Tomato","V18","Tomato_gm_reciepe","100","gm","1","100","","","","","","","0.5400","0.5400","1","","",""
"line_detail","D085","MIX RAITA","raw","Tomato","V18","Tomato_gm_reciepe","100","gm","1","100","","","","","","","0.5400","0.5400","1","","",""
"line_detail","D085","MIX RAITA","raw","Tomato","V18","Tomato_gm_reciepe","70","gm","1","70","","","","","","","0.5400","0.5400","1","","",""
"line_detail","D085","MIX RAITA","raw","Tomato","V18","Tomato_gm_reciepe","100","gm","1","100","","","","","","","0.5400","0.5400","1","","",""
"line_detail","D085","MIX RAITA","raw","Tomato","V18","Tomato_gm_reciepe","100","gm","1","100","","","","","","","0.5400","0.5400","1","","",""
"line_detail","D085","MIX RAITA","raw","Tomato","V18","Tomato_gm_reciepe","70","gm","1","70","","","","","","","0.5400","0.5400","1","","",""
"line_detail","D085","MIX RAITA","raw","Tomato","V18","Tomato_gm_reciepe","100","gm","1","100","","","","","","","0.5400","0.5400","1","","",""
"line_detail","D085","MIX RAITA","raw","Tomato","V18","Tomato_gm_reciepe","70","gm","1","70","","","","","","","0.5400","0.5400","1","","",""
"line_detail","D085","MIX RAITA","raw","Tomato","V18","Tomato_gm_reciepe","100","gm","1","100","","","","","","","0.5400","0.5400","1","","",""
"line_detail","D085","MIX RAITA","raw","Tomato","V18","Tomato_gm_reciepe","70","gm","1","70","","","","","","","0.5400","0.5400","1","","",""
"line_detail","D085","MIX RAITA","raw","Tomato","V18","Tomato_gm_reciepe","100","gm","1","100","","","","","","","0.5400","0.5400","1","","",""
"line_detail","D085","MIX RAITA","raw","Tomato","V18","Tomato_gm_reciepe","100","gm","1","100","","","","","","","0.5400","0.5400","1","","",""
"line_detail","D085","MIX RAITA","raw","chat masala","21B","chat masala_gm_reciepe","2","gm","1","2","","","","","","","0.5400","0.5400","1","","",""
"line_detail","D085","MIX RAITA","raw","chat masala","21B","chat masala_gm_reciepe","2","gm","1","2","","","","","","","0.5400","0.5400","1","","",""
"line_detail","D085","MIX RAITA","raw","chat masala","21B","chat masala_gm_reciepe","2","gm","1","2","","","","","","","0.5400","0.5400","1","","",""
"line_detail","D085","MIX RAITA","raw","chat masala","21B","chat masala_gm_reciepe","2","gm","1","2","","","","","","","0.5400","0.5400","1","","",""
"line_detail","D085","MIX RAITA","raw","chat masala","21B","chat masala_gm_reciepe","2","gm","1","2","","","","","","","0.5400","0.5400","1","","",""
"line_detail","D085","MIX RAITA","raw","chat masala","21B","chat masala_gm_reciepe","2","gm","1","2","","","","","","","0.5400","0.5400","1","","",""
"line_detail","D085","MIX RAITA","raw","chat masala","21B","chat masala_gm_reciepe","2","gm","1","2","","","","","","","0.5400","0.5400","1","","",""
"line_detail","D085","MIX RAITA","raw","chat masala","21B","chat masala_gm_reciepe","2","gm","1","2","","","","","","","0.5400","0.5400","1","","",""
"line_detail","D085","MIX RAITA","raw","chat masala","21B","chat masala_gm_reciepe","2","gm","1","2","","","","","","","0.5400","0.5400","1","","",""
"line_detail","D085","MIX RAITA","raw","chat masala","21B","chat masala_gm_reciepe","2","gm","1","2","","","","","","","0.5400","0.5400","1","","",""
"line_detail","D085","MIX RAITA","raw","chat masala","21B","chat masala_gm_reciepe","2","gm","1","2","","","","","","","0.5400","0.5400","1","","",""
"line_detail","D085","MIX RAITA","raw","chat masala","21B","chat masala_gm_reciepe","2","gm","1","2","","","","","","","0.5400","0.5400","1","","",""
"line_detail","D085","MIX RAITA","raw","chat masala","21B","chat masala_gm_reciepe","2","gm","1","2","","","","","","","0.5400","0.5400","1","","",""
"line_detail","D085","MIX RAITA","raw","chat masala","21B","chat masala_gm_reciepe","2","gm","1","2","","","","","","","0.5400","0.5400","1","","",""
"line_detail","D085","MIX RAITA","raw","chat masala","21B","chat masala_gm_reciepe","2","gm","1","2","","","","","","","0.5400","0.5400","1","","",""
"line_detail","D085","MIX RAITA","raw","chat masala","21B","chat masala_gm_reciepe","2","gm","1","2","","","","","","","0.5400","0.5400","1","","",""
"line_detail","D085","MIX RAITA","raw","chat masala","21B","chat masala_gm_reciepe","2","gm","1","2","","","","","","","0.5400","0.5400","1","","",""
"line_detail","D085","MIX RAITA","raw","chat masala","21B","chat masala_gm_reciepe","2","gm","1","2","","","","","","","0.5400","0.5400","1","","",""
"line_detail","D085","MIX RAITA","raw","degi mirch","12","degi mirch_gm_reciepe","2","gm","1","2","","","","","","","0.5400","0.5400","1","","",""
"line_detail","D085","MIX RAITA","raw","degi mirch","12","degi mirch_gm_reciepe","2","gm","1","2","","","","","","","0.5400","0.5400","1","","",""
"line_detail","D085","MIX RAITA","raw","degi mirch","12","degi mirch_gm_reciepe","2","gm","1","2","","","","","","","0.5400","0.5400","1","","",""
"line_detail","D085","MIX RAITA","raw","degi mirch","12","degi mirch_gm_reciepe","2","gm","1","2","","","","","","","0.5400","0.5400","1","","",""
"line_detail","D085","MIX RAITA","raw","degi mirch","12","degi mirch_gm_reciepe","2","gm","1","2","","","","","","","0.5400","0.5400","1","","",""
"line_detail","D085","MIX RAITA","raw","degi mirch","12","degi mirch_gm_reciepe","2","gm","1","2","","","","","","","0.5400","0.5400","1","","",""
"line_detail","D085","MIX RAITA","raw","degi mirch","12","degi mirch_gm_reciepe","2","gm","1","2","","","","","","","0.5400","0.5400","1","","",""
"line_detail","D085","MIX RAITA","raw","degi mirch","12","degi mirch_gm_reciepe","2","gm","1","2","","","","","","","0.5400","0.5400","1","","",""
"line_detail","D085","MIX RAITA","raw","degi mirch","12","degi mirch_gm_reciepe","2","gm","1","2","","","","","","","0.5400","0.5400","1","","",""
"line_detail","D085","MIX RAITA","raw","degi mirch","12","degi mirch_gm_reciepe","2","gm","1","2","","","","","","","0.5400","0.5400","1","","",""
"line_detail","D085","MIX RAITA","raw","degi mirch","12","degi mirch_gm_reciepe","2","gm","1","2","","","","","","","0.5400","0.5400","1","","",""
"line_detail","D085","MIX RAITA","raw","degi mirch","12","degi mirch_gm_reciepe","2","gm","1","2","","","","","","","0.5400","0.5400","1","","",""
"line_detail","D085","MIX RAITA","raw","degi mirch","12","degi mirch_gm_reciepe","2","gm","1","2","","","","","","","0.5400","0.5400","1","","",""
"line_detail","D085","MIX RAITA","raw","degi mirch","12","degi mirch_gm_reciepe","2","gm","1","2","","","","","","","0.5400","0.5400","1","","",""
"line_detail","D085","MIX RAITA","raw","degi mirch","12","degi mirch_gm_reciepe","2","gm","1","2","","","","","","","0.5400","0.5400","1","","",""
"line_detail","D085","MIX RAITA","raw","degi mirch","12","degi mirch_gm_reciepe","2","gm","1","2","","","","","","","0.5400","0.5400","1","","",""
"line_detail","D085","MIX RAITA","raw","degi mirch","12","degi mirch_gm_reciepe","2","gm","1","2","","","","","","","0.5400","0.5400","1","","",""
"line_detail","D085","MIX RAITA","raw","degi mirch","12","degi mirch_gm_reciepe","2","gm","1","2","","","","","","","0.5400","0.5400","1","","",""
"line_detail","D085","MIX RAITA","raw","lal mirch","110","lal mirch_gm_reciepe","3","gm","1","3","","","","","","","0.5400","0.5400","1","","",""
"line_detail","D085","MIX RAITA","raw","lal mirch","110","lal mirch_gm_reciepe","3","gm","1","3","","","","","","","0.5400","0.5400","1","","",""
"line_detail","D085","MIX RAITA","raw","lal mirch","110","lal mirch_gm_reciepe","3","gm","1","3","","","","","","","0.5400","0.5400","1","","",""
"line_detail","D085","MIX RAITA","raw","lal mirch","110","lal mirch_gm_reciepe","3","gm","1","3","","","","","","","0.5400","0.5400","1","","",""
"line_detail","D085","MIX RAITA","raw","lal mirch","110","lal mirch_gm_reciepe","3","gm","1","3","","","","","","","0.5400","0.5400","1","","",""
"line_detail","D085","MIX RAITA","raw","lal mirch","110","lal mirch_gm_reciepe","3","gm","1","3","","","","","","","0.5400","0.5400","1","","",""
"line_detail","D085","MIX RAITA","raw","salt","27A","salt_gm_reciepe","3","gm","1","3","0.0300","0.0900","","","","","0.5400","0.5400","1","","",""
"line_detail","D085","MIX RAITA","raw","salt","27A","salt_gm_reciepe","3","gm","1","3","0.0300","0.0900","","","","","0.5400","0.5400","1","","",""
"line_detail","D085","MIX RAITA","raw","salt","27A","salt_gm_reciepe","3","gm","1","3","0.0300","0.0900","","","","","0.5400","0.5400","1","","",""
"line_detail","D085","MIX RAITA","raw","salt","27A","salt_gm_reciepe","3","gm","1","3","0.0300","0.0900","","","","","0.5400","0.5400","1","","",""
"line_detail","D085","MIX RAITA","raw","salt","27A","salt_gm_reciepe","3","gm","1","3","0.0300","0.0900","","","","","0.5400","0.5400","1","","",""
"line_detail","D085","MIX RAITA","raw","salt","27A","salt_gm_reciepe","3","gm","1","3","0.0300","0.0900","","","","","0.5400","0.5400","1","","",""
"dish_summary","D085","MIX RAITA","","","","MIX RAITA_1_portion","","","","","","0.5400","standard","false","MIX RAITA_1_portion","","0.5400","0.5400","1","0","81","0"
"line_detail","D086","BOONDI RAITA","raw","CURD","D2","","250","","","","","","","","","","0.0000","0.0000","1","","",""
"line_detail","D086","BOONDI RAITA","raw","CURD","D2","","250","","","","","","","","","","0.0000","0.0000","1","","",""
"line_detail","D086","BOONDI RAITA","raw","boondi","28B","boondi_gm_reciepe","100","gm","1","100","","","","","","","0.0000","0.0000","1","","",""
"line_detail","D086","BOONDI RAITA","raw","boondi","28B","boondi_gm_reciepe","100","gm","1","100","","","","","","","0.0000","0.0000","1","","",""
"line_detail","D086","BOONDI RAITA","raw","boondi","28B","boondi_gm_reciepe","100","gm","1","100","","","","","","","0.0000","0.0000","1","","",""
"line_detail","D086","BOONDI RAITA","raw","boondi","28B","boondi_gm_reciepe","100","gm","1","100","","","","","","","0.0000","0.0000","1","","",""
"line_detail","D086","BOONDI RAITA","raw","boondi","28B","boondi_gm_reciepe","100","gm","1","100","","","","","","","0.0000","0.0000","1","","",""
"line_detail","D086","BOONDI RAITA","raw","boondi","28B","boondi_gm_reciepe","100","gm","1","100","","","","","","","0.0000","0.0000","1","","",""
"dish_summary","D086","BOONDI RAITA","","","","BOONDI RAITA_1_portion","","","","","","0.0000","standard","false","BOONDI RAITA_1_portion","","0.0000","0.0000","1","0","8","0"
"line_detail","D088","LEMON SODA","raw","Lemon","V13","Lemon_gm_reciepe","20","gm","1","20","","","","","","","3.3000","3.3000","1","","",""
"line_detail","D088","LEMON SODA","raw","Lemon","V13","Lemon_gm_reciepe","20","gm","1","20","","","","","","","3.3000","3.3000","1","","",""
"line_detail","D088","LEMON SODA","raw","Lemon","V13","Lemon_gm_reciepe","20","gm","1","20","","","","","","","3.3000","3.3000","1","","",""
"line_detail","D088","LEMON SODA","raw","Lemon","V13","Lemon_gm_reciepe","20","gm","1","20","","","","","","","3.3000","3.3000","1","","",""
"line_detail","D088","LEMON SODA","raw","soda","97","soda_gm_reciepe","220","gm","1","220","","","","","","","3.3000","3.3000","1","","",""
"line_detail","D088","LEMON SODA","raw","soda","97","soda_gm_reciepe","220","gm","1","220","","","","","","","3.3000","3.3000","1","","",""
"line_detail","D088","LEMON SODA","raw","soda","97","soda_gm_reciepe","220","gm","1","220","","","","","","","3.3000","3.3000","1","","",""
"line_detail","D088","LEMON SODA","raw","sugar","6","sugar_gm_reciepe","20","gm","1","20","0.0550","1.1000","","","","","3.3000","3.3000","1","","",""
"line_detail","D088","LEMON SODA","raw","sugar","6","sugar_gm_reciepe","20","gm","1","20","0.0550","1.1000","","","","","3.3000","3.3000","1","","",""
"line_detail","D088","LEMON SODA","raw","sugar","6","sugar_gm_reciepe","20","gm","1","20","0.0550","1.1000","","","","","3.3000","3.3000","1","","",""
"dish_summary","D088","LEMON SODA","","","","Blue Ocean Mojito_1_portion","","","","","","3.3000","standard","false","Blue Ocean Mojito_1_portion","","3.3000","3.3000","1","0","7","0"
"dish_summary","D091","STEAM RICE","","","","STEAM RICE_1_portion","","","","","","0.0000","standard","false","STEAM RICE_1_portion","","0.0000","0.0000","1","1","0","0"
"dish_summary","D092","JEERA RICE","","","","JEERA RICE_1_portion","","","","","","0.0000","standard","false","JEERA RICE_1_portion","","0.0000","0.0000","1","2","0","0"
"line_detail","D093","JEERA GARLIC RICE","raw","Coriander","V9","Coriander_gm_reciepe","1","gm","1","1","","","","","","","58.4100","58.4100","1","","",""
"line_detail","D093","JEERA GARLIC RICE","raw","Coriander","V9","Coriander_gm_reciepe","1","gm","1","1","","","","","","","58.4100","58.4100","1","","",""
"line_detail","D093","JEERA GARLIC RICE","raw","Coriander","V9","Coriander_gm_reciepe","1","gm","1","1","","","","","","","58.4100","58.4100","1","","",""
"line_detail","D093","JEERA GARLIC RICE","raw","Coriander","V9","Coriander_gm_reciepe","1","gm","1","1","","","","","","","58.4100","58.4100","1","","",""
"line_detail","D093","JEERA GARLIC RICE","raw","Garlic","V10","Garlic_gm_reciepe","20","gm","1","20","","","","","","","58.4100","58.4100","1","","",""
"line_detail","D093","JEERA GARLIC RICE","raw","Garlic","V10","Garlic_gm_reciepe","10","gm","1","10","","","","","","","58.4100","58.4100","1","","",""
"line_detail","D093","JEERA GARLIC RICE","raw","Garlic","V10","Garlic_gm_reciepe","10","gm","1","10","","","","","","","58.4100","58.4100","1","","",""
"line_detail","D093","JEERA GARLIC RICE","raw","Garlic","V10","Garlic_gm_reciepe","20","gm","1","20","","","","","","","58.4100","58.4100","1","","",""
"line_detail","D093","JEERA GARLIC RICE","raw","Garlic","V10","Garlic_gm_reciepe","10","gm","1","10","","","","","","","58.4100","58.4100","1","","",""
"line_detail","D093","JEERA GARLIC RICE","raw","Garlic","V10","Garlic_gm_reciepe","20","gm","1","20","","","","","","","58.4100","58.4100","1","","",""
"line_detail","D093","JEERA GARLIC RICE","raw","Garlic","V10","Garlic_gm_reciepe","20","gm","1","20","","","","","","","58.4100","58.4100","1","","",""
"line_detail","D093","JEERA GARLIC RICE","raw","Garlic","V10","Garlic_gm_reciepe","10","gm","1","10","","","","","","","58.4100","58.4100","1","","",""
"line_detail","D093","JEERA GARLIC RICE","raw","jeera","15","jeera_gm_reciepe","5","gm","1","5","0.3200","1.6000","","","","","58.4100","58.4100","1","","",""
"line_detail","D093","JEERA GARLIC RICE","raw","jeera","15","jeera_gm_reciepe","1","gm","1","1","0.3200","0.3200","","","","","58.4100","58.4100","1","","",""
"line_detail","D093","JEERA GARLIC RICE","raw","jeera","15","jeera_gm_reciepe","1","gm","1","1","0.3200","0.3200","","","","","58.4100","58.4100","1","","",""
"line_detail","D093","JEERA GARLIC RICE","raw","jeera","15","jeera_gm_reciepe","5","gm","1","5","0.3200","1.6000","","","","","58.4100","58.4100","1","","",""
"line_detail","D093","JEERA GARLIC RICE","raw","jeera","15","jeera_gm_reciepe","1","gm","1","1","0.3200","0.3200","","","","","58.4100","58.4100","1","","",""
"line_detail","D093","JEERA GARLIC RICE","raw","jeera","15","jeera_gm_reciepe","5","gm","1","5","0.3200","1.6000","","","","","58.4100","58.4100","1","","",""
"line_detail","D093","JEERA GARLIC RICE","raw","jeera","15","jeera_gm_reciepe","5","gm","1","5","0.3200","1.6000","","","","","58.4100","58.4100","1","","",""
"line_detail","D093","JEERA GARLIC RICE","raw","jeera","15","jeera_gm_reciepe","1","gm","1","1","0.3200","0.3200","","","","","58.4100","58.4100","1","","",""
"line_detail","D093","JEERA GARLIC RICE","raw","jeera","15","jeera_gm_reciepe","1","gm","1","1","0.3200","0.3200","","","","","58.4100","58.4100","1","","",""
"line_detail","D093","JEERA GARLIC RICE","raw","jeera","15","jeera_gm_reciepe","5","gm","1","5","0.3200","1.6000","","","","","58.4100","58.4100","1","","",""
"line_detail","D093","JEERA GARLIC RICE","raw","jeera","15","jeera_gm_reciepe","1","gm","1","1","0.3200","0.3200","","","","","58.4100","58.4100","1","","",""
"line_detail","D093","JEERA GARLIC RICE","raw","jeera","15","jeera_gm_reciepe","5","gm","1","5","0.3200","1.6000","","","","","58.4100","58.4100","1","","",""
"line_detail","D093","JEERA GARLIC RICE","raw","oil tin","7","oil tin_gm_reciepe","2","gm","1","2","","","","","","","58.4100","58.4100","1","","",""
"line_detail","D093","JEERA GARLIC RICE","raw","oil tin","7","oil tin_gm_reciepe","2","gm","1","2","","","","","","","58.4100","58.4100","1","","",""
"line_detail","D093","JEERA GARLIC RICE","raw","oil tin","7","oil tin_gm_reciepe","2","gm","1","2","","","","","","","58.4100","58.4100","1","","",""
"line_detail","D093","JEERA GARLIC RICE","raw","rice","3","rice_gm_reciepe","100","gm","1","100","0.1560","15.6000","","","","","58.4100","58.4100","1","","",""
"line_detail","D093","JEERA GARLIC RICE","raw","rice","3","rice_gm_reciepe","100","gm","1","100","0.1560","15.6000","","","","","58.4100","58.4100","1","","",""
"line_detail","D093","JEERA GARLIC RICE","raw","rice","3","rice_gm_reciepe","100","gm","1","100","0.1560","15.6000","","","","","58.4100","58.4100","1","","",""
"line_detail","D093","JEERA GARLIC RICE","raw","salt","27A","salt_gm_reciepe","1","gm","1","1","0.0300","0.0300","","","","","58.4100","58.4100","1","","",""
"line_detail","D093","JEERA GARLIC RICE","raw","salt","27A","salt_gm_reciepe","1","gm","1","1","0.0300","0.0300","","","","","58.4100","58.4100","1","","",""
"line_detail","D093","JEERA GARLIC RICE","raw","salt","27A","salt_gm_reciepe","1","gm","1","1","0.0300","0.0300","","","","","58.4100","58.4100","1","","",""
"dish_summary","D093","JEERA GARLIC RICE","","","","JEERA GARLIC RICE_1_portion","","","","","","58.4100","standard","false","JEERA GARLIC RICE_1_portion","","58.4100","58.4100","1","1","15","0"
"line_detail","D101","Classic Choco Brownie","raw","BROWNIE","B4","BROWNIE_gm_reciepe","1","gm","1","1","","","","","","","0.0000","0.0000","1","","",""
"line_detail","D101","Classic Choco Brownie","raw","CHOCOLATE SYRUP","55","CHOCOLATE SYRUP_gm_reciepe","15","gm","1","15","","","","","","","0.0000","0.0000","1","","",""
"line_detail","D101","Classic Choco Brownie","raw","CHOCOLATE SYRUP","55","CHOCOLATE SYRUP_gm_reciepe","15","gm","1","15","","","","","","","0.0000","0.0000","1","","",""
"line_detail","D101","Classic Choco Brownie","raw","CHOCOLATE SYRUP","55","CHOCOLATE SYRUP_gm_reciepe","15","gm","1","15","","","","","","","0.0000","0.0000","1","","",""
"dish_summary","D101","Classic Choco Brownie","","","","Classic Choco Brownie_1_portion","","","","","","0.0000","standard","false","Classic Choco Brownie_1_portion","","0.0000","0.0000","1","0","4","0"
"line_detail","D106","SIZZLING BROWNIE","raw","BROWNIE","B4","BROWNIE_gm_reciepe","1","gm","1","1","","","","","","","133.6500","133.6500","1","","",""
"line_detail","D106","SIZZLING BROWNIE","raw","CHOCOLATE SYRUP","55","CHOCOLATE SYRUP_gm_reciepe","25","gm","1","25","","","","","","","133.6500","133.6500","1","","",""
"line_detail","D106","SIZZLING BROWNIE","raw","CHOCOLATE SYRUP","55","CHOCOLATE SYRUP_gm_reciepe","25","gm","1","25","","","","","","","133.6500","133.6500","1","","",""
"line_detail","D106","SIZZLING BROWNIE","raw","CHOCOLATE SYRUP","55","CHOCOLATE SYRUP_gm_reciepe","25","gm","1","25","","","","","","","133.6500","133.6500","1","","",""
"line_detail","D106","SIZZLING BROWNIE","raw","ice cream","99","ice cream_gm_reciepe","55","gm","1","55","0.4050","22.2750","","","","","133.6500","133.6500","1","","",""
"line_detail","D106","SIZZLING BROWNIE","raw","ice cream","99","ice cream_gm_reciepe","55","gm","1","55","0.4050","22.2750","","","","","133.6500","133.6500","1","","",""
"line_detail","D106","SIZZLING BROWNIE","raw","ice cream","99","ice cream_gm_reciepe","55","gm","1","55","0.4050","22.2750","","","","","133.6500","133.6500","1","","",""
"line_detail","D106","SIZZLING BROWNIE","raw","ice cream","99","ice cream_gm_reciepe","55","gm","1","55","0.4050","22.2750","","","","","133.6500","133.6500","1","","",""
"line_detail","D106","SIZZLING BROWNIE","raw","ice cream","99","ice cream_gm_reciepe","55","gm","1","55","0.4050","22.2750","","","","","133.6500","133.6500","1","","",""
"line_detail","D106","SIZZLING BROWNIE","raw","ice cream","99","ice cream_gm_reciepe","55","gm","1","55","0.4050","22.2750","","","","","133.6500","133.6500","1","","",""
"dish_summary","D106","SIZZLING BROWNIE","","","","SIZZLING BROWNIE_1_portion","","","","","","133.6500","standard","false","SIZZLING BROWNIE_1_portion","","133.6500","133.6500","1","0","4","0"
"line_detail","D112","Peri Peri Fries","raw","fries","78","fries_gm_reciepe","260","gm","1","260","0.4242","110.2920","","","","","649.0260","649.0260","1","","",""
"line_detail","D112","Peri Peri Fries","raw","fries","78","fries_gm_reciepe","250","gm","1","250","0.4242","106.0500","","","","","649.0260","649.0260","1","","",""
"line_detail","D112","Peri Peri Fries","raw","fries","78","fries_gm_reciepe","250","gm","1","250","0.4242","106.0500","","","","","649.0260","649.0260","1","","",""
"line_detail","D112","Peri Peri Fries","raw","fries","78","fries_gm_reciepe","250","gm","1","250","0.4242","106.0500","","","","","649.0260","649.0260","1","","",""
"line_detail","D112","Peri Peri Fries","raw","fries","78","fries_gm_reciepe","260","gm","1","260","0.4242","110.2920","","","","","649.0260","649.0260","1","","",""
"line_detail","D112","Peri Peri Fries","raw","fries","78","fries_gm_reciepe","260","gm","1","260","0.4242","110.2920","","","","","649.0260","649.0260","1","","",""
"line_detail","D112","Peri Peri Fries","raw","peri peri masala","64","peri peri masala_gm_reciepe","15","gm","1","15","","","","","","","649.0260","649.0260","1","","",""
"line_detail","D112","Peri Peri Fries","raw","peri peri masala","64","peri peri masala_gm_reciepe","20","gm","1","20","","","","","","","649.0260","649.0260","1","","",""
"line_detail","D112","Peri Peri Fries","raw","peri peri masala","64","peri peri masala_gm_reciepe","15","gm","1","15","","","","","","","649.0260","649.0260","1","","",""
"line_detail","D112","Peri Peri Fries","raw","peri peri masala","64","peri peri masala_gm_reciepe","20","gm","1","20","","","","","","","649.0260","649.0260","1","","",""
"line_detail","D112","Peri Peri Fries","raw","peri peri masala","64","peri peri masala_gm_reciepe","15","gm","1","15","","","","","","","649.0260","649.0260","1","","",""
"line_detail","D112","Peri Peri Fries","raw","peri peri masala","64","peri peri masala_gm_reciepe","20","gm","1","20","","","","","","","649.0260","649.0260","1","","",""
"line_detail","D112","Peri Peri Fries","raw","peri peri masala","64","peri peri masala_gm_reciepe","15","gm","1","15","","","","","","","649.0260","649.0260","1","","",""
"line_detail","D112","Peri Peri Fries","raw","peri peri masala","64","peri peri masala_gm_reciepe","20","gm","1","20","","","","","","","649.0260","649.0260","1","","",""
"line_detail","D112","Peri Peri Fries","raw","peri peri masala","64","peri peri masala_gm_reciepe","15","gm","1","15","","","","","","","649.0260","649.0260","1","","",""
"line_detail","D112","Peri Peri Fries","raw","peri peri masala","64","peri peri masala_gm_reciepe","20","gm","1","20","","","","","","","649.0260","649.0260","1","","",""
"line_detail","D112","Peri Peri Fries","raw","peri peri masala","64","peri peri masala_gm_reciepe","15","gm","1","15","","","","","","","649.0260","649.0260","1","","",""
"line_detail","D112","Peri Peri Fries","raw","peri peri masala","64","peri peri masala_gm_reciepe","20","gm","1","20","","","","","","","649.0260","649.0260","1","","",""
"line_detail","D112","Peri Peri Fries","raw","peri peri masala","64","peri peri masala_gm_reciepe","15","gm","1","15","","","","","","","649.0260","649.0260","1","","",""
"line_detail","D112","Peri Peri Fries","raw","peri peri masala","64","peri peri masala_gm_reciepe","20","gm","1","20","","","","","","","649.0260","649.0260","1","","",""
"line_detail","D112","Peri Peri Fries","raw","peri peri masala","64","peri peri masala_gm_reciepe","15","gm","1","15","","","","","","","649.0260","649.0260","1","","",""
"line_detail","D112","Peri Peri Fries","raw","peri peri masala","64","peri peri masala_gm_reciepe","20","gm","1","20","","","","","","","649.0260","649.0260","1","","",""
"line_detail","D112","Peri Peri Fries","raw","peri peri masala","64","peri peri masala_gm_reciepe","15","gm","1","15","","","","","","","649.0260","649.0260","1","","",""
"line_detail","D112","Peri Peri Fries","raw","peri peri masala","64","peri peri masala_gm_reciepe","20","gm","1","20","","","","","","","649.0260","649.0260","1","","",""
"dish_summary","D112","Peri Peri Fries","","","","Peri Peri Fries_1_portion","","","","","","649.0260","standard","false","Peri Peri Fries_1_portion","","649.0260","649.0260","1","0","18","0"
"line_detail","D113","Cheese Fries","raw","CHEESE BLEND","53","CHEESE BLEND _gm_reciepe","20","gm","1","20","","","","","","","330.8760","330.8760","1","","",""
"line_detail","D113","Cheese Fries","raw","CHEESE BLEND","53","CHEESE BLEND _gm_reciepe","20","gm","1","20","","","","","","","330.8760","330.8760","1","","",""
"line_detail","D113","Cheese Fries","raw","CHEESE BLEND","53","CHEESE BLEND _gm_reciepe","20","gm","1","20","","","","","","","330.8760","330.8760","1","","",""
"line_detail","D113","Cheese Fries","raw","fries","78","fries_gm_reciepe","260","gm","1","260","0.4242","110.2920","","","","","330.8760","330.8760","1","","",""
"line_detail","D113","Cheese Fries","raw","fries","78","fries_gm_reciepe","260","gm","1","260","0.4242","110.2920","","","","","330.8760","330.8760","1","","",""
"line_detail","D113","Cheese Fries","raw","fries","78","fries_gm_reciepe","260","gm","1","260","0.4242","110.2920","","","","","330.8760","330.8760","1","","",""
"dish_summary","D113","Cheese Fries","","","","Cheese Fries_1_portion","","","","","","330.8760","standard","false","Cheese Fries_1_portion","","330.8760","330.8760","1","0","3","0"
"line_detail","D114","Salted Fries","raw","fries","78","fries_gm_reciepe","260","gm","1","260","0.4242","110.2920","","","","","330.8760","330.8760","1","","",""
"line_detail","D114","Salted Fries","raw","fries","78","fries_gm_reciepe","260","gm","1","260","0.4242","110.2920","","","","","330.8760","330.8760","1","","",""
"line_detail","D114","Salted Fries","raw","fries","78","fries_gm_reciepe","260","gm","1","260","0.4242","110.2920","","","","","330.8760","330.8760","1","","",""
"dish_summary","D114","Salted Fries","","","","Salted Fries_1_portion","","","","","","330.8760","standard","false","Salted Fries_1_portion","","330.8760","330.8760","1","0","0","0"
"line_detail","D122","Coke Float","raw","coke","98","coke_gm_reciepe","250","gm","1","250","","","","","","","121.5000","121.5000","1","","",""
"line_detail","D122","Coke Float","raw","coke","98","coke_gm_reciepe","250","gm","1","250","","","","","","","121.5000","121.5000","1","","",""
"line_detail","D122","Coke Float","raw","coke","98","coke_gm_reciepe","250","gm","1","250","","","","","","","121.5000","121.5000","1","","",""
"line_detail","D122","Coke Float","raw","coke","98","coke_gm_reciepe","250","gm","1","250","","","","","","","121.5000","121.5000","1","","",""
"line_detail","D122","Coke Float","raw","coke","98","coke_gm_reciepe","250","gm","1","250","","","","","","","121.5000","121.5000","1","","",""
"line_detail","D122","Coke Float","raw","coke","98","coke_gm_reciepe","250","gm","1","250","","","","","","","121.5000","121.5000","1","","",""
"line_detail","D122","Coke Float","raw","ice cream","99","ice cream_gm_reciepe","50","gm","1","50","0.4050","20.2500","","","","","121.5000","121.5000","1","","",""
"line_detail","D122","Coke Float","raw","ice cream","99","ice cream_gm_reciepe","50","gm","1","50","0.4050","20.2500","","","","","121.5000","121.5000","1","","",""
"line_detail","D122","Coke Float","raw","ice cream","99","ice cream_gm_reciepe","50","gm","1","50","0.4050","20.2500","","","","","121.5000","121.5000","1","","",""
"line_detail","D122","Coke Float","raw","ice cream","99","ice cream_gm_reciepe","50","gm","1","50","0.4050","20.2500","","","","","121.5000","121.5000","1","","",""
"line_detail","D122","Coke Float","raw","ice cream","99","ice cream_gm_reciepe","50","gm","1","50","0.4050","20.2500","","","","","121.5000","121.5000","1","","",""
"line_detail","D122","Coke Float","raw","ice cream","99","ice cream_gm_reciepe","50","gm","1","50","0.4050","20.2500","","","","","121.5000","121.5000","1","","",""
"dish_summary","D122","Coke Float","","","","Coke Float_1_portion","","","","","","121.5000","standard","false","Coke Float_1_portion","","121.5000","121.5000","1","0","6","0"
"line_detail","D123","Virgin Mojito","raw","Lemon","V13","Lemon_gm_reciepe","5","gm","1","5","","","","","","","0.0000","0.0000","1","","",""
"line_detail","D123","Virgin Mojito","raw","Lemon","V13","Lemon_gm_reciepe","5","gm","1","5","","","","","","","0.0000","0.0000","1","","",""
"line_detail","D123","Virgin Mojito","raw","Lemon","V13","Lemon_gm_reciepe","5","gm","1","5","","","","","","","0.0000","0.0000","1","","",""
"line_detail","D123","Virgin Mojito","raw","Lemon","V13","Lemon_gm_reciepe","5","gm","1","5","","","","","","","0.0000","0.0000","1","","",""
"line_detail","D123","Virgin Mojito","raw","Mint Leaves","V17","Mint Leaves_gm_reciepe","0.5","gm","1","0.5","","","","","","","0.0000","0.0000","1","","",""
"line_detail","D123","Virgin Mojito","raw","Mint Leaves","V17","Mint Leaves_gm_reciepe","0.5","gm","1","0.5","","","","","","","0.0000","0.0000","1","","",""
"line_detail","D123","Virgin Mojito","raw","Mint Leaves","V17","Mint Leaves_gm_reciepe","3","gm","1","3","","","","","","","0.0000","0.0000","1","","",""
"line_detail","D123","Virgin Mojito","raw","Mint Leaves","V17","Mint Leaves_gm_reciepe","0.5","gm","1","0.5","","","","","","","0.0000","0.0000","1","","",""
"line_detail","D123","Virgin Mojito","raw","Mint Leaves","V17","Mint Leaves_gm_reciepe","3","gm","1","3","","","","","","","0.0000","0.0000","1","","",""
"line_detail","D123","Virgin Mojito","raw","Mint Leaves","V17","Mint Leaves_gm_reciepe","0.5","gm","1","0.5","","","","","","","0.0000","0.0000","1","","",""
"line_detail","D123","Virgin Mojito","raw","Mint Leaves","V17","Mint Leaves_gm_reciepe","3","gm","1","3","","","","","","","0.0000","0.0000","1","","",""
"line_detail","D123","Virgin Mojito","raw","Mint Leaves","V17","Mint Leaves_gm_reciepe","3","gm","1","3","","","","","","","0.0000","0.0000","1","","",""
"line_detail","D123","Virgin Mojito","raw","lemon mojito","57A","lemon mojito_gm_reciepe","60","gm","1","60","","","","","","","0.0000","0.0000","1","","",""
"line_detail","D123","Virgin Mojito","raw","lemon mojito","57A","lemon mojito_gm_reciepe","85","gm","1","85","","","","","","","0.0000","0.0000","1","","",""
"line_detail","D123","Virgin Mojito","raw","lemon mojito","57A","lemon mojito_gm_reciepe","60","gm","1","60","","","","","","","0.0000","0.0000","1","","",""
"line_detail","D123","Virgin Mojito","raw","lemon mojito","57A","lemon mojito_gm_reciepe","60","gm","1","60","","","","","","","0.0000","0.0000","1","","",""
"line_detail","D123","Virgin Mojito","raw","lemon mojito","57A","lemon mojito_gm_reciepe","85","gm","1","85","","","","","","","0.0000","0.0000","1","","",""
"line_detail","D123","Virgin Mojito","raw","lemon mojito","57A","lemon mojito_gm_reciepe","85","gm","1","85","","","","","","","0.0000","0.0000","1","","",""
"line_detail","D123","Virgin Mojito","raw","soda","97","soda_gm_reciepe","60","gm","1","60","","","","","","","0.0000","0.0000","1","","",""
"line_detail","D123","Virgin Mojito","raw","soda","97","soda_gm_reciepe","250","gm","1","250","","","","","","","0.0000","0.0000","1","","",""
"line_detail","D123","Virgin Mojito","raw","soda","97","soda_gm_reciepe","60","gm","1","60","","","","","","","0.0000","0.0000","1","","",""
"line_detail","D123","Virgin Mojito","raw","soda","97","soda_gm_reciepe","60","gm","1","60","","","","","","","0.0000","0.0000","1","","",""
"line_detail","D123","Virgin Mojito","raw","soda","97","soda_gm_reciepe","250","gm","1","250","","","","","","","0.0000","0.0000","1","","",""
"line_detail","D123","Virgin Mojito","raw","soda","97","soda_gm_reciepe","250","gm","1","250","","","","","","","0.0000","0.0000","1","","",""
"dish_summary","D123","Virgin Mojito","","","","Virgin Mojito_1_portion","","","","","","0.0000","standard","false","Virgin Mojito_1_portion","","0.0000","0.0000","1","0","24","0"
"line_detail","D124","Blue Ocean Mojito","raw","Lemon","V13","Lemon_gm_reciepe","5","gm","1","5","","","","","","","0.0000","0.0000","1","","",""
"line_detail","D124","Blue Ocean Mojito","raw","Lemon","V13","Lemon_gm_reciepe","5","gm","1","5","","","","","","","0.0000","0.0000","1","","",""
"line_detail","D124","Blue Ocean Mojito","raw","Lemon","V13","Lemon_gm_reciepe","5","gm","1","5","","","","","","","0.0000","0.0000","1","","",""
"line_detail","D124","Blue Ocean Mojito","raw","Lemon","V13","Lemon_gm_reciepe","5","gm","1","5","","","","","","","0.0000","0.0000","1","","",""
"line_detail","D124","Blue Ocean Mojito","raw","Mint Leaves","V17","Mint Leaves_gm_reciepe","3","gm","1","3","","","","","","","0.0000","0.0000","1","","",""
"line_detail","D124","Blue Ocean Mojito","raw","Mint Leaves","V17","Mint Leaves_gm_reciepe","3","gm","1","3","","","","","","","0.0000","0.0000","1","","",""
"line_detail","D124","Blue Ocean Mojito","raw","Mint Leaves","V17","Mint Leaves_gm_reciepe","3","gm","1","3","","","","","","","0.0000","0.0000","1","","",""
"line_detail","D124","Blue Ocean Mojito","raw","Mint Leaves","V17","Mint Leaves_gm_reciepe","3","gm","1","3","","","","","","","0.0000","0.0000","1","","",""
"line_detail","D124","Blue Ocean Mojito","raw","blue coroco","57B","blue coroco_gm_reciepe","60","gm","1","60","","","","","","","0.0000","0.0000","1","","",""
"line_detail","D124","Blue Ocean Mojito","raw","blue coroco","57B","blue coroco_gm_reciepe","60","gm","1","60","","","","","","","0.0000","0.0000","1","","",""
"line_detail","D124","Blue Ocean Mojito","raw","blue coroco","57B","blue coroco_gm_reciepe","60","gm","1","60","","","","","","","0.0000","0.0000","1","","",""
"line_detail","D124","Blue Ocean Mojito","raw","coke","98","coke_gm_reciepe","250","gm","1","250","","","","","","","0.0000","0.0000","1","","",""
"line_detail","D124","Blue Ocean Mojito","raw","coke","98","coke_gm_reciepe","250","gm","1","250","","","","","","","0.0000","0.0000","1","","",""
"line_detail","D124","Blue Ocean Mojito","raw","coke","98","coke_gm_reciepe","250","gm","1","250","","","","","","","0.0000","0.0000","1","","",""
"line_detail","D124","Blue Ocean Mojito","raw","coke","98","coke_gm_reciepe","250","gm","1","250","","","","","","","0.0000","0.0000","1","","",""
"line_detail","D124","Blue Ocean Mojito","raw","coke","98","coke_gm_reciepe","250","gm","1","250","","","","","","","0.0000","0.0000","1","","",""
"line_detail","D124","Blue Ocean Mojito","raw","coke","98","coke_gm_reciepe","250","gm","1","250","","","","","","","0.0000","0.0000","1","","",""
"dish_summary","D124","Blue Ocean Mojito","","","","Blue Ocean Mojito_1_portion","","","","","","0.0000","standard","false","Blue Ocean Mojito_1_portion","","0.0000","0.0000","1","0","17","0"
"line_detail","D127","Classic cold Coffee","raw","ICE CREAM CHOCOLATE","100","ICE CREAM CHOCOLATE_gm_reciepe","165","gm","1","165","0.5500","90.7500","","","","","673.2000","673.2000","1","","",""
"line_detail","D127","Classic cold Coffee","raw","ICE CREAM CHOCOLATE","100","ICE CREAM CHOCOLATE_gm_reciepe","165","gm","1","165","0.5500","90.7500","","","","","673.2000","673.2000","1","","",""
"line_detail","D127","Classic cold Coffee","raw","ICE CREAM CHOCOLATE","100","ICE CREAM CHOCOLATE_gm_reciepe","165","gm","1","165","0.5500","90.7500","","","","","673.2000","673.2000","1","","",""
"line_detail","D127","Classic cold Coffee","raw","MILK","D1","MILK_gm_reciepe","25","","","","","","","","","","673.2000","673.2000","1","","",""
"line_detail","D127","Classic cold Coffee","raw","MILK","D1","MILK_gm_reciepe","25","","","","","","","","","","673.2000","673.2000","1","","",""
"line_detail","D127","Classic cold Coffee","raw","ice cream vanilla","99","ice cream vanilla_gm_reciepe","165","gm","1","165","0.4050","66.8250","","","","","673.2000","673.2000","1","","",""
"line_detail","D127","Classic cold Coffee","raw","ice cream vanilla","99","ice cream vanilla_gm_reciepe","165","gm","1","165","0.4050","66.8250","","","","","673.2000","673.2000","1","","",""
"line_detail","D127","Classic cold Coffee","raw","ice cream vanilla","99","ice cream vanilla_gm_reciepe","165","gm","1","165","0.4050","66.8250","","","","","673.2000","673.2000","1","","",""
"line_detail","D127","Classic cold Coffee","raw","ice cream vanilla","99","ice cream vanilla_gm_reciepe","165","gm","1","165","0.4050","66.8250","","","","","673.2000","673.2000","1","","",""
"line_detail","D127","Classic cold Coffee","raw","ice cream vanilla","99","ice cream vanilla_gm_reciepe","165","gm","1","165","0.4050","66.8250","","","","","673.2000","673.2000","1","","",""
"line_detail","D127","Classic cold Coffee","raw","ice cream vanilla","99","ice cream vanilla_gm_reciepe","165","gm","1","165","0.4050","66.8250","","","","","673.2000","673.2000","1","","",""
"dish_summary","D127","Classic cold Coffee","","","","Classic cold Coffee _1_portion","","","","","","673.2000","standard","false","Classic cold Coffee _1_portion","","673.2000","673.2000","1","0","2","0"
"line_detail","D128","Choco Cold Coffee","raw","CHOCO CHIPS","82B","CHOCO CHIPS_gm_reciepe","20","gm","1","20","","","","","","","400.9500","400.9500","1","","",""
"line_detail","D128","Choco Cold Coffee","raw","CHOCO CHIPS","82B","CHOCO CHIPS_gm_reciepe","20","gm","1","20","","","","","","","400.9500","400.9500","1","","",""
"line_detail","D128","Choco Cold Coffee","raw","CHOCO CHIPS","82B","CHOCO CHIPS_gm_reciepe","20","gm","1","20","","","","","","","400.9500","400.9500","1","","",""
"line_detail","D128","Choco Cold Coffee","raw","CHOCOLATE SYRUP","55","CHOCOLATE SYRUP_gm_reciepe","15","gm","1","15","","","","","","","400.9500","400.9500","1","","",""
"line_detail","D128","Choco Cold Coffee","raw","CHOCOLATE SYRUP","55","CHOCOLATE SYRUP_gm_reciepe","15","gm","1","15","","","","","","","400.9500","400.9500","1","","",""
"line_detail","D128","Choco Cold Coffee","raw","CHOCOLATE SYRUP","55","CHOCOLATE SYRUP_gm_reciepe","15","gm","1","15","","","","","","","400.9500","400.9500","1","","",""
"line_detail","D128","Choco Cold Coffee","raw","MILK","D1","MILK_gm_reciepe","25","","","","","","","","","","400.9500","400.9500","1","","",""
"line_detail","D128","Choco Cold Coffee","raw","ice cream vanilla","99","ice cream vanilla_gm_reciepe","165","gm","1","165","0.4050","66.8250","","","","","400.9500","400.9500","1","","",""
"line_detail","D128","Choco Cold Coffee","raw","ice cream vanilla","99","ice cream vanilla_gm_reciepe","165","gm","1","165","0.4050","66.8250","","","","","400.9500","400.9500","1","","",""
"line_detail","D128","Choco Cold Coffee","raw","ice cream vanilla","99","ice cream vanilla_gm_reciepe","165","gm","1","165","0.4050","66.8250","","","","","400.9500","400.9500","1","","",""
"line_detail","D128","Choco Cold Coffee","raw","ice cream vanilla","99","ice cream vanilla_gm_reciepe","165","gm","1","165","0.4050","66.8250","","","","","400.9500","400.9500","1","","",""
"line_detail","D128","Choco Cold Coffee","raw","ice cream vanilla","99","ice cream vanilla_gm_reciepe","165","gm","1","165","0.4050","66.8250","","","","","400.9500","400.9500","1","","",""
"line_detail","D128","Choco Cold Coffee","raw","ice cream vanilla","99","ice cream vanilla_gm_reciepe","165","gm","1","165","0.4050","66.8250","","","","","400.9500","400.9500","1","","",""
"dish_summary","D128","Choco Cold Coffee","","","","Choco Cold Coffee_1_portion","","","","","","400.9500","standard","false","Choco Cold Coffee_1_portion","","400.9500","400.9500","1","0","7","0"
"line_detail","D129","Brownie Cold Coffee","raw","BROWNIE","B4","BROWNIE_gm_reciepe","50","gm","1","50","","","","","","","400.9500","400.9500","1","","",""
"line_detail","D129","Brownie Cold Coffee","raw","CHOCOLATE SYRUP","55","CHOCOLATE SYRUP_gm_reciepe","15","gm","1","15","","","","","","","400.9500","400.9500","1","","",""
"line_detail","D129","Brownie Cold Coffee","raw","CHOCOLATE SYRUP","55","CHOCOLATE SYRUP_gm_reciepe","15","gm","1","15","","","","","","","400.9500","400.9500","1","","",""
"line_detail","D129","Brownie Cold Coffee","raw","CHOCOLATE SYRUP","55","CHOCOLATE SYRUP_gm_reciepe","15","gm","1","15","","","","","","","400.9500","400.9500","1","","",""
"line_detail","D129","Brownie Cold Coffee","raw","MILK","D1","MILK_gm_reciepe","25","","","","","","","","","","400.9500","400.9500","1","","",""
"line_detail","D129","Brownie Cold Coffee","raw","ice cream vanilla","99","ice cream vanilla_gm_reciepe","165","gm","1","165","0.4050","66.8250","","","","","400.9500","400.9500","1","","",""
"line_detail","D129","Brownie Cold Coffee","raw","ice cream vanilla","99","ice cream vanilla_gm_reciepe","165","gm","1","165","0.4050","66.8250","","","","","400.9500","400.9500","1","","",""
"line_detail","D129","Brownie Cold Coffee","raw","ice cream vanilla","99","ice cream vanilla_gm_reciepe","165","gm","1","165","0.4050","66.8250","","","","","400.9500","400.9500","1","","",""
"line_detail","D129","Brownie Cold Coffee","raw","ice cream vanilla","99","ice cream vanilla_gm_reciepe","165","gm","1","165","0.4050","66.8250","","","","","400.9500","400.9500","1","","",""
"line_detail","D129","Brownie Cold Coffee","raw","ice cream vanilla","99","ice cream vanilla_gm_reciepe","165","gm","1","165","0.4050","66.8250","","","","","400.9500","400.9500","1","","",""
"line_detail","D129","Brownie Cold Coffee","raw","ice cream vanilla","99","ice cream vanilla_gm_reciepe","165","gm","1","165","0.4050","66.8250","","","","","400.9500","400.9500","1","","",""
"dish_summary","D129","Brownie Cold Coffee","","","","Brownie Cold Coffee_1_portion","","","","","","400.9500","standard","false","Brownie Cold Coffee_1_portion","","400.9500","400.9500","1","0","5","0"
"line_detail","D130","Hazelnut Cold Coffee","raw","HAZELNUT SYRUP","59B","HAZELNUT SYRUP_gm_reciepe","10","gm","1","10","","","","","","","400.9500","400.9500","1","","",""
"line_detail","D130","Hazelnut Cold Coffee","raw","HAZELNUT SYRUP","59B","HAZELNUT SYRUP_gm_reciepe","10","gm","1","10","","","","","","","400.9500","400.9500","1","","",""
"line_detail","D130","Hazelnut Cold Coffee","raw","HAZELNUT SYRUP","59B","HAZELNUT SYRUP_gm_reciepe","10","gm","1","10","","","","","","","400.9500","400.9500","1","","",""
"line_detail","D130","Hazelnut Cold Coffee","raw","MILK","D1","MILK_gm_reciepe","25","","","","","","","","","","400.9500","400.9500","1","","",""
"line_detail","D130","Hazelnut Cold Coffee","raw","ice cream vanilla","99","ice cream vanilla_gm_reciepe","165","gm","1","165","0.4050","66.8250","","","","","400.9500","400.9500","1","","",""
"line_detail","D130","Hazelnut Cold Coffee","raw","ice cream vanilla","99","ice cream vanilla_gm_reciepe","165","gm","1","165","0.4050","66.8250","","","","","400.9500","400.9500","1","","",""
"line_detail","D130","Hazelnut Cold Coffee","raw","ice cream vanilla","99","ice cream vanilla_gm_reciepe","165","gm","1","165","0.4050","66.8250","","","","","400.9500","400.9500","1","","",""
"line_detail","D130","Hazelnut Cold Coffee","raw","ice cream vanilla","99","ice cream vanilla_gm_reciepe","165","gm","1","165","0.4050","66.8250","","","","","400.9500","400.9500","1","","",""
"line_detail","D130","Hazelnut Cold Coffee","raw","ice cream vanilla","99","ice cream vanilla_gm_reciepe","165","gm","1","165","0.4050","66.8250","","","","","400.9500","400.9500","1","","",""
"line_detail","D130","Hazelnut Cold Coffee","raw","ice cream vanilla","99","ice cream vanilla_gm_reciepe","165","gm","1","165","0.4050","66.8250","","","","","400.9500","400.9500","1","","",""
"dish_summary","D130","Hazelnut Cold Coffee","","","","Hazelnut Cold Coffee_1_portion","","","","","","400.9500","standard","false","Hazelnut Cold Coffee_1_portion","","400.9500","400.9500","1","0","4","0"
"line_detail","D131","Classic Chocolate Shake","raw","CHOCO CHIPS","82B","CHOCO CHIPS_gm_reciepe","10","gm","1","10","","","","","","","272.2500","272.2500","1","","",""
"line_detail","D131","Classic Chocolate Shake","raw","CHOCO CHIPS","82B","CHOCO CHIPS_gm_reciepe","10","gm","1","10","","","","","","","272.2500","272.2500","1","","",""
"line_detail","D131","Classic Chocolate Shake","raw","CHOCO CHIPS","82B","CHOCO CHIPS_gm_reciepe","10","gm","1","10","","","","","","","272.2500","272.2500","1","","",""
"line_detail","D131","Classic Chocolate Shake","raw","CHOCOLATE SYRUP","55","CHOCOLATE SYRUP_gm_reciepe","15","gm","1","15","","","","","","","272.2500","272.2500","1","","",""
"line_detail","D131","Classic Chocolate Shake","raw","CHOCOLATE SYRUP","55","CHOCOLATE SYRUP_gm_reciepe","15","gm","1","15","","","","","","","272.2500","272.2500","1","","",""
"line_detail","D131","Classic Chocolate Shake","raw","CHOCOLATE SYRUP","55","CHOCOLATE SYRUP_gm_reciepe","15","gm","1","15","","","","","","","272.2500","272.2500","1","","",""
"line_detail","D131","Classic Chocolate Shake","raw","ICE CREAM CHOCOLATE","100","ICE CREAM CHOCOLATE_gm_reciepe","165","gm","1","165","0.5500","90.7500","","","","","272.2500","272.2500","1","","",""
"line_detail","D131","Classic Chocolate Shake","raw","ICE CREAM CHOCOLATE","100","ICE CREAM CHOCOLATE_gm_reciepe","165","gm","1","165","0.5500","90.7500","","","","","272.2500","272.2500","1","","",""
"line_detail","D131","Classic Chocolate Shake","raw","ICE CREAM CHOCOLATE","100","ICE CREAM CHOCOLATE_gm_reciepe","165","gm","1","165","0.5500","90.7500","","","","","272.2500","272.2500","1","","",""
"line_detail","D131","Classic Chocolate Shake","raw","MILK","D1","MILK_gm_reciepe","25","","","","","","","","","","272.2500","272.2500","1","","",""
"dish_summary","D131","Classic Chocolate Shake","","","","Classic Chocolate Shake_1_portion","","","","","","272.2500","standard","false","Classic Chocolate Shake_1_portion","","272.2500","272.2500","1","0","7","0"
"line_detail","D132","Chocolate Oreo Shake","raw","CHOCO CHIPS","82B","CHOCO CHIPS_gm_reciepe","10","gm","1","10","","","","","","","544.5000","544.5000","1","","",""
"line_detail","D132","Chocolate Oreo Shake","raw","CHOCO CHIPS","82B","CHOCO CHIPS_gm_reciepe","10","gm","1","10","","","","","","","544.5000","544.5000","1","","",""
"line_detail","D132","Chocolate Oreo Shake","raw","CHOCO CHIPS","82B","CHOCO CHIPS_gm_reciepe","10","gm","1","10","","","","","","","544.5000","544.5000","1","","",""
"line_detail","D132","Chocolate Oreo Shake","raw","CHOCO CHIPS","82B","CHOCO CHIPS_gm_reciepe","10","gm","1","10","","","","","","","544.5000","544.5000","1","","",""
"line_detail","D132","Chocolate Oreo Shake","raw","CHOCO CHIPS","82B","CHOCO CHIPS_gm_reciepe","10","gm","1","10","","","","","","","544.5000","544.5000","1","","",""
"line_detail","D132","Chocolate Oreo Shake","raw","CHOCO CHIPS","82B","CHOCO CHIPS_gm_reciepe","10","gm","1","10","","","","","","","544.5000","544.5000","1","","",""
"line_detail","D132","Chocolate Oreo Shake","raw","CHOCOLATE SYRUP","55","CHOCOLATE SYRUP_gm_reciepe","15","gm","1","15","","","","","","","544.5000","544.5000","1","","",""
"line_detail","D132","Chocolate Oreo Shake","raw","CHOCOLATE SYRUP","55","CHOCOLATE SYRUP_gm_reciepe","15","gm","1","15","","","","","","","544.5000","544.5000","1","","",""
"line_detail","D132","Chocolate Oreo Shake","raw","CHOCOLATE SYRUP","55","CHOCOLATE SYRUP_gm_reciepe","15","gm","1","15","","","","","","","544.5000","544.5000","1","","",""
"line_detail","D132","Chocolate Oreo Shake","raw","CHOCOLATE SYRUP","55","CHOCOLATE SYRUP_gm_reciepe","15","gm","1","15","","","","","","","544.5000","544.5000","1","","",""
"line_detail","D132","Chocolate Oreo Shake","raw","CHOCOLATE SYRUP","55","CHOCOLATE SYRUP_gm_reciepe","15","gm","1","15","","","","","","","544.5000","544.5000","1","","",""
"line_detail","D132","Chocolate Oreo Shake","raw","CHOCOLATE SYRUP","55","CHOCOLATE SYRUP_gm_reciepe","15","gm","1","15","","","","","","","544.5000","544.5000","1","","",""
"line_detail","D132","Chocolate Oreo Shake","raw","ICE CREAM CHOCOLATE","100","ICE CREAM CHOCOLATE_gm_reciepe","165","gm","1","165","0.5500","90.7500","","","","","544.5000","544.5000","1","","",""
"line_detail","D132","Chocolate Oreo Shake","raw","ICE CREAM CHOCOLATE","100","ICE CREAM CHOCOLATE_gm_reciepe","165","gm","1","165","0.5500","90.7500","","","","","544.5000","544.5000","1","","",""
"line_detail","D132","Chocolate Oreo Shake","raw","ICE CREAM CHOCOLATE","100","ICE CREAM CHOCOLATE_gm_reciepe","165","gm","1","165","0.5500","90.7500","","","","","544.5000","544.5000","1","","",""
"line_detail","D132","Chocolate Oreo Shake","raw","ICE CREAM CHOCOLATE","100","ICE CREAM CHOCOLATE_gm_reciepe","165","gm","1","165","0.5500","90.7500","","","","","544.5000","544.5000","1","","",""
"line_detail","D132","Chocolate Oreo Shake","raw","ICE CREAM CHOCOLATE","100","ICE CREAM CHOCOLATE_gm_reciepe","165","gm","1","165","0.5500","90.7500","","","","","544.5000","544.5000","1","","",""
"line_detail","D132","Chocolate Oreo Shake","raw","ICE CREAM CHOCOLATE","100","ICE CREAM CHOCOLATE_gm_reciepe","165","gm","1","165","0.5500","90.7500","","","","","544.5000","544.5000","1","","",""
"line_detail","D132","Chocolate Oreo Shake","raw","MILK","D1","MILK_gm_reciepe","25","","","","","","","","","","544.5000","544.5000","1","","",""
"line_detail","D132","Chocolate Oreo Shake","raw","MILK","D1","MILK_gm_reciepe","25","","","","","","","","","","544.5000","544.5000","1","","",""
"dish_summary","D132","Chocolate Oreo Shake","","","","Chocolate Oreo Shake_1_portion","","","","","","544.5000","standard","false","Chocolate Oreo Shake_1_portion","","544.5000","544.5000","1","0","14","0"
"line_detail","D134","Chocolate Brownie Shake","raw","BROWNIE","B4","BROWNIE_gm_reciepe","50","gm","1","50","","","","","","","272.2500","272.2500","1","","",""
"line_detail","D134","Chocolate Brownie Shake","raw","CHOCO CHIPS","82B","CHOCO CHIPS_gm_reciepe","10","gm","1","10","","","","","","","272.2500","272.2500","1","","",""
"line_detail","D134","Chocolate Brownie Shake","raw","CHOCO CHIPS","82B","CHOCO CHIPS_gm_reciepe","10","gm","1","10","","","","","","","272.2500","272.2500","1","","",""
"line_detail","D134","Chocolate Brownie Shake","raw","CHOCO CHIPS","82B","CHOCO CHIPS_gm_reciepe","10","gm","1","10","","","","","","","272.2500","272.2500","1","","",""
"line_detail","D134","Chocolate Brownie Shake","raw","CHOCOLATE SYRUP","55","CHOCOLATE SYRUP_gm_reciepe","15","gm","1","15","","","","","","","272.2500","272.2500","1","","",""
"line_detail","D134","Chocolate Brownie Shake","raw","CHOCOLATE SYRUP","55","CHOCOLATE SYRUP_gm_reciepe","15","gm","1","15","","","","","","","272.2500","272.2500","1","","",""
"line_detail","D134","Chocolate Brownie Shake","raw","CHOCOLATE SYRUP","55","CHOCOLATE SYRUP_gm_reciepe","15","gm","1","15","","","","","","","272.2500","272.2500","1","","",""
"line_detail","D134","Chocolate Brownie Shake","raw","ICE CREAM CHOCOLATE","100","ICE CREAM CHOCOLATE_gm_reciepe","165","gm","1","165","0.5500","90.7500","","","","","272.2500","272.2500","1","","",""
"line_detail","D134","Chocolate Brownie Shake","raw","ICE CREAM CHOCOLATE","100","ICE CREAM CHOCOLATE_gm_reciepe","165","gm","1","165","0.5500","90.7500","","","","","272.2500","272.2500","1","","",""
"line_detail","D134","Chocolate Brownie Shake","raw","ICE CREAM CHOCOLATE","100","ICE CREAM CHOCOLATE_gm_reciepe","165","gm","1","165","0.5500","90.7500","","","","","272.2500","272.2500","1","","",""
"line_detail","D134","Chocolate Brownie Shake","raw","MILK","D1","MILK_gm_reciepe","25","","","","","","","","","","272.2500","272.2500","1","","",""
"dish_summary","D134","Chocolate Brownie Shake","","","","Chocolate Brownie Shake_1_portion","","","","","","272.2500","standard","false","Chocolate Brownie Shake_1_portion","","272.2500","272.2500","1","0","8","0"
"line_detail","D136","Strawberry Shake","raw","RICH COOKING CREAM","75","RICH COOKING CREAM_gm_reciepe","20","gm","1","20","0.2190","4.3800","","","","","440.3700","440.3700","1","","",""
"line_detail","D136","Strawberry Shake","raw","RICH COOKING CREAM","75","RICH COOKING CREAM_gm_reciepe","20","gm","1","20","0.2190","4.3800","","","","","440.3700","440.3700","1","","",""
"line_detail","D136","Strawberry Shake","raw","RICH COOKING CREAM","75","RICH COOKING CREAM_gm_reciepe","20","gm","1","20","0.2190","4.3800","","","","","440.3700","440.3700","1","","",""
"line_detail","D136","Strawberry Shake","raw","RICH COOKING CREAM","75","RICH COOKING CREAM_gm_reciepe","20","gm","1","20","0.2190","4.3800","","","","","440.3700","440.3700","1","","",""
"line_detail","D136","Strawberry Shake","raw","RICH COOKING CREAM","75","RICH COOKING CREAM_gm_reciepe","20","gm","1","20","0.2190","4.3800","","","","","440.3700","440.3700","1","","",""
"line_detail","D136","Strawberry Shake","raw","RICH COOKING CREAM","75","RICH COOKING CREAM_gm_reciepe","20","gm","1","20","0.2190","4.3800","","","","","440.3700","440.3700","1","","",""
"line_detail","D136","Strawberry Shake","raw","RICH COOKING CREAM","75","RICH COOKING CREAM_gm_reciepe","20","gm","1","20","0.2190","4.3800","","","","","440.3700","440.3700","1","","",""
"line_detail","D136","Strawberry Shake","raw","RICH COOKING CREAM","75","RICH COOKING CREAM_gm_reciepe","20","gm","1","20","0.2190","4.3800","","","","","440.3700","440.3700","1","","",""
"line_detail","D136","Strawberry Shake","raw","RICH COOKING CREAM","75","RICH COOKING CREAM_gm_reciepe","20","gm","1","20","0.2190","4.3800","","","","","440.3700","440.3700","1","","",""
"line_detail","D136","Strawberry Shake","raw","STRAWBERRY CRUSH","58A","STRAWBERRY CRUSH_gm_reciepe","20","gm","1","20","","","","","","","440.3700","440.3700","1","","",""
"line_detail","D136","Strawberry Shake","raw","STRAWBERRY CRUSH","58A","STRAWBERRY CRUSH_gm_reciepe","20","gm","1","20","","","","","","","440.3700","440.3700","1","","",""
"line_detail","D136","Strawberry Shake","raw","STRAWBERRY CRUSH","58A","STRAWBERRY CRUSH_gm_reciepe","20","gm","1","20","","","","","","","440.3700","440.3700","1","","",""
"line_detail","D136","Strawberry Shake","raw","ice cream","99","ice cream_gm_reciepe","165","gm","1","165","0.4050","66.8250","","","","","440.3700","440.3700","1","","",""
"line_detail","D136","Strawberry Shake","raw","ice cream","99","ice cream_gm_reciepe","165","gm","1","165","0.4050","66.8250","","","","","440.3700","440.3700","1","","",""
"line_detail","D136","Strawberry Shake","raw","ice cream","99","ice cream_gm_reciepe","165","gm","1","165","0.4050","66.8250","","","","","440.3700","440.3700","1","","",""
"line_detail","D136","Strawberry Shake","raw","ice cream","99","ice cream_gm_reciepe","165","gm","1","165","0.4050","66.8250","","","","","440.3700","440.3700","1","","",""
"line_detail","D136","Strawberry Shake","raw","ice cream","99","ice cream_gm_reciepe","165","gm","1","165","0.4050","66.8250","","","","","440.3700","440.3700","1","","",""
"line_detail","D136","Strawberry Shake","raw","ice cream","99","ice cream_gm_reciepe","165","gm","1","165","0.4050","66.8250","","","","","440.3700","440.3700","1","","",""
"dish_summary","D136","Strawberry Shake","","","","Strawberry Shake_1_portion","","","","","","440.3700","standard","false","Strawberry Shake_1_portion","","440.3700","440.3700","1","0","3","0"
"line_detail","D137","Blueberry Shake","raw","BLUBERRY CRUSH","58B","BLUBERRY CRUSH_gm_reciepe","20","gm","1","20","","","","","","","440.3700","440.3700","1","","",""
"line_detail","D137","Blueberry Shake","raw","BLUBERRY CRUSH","58B","BLUBERRY CRUSH_gm_reciepe","20","gm","1","20","","","","","","","440.3700","440.3700","1","","",""
"line_detail","D137","Blueberry Shake","raw","BLUBERRY CRUSH","58B","BLUBERRY CRUSH_gm_reciepe","20","gm","1","20","","","","","","","440.3700","440.3700","1","","",""
"line_detail","D137","Blueberry Shake","raw","RICH COOKING CREAM","75","RICH COOKING CREAM_gm_reciepe","20","gm","1","20","0.2190","4.3800","","","","","440.3700","440.3700","1","","",""
"line_detail","D137","Blueberry Shake","raw","RICH COOKING CREAM","75","RICH COOKING CREAM_gm_reciepe","20","gm","1","20","0.2190","4.3800","","","","","440.3700","440.3700","1","","",""
"line_detail","D137","Blueberry Shake","raw","RICH COOKING CREAM","75","RICH COOKING CREAM_gm_reciepe","20","gm","1","20","0.2190","4.3800","","","","","440.3700","440.3700","1","","",""
"line_detail","D137","Blueberry Shake","raw","RICH COOKING CREAM","75","RICH COOKING CREAM_gm_reciepe","20","gm","1","20","0.2190","4.3800","","","","","440.3700","440.3700","1","","",""
"line_detail","D137","Blueberry Shake","raw","RICH COOKING CREAM","75","RICH COOKING CREAM_gm_reciepe","20","gm","1","20","0.2190","4.3800","","","","","440.3700","440.3700","1","","",""
"line_detail","D137","Blueberry Shake","raw","RICH COOKING CREAM","75","RICH COOKING CREAM_gm_reciepe","20","gm","1","20","0.2190","4.3800","","","","","440.3700","440.3700","1","","",""
"line_detail","D137","Blueberry Shake","raw","RICH COOKING CREAM","75","RICH COOKING CREAM_gm_reciepe","20","gm","1","20","0.2190","4.3800","","","","","440.3700","440.3700","1","","",""
"line_detail","D137","Blueberry Shake","raw","RICH COOKING CREAM","75","RICH COOKING CREAM_gm_reciepe","20","gm","1","20","0.2190","4.3800","","","","","440.3700","440.3700","1","","",""
"line_detail","D137","Blueberry Shake","raw","RICH COOKING CREAM","75","RICH COOKING CREAM_gm_reciepe","20","gm","1","20","0.2190","4.3800","","","","","440.3700","440.3700","1","","",""
"line_detail","D137","Blueberry Shake","raw","ice cream","99","ice cream_gm_reciepe","165","gm","1","165","0.4050","66.8250","","","","","440.3700","440.3700","1","","",""
"line_detail","D137","Blueberry Shake","raw","ice cream","99","ice cream_gm_reciepe","165","gm","1","165","0.4050","66.8250","","","","","440.3700","440.3700","1","","",""
"line_detail","D137","Blueberry Shake","raw","ice cream","99","ice cream_gm_reciepe","165","gm","1","165","0.4050","66.8250","","","","","440.3700","440.3700","1","","",""
"line_detail","D137","Blueberry Shake","raw","ice cream","99","ice cream_gm_reciepe","165","gm","1","165","0.4050","66.8250","","","","","440.3700","440.3700","1","","",""
"line_detail","D137","Blueberry Shake","raw","ice cream","99","ice cream_gm_reciepe","165","gm","1","165","0.4050","66.8250","","","","","440.3700","440.3700","1","","",""
"line_detail","D137","Blueberry Shake","raw","ice cream","99","ice cream_gm_reciepe","165","gm","1","165","0.4050","66.8250","","","","","440.3700","440.3700","1","","",""
"dish_summary","D137","Blueberry Shake","","","","Blueberry Shake_1_portion","","","","","","440.3700","standard","false","Blueberry Shake_1_portion","","440.3700","440.3700","1","0","3","0"
"line_detail","D138","Mango Shake","raw","MANGO ICE CREAM","101","MANGO ICE CREAM_gm_reciepe","165","gm","1","165","0.6000","99.0000","","","","","336.4200","336.4200","1","","",""
"line_detail","D138","Mango Shake","raw","MANGO ICE CREAM","101","MANGO ICE CREAM_gm_reciepe","165","gm","1","165","0.6000","99.0000","","","","","336.4200","336.4200","1","","",""
"line_detail","D138","Mango Shake","raw","MANGO ICE CREAM","101","MANGO ICE CREAM_gm_reciepe","165","gm","1","165","0.6000","99.0000","","","","","336.4200","336.4200","1","","",""
"line_detail","D138","Mango Shake","raw","MANGO PULP","68","MANGO PULP_gm_reciepe","20","gm","1","20","","","","","","","336.4200","336.4200","1","","",""
"line_detail","D138","Mango Shake","raw","MANGO PULP","68","MANGO PULP_gm_reciepe","20","gm","1","20","","","","","","","336.4200","336.4200","1","","",""
"line_detail","D138","Mango Shake","raw","MANGO PULP","68","MANGO PULP_gm_reciepe","20","gm","1","20","","","","","","","336.4200","336.4200","1","","",""
"line_detail","D138","Mango Shake","raw","RICH COOKING CREAM","75","RICH COOKING CREAM_gm_reciepe","20","gm","1","20","0.2190","4.3800","","","","","336.4200","336.4200","1","","",""
"line_detail","D138","Mango Shake","raw","RICH COOKING CREAM","75","RICH COOKING CREAM_gm_reciepe","20","gm","1","20","0.2190","4.3800","","","","","336.4200","336.4200","1","","",""
"line_detail","D138","Mango Shake","raw","RICH COOKING CREAM","75","RICH COOKING CREAM_gm_reciepe","20","gm","1","20","0.2190","4.3800","","","","","336.4200","336.4200","1","","",""
"line_detail","D138","Mango Shake","raw","RICH COOKING CREAM","75","RICH COOKING CREAM_gm_reciepe","20","gm","1","20","0.2190","4.3800","","","","","336.4200","336.4200","1","","",""
"line_detail","D138","Mango Shake","raw","RICH COOKING CREAM","75","RICH COOKING CREAM_gm_reciepe","20","gm","1","20","0.2190","4.3800","","","","","336.4200","336.4200","1","","",""
"line_detail","D138","Mango Shake","raw","RICH COOKING CREAM","75","RICH COOKING CREAM_gm_reciepe","20","gm","1","20","0.2190","4.3800","","","","","336.4200","336.4200","1","","",""
"line_detail","D138","Mango Shake","raw","RICH COOKING CREAM","75","RICH COOKING CREAM_gm_reciepe","20","gm","1","20","0.2190","4.3800","","","","","336.4200","336.4200","1","","",""
"line_detail","D138","Mango Shake","raw","RICH COOKING CREAM","75","RICH COOKING CREAM_gm_reciepe","20","gm","1","20","0.2190","4.3800","","","","","336.4200","336.4200","1","","",""
"line_detail","D138","Mango Shake","raw","RICH COOKING CREAM","75","RICH COOKING CREAM_gm_reciepe","20","gm","1","20","0.2190","4.3800","","","","","336.4200","336.4200","1","","",""
"dish_summary","D138","Mango Shake","","","","Mango Shake_1_portion","","","","","","336.4200","standard","false","Mango Shake_1_portion","","336.4200","336.4200","1","0","3","0"
"line_detail","D139","Veg Pizza","raw","Capsicum","V1","Capsicum_gm_reciepe","13","gm","1","13","","","","","","","14285.3940","14285.3940","1","","",""
"line_detail","D139","Veg Pizza","raw","Capsicum","V1","Capsicum_gm_reciepe","13","gm","1","13","","","","","","","14285.3940","14285.3940","1","","",""
"line_detail","D139","Veg Pizza","raw","Capsicum","V1","Capsicum_gm_reciepe","13","gm","1","13","","","","","","","14285.3940","14285.3940","1","","",""
"line_detail","D139","Veg Pizza","raw","Capsicum","V1","Capsicum_gm_reciepe","13","gm","1","13","","","","","","","14285.3940","14285.3940","1","","",""
"line_detail","D139","Veg Pizza","raw","Capsicum","V1","Capsicum_gm_reciepe","13","gm","1","13","","","","","","","14285.3940","14285.3940","1","","",""
"line_detail","D139","Veg Pizza","raw","Capsicum","V1","Capsicum_gm_reciepe","13","gm","1","13","","","","","","","14285.3940","14285.3940","1","","",""
"line_detail","D139","Veg Pizza","raw","Capsicum","V1","Capsicum_gm_reciepe","13","gm","1","13","","","","","","","14285.3940","14285.3940","1","","",""
"line_detail","D139","Veg Pizza","raw","Capsicum","V1","Capsicum_gm_reciepe","13","gm","1","13","","","","","","","14285.3940","14285.3940","1","","",""
"line_detail","D139","Veg Pizza","raw","Capsicum","V1","Capsicum_gm_reciepe","13","gm","1","13","","","","","","","14285.3940","14285.3940","1","","",""
"line_detail","D139","Veg Pizza","raw","Capsicum","V1","Capsicum_gm_reciepe","13","gm","1","13","","","","","","","14285.3940","14285.3940","1","","",""
"line_detail","D139","Veg Pizza","raw","Capsicum","V1","Capsicum_gm_reciepe","13","gm","1","13","","","","","","","14285.3940","14285.3940","1","","",""
"line_detail","D139","Veg Pizza","raw","Capsicum","V1","Capsicum_gm_reciepe","13","gm","1","13","","","","","","","14285.3940","14285.3940","1","","",""
"line_detail","D139","Veg Pizza","raw","Onion","V11","Onion_gm_reciepe","5","gm","1","5","","","","","","","14285.3940","14285.3940","1","","",""
"line_detail","D139","Veg Pizza","raw","Onion","V11","Onion_gm_reciepe","5","gm","1","5","","","","","","","14285.3940","14285.3940","1","","",""
"line_detail","D139","Veg Pizza","raw","Onion","V11","Onion_gm_reciepe","5","gm","1","5","","","","","","","14285.3940","14285.3940","1","","",""
"line_detail","D139","Veg Pizza","raw","Onion","V11","Onion_gm_reciepe","5","gm","1","5","","","","","","","14285.3940","14285.3940","1","","",""
"line_detail","D139","Veg Pizza","raw","chilly + oregano","61 62","chilly + oregano_gm_reciepe","14","gm","1","14","","","","","","","14285.3940","14285.3940","1","","",""
"line_detail","D139","Veg Pizza","raw","chilly + oregano","61 62","chilly + oregano_gm_reciepe","14","gm","1","14","","","","","","","14285.3940","14285.3940","1","","",""
"line_detail","D139","Veg Pizza","raw","chilly + oregano","61 62","chilly + oregano_gm_reciepe","14","gm","1","14","","","","","","","14285.3940","14285.3940","1","","",""
"line_detail","D139","Veg Pizza","raw","chilly + oregano","61 62","chilly + oregano_gm_reciepe","14","gm","1","14","","","","","","","14285.3940","14285.3940","1","","",""
"line_detail","D139","Veg Pizza","raw","chilly + oregano","61 62","chilly + oregano_gm_reciepe","14","gm","1","14","","","","","","","14285.3940","14285.3940","1","","",""
"line_detail","D139","Veg Pizza","raw","chilly + oregano","61 62","chilly + oregano_gm_reciepe","14","gm","1","14","","","","","","","14285.3940","14285.3940","1","","",""
"line_detail","D139","Veg Pizza","raw","chilly + oregano","61 62","chilly + oregano_gm_reciepe","14","gm","1","14","","","","","","","14285.3940","14285.3940","1","","",""
"line_detail","D139","Veg Pizza","raw","chilly + oregano","61 62","chilly + oregano_gm_reciepe","14","gm","1","14","","","","","","","14285.3940","14285.3940","1","","",""
"line_detail","D139","Veg Pizza","raw","chilly + oregano","61 62","chilly + oregano_gm_reciepe","14","gm","1","14","","","","","","","14285.3940","14285.3940","1","","",""
"line_detail","D139","Veg Pizza","raw","chilly + oregano","61 62","chilly + oregano_gm_reciepe","14","gm","1","14","","","","","","","14285.3940","14285.3940","1","","",""
"line_detail","D139","Veg Pizza","raw","chilly + oregano","61 62","chilly + oregano_gm_reciepe","14","gm","1","14","","","","","","","14285.3940","14285.3940","1","","",""
"line_detail","D139","Veg Pizza","raw","chilly + oregano","61 62","chilly + oregano_gm_reciepe","14","gm","1","14","","","","","","","14285.3940","14285.3940","1","","",""
"line_detail","D139","Veg Pizza","raw","chilly + oregano","61 62","chilly + oregano_gm_reciepe","14","gm","1","14","","","","","","","14285.3940","14285.3940","1","","",""
"line_detail","D139","Veg Pizza","raw","chilly + oregano","61 62","chilly + oregano_gm_reciepe","14","gm","1","14","","","","","","","14285.3940","14285.3940","1","","",""
"line_detail","D139","Veg Pizza","raw","chilly + oregano","61 62","chilly + oregano_gm_reciepe","14","gm","1","14","","","","","","","14285.3940","14285.3940","1","","",""
"line_detail","D139","Veg Pizza","raw","chilly + oregano","61 62","chilly + oregano_gm_reciepe","14","gm","1","14","","","","","","","14285.3940","14285.3940","1","","",""
"line_detail","D139","Veg Pizza","raw","chilly + oregano","61 62","chilly + oregano_gm_reciepe","14","gm","1","14","","","","","","","14285.3940","14285.3940","1","","",""
"line_detail","D139","Veg Pizza","raw","chilly + oregano","61 62","chilly + oregano_gm_reciepe","14","gm","1","14","","","","","","","14285.3940","14285.3940","1","","",""
"line_detail","D139","Veg Pizza","raw","chilly + oregano","61 62","chilly + oregano_gm_reciepe","14","gm","1","14","","","","","","","14285.3940","14285.3940","1","","",""
"line_detail","D139","Veg Pizza","raw","chilly + oregano","61 62","chilly + oregano_gm_reciepe","14","gm","1","14","","","","","","","14285.3940","14285.3940","1","","",""
"line_detail","D139","Veg Pizza","raw","chilly + oregano","61 62","chilly + oregano_gm_reciepe","14","gm","1","14","","","","","","","14285.3940","14285.3940","1","","",""
"line_detail","D139","Veg Pizza","raw","chilly + oregano","61 62","chilly + oregano_gm_reciepe","14","gm","1","14","","","","","","","14285.3940","14285.3940","1","","",""
"line_detail","D139","Veg Pizza","raw","chilly + oregano","61 62","chilly + oregano_gm_reciepe","14","gm","1","14","","","","","","","14285.3940","14285.3940","1","","",""
"line_detail","D139","Veg Pizza","raw","chilly + oregano","61 62","chilly + oregano_gm_reciepe","14","gm","1","14","","","","","","","14285.3940","14285.3940","1","","",""
"line_detail","D139","Veg Pizza","raw","chilly flakes+oregano","61  62","chilly flakes+oregano_gm_reciepe","14","gm","1","14","","","","","","","14285.3940","14285.3940","1","","",""
"line_detail","D139","Veg Pizza","raw","chilly flakes+oregano","61  62","chilly flakes+oregano_gm_reciepe","14","gm","1","14","","","","","","","14285.3940","14285.3940","1","","",""
"line_detail","D139","Veg Pizza","raw","chilly flakes+oregano","61  62","chilly flakes+oregano_gm_reciepe","14","gm","1","14","","","","","","","14285.3940","14285.3940","1","","",""
"line_detail","D139","Veg Pizza","raw","corn","80","corn_gm_reciepe","15","gm","1","15","0.0660","0.9900","","","","","14285.3940","14285.3940","1","","",""
"line_detail","D139","Veg Pizza","raw","corn","80","corn_gm_reciepe","15","gm","1","15","0.0660","0.9900","","","","","14285.3940","14285.3940","1","","",""
"line_detail","D139","Veg Pizza","raw","corn","80","corn_gm_reciepe","15","gm","1","15","0.0660","0.9900","","","","","14285.3940","14285.3940","1","","",""
"line_detail","D139","Veg Pizza","raw","corn","80","corn_gm_reciepe","15","gm","1","15","0.0660","0.9900","","","","","14285.3940","14285.3940","1","","",""
"line_detail","D139","Veg Pizza","raw","corn","80","corn_gm_reciepe","15","gm","1","15","0.0660","0.9900","","","","","14285.3940","14285.3940","1","","",""
"line_detail","D139","Veg Pizza","raw","corn","80","corn_gm_reciepe","15","gm","1","15","0.0660","0.9900","","","","","14285.3940","14285.3940","1","","",""
"line_detail","D139","Veg Pizza","raw","corn","80","corn_gm_reciepe","15","gm","1","15","0.0660","0.9900","","","","","14285.3940","14285.3940","1","","",""
"line_detail","D139","Veg Pizza","raw","corn","80","corn_gm_reciepe","15","gm","1","15","0.0660","0.9900","","","","","14285.3940","14285.3940","1","","",""
"line_detail","D139","Veg Pizza","raw","corn","80","corn_gm_reciepe","15","gm","1","15","0.0660","0.9900","","","","","14285.3940","14285.3940","1","","",""
"line_detail","D139","Veg Pizza","raw","jelipino","60B","jelipino_gm_reciepe","9","gm","1","9","","","","","","","14285.3940","14285.3940","1","","",""
"line_detail","D139","Veg Pizza","raw","jelipino","60B","jelipino_gm_reciepe","9","gm","1","9","","","","","","","14285.3940","14285.3940","1","","",""
"line_detail","D139","Veg Pizza","raw","jelipino","60B","jelipino_gm_reciepe","9","gm","1","9","","","","","","","14285.3940","14285.3940","1","","",""
"line_detail","D139","Veg Pizza","raw","jelipino","60B","jelipino_gm_reciepe","9","gm","1","9","","","","","","","14285.3940","14285.3940","1","","",""
"line_detail","D139","Veg Pizza","raw","jelipino","60B","jelipino_gm_reciepe","9","gm","1","9","","","","","","","14285.3940","14285.3940","1","","",""
"line_detail","D139","Veg Pizza","raw","jelipino","60B","jelipino_gm_reciepe","9","gm","1","9","","","","","","","14285.3940","14285.3940","1","","",""
"line_detail","D139","Veg Pizza","raw","jelipino","60B","jelipino_gm_reciepe","9","gm","1","9","","","","","","","14285.3940","14285.3940","1","","",""
"line_detail","D139","Veg Pizza","raw","jelipino","60B","jelipino_gm_reciepe","9","gm","1","9","","","","","","","14285.3940","14285.3940","1","","",""
"line_detail","D139","Veg Pizza","raw","jelipino","60B","jelipino_gm_reciepe","9","gm","1","9","","","","","","","14285.3940","14285.3940","1","","",""
"line_detail","D139","Veg Pizza","raw","jelipino","60B","jelipino_gm_reciepe","9","gm","1","9","","","","","","","14285.3940","14285.3940","1","","",""
"line_detail","D139","Veg Pizza","raw","jelipino","60B","jelipino_gm_reciepe","9","gm","1","9","","","","","","","14285.3940","14285.3940","1","","",""
"line_detail","D139","Veg Pizza","raw","jelipino","60B","jelipino_gm_reciepe","9","gm","1","9","","","","","","","14285.3940","14285.3940","1","","",""
"line_detail","D139","Veg Pizza","raw","jelipino","60B","jelipino_gm_reciepe","9","gm","1","9","","","","","","","14285.3940","14285.3940","1","","",""
"line_detail","D139","Veg Pizza","raw","jelipino","60B","jelipino_gm_reciepe","9","gm","1","9","","","","","","","14285.3940","14285.3940","1","","",""
"line_detail","D139","Veg Pizza","raw","jelipino","60B","jelipino_gm_reciepe","9","gm","1","9","","","","","","","14285.3940","14285.3940","1","","",""
"line_detail","D139","Veg Pizza","raw","jelipino","60B","jelipino_gm_reciepe","9","gm","1","9","","","","","","","14285.3940","14285.3940","1","","",""
"line_detail","D139","Veg Pizza","raw","jelipino","60B","jelipino_gm_reciepe","9","gm","1","9","","","","","","","14285.3940","14285.3940","1","","",""
"line_detail","D139","Veg Pizza","raw","jelipino","60B","jelipino_gm_reciepe","9","gm","1","9","","","","","","","14285.3940","14285.3940","1","","",""
"line_detail","D139","Veg Pizza","raw","metonese","50","metonese_gm_reciepe","10","gm","1","10","4.5600","45.6000","","","","","14285.3940","14285.3940","1","","",""
"line_detail","D139","Veg Pizza","raw","metonese","50","metonese_gm_reciepe","10","gm","1","10","4.5600","45.6000","","","","","14285.3940","14285.3940","1","","",""
"line_detail","D139","Veg Pizza","raw","metonese","50","metonese_gm_reciepe","100","gm","1","100","4.5600","456.0000","","","","","14285.3940","14285.3940","1","","",""
"line_detail","D139","Veg Pizza","raw","metonese","50","metonese_gm_reciepe","10","gm","1","10","4.5600","45.6000","","","","","14285.3940","14285.3940","1","","",""
"line_detail","D139","Veg Pizza","raw","metonese","50","metonese_gm_reciepe","10","gm","1","10","4.5600","45.6000","","","","","14285.3940","14285.3940","1","","",""
"line_detail","D139","Veg Pizza","raw","metonese","50","metonese_gm_reciepe","10","gm","1","10","4.5600","45.6000","","","","","14285.3940","14285.3940","1","","",""
"line_detail","D139","Veg Pizza","raw","metonese","50","metonese_gm_reciepe","100","gm","1","100","4.5600","456.0000","","","","","14285.3940","14285.3940","1","","",""
"line_detail","D139","Veg Pizza","raw","metonese","50","metonese_gm_reciepe","100","gm","1","100","4.5600","456.0000","","","","","14285.3940","14285.3940","1","","",""
"line_detail","D139","Veg Pizza","raw","metonese","50","metonese_gm_reciepe","10","gm","1","10","4.5600","45.6000","","","","","14285.3940","14285.3940","1","","",""
"line_detail","D139","Veg Pizza","raw","metonese","50","metonese_gm_reciepe","100","gm","1","100","4.5600","456.0000","","","","","14285.3940","14285.3940","1","","",""
"line_detail","D139","Veg Pizza","raw","metonese","50","metonese_gm_reciepe","100","gm","1","100","4.5600","456.0000","","","","","14285.3940","14285.3940","1","","",""
"line_detail","D139","Veg Pizza","raw","metonese","50","metonese_gm_reciepe","100","gm","1","100","4.5600","456.0000","","","","","14285.3940","14285.3940","1","","",""
"line_detail","D139","Veg Pizza","raw","metonese","50","metonese_gm_reciepe","10","gm","1","10","4.5600","45.6000","","","","","14285.3940","14285.3940","1","","",""
"line_detail","D139","Veg Pizza","raw","metonese","50","metonese_gm_reciepe","10","gm","1","10","4.5600","45.6000","","","","","14285.3940","14285.3940","1","","",""
"line_detail","D139","Veg Pizza","raw","metonese","50","metonese_gm_reciepe","100","gm","1","100","4.5600","456.0000","","","","","14285.3940","14285.3940","1","","",""
"line_detail","D139","Veg Pizza","raw","metonese","50","metonese_gm_reciepe","10","gm","1","10","4.5600","45.6000","","","","","14285.3940","14285.3940","1","","",""
"line_detail","D139","Veg Pizza","raw","metonese","50","metonese_gm_reciepe","10","gm","1","10","4.5600","45.6000","","","","","14285.3940","14285.3940","1","","",""
"line_detail","D139","Veg Pizza","raw","metonese","50","metonese_gm_reciepe","100","gm","1","100","4.5600","456.0000","","","","","14285.3940","14285.3940","1","","",""
"line_detail","D139","Veg Pizza","raw","metonese","50","metonese_gm_reciepe","10","gm","1","10","4.5600","45.6000","","","","","14285.3940","14285.3940","1","","",""
"line_detail","D139","Veg Pizza","raw","metonese","50","metonese_gm_reciepe","10","gm","1","10","4.5600","45.6000","","","","","14285.3940","14285.3940","1","","",""
"line_detail","D139","Veg Pizza","raw","metonese","50","metonese_gm_reciepe","100","gm","1","100","4.5600","456.0000","","","","","14285.3940","14285.3940","1","","",""
"line_detail","D139","Veg Pizza","raw","metonese","50","metonese_gm_reciepe","10","gm","1","10","4.5600","45.6000","","","","","14285.3940","14285.3940","1","","",""
"line_detail","D139","Veg Pizza","raw","metonese","50","metonese_gm_reciepe","10","gm","1","10","4.5600","45.6000","","","","","14285.3940","14285.3940","1","","",""
"line_detail","D139","Veg Pizza","raw","metonese","50","metonese_gm_reciepe","10","gm","1","10","4.5600","45.6000","","","","","14285.3940","14285.3940","1","","",""
"line_detail","D139","Veg Pizza","raw","metonese","50","metonese_gm_reciepe","10","gm","1","10","4.5600","45.6000","","","","","14285.3940","14285.3940","1","","",""
"line_detail","D139","Veg Pizza","raw","metonese","50","metonese_gm_reciepe","10","gm","1","10","4.5600","45.6000","","","","","14285.3940","14285.3940","1","","",""
"line_detail","D139","Veg Pizza","raw","metonese","50","metonese_gm_reciepe","100","gm","1","100","4.5600","456.0000","","","","","14285.3940","14285.3940","1","","",""
"line_detail","D139","Veg Pizza","raw","metonese","50","metonese_gm_reciepe","10","gm","1","10","4.5600","45.6000","","","","","14285.3940","14285.3940","1","","",""
"line_detail","D139","Veg Pizza","raw","metonese","50","metonese_gm_reciepe","10","gm","1","10","4.5600","45.6000","","","","","14285.3940","14285.3940","1","","",""
"line_detail","D139","Veg Pizza","raw","metonese","50","metonese_gm_reciepe","100","gm","1","100","4.5600","456.0000","","","","","14285.3940","14285.3940","1","","",""
"line_detail","D139","Veg Pizza","raw","metonese","50","metonese_gm_reciepe","10","gm","1","10","4.5600","45.6000","","","","","14285.3940","14285.3940","1","","",""
"line_detail","D139","Veg Pizza","raw","metonese","50","metonese_gm_reciepe","10","gm","1","10","4.5600","45.6000","","","","","14285.3940","14285.3940","1","","",""
"line_detail","D139","Veg Pizza","raw","metonese","50","metonese_gm_reciepe","100","gm","1","100","4.5600","456.0000","","","","","14285.3940","14285.3940","1","","",""
"line_detail","D139","Veg Pizza","raw","metonese","50","metonese_gm_reciepe","10","gm","1","10","4.5600","45.6000","","","","","14285.3940","14285.3940","1","","",""
"line_detail","D139","Veg Pizza","raw","metonese","50","metonese_gm_reciepe","10","gm","1","10","4.5600","45.6000","","","","","14285.3940","14285.3940","1","","",""
"line_detail","D139","Veg Pizza","raw","metonese","50","metonese_gm_reciepe","100","gm","1","100","4.5600","456.0000","","","","","14285.3940","14285.3940","1","","",""
"line_detail","D139","Veg Pizza","raw","metonese","50","metonese_gm_reciepe","10","gm","1","10","4.5600","45.6000","","","","","14285.3940","14285.3940","1","","",""
"line_detail","D139","Veg Pizza","raw","metonese","50","metonese_gm_reciepe","10","gm","1","10","4.5600","45.6000","","","","","14285.3940","14285.3940","1","","",""
"line_detail","D139","Veg Pizza","raw","metonese","50","metonese_gm_reciepe","100","gm","1","100","4.5600","456.0000","","","","","14285.3940","14285.3940","1","","",""
"line_detail","D139","Veg Pizza","raw","metonese","50","metonese_gm_reciepe","10","gm","1","10","4.5600","45.6000","","","","","14285.3940","14285.3940","1","","",""
"line_detail","D139","Veg Pizza","raw","metonese","50","metonese_gm_reciepe","10","gm","1","10","4.5600","45.6000","","","","","14285.3940","14285.3940","1","","",""
"line_detail","D139","Veg Pizza","raw","metonese","50","metonese_gm_reciepe","10","gm","1","10","4.5600","45.6000","","","","","14285.3940","14285.3940","1","","",""
"line_detail","D139","Veg Pizza","raw","metonese","50","metonese_gm_reciepe","100","gm","1","100","4.5600","456.0000","","","","","14285.3940","14285.3940","1","","",""
"line_detail","D139","Veg Pizza","raw","metonese","50","metonese_gm_reciepe","10","gm","1","10","4.5600","45.6000","","","","","14285.3940","14285.3940","1","","",""
"line_detail","D139","Veg Pizza","raw","metonese","50","metonese_gm_reciepe","100","gm","1","100","4.5600","456.0000","","","","","14285.3940","14285.3940","1","","",""
"line_detail","D139","Veg Pizza","raw","metonese","50","metonese_gm_reciepe","10","gm","1","10","4.5600","45.6000","","","","","14285.3940","14285.3940","1","","",""
"line_detail","D139","Veg Pizza","raw","metonese","50","metonese_gm_reciepe","10","gm","1","10","4.5600","45.6000","","","","","14285.3940","14285.3940","1","","",""
"line_detail","D139","Veg Pizza","raw","metonese","50","metonese_gm_reciepe","100","gm","1","100","4.5600","456.0000","","","","","14285.3940","14285.3940","1","","",""
"line_detail","D139","Veg Pizza","raw","metonese","50","metonese_gm_reciepe","10","gm","1","10","4.5600","45.6000","","","","","14285.3940","14285.3940","1","","",""
"line_detail","D139","Veg Pizza","raw","metonese","50","metonese_gm_reciepe","10","gm","1","10","4.5600","45.6000","","","","","14285.3940","14285.3940","1","","",""
"line_detail","D139","Veg Pizza","raw","metonese","50","metonese_gm_reciepe","10","gm","1","10","4.5600","45.6000","","","","","14285.3940","14285.3940","1","","",""
"line_detail","D139","Veg Pizza","raw","metonese","50","metonese_gm_reciepe","10","gm","1","10","4.5600","45.6000","","","","","14285.3940","14285.3940","1","","",""
"line_detail","D139","Veg Pizza","raw","metonese","50","metonese_gm_reciepe","10","gm","1","10","4.5600","45.6000","","","","","14285.3940","14285.3940","1","","",""
"line_detail","D139","Veg Pizza","raw","metonese","50","metonese_gm_reciepe","10","gm","1","10","4.5600","45.6000","","","","","14285.3940","14285.3940","1","","",""
"line_detail","D139","Veg Pizza","raw","metonese","50","metonese_gm_reciepe","100","gm","1","100","4.5600","456.0000","","","","","14285.3940","14285.3940","1","","",""
"line_detail","D139","Veg Pizza","raw","metonese","50","metonese_gm_reciepe","10","gm","1","10","4.5600","45.6000","","","","","14285.3940","14285.3940","1","","",""
"line_detail","D139","Veg Pizza","raw","metonese","50","metonese_gm_reciepe","10","gm","1","10","4.5600","45.6000","","","","","14285.3940","14285.3940","1","","",""
"line_detail","D139","Veg Pizza","raw","metonese","50","metonese_gm_reciepe","100","gm","1","100","4.5600","456.0000","","","","","14285.3940","14285.3940","1","","",""
"line_detail","D139","Veg Pizza","raw","metonese","50","metonese_gm_reciepe","10","gm","1","10","4.5600","45.6000","","","","","14285.3940","14285.3940","1","","",""
"line_detail","D139","Veg Pizza","raw","metonese","50","metonese_gm_reciepe","10","gm","1","10","4.5600","45.6000","","","","","14285.3940","14285.3940","1","","",""
"line_detail","D139","Veg Pizza","raw","metonese","50","metonese_gm_reciepe","100","gm","1","100","4.5600","456.0000","","","","","14285.3940","14285.3940","1","","",""
"line_detail","D139","Veg Pizza","raw","metonese","50","metonese_gm_reciepe","100","gm","1","100","4.5600","456.0000","","","","","14285.3940","14285.3940","1","","",""
"line_detail","D139","Veg Pizza","raw","metonese","50","metonese_gm_reciepe","10","gm","1","10","4.5600","45.6000","","","","","14285.3940","14285.3940","1","","",""
"line_detail","D139","Veg Pizza","raw","metonese","50","metonese_gm_reciepe","10","gm","1","10","4.5600","45.6000","","","","","14285.3940","14285.3940","1","","",""
"line_detail","D139","Veg Pizza","raw","metonese","50","metonese_gm_reciepe","100","gm","1","100","4.5600","456.0000","","","","","14285.3940","14285.3940","1","","",""
"line_detail","D139","Veg Pizza","raw","metonese","50","metonese_gm_reciepe","10","gm","1","10","4.5600","45.6000","","","","","14285.3940","14285.3940","1","","",""
"line_detail","D139","Veg Pizza","raw","metonese","50","metonese_gm_reciepe","10","gm","1","10","4.5600","45.6000","","","","","14285.3940","14285.3940","1","","",""
"line_detail","D139","Veg Pizza","raw","metonese","50","metonese_gm_reciepe","100","gm","1","100","4.5600","456.0000","","","","","14285.3940","14285.3940","1","","",""
"line_detail","D139","Veg Pizza","raw","metonese","50","metonese_gm_reciepe","10","gm","1","10","4.5600","45.6000","","","","","14285.3940","14285.3940","1","","",""
"line_detail","D139","Veg Pizza","raw","metonese","50","metonese_gm_reciepe","10","gm","1","10","4.5600","45.6000","","","","","14285.3940","14285.3940","1","","",""
"line_detail","D139","Veg Pizza","raw","metonese","50","metonese_gm_reciepe","100","gm","1","100","4.5600","456.0000","","","","","14285.3940","14285.3940","1","","",""
"line_detail","D139","Veg Pizza","raw","metonese","50","metonese_gm_reciepe","10","gm","1","10","4.5600","45.6000","","","","","14285.3940","14285.3940","1","","",""
"line_detail","D139","Veg Pizza","raw","meyonese","50","meyonese_gm_reciepe","10","gm","1","10","4.5600","45.6000","","","","","14285.3940","14285.3940","1","","",""
"line_detail","D139","Veg Pizza","raw","meyonese","50","meyonese_gm_reciepe","10","gm","1","10","4.5600","45.6000","","","","","14285.3940","14285.3940","1","","",""
"line_detail","D139","Veg Pizza","raw","meyonese","50","meyonese_gm_reciepe","10","gm","1","10","4.5600","45.6000","","","","","14285.3940","14285.3940","1","","",""
"line_detail","D139","Veg Pizza","raw","meyonese","50","meyonese_gm_reciepe","10","gm","1","10","4.5600","45.6000","","","","","14285.3940","14285.3940","1","","",""
"line_detail","D139","Veg Pizza","raw","meyonese","50","meyonese_gm_reciepe","10","gm","1","10","4.5600","45.6000","","","","","14285.3940","14285.3940","1","","",""
"line_detail","D139","Veg Pizza","raw","meyonese","50","meyonese_gm_reciepe","10","gm","1","10","4.5600","45.6000","","","","","14285.3940","14285.3940","1","","",""
"line_detail","D139","Veg Pizza","raw","meyonese","50","meyonese_gm_reciepe","10","gm","1","10","4.5600","45.6000","","","","","14285.3940","14285.3940","1","","",""
"line_detail","D139","Veg Pizza","raw","meyonese","50","meyonese_gm_reciepe","10","gm","1","10","4.5600","45.6000","","","","","14285.3940","14285.3940","1","","",""
"line_detail","D139","Veg Pizza","raw","meyonese","50","meyonese_gm_reciepe","10","gm","1","10","4.5600","45.6000","","","","","14285.3940","14285.3940","1","","",""
"line_detail","D139","Veg Pizza","raw","meyonese","50","meyonese_gm_reciepe","10","gm","1","10","4.5600","45.6000","","","","","14285.3940","14285.3940","1","","",""
"line_detail","D139","Veg Pizza","raw","meyonese","50","meyonese_gm_reciepe","10","gm","1","10","4.5600","45.6000","","","","","14285.3940","14285.3940","1","","",""
"line_detail","D139","Veg Pizza","raw","meyonese","50","meyonese_gm_reciepe","10","gm","1","10","4.5600","45.6000","","","","","14285.3940","14285.3940","1","","",""
"line_detail","D139","Veg Pizza","raw","meyonese","50","meyonese_gm_reciepe","10","gm","1","10","4.5600","45.6000","","","","","14285.3940","14285.3940","1","","",""
"line_detail","D139","Veg Pizza","raw","meyonese","50","meyonese_gm_reciepe","10","gm","1","10","4.5600","45.6000","","","","","14285.3940","14285.3940","1","","",""
"line_detail","D139","Veg Pizza","raw","meyonese","50","meyonese_gm_reciepe","10","gm","1","10","4.5600","45.6000","","","","","14285.3940","14285.3940","1","","",""
"line_detail","D139","Veg Pizza","raw","meyonese","50","meyonese_gm_reciepe","10","gm","1","10","4.5600","45.6000","","","","","14285.3940","14285.3940","1","","",""
"line_detail","D139","Veg Pizza","raw","meyonese","50","meyonese_gm_reciepe","10","gm","1","10","4.5600","45.6000","","","","","14285.3940","14285.3940","1","","",""
"line_detail","D139","Veg Pizza","raw","meyonese","50","meyonese_gm_reciepe","10","gm","1","10","4.5600","45.6000","","","","","14285.3940","14285.3940","1","","",""
"line_detail","D139","Veg Pizza","raw","meyonese","50","meyonese_gm_reciepe","10","gm","1","10","4.5600","45.6000","","","","","14285.3940","14285.3940","1","","",""
"line_detail","D139","Veg Pizza","raw","meyonese","50","meyonese_gm_reciepe","10","gm","1","10","4.5600","45.6000","","","","","14285.3940","14285.3940","1","","",""
"line_detail","D139","Veg Pizza","raw","meyonese","50","meyonese_gm_reciepe","10","gm","1","10","4.5600","45.6000","","","","","14285.3940","14285.3940","1","","",""
"line_detail","D139","Veg Pizza","raw","meyonese","50","meyonese_gm_reciepe","10","gm","1","10","4.5600","45.6000","","","","","14285.3940","14285.3940","1","","",""
"line_detail","D139","Veg Pizza","raw","meyonese","50","meyonese_gm_reciepe","10","gm","1","10","4.5600","45.6000","","","","","14285.3940","14285.3940","1","","",""
"line_detail","D139","Veg Pizza","raw","meyonese","50","meyonese_gm_reciepe","10","gm","1","10","4.5600","45.6000","","","","","14285.3940","14285.3940","1","","",""
"line_detail","D139","Veg Pizza","raw","mozerella","74","mozerella_gm_reciepe","100","gm","1","100","","","","","","","14285.3940","14285.3940","1","","",""
"line_detail","D139","Veg Pizza","raw","mozerella","74","mozerella_gm_reciepe","100","gm","1","100","","","","","","","14285.3940","14285.3940","1","","",""
"line_detail","D139","Veg Pizza","raw","mozerella","74","mozerella_gm_reciepe","100","gm","1","100","","","","","","","14285.3940","14285.3940","1","","",""
"line_detail","D139","Veg Pizza","raw","mozerella","74","mozerella_gm_reciepe","100","gm","1","100","","","","","","","14285.3940","14285.3940","1","","",""
"line_detail","D139","Veg Pizza","raw","mozerella","74","mozerella_gm_reciepe","100","gm","1","100","","","","","","","14285.3940","14285.3940","1","","",""
"line_detail","D139","Veg Pizza","raw","mozerella","74","mozerella_gm_reciepe","100","gm","1","100","","","","","","","14285.3940","14285.3940","1","","",""
"line_detail","D139","Veg Pizza","raw","mozerella","74","mozerella_gm_reciepe","100","gm","1","100","","","","","","","14285.3940","14285.3940","1","","",""
"line_detail","D139","Veg Pizza","raw","mozerella","74","mozerella_gm_reciepe","100","gm","1","100","","","","","","","14285.3940","14285.3940","1","","",""
"line_detail","D139","Veg Pizza","raw","mozerella","74","mozerella_gm_reciepe","100","gm","1","100","","","","","","","14285.3940","14285.3940","1","","",""
"line_detail","D139","Veg Pizza","raw","mozerella","74","mozerella_gm_reciepe","100","gm","1","100","","","","","","","14285.3940","14285.3940","1","","",""
"line_detail","D139","Veg Pizza","raw","mozerella","74","mozerella_gm_reciepe","100","gm","1","100","","","","","","","14285.3940","14285.3940","1","","",""
"line_detail","D139","Veg Pizza","raw","mozerella","74","mozerella_gm_reciepe","100","gm","1","100","","","","","","","14285.3940","14285.3940","1","","",""
"line_detail","D139","Veg Pizza","raw","mozrella","74","mozrella_gm_reciepe","10","gm","1","10","","","","","","","14285.3940","14285.3940","1","","",""
"line_detail","D139","Veg Pizza","raw","mozrella","74","mozrella_gm_reciepe","10","gm","1","10","","","","","","","14285.3940","14285.3940","1","","",""
"line_detail","D139","Veg Pizza","raw","mozrella","74","mozrella_gm_reciepe","10","gm","1","10","","","","","","","14285.3940","14285.3940","1","","",""
"line_detail","D139","Veg Pizza","raw","mozrella","74","mozrella_gm_reciepe","10","gm","1","10","","","","","","","14285.3940","14285.3940","1","","",""
"line_detail","D139","Veg Pizza","raw","mozrella","74","mozrella_gm_reciepe","10","gm","1","10","","","","","","","14285.3940","14285.3940","1","","",""
"line_detail","D139","Veg Pizza","raw","mozrella","74","mozrella_gm_reciepe","10","gm","1","10","","","","","","","14285.3940","14285.3940","1","","",""
"line_detail","D139","Veg Pizza","raw","olive","35A","olive_gm_reciepe","9","gm","1","9","","","","","","","14285.3940","14285.3940","1","","",""
"line_detail","D139","Veg Pizza","raw","olive","35A","olive_gm_reciepe","9","gm","1","9","","","","","","","14285.3940","14285.3940","1","","",""
"line_detail","D139","Veg Pizza","raw","olive","35A","olive_gm_reciepe","9","gm","1","9","","","","","","","14285.3940","14285.3940","1","","",""
"line_detail","D139","Veg Pizza","raw","olive","35A","olive_gm_reciepe","9","gm","1","9","","","","","","","14285.3940","14285.3940","1","","",""
"line_detail","D139","Veg Pizza","raw","olive","35A","olive_gm_reciepe","9","gm","1","9","","","","","","","14285.3940","14285.3940","1","","",""
"line_detail","D139","Veg Pizza","raw","olive","35A","olive_gm_reciepe","9","gm","1","9","","","","","","","14285.3940","14285.3940","1","","",""
"line_detail","D139","Veg Pizza","raw","olive","35A","olive_gm_reciepe","9","gm","1","9","","","","","","","14285.3940","14285.3940","1","","",""
"line_detail","D139","Veg Pizza","raw","olive","35A","olive_gm_reciepe","9","gm","1","9","","","","","","","14285.3940","14285.3940","1","","",""
"line_detail","D139","Veg Pizza","raw","olive","35A","olive_gm_reciepe","9","gm","1","9","","","","","","","14285.3940","14285.3940","1","","",""
"line_detail","D139","Veg Pizza","raw","pizza pasta sauce","48","pizza pasta sauce_gm_reciepe","30","gm","1","30","0.1369","4.1070","","","","","14285.3940","14285.3940","1","","",""
"line_detail","D139","Veg Pizza","raw","pizza pasta sauce","48","pizza pasta sauce_gm_reciepe","30","gm","1","30","0.1369","4.1070","","","","","14285.3940","14285.3940","1","","",""
"line_detail","D139","Veg Pizza","raw","pizza pasta sauce","48","pizza pasta sauce_gm_reciepe","30","gm","1","30","0.1369","4.1070","","","","","14285.3940","14285.3940","1","","",""
"line_detail","D139","Veg Pizza","raw","pizza pasta sauce","48","pizza pasta sauce_gm_reciepe","30","gm","1","30","0.1369","4.1070","","","","","14285.3940","14285.3940","1","","",""
"line_detail","D139","Veg Pizza","raw","pizza pasta sauce","48","pizza pasta sauce_gm_reciepe","30","gm","1","30","0.1369","4.1070","","","","","14285.3940","14285.3940","1","","",""
"line_detail","D139","Veg Pizza","raw","pizza pasta sauce","48","pizza pasta sauce_gm_reciepe","30","gm","1","30","0.1369","4.1070","","","","","14285.3940","14285.3940","1","","",""
"line_detail","D139","Veg Pizza","raw","pizza pasta sauce","48","pizza pasta sauce_gm_reciepe","30","gm","1","30","0.1369","4.1070","","","","","14285.3940","14285.3940","1","","",""
"line_detail","D139","Veg Pizza","raw","pizza pasta sauce","48","pizza pasta sauce_gm_reciepe","30","gm","1","30","0.1369","4.1070","","","","","14285.3940","14285.3940","1","","",""
"line_detail","D139","Veg Pizza","raw","pizza pasta sauce","48","pizza pasta sauce_gm_reciepe","30","gm","1","30","0.1369","4.1070","","","","","14285.3940","14285.3940","1","","",""
"line_detail","D139","Veg Pizza","raw","pizza pasta sauce","48","pizza pasta sauce_gm_reciepe","30","gm","1","30","0.1369","4.1070","","","","","14285.3940","14285.3940","1","","",""
"line_detail","D139","Veg Pizza","raw","pizza pasta sauce","48","pizza pasta sauce_gm_reciepe","30","gm","1","30","0.1369","4.1070","","","","","14285.3940","14285.3940","1","","",""
"line_detail","D139","Veg Pizza","raw","pizza pasta sauce","48","pizza pasta sauce_gm_reciepe","30","gm","1","30","0.1369","4.1070","","","","","14285.3940","14285.3940","1","","",""
"dish_summary","D139","Veg Pizza","","","","Veg Pizza_1_portion","","","","","","14285.3940","standard","false","Veg Pizza_1_portion","","14285.3940","14285.3940","1","0","88","0"
"line_detail","D140","Paneer Makhani Pizza","raw","Basil","V16","Basil_gm_reciepe","10","gm","1","10","","","","","","","2254.5120","2254.5120","1","","",""
"line_detail","D140","Paneer Makhani Pizza","raw","Basil","V16","Basil_gm_reciepe","10","gm","1","10","","","","","","","2254.5120","2254.5120","1","","",""
"line_detail","D140","Paneer Makhani Pizza","raw","Basil","V16","Basil_gm_reciepe","10","gm","1","10","","","","","","","2254.5120","2254.5120","1","","",""
"line_detail","D140","Paneer Makhani Pizza","raw","Basil","V16","Basil_gm_reciepe","10","gm","1","10","","","","","","","2254.5120","2254.5120","1","","",""
"line_detail","D140","Paneer Makhani Pizza","raw","Capsicum","V1","Capsicum_gm_reciepe","10","gm","1","10","","","","","","","2254.5120","2254.5120","1","","",""
"line_detail","D140","Paneer Makhani Pizza","raw","Capsicum","V1","Capsicum_gm_reciepe","10","gm","1","10","","","","","","","2254.5120","2254.5120","1","","",""
"line_detail","D140","Paneer Makhani Pizza","raw","Capsicum","V1","Capsicum_gm_reciepe","25","gm","1","25","","","","","","","2254.5120","2254.5120","1","","",""
"line_detail","D140","Paneer Makhani Pizza","raw","Capsicum","V1","Capsicum_gm_reciepe","25","gm","1","25","","","","","","","2254.5120","2254.5120","1","","",""
"line_detail","D140","Paneer Makhani Pizza","raw","Capsicum","V1","Capsicum_gm_reciepe","25","gm","1","25","","","","","","","2254.5120","2254.5120","1","","",""
"line_detail","D140","Paneer Makhani Pizza","raw","Capsicum","V1","Capsicum_gm_reciepe","10","gm","1","10","","","","","","","2254.5120","2254.5120","1","","",""
"line_detail","D140","Paneer Makhani Pizza","raw","Capsicum","V1","Capsicum_gm_reciepe","10","gm","1","10","","","","","","","2254.5120","2254.5120","1","","",""
"line_detail","D140","Paneer Makhani Pizza","raw","Capsicum","V1","Capsicum_gm_reciepe","25","gm","1","25","","","","","","","2254.5120","2254.5120","1","","",""
"line_detail","D140","Paneer Makhani Pizza","raw","Coriander","V9","Coriander_gm_reciepe","7","gm","1","7","","","","","","","2254.5120","2254.5120","1","","",""
"line_detail","D140","Paneer Makhani Pizza","raw","Coriander","V9","Coriander_gm_reciepe","10","gm","1","10","","","","","","","2254.5120","2254.5120","1","","",""
"line_detail","D140","Paneer Makhani Pizza","raw","Coriander","V9","Coriander_gm_reciepe","7","gm","1","7","","","","","","","2254.5120","2254.5120","1","","",""
"line_detail","D140","Paneer Makhani Pizza","raw","Coriander","V9","Coriander_gm_reciepe","10","gm","1","10","","","","","","","2254.5120","2254.5120","1","","",""
"line_detail","D140","Paneer Makhani Pizza","raw","Coriander","V9","Coriander_gm_reciepe","7","gm","1","7","","","","","","","2254.5120","2254.5120","1","","",""
"line_detail","D140","Paneer Makhani Pizza","raw","Coriander","V9","Coriander_gm_reciepe","10","gm","1","10","","","","","","","2254.5120","2254.5120","1","","",""
"line_detail","D140","Paneer Makhani Pizza","raw","Coriander","V9","Coriander_gm_reciepe","10","gm","1","10","","","","","","","2254.5120","2254.5120","1","","",""
"line_detail","D140","Paneer Makhani Pizza","raw","Coriander","V9","Coriander_gm_reciepe","7","gm","1","7","","","","","","","2254.5120","2254.5120","1","","",""
"line_detail","D140","Paneer Makhani Pizza","raw","Green Chilli","V2","Green Chilli_gm_reciepe","1.2","gm","1","1.2","","","","","","","2254.5120","2254.5120","1","","",""
"line_detail","D140","Paneer Makhani Pizza","raw","Green Chilli","V2","Green Chilli_gm_reciepe","1.2","gm","1","1.2","","","","","","","2254.5120","2254.5120","1","","",""
"line_detail","D140","Paneer Makhani Pizza","raw","Green Chilli","V2","Green Chilli_gm_reciepe","1.2","gm","1","1.2","","","","","","","2254.5120","2254.5120","1","","",""
"line_detail","D140","Paneer Makhani Pizza","raw","Green Chilli","V2","Green Chilli_gm_reciepe","1.2","gm","1","1.2","","","","","","","2254.5120","2254.5120","1","","",""
"line_detail","D140","Paneer Makhani Pizza","raw","Onion","V11","Onion_gm_reciepe","40","gm","1","40","","","","","","","2254.5120","2254.5120","1","","",""
"line_detail","D140","Paneer Makhani Pizza","raw","Onion","V11","Onion_gm_reciepe","40","gm","1","40","","","","","","","2254.5120","2254.5120","1","","",""
"line_detail","D140","Paneer Makhani Pizza","raw","Onion","V11","Onion_gm_reciepe","5","gm","1","5","","","","","","","2254.5120","2254.5120","1","","",""
"line_detail","D140","Paneer Makhani Pizza","raw","Onion","V11","Onion_gm_reciepe","5","gm","1","5","","","","","","","2254.5120","2254.5120","1","","",""
"line_detail","D140","Paneer Makhani Pizza","raw","Onion","V11","Onion_gm_reciepe","40","gm","1","40","","","","","","","2254.5120","2254.5120","1","","",""
"line_detail","D140","Paneer Makhani Pizza","raw","Onion","V11","Onion_gm_reciepe","5","gm","1","5","","","","","","","2254.5120","2254.5120","1","","",""
"line_detail","D140","Paneer Makhani Pizza","raw","Onion","V11","Onion_gm_reciepe","40","gm","1","40","","","","","","","2254.5120","2254.5120","1","","",""
"line_detail","D140","Paneer Makhani Pizza","raw","Onion","V11","Onion_gm_reciepe","5","gm","1","5","","","","","","","2254.5120","2254.5120","1","","",""
"line_detail","D140","Paneer Makhani Pizza","raw","PANEER","D3","","100","","","","","","","","","","2254.5120","2254.5120","1","","",""
"line_detail","D140","Paneer Makhani Pizza","raw","PANEER","D3","PANEER_gm_reciepe","80","","","","","","","","","","2254.5120","2254.5120","1","","",""
"line_detail","D140","Paneer Makhani Pizza","raw","PIZZA BASE","B3","","1","","","","","","","","","","2254.5120","2254.5120","1","","",""
"line_detail","D140","Paneer Makhani Pizza","raw","PIZZA BASE","B3","PIZZA BASE_gm_reciepe","1","","","","","","","","","","2254.5120","2254.5120","1","","",""
"line_detail","D140","Paneer Makhani Pizza","raw","makhani sauce","51A","makhani sauce_gm_reciepe","50","gm","1","50","","","","","","","2254.5120","2254.5120","1","","",""
"line_detail","D140","Paneer Makhani Pizza","raw","makhani sauce","51A","makhani sauce_gm_reciepe","50","gm","1","50","","","","","","","2254.5120","2254.5120","1","","",""
"line_detail","D140","Paneer Makhani Pizza","raw","makhani sauce","51A","makhani sauce_gm_reciepe","50","gm","1","50","","","","","","","2254.5120","2254.5120","1","","",""
"line_detail","D140","Paneer Makhani Pizza","raw","metonese","50","metonese_gm_reciepe","10","gm","1","10","4.5600","45.6000","","","","","2254.5120","2254.5120","1","","",""
"line_detail","D140","Paneer Makhani Pizza","raw","metonese","50","metonese_gm_reciepe","10","gm","1","10","4.5600","45.6000","","","","","2254.5120","2254.5120","1","","",""
"line_detail","D140","Paneer Makhani Pizza","raw","metonese","50","metonese_gm_reciepe","10","gm","1","10","4.5600","45.6000","","","","","2254.5120","2254.5120","1","","",""
"line_detail","D140","Paneer Makhani Pizza","raw","metonese","50","metonese_gm_reciepe","10","gm","1","10","4.5600","45.6000","","","","","2254.5120","2254.5120","1","","",""
"line_detail","D140","Paneer Makhani Pizza","raw","metonese","50","metonese_gm_reciepe","10","gm","1","10","4.5600","45.6000","","","","","2254.5120","2254.5120","1","","",""
"line_detail","D140","Paneer Makhani Pizza","raw","metonese","50","metonese_gm_reciepe","10","gm","1","10","4.5600","45.6000","","","","","2254.5120","2254.5120","1","","",""
"line_detail","D140","Paneer Makhani Pizza","raw","metonese","50","metonese_gm_reciepe","10","gm","1","10","4.5600","45.6000","","","","","2254.5120","2254.5120","1","","",""
"line_detail","D140","Paneer Makhani Pizza","raw","metonese","50","metonese_gm_reciepe","10","gm","1","10","4.5600","45.6000","","","","","2254.5120","2254.5120","1","","",""
"line_detail","D140","Paneer Makhani Pizza","raw","metonese","50","metonese_gm_reciepe","10","gm","1","10","4.5600","45.6000","","","","","2254.5120","2254.5120","1","","",""
"line_detail","D140","Paneer Makhani Pizza","raw","metonese","50","metonese_gm_reciepe","10","gm","1","10","4.5600","45.6000","","","","","2254.5120","2254.5120","1","","",""
"line_detail","D140","Paneer Makhani Pizza","raw","metonese","50","metonese_gm_reciepe","10","gm","1","10","4.5600","45.6000","","","","","2254.5120","2254.5120","1","","",""
"line_detail","D140","Paneer Makhani Pizza","raw","metonese","50","metonese_gm_reciepe","10","gm","1","10","4.5600","45.6000","","","","","2254.5120","2254.5120","1","","",""
"line_detail","D140","Paneer Makhani Pizza","raw","metonese","50","metonese_gm_reciepe","10","gm","1","10","4.5600","45.6000","","","","","2254.5120","2254.5120","1","","",""
"line_detail","D140","Paneer Makhani Pizza","raw","metonese","50","metonese_gm_reciepe","10","gm","1","10","4.5600","45.6000","","","","","2254.5120","2254.5120","1","","",""
"line_detail","D140","Paneer Makhani Pizza","raw","metonese","50","metonese_gm_reciepe","10","gm","1","10","4.5600","45.6000","","","","","2254.5120","2254.5120","1","","",""
"line_detail","D140","Paneer Makhani Pizza","raw","metonese","50","metonese_gm_reciepe","10","gm","1","10","4.5600","45.6000","","","","","2254.5120","2254.5120","1","","",""
"line_detail","D140","Paneer Makhani Pizza","raw","metonese","50","metonese_gm_reciepe","10","gm","1","10","4.5600","45.6000","","","","","2254.5120","2254.5120","1","","",""
"line_detail","D140","Paneer Makhani Pizza","raw","metonese","50","metonese_gm_reciepe","10","gm","1","10","4.5600","45.6000","","","","","2254.5120","2254.5120","1","","",""
"line_detail","D140","Paneer Makhani Pizza","raw","metonese","50","metonese_gm_reciepe","10","gm","1","10","4.5600","45.6000","","","","","2254.5120","2254.5120","1","","",""
"line_detail","D140","Paneer Makhani Pizza","raw","metonese","50","metonese_gm_reciepe","10","gm","1","10","4.5600","45.6000","","","","","2254.5120","2254.5120","1","","",""
"line_detail","D140","Paneer Makhani Pizza","raw","metonese","50","metonese_gm_reciepe","10","gm","1","10","4.5600","45.6000","","","","","2254.5120","2254.5120","1","","",""
"line_detail","D140","Paneer Makhani Pizza","raw","metonese","50","metonese_gm_reciepe","10","gm","1","10","4.5600","45.6000","","","","","2254.5120","2254.5120","1","","",""
"line_detail","D140","Paneer Makhani Pizza","raw","metonese","50","metonese_gm_reciepe","10","gm","1","10","4.5600","45.6000","","","","","2254.5120","2254.5120","1","","",""
"line_detail","D140","Paneer Makhani Pizza","raw","metonese","50","metonese_gm_reciepe","10","gm","1","10","4.5600","45.6000","","","","","2254.5120","2254.5120","1","","",""
"line_detail","D140","Paneer Makhani Pizza","raw","meyo","50","meyo_gm_reciepe","10","gm","1","10","4.5600","45.6000","","","","","2254.5120","2254.5120","1","","",""
"line_detail","D140","Paneer Makhani Pizza","raw","meyo","50","meyo_gm_reciepe","10","gm","1","10","4.5600","45.6000","","","","","2254.5120","2254.5120","1","","",""
"line_detail","D140","Paneer Makhani Pizza","raw","meyo","50","meyo_gm_reciepe","10","gm","1","10","4.5600","45.6000","","","","","2254.5120","2254.5120","1","","",""
"line_detail","D140","Paneer Makhani Pizza","raw","meyo","50","meyo_gm_reciepe","10","gm","1","10","4.5600","45.6000","","","","","2254.5120","2254.5120","1","","",""
"line_detail","D140","Paneer Makhani Pizza","raw","meyo","50","meyo_gm_reciepe","10","gm","1","10","4.5600","45.6000","","","","","2254.5120","2254.5120","1","","",""
"line_detail","D140","Paneer Makhani Pizza","raw","meyo","50","meyo_gm_reciepe","10","gm","1","10","4.5600","45.6000","","","","","2254.5120","2254.5120","1","","",""
"line_detail","D140","Paneer Makhani Pizza","raw","meyo","50","meyo_gm_reciepe","10","gm","1","10","4.5600","45.6000","","","","","2254.5120","2254.5120","1","","",""
"line_detail","D140","Paneer Makhani Pizza","raw","meyo","50","meyo_gm_reciepe","10","gm","1","10","4.5600","45.6000","","","","","2254.5120","2254.5120","1","","",""
"line_detail","D140","Paneer Makhani Pizza","raw","meyo","50","meyo_gm_reciepe","10","gm","1","10","4.5600","45.6000","","","","","2254.5120","2254.5120","1","","",""
"line_detail","D140","Paneer Makhani Pizza","raw","meyo","50","meyo_gm_reciepe","10","gm","1","10","4.5600","45.6000","","","","","2254.5120","2254.5120","1","","",""
"line_detail","D140","Paneer Makhani Pizza","raw","meyo","50","meyo_gm_reciepe","10","gm","1","10","4.5600","45.6000","","","","","2254.5120","2254.5120","1","","",""
"line_detail","D140","Paneer Makhani Pizza","raw","meyo","50","meyo_gm_reciepe","10","gm","1","10","4.5600","45.6000","","","","","2254.5120","2254.5120","1","","",""
"line_detail","D140","Paneer Makhani Pizza","raw","meyo","50","meyo_gm_reciepe","10","gm","1","10","4.5600","45.6000","","","","","2254.5120","2254.5120","1","","",""
"line_detail","D140","Paneer Makhani Pizza","raw","meyo","50","meyo_gm_reciepe","10","gm","1","10","4.5600","45.6000","","","","","2254.5120","2254.5120","1","","",""
"line_detail","D140","Paneer Makhani Pizza","raw","meyo","50","meyo_gm_reciepe","10","gm","1","10","4.5600","45.6000","","","","","2254.5120","2254.5120","1","","",""
"line_detail","D140","Paneer Makhani Pizza","raw","meyo","50","meyo_gm_reciepe","10","gm","1","10","4.5600","45.6000","","","","","2254.5120","2254.5120","1","","",""
"line_detail","D140","Paneer Makhani Pizza","raw","meyo","50","meyo_gm_reciepe","10","gm","1","10","4.5600","45.6000","","","","","2254.5120","2254.5120","1","","",""
"line_detail","D140","Paneer Makhani Pizza","raw","meyo","50","meyo_gm_reciepe","10","gm","1","10","4.5600","45.6000","","","","","2254.5120","2254.5120","1","","",""
"line_detail","D140","Paneer Makhani Pizza","raw","meyo","50","meyo_gm_reciepe","10","gm","1","10","4.5600","45.6000","","","","","2254.5120","2254.5120","1","","",""
"line_detail","D140","Paneer Makhani Pizza","raw","meyo","50","meyo_gm_reciepe","10","gm","1","10","4.5600","45.6000","","","","","2254.5120","2254.5120","1","","",""
"line_detail","D140","Paneer Makhani Pizza","raw","meyo","50","meyo_gm_reciepe","10","gm","1","10","4.5600","45.6000","","","","","2254.5120","2254.5120","1","","",""
"line_detail","D140","Paneer Makhani Pizza","raw","meyo","50","meyo_gm_reciepe","10","gm","1","10","4.5600","45.6000","","","","","2254.5120","2254.5120","1","","",""
"line_detail","D140","Paneer Makhani Pizza","raw","meyo","50","meyo_gm_reciepe","10","gm","1","10","4.5600","45.6000","","","","","2254.5120","2254.5120","1","","",""
"line_detail","D140","Paneer Makhani Pizza","raw","meyo","50","meyo_gm_reciepe","10","gm","1","10","4.5600","45.6000","","","","","2254.5120","2254.5120","1","","",""
"line_detail","D140","Paneer Makhani Pizza","raw","mozerella","74","mozerella_gm_reciepe","100","gm","1","100","","","","","","","2254.5120","2254.5120","1","","",""
"line_detail","D140","Paneer Makhani Pizza","raw","mozerella","74","mozerella_gm_reciepe","115","gm","1","115","","","","","","","2254.5120","2254.5120","1","","",""
"line_detail","D140","Paneer Makhani Pizza","raw","mozerella","74","mozerella_gm_reciepe","115","gm","1","115","","","","","","","2254.5120","2254.5120","1","","",""
"line_detail","D140","Paneer Makhani Pizza","raw","mozerella","74","mozerella_gm_reciepe","100","gm","1","100","","","","","","","2254.5120","2254.5120","1","","",""
"line_detail","D140","Paneer Makhani Pizza","raw","mozerella","74","mozerella_gm_reciepe","115","gm","1","115","","","","","","","2254.5120","2254.5120","1","","",""
"line_detail","D140","Paneer Makhani Pizza","raw","mozerella","74","mozerella_gm_reciepe","100","gm","1","100","","","","","","","2254.5120","2254.5120","1","","",""
"line_detail","D140","Paneer Makhani Pizza","raw","mozerella","74","mozerella_gm_reciepe","100","gm","1","100","","","","","","","2254.5120","2254.5120","1","","",""
"line_detail","D140","Paneer Makhani Pizza","raw","mozerella","74","mozerella_gm_reciepe","115","gm","1","115","","","","","","","2254.5120","2254.5120","1","","",""
"line_detail","D140","Paneer Makhani Pizza","raw","mozerella","74","mozerella_gm_reciepe","100","gm","1","100","","","","","","","2254.5120","2254.5120","1","","",""
"line_detail","D140","Paneer Makhani Pizza","raw","mozerella","74","mozerella_gm_reciepe","115","gm","1","115","","","","","","","2254.5120","2254.5120","1","","",""
"line_detail","D140","Paneer Makhani Pizza","raw","mozerella","74","mozerella_gm_reciepe","100","gm","1","100","","","","","","","2254.5120","2254.5120","1","","",""
"line_detail","D140","Paneer Makhani Pizza","raw","mozerella","74","mozerella_gm_reciepe","115","gm","1","115","","","","","","","2254.5120","2254.5120","1","","",""
"line_detail","D140","Paneer Makhani Pizza","raw","pasta pizza sauce","48","pasta pizza sauce_gm_reciepe","10","gm","1","10","0.1369","1.3690","","","","","2254.5120","2254.5120","1","","",""
"line_detail","D140","Paneer Makhani Pizza","raw","pasta pizza sauce","48","pasta pizza sauce_gm_reciepe","10","gm","1","10","0.1369","1.3690","","","","","2254.5120","2254.5120","1","","",""
"line_detail","D140","Paneer Makhani Pizza","raw","pasta pizza sauce","48","pasta pizza sauce_gm_reciepe","30","gm","1","30","0.1369","4.1070","","","","","2254.5120","2254.5120","1","","",""
"line_detail","D140","Paneer Makhani Pizza","raw","pasta pizza sauce","48","pasta pizza sauce_gm_reciepe","10","gm","1","10","0.1369","1.3690","","","","","2254.5120","2254.5120","1","","",""
"line_detail","D140","Paneer Makhani Pizza","raw","pasta pizza sauce","48","pasta pizza sauce_gm_reciepe","30","gm","1","30","0.1369","4.1070","","","","","2254.5120","2254.5120","1","","",""
"line_detail","D140","Paneer Makhani Pizza","raw","pasta pizza sauce","48","pasta pizza sauce_gm_reciepe","10","gm","1","10","0.1369","1.3690","","","","","2254.5120","2254.5120","1","","",""
"line_detail","D140","Paneer Makhani Pizza","raw","pasta pizza sauce","48","pasta pizza sauce_gm_reciepe","30","gm","1","30","0.1369","4.1070","","","","","2254.5120","2254.5120","1","","",""
"line_detail","D140","Paneer Makhani Pizza","raw","pasta pizza sauce","48","pasta pizza sauce_gm_reciepe","10","gm","1","10","0.1369","1.3690","","","","","2254.5120","2254.5120","1","","",""
"line_detail","D140","Paneer Makhani Pizza","raw","pasta pizza sauce","48","pasta pizza sauce_gm_reciepe","30","gm","1","30","0.1369","4.1070","","","","","2254.5120","2254.5120","1","","",""
"line_detail","D140","Paneer Makhani Pizza","raw","pasta pizza sauce","48","pasta pizza sauce_gm_reciepe","10","gm","1","10","0.1369","1.3690","","","","","2254.5120","2254.5120","1","","",""
"line_detail","D140","Paneer Makhani Pizza","raw","pasta pizza sauce","48","pasta pizza sauce_gm_reciepe","30","gm","1","30","0.1369","4.1070","","","","","2254.5120","2254.5120","1","","",""
"line_detail","D140","Paneer Makhani Pizza","raw","pasta pizza sauce","48","pasta pizza sauce_gm_reciepe","10","gm","1","10","0.1369","1.3690","","","","","2254.5120","2254.5120","1","","",""
"line_detail","D140","Paneer Makhani Pizza","raw","pasta pizza sauce","48","pasta pizza sauce_gm_reciepe","30","gm","1","30","0.1369","4.1070","","","","","2254.5120","2254.5120","1","","",""
"line_detail","D140","Paneer Makhani Pizza","raw","pasta pizza sauce","48","pasta pizza sauce_gm_reciepe","10","gm","1","10","0.1369","1.3690","","","","","2254.5120","2254.5120","1","","",""
"line_detail","D140","Paneer Makhani Pizza","raw","pasta pizza sauce","48","pasta pizza sauce_gm_reciepe","30","gm","1","30","0.1369","4.1070","","","","","2254.5120","2254.5120","1","","",""
"line_detail","D140","Paneer Makhani Pizza","raw","pasta pizza sauce","48","pasta pizza sauce_gm_reciepe","10","gm","1","10","0.1369","1.3690","","","","","2254.5120","2254.5120","1","","",""
"line_detail","D140","Paneer Makhani Pizza","raw","pasta pizza sauce","48","pasta pizza sauce_gm_reciepe","30","gm","1","30","0.1369","4.1070","","","","","2254.5120","2254.5120","1","","",""
"line_detail","D140","Paneer Makhani Pizza","raw","pasta pizza sauce","48","pasta pizza sauce_gm_reciepe","10","gm","1","10","0.1369","1.3690","","","","","2254.5120","2254.5120","1","","",""
"line_detail","D140","Paneer Makhani Pizza","raw","pasta pizza sauce","48","pasta pizza sauce_gm_reciepe","30","gm","1","30","0.1369","4.1070","","","","","2254.5120","2254.5120","1","","",""
"line_detail","D140","Paneer Makhani Pizza","raw","pasta pizza sauce","48","pasta pizza sauce_gm_reciepe","30","gm","1","30","0.1369","4.1070","","","","","2254.5120","2254.5120","1","","",""
"line_detail","D140","Paneer Makhani Pizza","raw","pasta pizza sauce","48","pasta pizza sauce_gm_reciepe","10","gm","1","10","0.1369","1.3690","","","","","2254.5120","2254.5120","1","","",""
"line_detail","D140","Paneer Makhani Pizza","raw","pasta pizza sauce","48","pasta pizza sauce_gm_reciepe","30","gm","1","30","0.1369","4.1070","","","","","2254.5120","2254.5120","1","","",""
"line_detail","D140","Paneer Makhani Pizza","raw","pasta pizza sauce","48","pasta pizza sauce_gm_reciepe","10","gm","1","10","0.1369","1.3690","","","","","2254.5120","2254.5120","1","","",""
"line_detail","D140","Paneer Makhani Pizza","raw","pasta pizza sauce","48","pasta pizza sauce_gm_reciepe","30","gm","1","30","0.1369","4.1070","","","","","2254.5120","2254.5120","1","","",""
"dish_summary","D140","Paneer Makhani Pizza","","","","Paneer Makhani Pizza_1_portion","","","","","","2254.5120","standard","false","Paneer Makhani Pizza_1_portion","","2254.5120","2254.5120","1","0","51","0"
"line_detail","D141","Cheese Corn Pizza","raw","PIZZA BASE","B3","PIZZA BASE_gm_reciepe","1","","","","","","","","","","1134.5880","1134.5880","1","","",""
"line_detail","D141","Cheese Corn Pizza","raw","TOMATO KETCHUP","71B","TOMATO KETCHUP_gm_reciepe","10","","","","","","","","","","1134.5880","1134.5880","1","","",""
"line_detail","D141","Cheese Corn Pizza","raw","TOMATO KETCHUP","71B","TOMATO KETCHUP_gm_reciepe","10","","","","","","","","","","1134.5880","1134.5880","1","","",""
"line_detail","D141","Cheese Corn Pizza","raw","TOMATO KETCHUP","71B","TOMATO KETCHUP_gm_reciepe","10","","","","","","","","","","1134.5880","1134.5880","1","","",""
"line_detail","D141","Cheese Corn Pizza","raw","corn","80","corn_gm_reciepe","120","gm","1","120","0.0660","7.9200","","","","","1134.5880","1134.5880","1","","",""
"line_detail","D141","Cheese Corn Pizza","raw","corn","80","corn_gm_reciepe","120","gm","1","120","0.0660","7.9200","","","","","1134.5880","1134.5880","1","","",""
"line_detail","D141","Cheese Corn Pizza","raw","corn","80","corn_gm_reciepe","120","gm","1","120","0.0660","7.9200","","","","","1134.5880","1134.5880","1","","",""
"line_detail","D141","Cheese Corn Pizza","raw","meyo","50","meyo_gm_reciepe","10","gm","1","10","4.5600","45.6000","","","","","1134.5880","1134.5880","1","","",""
"line_detail","D141","Cheese Corn Pizza","raw","meyo","50","meyo_gm_reciepe","10","gm","1","10","4.5600","45.6000","","","","","1134.5880","1134.5880","1","","",""
"line_detail","D141","Cheese Corn Pizza","raw","meyo","50","meyo_gm_reciepe","10","gm","1","10","4.5600","45.6000","","","","","1134.5880","1134.5880","1","","",""
"line_detail","D141","Cheese Corn Pizza","raw","meyo","50","meyo_gm_reciepe","10","gm","1","10","4.5600","45.6000","","","","","1134.5880","1134.5880","1","","",""
"line_detail","D141","Cheese Corn Pizza","raw","meyo","50","meyo_gm_reciepe","10","gm","1","10","4.5600","45.6000","","","","","1134.5880","1134.5880","1","","",""
"line_detail","D141","Cheese Corn Pizza","raw","meyo","50","meyo_gm_reciepe","10","gm","1","10","4.5600","45.6000","","","","","1134.5880","1134.5880","1","","",""
"line_detail","D141","Cheese Corn Pizza","raw","meyo","50","meyo_gm_reciepe","10","gm","1","10","4.5600","45.6000","","","","","1134.5880","1134.5880","1","","",""
"line_detail","D141","Cheese Corn Pizza","raw","meyo","50","meyo_gm_reciepe","10","gm","1","10","4.5600","45.6000","","","","","1134.5880","1134.5880","1","","",""
"line_detail","D141","Cheese Corn Pizza","raw","meyo","50","meyo_gm_reciepe","10","gm","1","10","4.5600","45.6000","","","","","1134.5880","1134.5880","1","","",""
"line_detail","D141","Cheese Corn Pizza","raw","meyo","50","meyo_gm_reciepe","10","gm","1","10","4.5600","45.6000","","","","","1134.5880","1134.5880","1","","",""
"line_detail","D141","Cheese Corn Pizza","raw","meyo","50","meyo_gm_reciepe","10","gm","1","10","4.5600","45.6000","","","","","1134.5880","1134.5880","1","","",""
"line_detail","D141","Cheese Corn Pizza","raw","meyo","50","meyo_gm_reciepe","10","gm","1","10","4.5600","45.6000","","","","","1134.5880","1134.5880","1","","",""
"line_detail","D141","Cheese Corn Pizza","raw","meyo","50","meyo_gm_reciepe","10","gm","1","10","4.5600","45.6000","","","","","1134.5880","1134.5880","1","","",""
"line_detail","D141","Cheese Corn Pizza","raw","meyo","50","meyo_gm_reciepe","10","gm","1","10","4.5600","45.6000","","","","","1134.5880","1134.5880","1","","",""
"line_detail","D141","Cheese Corn Pizza","raw","meyo","50","meyo_gm_reciepe","10","gm","1","10","4.5600","45.6000","","","","","1134.5880","1134.5880","1","","",""
"line_detail","D141","Cheese Corn Pizza","raw","meyo","50","meyo_gm_reciepe","10","gm","1","10","4.5600","45.6000","","","","","1134.5880","1134.5880","1","","",""
"line_detail","D141","Cheese Corn Pizza","raw","meyo","50","meyo_gm_reciepe","10","gm","1","10","4.5600","45.6000","","","","","1134.5880","1134.5880","1","","",""
"line_detail","D141","Cheese Corn Pizza","raw","meyo","50","meyo_gm_reciepe","10","gm","1","10","4.5600","45.6000","","","","","1134.5880","1134.5880","1","","",""
"line_detail","D141","Cheese Corn Pizza","raw","meyo","50","meyo_gm_reciepe","10","gm","1","10","4.5600","45.6000","","","","","1134.5880","1134.5880","1","","",""
"line_detail","D141","Cheese Corn Pizza","raw","meyo","50","meyo_gm_reciepe","10","gm","1","10","4.5600","45.6000","","","","","1134.5880","1134.5880","1","","",""
"line_detail","D141","Cheese Corn Pizza","raw","meyo","50","meyo_gm_reciepe","10","gm","1","10","4.5600","45.6000","","","","","1134.5880","1134.5880","1","","",""
"line_detail","D141","Cheese Corn Pizza","raw","meyo","50","meyo_gm_reciepe","10","gm","1","10","4.5600","45.6000","","","","","1134.5880","1134.5880","1","","",""
"line_detail","D141","Cheese Corn Pizza","raw","meyo","50","meyo_gm_reciepe","10","gm","1","10","4.5600","45.6000","","","","","1134.5880","1134.5880","1","","",""
"line_detail","D141","Cheese Corn Pizza","raw","meyo","50","meyo_gm_reciepe","10","gm","1","10","4.5600","45.6000","","","","","1134.5880","1134.5880","1","","",""
"line_detail","D141","Cheese Corn Pizza","raw","mozerella","74","mozerella_gm_reciepe","115","gm","1","115","","","","","","","1134.5880","1134.5880","1","","",""
"line_detail","D141","Cheese Corn Pizza","raw","mozerella","74","mozerella_gm_reciepe","115","gm","1","115","","","","","","","1134.5880","1134.5880","1","","",""
"line_detail","D141","Cheese Corn Pizza","raw","mozerella","74","mozerella_gm_reciepe","115","gm","1","115","","","","","","","1134.5880","1134.5880","1","","",""
"line_detail","D141","Cheese Corn Pizza","raw","mozerella","74","mozerella_gm_reciepe","115","gm","1","115","","","","","","","1134.5880","1134.5880","1","","",""
"line_detail","D141","Cheese Corn Pizza","raw","mozerella","74","mozerella_gm_reciepe","115","gm","1","115","","","","","","","1134.5880","1134.5880","1","","",""
"line_detail","D141","Cheese Corn Pizza","raw","mozerella","74","mozerella_gm_reciepe","115","gm","1","115","","","","","","","1134.5880","1134.5880","1","","",""
"line_detail","D141","Cheese Corn Pizza","raw","pasta pizza sauce","48","pasta pizza sauce_gm_reciepe","10","gm","1","10","0.1369","1.3690","","","","","1134.5880","1134.5880","1","","",""
"line_detail","D141","Cheese Corn Pizza","raw","pasta pizza sauce","48","pasta pizza sauce_gm_reciepe","10","gm","1","10","0.1369","1.3690","","","","","1134.5880","1134.5880","1","","",""
"line_detail","D141","Cheese Corn Pizza","raw","pasta pizza sauce","48","pasta pizza sauce_gm_reciepe","10","gm","1","10","0.1369","1.3690","","","","","1134.5880","1134.5880","1","","",""
"line_detail","D141","Cheese Corn Pizza","raw","pasta pizza sauce","48","pasta pizza sauce_gm_reciepe","10","gm","1","10","0.1369","1.3690","","","","","1134.5880","1134.5880","1","","",""
"line_detail","D141","Cheese Corn Pizza","raw","pasta pizza sauce","48","pasta pizza sauce_gm_reciepe","10","gm","1","10","0.1369","1.3690","","","","","1134.5880","1134.5880","1","","",""
"line_detail","D141","Cheese Corn Pizza","raw","pasta pizza sauce","48","pasta pizza sauce_gm_reciepe","10","gm","1","10","0.1369","1.3690","","","","","1134.5880","1134.5880","1","","",""
"line_detail","D141","Cheese Corn Pizza","raw","pasta pizza sauce","48","pasta pizza sauce_gm_reciepe","10","gm","1","10","0.1369","1.3690","","","","","1134.5880","1134.5880","1","","",""
"line_detail","D141","Cheese Corn Pizza","raw","pasta pizza sauce","48","pasta pizza sauce_gm_reciepe","10","gm","1","10","0.1369","1.3690","","","","","1134.5880","1134.5880","1","","",""
"line_detail","D141","Cheese Corn Pizza","raw","pasta pizza sauce","48","pasta pizza sauce_gm_reciepe","10","gm","1","10","0.1369","1.3690","","","","","1134.5880","1134.5880","1","","",""
"line_detail","D141","Cheese Corn Pizza","raw","pasta pizza sauce","48","pasta pizza sauce_gm_reciepe","10","gm","1","10","0.1369","1.3690","","","","","1134.5880","1134.5880","1","","",""
"line_detail","D141","Cheese Corn Pizza","raw","pasta pizza sauce","48","pasta pizza sauce_gm_reciepe","10","gm","1","10","0.1369","1.3690","","","","","1134.5880","1134.5880","1","","",""
"line_detail","D141","Cheese Corn Pizza","raw","pasta pizza sauce","48","pasta pizza sauce_gm_reciepe","10","gm","1","10","0.1369","1.3690","","","","","1134.5880","1134.5880","1","","",""
"line_detail","D141","Cheese Corn Pizza","raw","thai chilly","42B","thai chilly_gm_reciepe","20","gm","1","20","","","","","","","1134.5880","1134.5880","1","","",""
"line_detail","D141","Cheese Corn Pizza","raw","thai chilly","42B","thai chilly_gm_reciepe","20","gm","1","20","","","","","","","1134.5880","1134.5880","1","","",""
"line_detail","D141","Cheese Corn Pizza","raw","thai chilly","42B","thai chilly_gm_reciepe","20","gm","1","20","","","","","","","1134.5880","1134.5880","1","","",""
"line_detail","D141","Cheese Corn Pizza","raw","thai chilly","42B","thai chilly_gm_reciepe","20","gm","1","20","","","","","","","1134.5880","1134.5880","1","","",""
"line_detail","D141","Cheese Corn Pizza","raw","thai chilly","42B","thai chilly_gm_reciepe","20","gm","1","20","","","","","","","1134.5880","1134.5880","1","","",""
"line_detail","D141","Cheese Corn Pizza","raw","thai chilly","42B","thai chilly_gm_reciepe","20","gm","1","20","","","","","","","1134.5880","1134.5880","1","","",""
"dish_summary","D141","Cheese Corn Pizza","","","","Cheese Corn Pizza_1_portion","","","","","","1134.5880","standard","false","Cheese Corn Pizza_1_portion","","1134.5880","1134.5880","1","0","16","0"
"line_detail","D142","Margherita Pizza","raw","Basil","V16","Basil_gm_reciepe","10","gm","1","10","","","","","","","1662.7440","1662.7440","1","","",""
"line_detail","D142","Margherita Pizza","raw","Basil","V16","Basil_gm_reciepe","10","gm","1","10","","","","","","","1662.7440","1662.7440","1","","",""
"line_detail","D142","Margherita Pizza","raw","Basil","V16","Basil_gm_reciepe","10","gm","1","10","","","","","","","1662.7440","1662.7440","1","","",""
"line_detail","D142","Margherita Pizza","raw","Basil","V16","Basil_gm_reciepe","10","gm","1","10","","","","","","","1662.7440","1662.7440","1","","",""
"line_detail","D142","Margherita Pizza","raw","Coriander","V9","Coriander_gm_reciepe","3","gm","1","3","","","","","","","1662.7440","1662.7440","1","","",""
"line_detail","D142","Margherita Pizza","raw","Coriander","V9","Coriander_gm_reciepe","3","gm","1","3","","","","","","","1662.7440","1662.7440","1","","",""
"line_detail","D142","Margherita Pizza","raw","Coriander","V9","Coriander_gm_reciepe","3","gm","1","3","","","","","","","1662.7440","1662.7440","1","","",""
"line_detail","D142","Margherita Pizza","raw","Coriander","V9","Coriander_gm_reciepe","3","gm","1","3","","","","","","","1662.7440","1662.7440","1","","",""
"line_detail","D142","Margherita Pizza","raw","Cucumber","V12","Cucumber_gm_reciepe","20","gm","1","20","","","","","","","1662.7440","1662.7440","1","","",""
"line_detail","D142","Margherita Pizza","raw","Cucumber","V12","Cucumber_gm_reciepe","20","gm","1","20","","","","","","","1662.7440","1662.7440","1","","",""
"line_detail","D142","Margherita Pizza","raw","Cucumber","V12","Cucumber_gm_reciepe","20","gm","1","20","","","","","","","1662.7440","1662.7440","1","","",""
"line_detail","D142","Margherita Pizza","raw","Cucumber","V12","Cucumber_gm_reciepe","20","gm","1","20","","","","","","","1662.7440","1662.7440","1","","",""
"line_detail","D142","Margherita Pizza","raw","Lemon","V13","Lemon_gm_reciepe","25","gm","1","25","","","","","","","1662.7440","1662.7440","1","","",""
"line_detail","D142","Margherita Pizza","raw","Lemon","V13","Lemon_gm_reciepe","25","gm","1","25","","","","","","","1662.7440","1662.7440","1","","",""
"line_detail","D142","Margherita Pizza","raw","Lemon","V13","Lemon_gm_reciepe","25","gm","1","25","","","","","","","1662.7440","1662.7440","1","","",""
"line_detail","D142","Margherita Pizza","raw","Lemon","V13","Lemon_gm_reciepe","25","gm","1","25","","","","","","","1662.7440","1662.7440","1","","",""
"line_detail","D142","Margherita Pizza","raw","Onion","V11","Onion_gm_reciepe","20","gm","1","20","","","","","","","1662.7440","1662.7440","1","","",""
"line_detail","D142","Margherita Pizza","raw","Onion","V11","Onion_gm_reciepe","20","gm","1","20","","","","","","","1662.7440","1662.7440","1","","",""
"line_detail","D142","Margherita Pizza","raw","Onion","V11","Onion_gm_reciepe","20","gm","1","20","","","","","","","1662.7440","1662.7440","1","","",""
"line_detail","D142","Margherita Pizza","raw","Onion","V11","Onion_gm_reciepe","20","gm","1","20","","","","","","","1662.7440","1662.7440","1","","",""
"line_detail","D142","Margherita Pizza","raw","PIZZA BASE","B3","","1","","","","","","","","","","1662.7440","1662.7440","1","","",""
"line_detail","D142","Margherita Pizza","raw","PIZZA BASE","B3","","1","","","","","","","","","","1662.7440","1662.7440","1","","",""
"line_detail","D142","Margherita Pizza","raw","PIZZA BASE","B3","","1","","","","","","","","","","1662.7440","1662.7440","1","","",""
"line_detail","D142","Margherita Pizza","raw","PIZZA BASE","B3","PIZZA BASE_gm_reciepe","1","","","","","","","","","","1662.7440","1662.7440","1","","",""
"line_detail","D142","Margherita Pizza","raw","Tomato","V18","Tomato_gm_reciepe","20","gm","1","20","","","","","","","1662.7440","1662.7440","1","","",""
"line_detail","D142","Margherita Pizza","raw","Tomato","V18","Tomato_gm_reciepe","20","gm","1","20","","","","","","","1662.7440","1662.7440","1","","",""
"line_detail","D142","Margherita Pizza","raw","Tomato","V18","Tomato_gm_reciepe","20","gm","1","20","","","","","","","1662.7440","1662.7440","1","","",""
"line_detail","D142","Margherita Pizza","raw","Tomato","V18","Tomato_gm_reciepe","20","gm","1","20","","","","","","","1662.7440","1662.7440","1","","",""
"line_detail","D142","Margherita Pizza","raw","chat amsala","21B","chat amsala_gm_reciepe","2","gm","1","2","","","","","","","1662.7440","1662.7440","1","","",""
"line_detail","D142","Margherita Pizza","raw","chat amsala","21B","chat amsala_gm_reciepe","2","gm","1","2","","","","","","","1662.7440","1662.7440","1","","",""
"line_detail","D142","Margherita Pizza","raw","chat amsala","21B","chat amsala_gm_reciepe","2","gm","1","2","","","","","","","1662.7440","1662.7440","1","","",""
"line_detail","D142","Margherita Pizza","raw","chat amsala","21B","chat amsala_gm_reciepe","2","gm","1","2","","","","","","","1662.7440","1662.7440","1","","",""
"line_detail","D142","Margherita Pizza","raw","chat amsala","21B","chat amsala_gm_reciepe","2","gm","1","2","","","","","","","1662.7440","1662.7440","1","","",""
"line_detail","D142","Margherita Pizza","raw","chat amsala","21B","chat amsala_gm_reciepe","2","gm","1","2","","","","","","","1662.7440","1662.7440","1","","",""
"line_detail","D142","Margherita Pizza","raw","chat amsala","21B","chat amsala_gm_reciepe","2","gm","1","2","","","","","","","1662.7440","1662.7440","1","","",""
"line_detail","D142","Margherita Pizza","raw","chat amsala","21B","chat amsala_gm_reciepe","2","gm","1","2","","","","","","","1662.7440","1662.7440","1","","",""
"line_detail","D142","Margherita Pizza","raw","chat amsala","21B","chat amsala_gm_reciepe","2","gm","1","2","","","","","","","1662.7440","1662.7440","1","","",""
"line_detail","D142","Margherita Pizza","raw","chilly flakes+oregano","61  62","chilly flakes+oregano_gm_reciepe","14","gm","1","14","","","","","","","1662.7440","1662.7440","1","","",""
"line_detail","D142","Margherita Pizza","raw","chilly flakes+oregano","61  62","chilly flakes+oregano_gm_reciepe","14","gm","1","14","","","","","","","1662.7440","1662.7440","1","","",""
"line_detail","D142","Margherita Pizza","raw","chilly flakes+oregano","61  62","chilly flakes+oregano_gm_reciepe","14","gm","1","14","","","","","","","1662.7440","1662.7440","1","","",""
"line_detail","D142","Margherita Pizza","raw","chilly flakes+oregano","61  62","chilly flakes+oregano_gm_reciepe","14","gm","1","14","","","","","","","1662.7440","1662.7440","1","","",""
"line_detail","D142","Margherita Pizza","raw","chilly flakes+oregano","61  62","chilly flakes+oregano_gm_reciepe","14","gm","1","14","","","","","","","1662.7440","1662.7440","1","","",""
"line_detail","D142","Margherita Pizza","raw","chilly flakes+oregano","61  62","chilly flakes+oregano_gm_reciepe","14","gm","1","14","","","","","","","1662.7440","1662.7440","1","","",""
"line_detail","D142","Margherita Pizza","raw","chilly flakes+oregano","61  62","chilly flakes+oregano_gm_reciepe","14","gm","1","14","","","","","","","1662.7440","1662.7440","1","","",""
"line_detail","D142","Margherita Pizza","raw","chilly flakes+oregano","61  62","chilly flakes+oregano_gm_reciepe","14","gm","1","14","","","","","","","1662.7440","1662.7440","1","","",""
"line_detail","D142","Margherita Pizza","raw","chilly flakes+oregano","61  62","chilly flakes+oregano_gm_reciepe","14","gm","1","14","","","","","","","1662.7440","1662.7440","1","","",""
"line_detail","D142","Margherita Pizza","raw","chilly flakes+oregano","61  62","chilly flakes+oregano_gm_reciepe","14","gm","1","14","","","","","","","1662.7440","1662.7440","1","","",""
"line_detail","D142","Margherita Pizza","raw","chilly flakes+oregano","61  62","chilly flakes+oregano_gm_reciepe","14","gm","1","14","","","","","","","1662.7440","1662.7440","1","","",""
"line_detail","D142","Margherita Pizza","raw","chilly flakes+oregano","61  62","chilly flakes+oregano_gm_reciepe","14","gm","1","14","","","","","","","1662.7440","1662.7440","1","","",""
"line_detail","D142","Margherita Pizza","raw","dal","5","dal_gm_reciepe","250","gm","1","250","0.1560","39.0000","","","","","1662.7440","1662.7440","1","","",""
"line_detail","D142","Margherita Pizza","raw","dal","5","dal_gm_reciepe","250","gm","1","250","0.1560","39.0000","","","","","1662.7440","1662.7440","1","","",""
"line_detail","D142","Margherita Pizza","raw","dal","5","dal_gm_reciepe","250","gm","1","250","0.1560","39.0000","","","","","1662.7440","1662.7440","1","","",""
"line_detail","D142","Margherita Pizza","raw","dal","5","dal_gm_reciepe","250","gm","1","250","0.1560","39.0000","","","","","1662.7440","1662.7440","1","","",""
"line_detail","D142","Margherita Pizza","raw","dal","5","dal_gm_reciepe","250","gm","1","250","0.1560","39.0000","","","","","1662.7440","1662.7440","1","","",""
"line_detail","D142","Margherita Pizza","raw","dal","5","dal_gm_reciepe","250","gm","1","250","0.1560","39.0000","","","","","1662.7440","1662.7440","1","","",""
"line_detail","D142","Margherita Pizza","raw","lal mirch","110","lal mirch_gm_reciepe","2","gm","1","2","","","","","","","1662.7440","1662.7440","1","","",""
"line_detail","D142","Margherita Pizza","raw","lal mirch","110","lal mirch_gm_reciepe","2","gm","1","2","","","","","","","1662.7440","1662.7440","1","","",""
"line_detail","D142","Margherita Pizza","raw","lal mirch","110","lal mirch_gm_reciepe","2","gm","1","2","","","","","","","1662.7440","1662.7440","1","","",""
"line_detail","D142","Margherita Pizza","raw","matar","79","matar_gm_reciepe","15","gm","1","15","0.0390","0.5850","","","","","1662.7440","1662.7440","1","","",""
"line_detail","D142","Margherita Pizza","raw","matar","79","matar_gm_reciepe","15","gm","1","15","0.0390","0.5850","","","","","1662.7440","1662.7440","1","","",""
"line_detail","D142","Margherita Pizza","raw","matar","79","matar_gm_reciepe","15","gm","1","15","0.0390","0.5850","","","","","1662.7440","1662.7440","1","","",""
"line_detail","D142","Margherita Pizza","raw","matar","79","matar_gm_reciepe","15","gm","1","15","0.0390","0.5850","","","","","1662.7440","1662.7440","1","","",""
"line_detail","D142","Margherita Pizza","raw","matar","79","matar_gm_reciepe","15","gm","1","15","0.0390","0.5850","","","","","1662.7440","1662.7440","1","","",""
"line_detail","D142","Margherita Pizza","raw","matar","79","matar_gm_reciepe","15","gm","1","15","0.0390","0.5850","","","","","1662.7440","1662.7440","1","","",""
"line_detail","D142","Margherita Pizza","raw","meyo","50","meyo_gm_reciepe","10","gm","1","10","4.5600","45.6000","","","","","1662.7440","1662.7440","1","","",""
"line_detail","D142","Margherita Pizza","raw","meyo","50","meyo_gm_reciepe","10","gm","1","10","4.5600","45.6000","","","","","1662.7440","1662.7440","1","","",""
"line_detail","D142","Margherita Pizza","raw","meyo","50","meyo_gm_reciepe","10","gm","1","10","4.5600","45.6000","","","","","1662.7440","1662.7440","1","","",""
"line_detail","D142","Margherita Pizza","raw","meyo","50","meyo_gm_reciepe","10","gm","1","10","4.5600","45.6000","","","","","1662.7440","1662.7440","1","","",""
"line_detail","D142","Margherita Pizza","raw","meyo","50","meyo_gm_reciepe","10","gm","1","10","4.5600","45.6000","","","","","1662.7440","1662.7440","1","","",""
"line_detail","D142","Margherita Pizza","raw","meyo","50","meyo_gm_reciepe","10","gm","1","10","4.5600","45.6000","","","","","1662.7440","1662.7440","1","","",""
"line_detail","D142","Margherita Pizza","raw","meyo","50","meyo_gm_reciepe","10","gm","1","10","4.5600","45.6000","","","","","1662.7440","1662.7440","1","","",""
"line_detail","D142","Margherita Pizza","raw","meyo","50","meyo_gm_reciepe","10","gm","1","10","4.5600","45.6000","","","","","1662.7440","1662.7440","1","","",""
"line_detail","D142","Margherita Pizza","raw","meyo","50","meyo_gm_reciepe","10","gm","1","10","4.5600","45.6000","","","","","1662.7440","1662.7440","1","","",""
"line_detail","D142","Margherita Pizza","raw","meyo","50","meyo_gm_reciepe","10","gm","1","10","4.5600","45.6000","","","","","1662.7440","1662.7440","1","","",""
"line_detail","D142","Margherita Pizza","raw","meyo","50","meyo_gm_reciepe","10","gm","1","10","4.5600","45.6000","","","","","1662.7440","1662.7440","1","","",""
"line_detail","D142","Margherita Pizza","raw","meyo","50","meyo_gm_reciepe","10","gm","1","10","4.5600","45.6000","","","","","1662.7440","1662.7440","1","","",""
"line_detail","D142","Margherita Pizza","raw","meyo","50","meyo_gm_reciepe","10","gm","1","10","4.5600","45.6000","","","","","1662.7440","1662.7440","1","","",""
"line_detail","D142","Margherita Pizza","raw","meyo","50","meyo_gm_reciepe","10","gm","1","10","4.5600","45.6000","","","","","1662.7440","1662.7440","1","","",""
"line_detail","D142","Margherita Pizza","raw","meyo","50","meyo_gm_reciepe","10","gm","1","10","4.5600","45.6000","","","","","1662.7440","1662.7440","1","","",""
"line_detail","D142","Margherita Pizza","raw","meyo","50","meyo_gm_reciepe","10","gm","1","10","4.5600","45.6000","","","","","1662.7440","1662.7440","1","","",""
"line_detail","D142","Margherita Pizza","raw","meyo","50","meyo_gm_reciepe","10","gm","1","10","4.5600","45.6000","","","","","1662.7440","1662.7440","1","","",""
"line_detail","D142","Margherita Pizza","raw","meyo","50","meyo_gm_reciepe","10","gm","1","10","4.5600","45.6000","","","","","1662.7440","1662.7440","1","","",""
"line_detail","D142","Margherita Pizza","raw","meyo","50","meyo_gm_reciepe","10","gm","1","10","4.5600","45.6000","","","","","1662.7440","1662.7440","1","","",""
"line_detail","D142","Margherita Pizza","raw","meyo","50","meyo_gm_reciepe","10","gm","1","10","4.5600","45.6000","","","","","1662.7440","1662.7440","1","","",""
"line_detail","D142","Margherita Pizza","raw","meyo","50","meyo_gm_reciepe","10","gm","1","10","4.5600","45.6000","","","","","1662.7440","1662.7440","1","","",""
"line_detail","D142","Margherita Pizza","raw","meyo","50","meyo_gm_reciepe","10","gm","1","10","4.5600","45.6000","","","","","1662.7440","1662.7440","1","","",""
"line_detail","D142","Margherita Pizza","raw","meyo","50","meyo_gm_reciepe","10","gm","1","10","4.5600","45.6000","","","","","1662.7440","1662.7440","1","","",""
"line_detail","D142","Margherita Pizza","raw","meyo","50","meyo_gm_reciepe","10","gm","1","10","4.5600","45.6000","","","","","1662.7440","1662.7440","1","","",""
"line_detail","D142","Margherita Pizza","raw","mozerella","74","mozerella_gm_reciepe","10","gm","1","10","","","","","","","1662.7440","1662.7440","1","","",""
"line_detail","D142","Margherita Pizza","raw","mozerella","74","mozerella_gm_reciepe","130","gm","1","130","","","","","","","1662.7440","1662.7440","1","","",""
"line_detail","D142","Margherita Pizza","raw","mozerella","74","mozerella_gm_reciepe","10","gm","1","10","","","","","","","1662.7440","1662.7440","1","","",""
"line_detail","D142","Margherita Pizza","raw","mozerella","74","mozerella_gm_reciepe","130","gm","1","130","","","","","","","1662.7440","1662.7440","1","","",""
"line_detail","D142","Margherita Pizza","raw","mozerella","74","mozerella_gm_reciepe","10","gm","1","10","","","","","","","1662.7440","1662.7440","1","","",""
"line_detail","D142","Margherita Pizza","raw","mozerella","74","mozerella_gm_reciepe","10","gm","1","10","","","","","","","1662.7440","1662.7440","1","","",""
"line_detail","D142","Margherita Pizza","raw","mozerella","74","mozerella_gm_reciepe","10","gm","1","10","","","","","","","1662.7440","1662.7440","1","","",""
"line_detail","D142","Margherita Pizza","raw","mozerella","74","mozerella_gm_reciepe","10","gm","1","10","","","","","","","1662.7440","1662.7440","1","","",""
"line_detail","D142","Margherita Pizza","raw","mozerella","74","mozerella_gm_reciepe","10","gm","1","10","","","","","","","1662.7440","1662.7440","1","","",""
"line_detail","D142","Margherita Pizza","raw","mozerella","74","mozerella_gm_reciepe","130","gm","1","130","","","","","","","1662.7440","1662.7440","1","","",""
"line_detail","D142","Margherita Pizza","raw","mozerella","74","mozerella_gm_reciepe","10","gm","1","10","","","","","","","1662.7440","1662.7440","1","","",""
"line_detail","D142","Margherita Pizza","raw","mozerella","74","mozerella_gm_reciepe","10","gm","1","10","","","","","","","1662.7440","1662.7440","1","","",""
"line_detail","D142","Margherita Pizza","raw","mozerella","74","mozerella_gm_reciepe","10","gm","1","10","","","","","","","1662.7440","1662.7440","1","","",""
"line_detail","D142","Margherita Pizza","raw","mozerella","74","mozerella_gm_reciepe","130","gm","1","130","","","","","","","1662.7440","1662.7440","1","","",""
"line_detail","D142","Margherita Pizza","raw","mozerella","74","mozerella_gm_reciepe","10","gm","1","10","","","","","","","1662.7440","1662.7440","1","","",""
"line_detail","D142","Margherita Pizza","raw","mozerella","74","mozerella_gm_reciepe","10","gm","1","10","","","","","","","1662.7440","1662.7440","1","","",""
"line_detail","D142","Margherita Pizza","raw","mozerella","74","mozerella_gm_reciepe","10","gm","1","10","","","","","","","1662.7440","1662.7440","1","","",""
"line_detail","D142","Margherita Pizza","raw","mozerella","74","mozerella_gm_reciepe","130","gm","1","130","","","","","","","1662.7440","1662.7440","1","","",""
"line_detail","D142","Margherita Pizza","raw","mozerella","74","mozerella_gm_reciepe","10","gm","1","10","","","","","","","1662.7440","1662.7440","1","","",""
"line_detail","D142","Margherita Pizza","raw","mozerella","74","mozerella_gm_reciepe","10","gm","1","10","","","","","","","1662.7440","1662.7440","1","","",""
"line_detail","D142","Margherita Pizza","raw","mozerella","74","mozerella_gm_reciepe","10","gm","1","10","","","","","","","1662.7440","1662.7440","1","","",""
"line_detail","D142","Margherita Pizza","raw","mozerella","74","mozerella_gm_reciepe","10","gm","1","10","","","","","","","1662.7440","1662.7440","1","","",""
"line_detail","D142","Margherita Pizza","raw","mozerella","74","mozerella_gm_reciepe","10","gm","1","10","","","","","","","1662.7440","1662.7440","1","","",""
"line_detail","D142","Margherita Pizza","raw","mozerella","74","mozerella_gm_reciepe","10","gm","1","10","","","","","","","1662.7440","1662.7440","1","","",""
"line_detail","D142","Margherita Pizza","raw","mozerella","74","mozerella_gm_reciepe","10","gm","1","10","","","","","","","1662.7440","1662.7440","1","","",""
"line_detail","D142","Margherita Pizza","raw","mozerella","74","mozerella_gm_reciepe","130","gm","1","130","","","","","","","1662.7440","1662.7440","1","","",""
"line_detail","D142","Margherita Pizza","raw","mozerella","74","mozerella_gm_reciepe","10","gm","1","10","","","","","","","1662.7440","1662.7440","1","","",""
"line_detail","D142","Margherita Pizza","raw","mozerella","74","mozerella_gm_reciepe","10","gm","1","10","","","","","","","1662.7440","1662.7440","1","","",""
"line_detail","D142","Margherita Pizza","raw","mozerella","74","mozerella_gm_reciepe","10","gm","1","10","","","","","","","1662.7440","1662.7440","1","","",""
"line_detail","D142","Margherita Pizza","raw","mozerella","74","mozerella_gm_reciepe","10","gm","1","10","","","","","","","1662.7440","1662.7440","1","","",""
"line_detail","D142","Margherita Pizza","raw","pasta pizza sauce","48","pasta pizza sauce_gm_reciepe","10","gm","1","10","0.1369","1.3690","","","","","1662.7440","1662.7440","1","","",""
"line_detail","D142","Margherita Pizza","raw","pasta pizza sauce","48","pasta pizza sauce_gm_reciepe","10","gm","1","10","0.1369","1.3690","","","","","1662.7440","1662.7440","1","","",""
"line_detail","D142","Margherita Pizza","raw","pasta pizza sauce","48","pasta pizza sauce_gm_reciepe","10","gm","1","10","0.1369","1.3690","","","","","1662.7440","1662.7440","1","","",""
"line_detail","D142","Margherita Pizza","raw","pasta pizza sauce","48","pasta pizza sauce_gm_reciepe","10","gm","1","10","0.1369","1.3690","","","","","1662.7440","1662.7440","1","","",""
"line_detail","D142","Margherita Pizza","raw","pasta pizza sauce","48","pasta pizza sauce_gm_reciepe","10","gm","1","10","0.1369","1.3690","","","","","1662.7440","1662.7440","1","","",""
"line_detail","D142","Margherita Pizza","raw","pasta pizza sauce","48","pasta pizza sauce_gm_reciepe","10","gm","1","10","0.1369","1.3690","","","","","1662.7440","1662.7440","1","","",""
"line_detail","D142","Margherita Pizza","raw","pasta pizza sauce","48","pasta pizza sauce_gm_reciepe","10","gm","1","10","0.1369","1.3690","","","","","1662.7440","1662.7440","1","","",""
"line_detail","D142","Margherita Pizza","raw","pasta pizza sauce","48","pasta pizza sauce_gm_reciepe","10","gm","1","10","0.1369","1.3690","","","","","1662.7440","1662.7440","1","","",""
"line_detail","D142","Margherita Pizza","raw","pasta pizza sauce","48","pasta pizza sauce_gm_reciepe","10","gm","1","10","0.1369","1.3690","","","","","1662.7440","1662.7440","1","","",""
"line_detail","D142","Margherita Pizza","raw","pasta pizza sauce","48","pasta pizza sauce_gm_reciepe","10","gm","1","10","0.1369","1.3690","","","","","1662.7440","1662.7440","1","","",""
"line_detail","D142","Margherita Pizza","raw","pasta pizza sauce","48","pasta pizza sauce_gm_reciepe","10","gm","1","10","0.1369","1.3690","","","","","1662.7440","1662.7440","1","","",""
"line_detail","D142","Margherita Pizza","raw","pasta pizza sauce","48","pasta pizza sauce_gm_reciepe","10","gm","1","10","0.1369","1.3690","","","","","1662.7440","1662.7440","1","","",""
"line_detail","D142","Margherita Pizza","raw","pasta sauce","48","pasta sauce_gm_reciepe","30","gm","1","30","0.1369","4.1070","","","","","1662.7440","1662.7440","1","","",""
"line_detail","D142","Margherita Pizza","raw","pasta sauce","48","pasta sauce_gm_reciepe","30","gm","1","30","0.1369","4.1070","","","","","1662.7440","1662.7440","1","","",""
"line_detail","D142","Margherita Pizza","raw","pasta sauce","48","pasta sauce_gm_reciepe","30","gm","1","30","0.1369","4.1070","","","","","1662.7440","1662.7440","1","","",""
"line_detail","D142","Margherita Pizza","raw","pasta sauce","48","pasta sauce_gm_reciepe","30","gm","1","30","0.1369","4.1070","","","","","1662.7440","1662.7440","1","","",""
"line_detail","D142","Margherita Pizza","raw","pasta sauce","48","pasta sauce_gm_reciepe","30","gm","1","30","0.1369","4.1070","","","","","1662.7440","1662.7440","1","","",""
"line_detail","D142","Margherita Pizza","raw","pasta sauce","48","pasta sauce_gm_reciepe","30","gm","1","30","0.1369","4.1070","","","","","1662.7440","1662.7440","1","","",""
"line_detail","D142","Margherita Pizza","raw","pasta sauce","48","pasta sauce_gm_reciepe","30","gm","1","30","0.1369","4.1070","","","","","1662.7440","1662.7440","1","","",""
"line_detail","D142","Margherita Pizza","raw","pasta sauce","48","pasta sauce_gm_reciepe","30","gm","1","30","0.1369","4.1070","","","","","1662.7440","1662.7440","1","","",""
"line_detail","D142","Margherita Pizza","raw","pasta sauce","48","pasta sauce_gm_reciepe","30","gm","1","30","0.1369","4.1070","","","","","1662.7440","1662.7440","1","","",""
"line_detail","D142","Margherita Pizza","raw","pasta sauce","48","pasta sauce_gm_reciepe","30","gm","1","30","0.1369","4.1070","","","","","1662.7440","1662.7440","1","","",""
"line_detail","D142","Margherita Pizza","raw","pasta sauce","48","pasta sauce_gm_reciepe","30","gm","1","30","0.1369","4.1070","","","","","1662.7440","1662.7440","1","","",""
"line_detail","D142","Margherita Pizza","raw","pasta sauce","48","pasta sauce_gm_reciepe","30","gm","1","30","0.1369","4.1070","","","","","1662.7440","1662.7440","1","","",""
"line_detail","D142","Margherita Pizza","raw","pasta sauce","48","pasta sauce_gm_reciepe","30","gm","1","30","0.1369","4.1070","","","","","1662.7440","1662.7440","1","","",""
"line_detail","D142","Margherita Pizza","raw","pasta sauce","48","pasta sauce_gm_reciepe","30","gm","1","30","0.1369","4.1070","","","","","1662.7440","1662.7440","1","","",""
"line_detail","D142","Margherita Pizza","raw","pasta sauce","48","pasta sauce_gm_reciepe","30","gm","1","30","0.1369","4.1070","","","","","1662.7440","1662.7440","1","","",""
"line_detail","D142","Margherita Pizza","raw","pasta sauce","48","pasta sauce_gm_reciepe","30","gm","1","30","0.1369","4.1070","","","","","1662.7440","1662.7440","1","","",""
"line_detail","D142","Margherita Pizza","raw","pasta sauce","48","pasta sauce_gm_reciepe","30","gm","1","30","0.1369","4.1070","","","","","1662.7440","1662.7440","1","","",""
"line_detail","D142","Margherita Pizza","raw","pasta sauce","48","pasta sauce_gm_reciepe","30","gm","1","30","0.1369","4.1070","","","","","1662.7440","1662.7440","1","","",""
"line_detail","D142","Margherita Pizza","raw","pasta sauce","48","pasta sauce_gm_reciepe","30","gm","1","30","0.1369","4.1070","","","","","1662.7440","1662.7440","1","","",""
"line_detail","D142","Margherita Pizza","raw","pasta sauce","48","pasta sauce_gm_reciepe","30","gm","1","30","0.1369","4.1070","","","","","1662.7440","1662.7440","1","","",""
"line_detail","D142","Margherita Pizza","raw","pasta sauce","48","pasta sauce_gm_reciepe","30","gm","1","30","0.1369","4.1070","","","","","1662.7440","1662.7440","1","","",""
"line_detail","D142","Margherita Pizza","raw","pasta sauce","48","pasta sauce_gm_reciepe","30","gm","1","30","0.1369","4.1070","","","","","1662.7440","1662.7440","1","","",""
"line_detail","D142","Margherita Pizza","raw","pasta sauce","48","pasta sauce_gm_reciepe","30","gm","1","30","0.1369","4.1070","","","","","1662.7440","1662.7440","1","","",""
"line_detail","D142","Margherita Pizza","raw","pasta sauce","48","pasta sauce_gm_reciepe","30","gm","1","30","0.1369","4.1070","","","","","1662.7440","1662.7440","1","","",""
"line_detail","D142","Margherita Pizza","raw","pasta sauce","48","pasta sauce_gm_reciepe","30","gm","1","30","0.1369","4.1070","","","","","1662.7440","1662.7440","1","","",""
"line_detail","D142","Margherita Pizza","raw","pasta sauce","48","pasta sauce_gm_reciepe","30","gm","1","30","0.1369","4.1070","","","","","1662.7440","1662.7440","1","","",""
"line_detail","D142","Margherita Pizza","raw","pasta sauce","48","pasta sauce_gm_reciepe","30","gm","1","30","0.1369","4.1070","","","","","1662.7440","1662.7440","1","","",""
"line_detail","D142","Margherita Pizza","raw","pasta sauce","48","pasta sauce_gm_reciepe","30","gm","1","30","0.1369","4.1070","","","","","1662.7440","1662.7440","1","","",""
"line_detail","D142","Margherita Pizza","raw","pasta sauce","48","pasta sauce_gm_reciepe","30","gm","1","30","0.1369","4.1070","","","","","1662.7440","1662.7440","1","","",""
"line_detail","D142","Margherita Pizza","raw","pasta sauce","48","pasta sauce_gm_reciepe","30","gm","1","30","0.1369","4.1070","","","","","1662.7440","1662.7440","1","","",""
"line_detail","D142","Margherita Pizza","raw","pasta sauce","48","pasta sauce_gm_reciepe","30","gm","1","30","0.1369","4.1070","","","","","1662.7440","1662.7440","1","","",""
"line_detail","D142","Margherita Pizza","raw","pasta sauce","48","pasta sauce_gm_reciepe","30","gm","1","30","0.1369","4.1070","","","","","1662.7440","1662.7440","1","","",""
"line_detail","D142","Margherita Pizza","raw","pasta sauce","48","pasta sauce_gm_reciepe","30","gm","1","30","0.1369","4.1070","","","","","1662.7440","1662.7440","1","","",""
"line_detail","D142","Margherita Pizza","raw","pasta sauce","48","pasta sauce_gm_reciepe","30","gm","1","30","0.1369","4.1070","","","","","1662.7440","1662.7440","1","","",""
"line_detail","D142","Margherita Pizza","raw","pasta sauce","48","pasta sauce_gm_reciepe","30","gm","1","30","0.1369","4.1070","","","","","1662.7440","1662.7440","1","","",""
"line_detail","D142","Margherita Pizza","raw","pasta sauce","48","pasta sauce_gm_reciepe","30","gm","1","30","0.1369","4.1070","","","","","1662.7440","1662.7440","1","","",""
"line_detail","D142","Margherita Pizza","raw","pasta sauce","48","pasta sauce_gm_reciepe","30","gm","1","30","0.1369","4.1070","","","","","1662.7440","1662.7440","1","","",""
"line_detail","D142","Margherita Pizza","raw","pasta sauce","48","pasta sauce_gm_reciepe","30","gm","1","30","0.1369","4.1070","","","","","1662.7440","1662.7440","1","","",""
"line_detail","D142","Margherita Pizza","raw","pasta sauce","48","pasta sauce_gm_reciepe","30","gm","1","30","0.1369","4.1070","","","","","1662.7440","1662.7440","1","","",""
"line_detail","D142","Margherita Pizza","raw","pasta sauce","48","pasta sauce_gm_reciepe","30","gm","1","30","0.1369","4.1070","","","","","1662.7440","1662.7440","1","","",""
"line_detail","D142","Margherita Pizza","raw","pasta sauce","48","pasta sauce_gm_reciepe","30","gm","1","30","0.1369","4.1070","","","","","1662.7440","1662.7440","1","","",""
"line_detail","D142","Margherita Pizza","raw","pasta sauce","48","pasta sauce_gm_reciepe","30","gm","1","30","0.1369","4.1070","","","","","1662.7440","1662.7440","1","","",""
"line_detail","D142","Margherita Pizza","raw","pasta sauce","48","pasta sauce_gm_reciepe","30","gm","1","30","0.1369","4.1070","","","","","1662.7440","1662.7440","1","","",""
"line_detail","D142","Margherita Pizza","raw","pasta sauce","48","pasta sauce_gm_reciepe","30","gm","1","30","0.1369","4.1070","","","","","1662.7440","1662.7440","1","","",""
"line_detail","D142","Margherita Pizza","raw","pasta sauce","48","pasta sauce_gm_reciepe","30","gm","1","30","0.1369","4.1070","","","","","1662.7440","1662.7440","1","","",""
"line_detail","D142","Margherita Pizza","raw","pasta sauce","48","pasta sauce_gm_reciepe","30","gm","1","30","0.1369","4.1070","","","","","1662.7440","1662.7440","1","","",""
"line_detail","D142","Margherita Pizza","raw","pasta sauce","48","pasta sauce_gm_reciepe","30","gm","1","30","0.1369","4.1070","","","","","1662.7440","1662.7440","1","","",""
"line_detail","D142","Margherita Pizza","raw","pasta sauce","48","pasta sauce_gm_reciepe","30","gm","1","30","0.1369","4.1070","","","","","1662.7440","1662.7440","1","","",""
"line_detail","D142","Margherita Pizza","raw","rice","3","rice_gm_reciepe","250","gm","1","250","0.1560","39.0000","","","","","1662.7440","1662.7440","1","","",""
"line_detail","D142","Margherita Pizza","raw","rice","3","rice_gm_reciepe","250","gm","1","250","0.1560","39.0000","","","","","1662.7440","1662.7440","1","","",""
"line_detail","D142","Margherita Pizza","raw","rice","3","rice_gm_reciepe","250","gm","1","250","0.1560","39.0000","","","","","1662.7440","1662.7440","1","","",""
"line_detail","D142","Margherita Pizza","raw","salt","27A","salt_gm_reciepe","3","gm","1","3","0.0300","0.0900","","","","","1662.7440","1662.7440","1","","",""
"line_detail","D142","Margherita Pizza","raw","salt","27A","salt_gm_reciepe","3","gm","1","3","0.0300","0.0900","","","","","1662.7440","1662.7440","1","","",""
"line_detail","D142","Margherita Pizza","raw","salt","27A","salt_gm_reciepe","3","gm","1","3","0.0300","0.0900","","","","","1662.7440","1662.7440","1","","",""
"dish_summary","D142","Margherita Pizza","","","","Margherita Pizza_1_portion","","","","","","1662.7440","standard","false","Margherita Pizza_1_portion","","1662.7440","1662.7440","1","0","82","0"
"line_detail","D143","Peri Peri Pizza","raw","Capsicum","V1","Capsicum_gm_reciepe","10","gm","1","10","","","","","","","11540.4840","11540.4840","1","","",""
"line_detail","D143","Peri Peri Pizza","raw","Capsicum","V1","Capsicum_gm_reciepe","10","gm","1","10","","","","","","","11540.4840","11540.4840","1","","",""
"line_detail","D143","Peri Peri Pizza","raw","Capsicum","V1","Capsicum_gm_reciepe","10","gm","1","10","","","","","","","11540.4840","11540.4840","1","","",""
"line_detail","D143","Peri Peri Pizza","raw","Capsicum","V1","Capsicum_gm_reciepe","10","gm","1","10","","","","","","","11540.4840","11540.4840","1","","",""
"line_detail","D143","Peri Peri Pizza","raw","Capsicum","V1","Capsicum_gm_reciepe","10","gm","1","10","","","","","","","11540.4840","11540.4840","1","","",""
"line_detail","D143","Peri Peri Pizza","raw","Capsicum","V1","Capsicum_gm_reciepe","10","gm","1","10","","","","","","","11540.4840","11540.4840","1","","",""
"line_detail","D143","Peri Peri Pizza","raw","Capsicum","V1","Capsicum_gm_reciepe","10","gm","1","10","","","","","","","11540.4840","11540.4840","1","","",""
"line_detail","D143","Peri Peri Pizza","raw","Capsicum","V1","Capsicum_gm_reciepe","10","gm","1","10","","","","","","","11540.4840","11540.4840","1","","",""
"line_detail","D143","Peri Peri Pizza","raw","Onion","V11","Onion_gm_reciepe","5","gm","1","5","","","","","","","11540.4840","11540.4840","1","","",""
"line_detail","D143","Peri Peri Pizza","raw","Onion","V11","Onion_gm_reciepe","5","gm","1","5","","","","","","","11540.4840","11540.4840","1","","",""
"line_detail","D143","Peri Peri Pizza","raw","Onion","V11","Onion_gm_reciepe","5","gm","1","5","","","","","","","11540.4840","11540.4840","1","","",""
"line_detail","D143","Peri Peri Pizza","raw","Onion","V11","Onion_gm_reciepe","7","gm","1","7","","","","","","","11540.4840","11540.4840","1","","",""
"line_detail","D143","Peri Peri Pizza","raw","Onion","V11","Onion_gm_reciepe","7","gm","1","7","","","","","","","11540.4840","11540.4840","1","","",""
"line_detail","D143","Peri Peri Pizza","raw","Onion","V11","Onion_gm_reciepe","7","gm","1","7","","","","","","","11540.4840","11540.4840","1","","",""
"line_detail","D143","Peri Peri Pizza","raw","Onion","V11","Onion_gm_reciepe","5","gm","1","5","","","","","","","11540.4840","11540.4840","1","","",""
"line_detail","D143","Peri Peri Pizza","raw","Onion","V11","Onion_gm_reciepe","7","gm","1","7","","","","","","","11540.4840","11540.4840","1","","",""
"line_detail","D143","Peri Peri Pizza","raw","PIZZA BASE","B3","PIZZA BASE_gm_reciepe","1","","","","","","","","","","11540.4840","11540.4840","1","","",""
"line_detail","D143","Peri Peri Pizza","raw","chilly + oregano","61 62","chilly + oregano_gm_reciepe","5","gm","1","5","","","","","","","11540.4840","11540.4840","1","","",""
"line_detail","D143","Peri Peri Pizza","raw","chilly + oregano","61 62","chilly + oregano_gm_reciepe","5","gm","1","5","","","","","","","11540.4840","11540.4840","1","","",""
"line_detail","D143","Peri Peri Pizza","raw","chilly + oregano","61 62","chilly + oregano_gm_reciepe","5","gm","1","5","","","","","","","11540.4840","11540.4840","1","","",""
"line_detail","D143","Peri Peri Pizza","raw","chilly + oregano","61 62","chilly + oregano_gm_reciepe","5","gm","1","5","","","","","","","11540.4840","11540.4840","1","","",""
"line_detail","D143","Peri Peri Pizza","raw","chilly + oregano","61 62","chilly + oregano_gm_reciepe","5","gm","1","5","","","","","","","11540.4840","11540.4840","1","","",""
"line_detail","D143","Peri Peri Pizza","raw","chilly + oregano","61 62","chilly + oregano_gm_reciepe","5","gm","1","5","","","","","","","11540.4840","11540.4840","1","","",""
"line_detail","D143","Peri Peri Pizza","raw","chilly + oregano","61 62","chilly + oregano_gm_reciepe","5","gm","1","5","","","","","","","11540.4840","11540.4840","1","","",""
"line_detail","D143","Peri Peri Pizza","raw","chilly + oregano","61 62","chilly + oregano_gm_reciepe","5","gm","1","5","","","","","","","11540.4840","11540.4840","1","","",""
"line_detail","D143","Peri Peri Pizza","raw","chilly + oregano","61 62","chilly + oregano_gm_reciepe","5","gm","1","5","","","","","","","11540.4840","11540.4840","1","","",""
"line_detail","D143","Peri Peri Pizza","raw","chilly + oregano","61 62","chilly + oregano_gm_reciepe","5","gm","1","5","","","","","","","11540.4840","11540.4840","1","","",""
"line_detail","D143","Peri Peri Pizza","raw","chilly + oregano","61 62","chilly + oregano_gm_reciepe","5","gm","1","5","","","","","","","11540.4840","11540.4840","1","","",""
"line_detail","D143","Peri Peri Pizza","raw","chilly + oregano","61 62","chilly + oregano_gm_reciepe","5","gm","1","5","","","","","","","11540.4840","11540.4840","1","","",""
"line_detail","D143","Peri Peri Pizza","raw","jalapeno","60B","jalapeno_gm_reciepe","5","gm","1","5","","","","","","","11540.4840","11540.4840","1","","",""
"line_detail","D143","Peri Peri Pizza","raw","jalapeno","60B","jalapeno_gm_reciepe","5","gm","1","5","","","","","","","11540.4840","11540.4840","1","","",""
"line_detail","D143","Peri Peri Pizza","raw","jalapeno","60B","jalapeno_gm_reciepe","5","gm","1","5","","","","","","","11540.4840","11540.4840","1","","",""
"line_detail","D143","Peri Peri Pizza","raw","jalapeno","60B","jalapeno_gm_reciepe","10","gm","1","10","","","","","","","11540.4840","11540.4840","1","","",""
"line_detail","D143","Peri Peri Pizza","raw","jalapeno","60B","jalapeno_gm_reciepe","10","gm","1","10","","","","","","","11540.4840","11540.4840","1","","",""
"line_detail","D143","Peri Peri Pizza","raw","jalapeno","60B","jalapeno_gm_reciepe","5","gm","1","5","","","","","","","11540.4840","11540.4840","1","","",""
"line_detail","D143","Peri Peri Pizza","raw","jalapeno","60B","jalapeno_gm_reciepe","10","gm","1","10","","","","","","","11540.4840","11540.4840","1","","",""
"line_detail","D143","Peri Peri Pizza","raw","jalapeno","60B","jalapeno_gm_reciepe","10","gm","1","10","","","","","","","11540.4840","11540.4840","1","","",""
"line_detail","D143","Peri Peri Pizza","raw","jalapeno","60B","jalapeno_gm_reciepe","10","gm","1","10","","","","","","","11540.4840","11540.4840","1","","",""
"line_detail","D143","Peri Peri Pizza","raw","jalapeno","60B","jalapeno_gm_reciepe","5","gm","1","5","","","","","","","11540.4840","11540.4840","1","","",""
"line_detail","D143","Peri Peri Pizza","raw","jalapeno","60B","jalapeno_gm_reciepe","5","gm","1","5","","","","","","","11540.4840","11540.4840","1","","",""
"line_detail","D143","Peri Peri Pizza","raw","jalapeno","60B","jalapeno_gm_reciepe","10","gm","1","10","","","","","","","11540.4840","11540.4840","1","","",""
"line_detail","D143","Peri Peri Pizza","raw","meyo","50","meyo_gm_reciepe","5","gm","1","5","4.5600","22.8000","","","","","11540.4840","11540.4840","1","","",""
"line_detail","D143","Peri Peri Pizza","raw","meyo","50","meyo_gm_reciepe","5","gm","1","5","4.5600","22.8000","","","","","11540.4840","11540.4840","1","","",""
"line_detail","D143","Peri Peri Pizza","raw","meyo","50","meyo_gm_reciepe","5","gm","1","5","4.5600","22.8000","","","","","11540.4840","11540.4840","1","","",""
"line_detail","D143","Peri Peri Pizza","raw","meyo","50","meyo_gm_reciepe","5","gm","1","5","4.5600","22.8000","","","","","11540.4840","11540.4840","1","","",""
"line_detail","D143","Peri Peri Pizza","raw","meyo","50","meyo_gm_reciepe","5","gm","1","5","4.5600","22.8000","","","","","11540.4840","11540.4840","1","","",""
"line_detail","D143","Peri Peri Pizza","raw","meyo","50","meyo_gm_reciepe","5","gm","1","5","4.5600","22.8000","","","","","11540.4840","11540.4840","1","","",""
"line_detail","D143","Peri Peri Pizza","raw","meyo","50","meyo_gm_reciepe","5","gm","1","5","4.5600","22.8000","","","","","11540.4840","11540.4840","1","","",""
"line_detail","D143","Peri Peri Pizza","raw","meyo","50","meyo_gm_reciepe","5","gm","1","5","4.5600","22.8000","","","","","11540.4840","11540.4840","1","","",""
"line_detail","D143","Peri Peri Pizza","raw","meyo","50","meyo_gm_reciepe","5","gm","1","5","4.5600","22.8000","","","","","11540.4840","11540.4840","1","","",""
"line_detail","D143","Peri Peri Pizza","raw","meyo","50","meyo_gm_reciepe","5","gm","1","5","4.5600","22.8000","","","","","11540.4840","11540.4840","1","","",""
"line_detail","D143","Peri Peri Pizza","raw","meyo","50","meyo_gm_reciepe","5","gm","1","5","4.5600","22.8000","","","","","11540.4840","11540.4840","1","","",""
"line_detail","D143","Peri Peri Pizza","raw","meyo","50","meyo_gm_reciepe","5","gm","1","5","4.5600","22.8000","","","","","11540.4840","11540.4840","1","","",""
"line_detail","D143","Peri Peri Pizza","raw","meyo","50","meyo_gm_reciepe","5","gm","1","5","4.5600","22.8000","","","","","11540.4840","11540.4840","1","","",""
"line_detail","D143","Peri Peri Pizza","raw","meyo","50","meyo_gm_reciepe","5","gm","1","5","4.5600","22.8000","","","","","11540.4840","11540.4840","1","","",""
"line_detail","D143","Peri Peri Pizza","raw","meyo","50","meyo_gm_reciepe","5","gm","1","5","4.5600","22.8000","","","","","11540.4840","11540.4840","1","","",""
"line_detail","D143","Peri Peri Pizza","raw","meyo","50","meyo_gm_reciepe","5","gm","1","5","4.5600","22.8000","","","","","11540.4840","11540.4840","1","","",""
"line_detail","D143","Peri Peri Pizza","raw","meyo","50","meyo_gm_reciepe","5","gm","1","5","4.5600","22.8000","","","","","11540.4840","11540.4840","1","","",""
"line_detail","D143","Peri Peri Pizza","raw","meyo","50","meyo_gm_reciepe","5","gm","1","5","4.5600","22.8000","","","","","11540.4840","11540.4840","1","","",""
"line_detail","D143","Peri Peri Pizza","raw","meyo","50","meyo_gm_reciepe","5","gm","1","5","4.5600","22.8000","","","","","11540.4840","11540.4840","1","","",""
"line_detail","D143","Peri Peri Pizza","raw","meyo","50","meyo_gm_reciepe","5","gm","1","5","4.5600","22.8000","","","","","11540.4840","11540.4840","1","","",""
"line_detail","D143","Peri Peri Pizza","raw","meyo","50","meyo_gm_reciepe","5","gm","1","5","4.5600","22.8000","","","","","11540.4840","11540.4840","1","","",""
"line_detail","D143","Peri Peri Pizza","raw","meyo","50","meyo_gm_reciepe","5","gm","1","5","4.5600","22.8000","","","","","11540.4840","11540.4840","1","","",""
"line_detail","D143","Peri Peri Pizza","raw","meyo","50","meyo_gm_reciepe","5","gm","1","5","4.5600","22.8000","","","","","11540.4840","11540.4840","1","","",""
"line_detail","D143","Peri Peri Pizza","raw","meyo","50","meyo_gm_reciepe","5","gm","1","5","4.5600","22.8000","","","","","11540.4840","11540.4840","1","","",""
"line_detail","D143","Peri Peri Pizza","raw","meyonese","50","meyonese_gm_reciepe","100","gm","1","100","4.5600","456.0000","","","","","11540.4840","11540.4840","1","","",""
"line_detail","D143","Peri Peri Pizza","raw","meyonese","50","meyonese_gm_reciepe","100","gm","1","100","4.5600","456.0000","","","","","11540.4840","11540.4840","1","","",""
"line_detail","D143","Peri Peri Pizza","raw","meyonese","50","meyonese_gm_reciepe","100","gm","1","100","4.5600","456.0000","","","","","11540.4840","11540.4840","1","","",""
"line_detail","D143","Peri Peri Pizza","raw","meyonese","50","meyonese_gm_reciepe","100","gm","1","100","4.5600","456.0000","","","","","11540.4840","11540.4840","1","","",""
"line_detail","D143","Peri Peri Pizza","raw","meyonese","50","meyonese_gm_reciepe","100","gm","1","100","4.5600","456.0000","","","","","11540.4840","11540.4840","1","","",""
"line_detail","D143","Peri Peri Pizza","raw","meyonese","50","meyonese_gm_reciepe","100","gm","1","100","4.5600","456.0000","","","","","11540.4840","11540.4840","1","","",""
"line_detail","D143","Peri Peri Pizza","raw","meyonese","50","meyonese_gm_reciepe","100","gm","1","100","4.5600","456.0000","","","","","11540.4840","11540.4840","1","","",""
"line_detail","D143","Peri Peri Pizza","raw","meyonese","50","meyonese_gm_reciepe","100","gm","1","100","4.5600","456.0000","","","","","11540.4840","11540.4840","1","","",""
"line_detail","D143","Peri Peri Pizza","raw","meyonese","50","meyonese_gm_reciepe","100","gm","1","100","4.5600","456.0000","","","","","11540.4840","11540.4840","1","","",""
"line_detail","D143","Peri Peri Pizza","raw","meyonese","50","meyonese_gm_reciepe","100","gm","1","100","4.5600","456.0000","","","","","11540.4840","11540.4840","1","","",""
"line_detail","D143","Peri Peri Pizza","raw","meyonese","50","meyonese_gm_reciepe","100","gm","1","100","4.5600","456.0000","","","","","11540.4840","11540.4840","1","","",""
"line_detail","D143","Peri Peri Pizza","raw","meyonese","50","meyonese_gm_reciepe","100","gm","1","100","4.5600","456.0000","","","","","11540.4840","11540.4840","1","","",""
"line_detail","D143","Peri Peri Pizza","raw","meyonese","50","meyonese_gm_reciepe","100","gm","1","100","4.5600","456.0000","","","","","11540.4840","11540.4840","1","","",""
"line_detail","D143","Peri Peri Pizza","raw","meyonese","50","meyonese_gm_reciepe","100","gm","1","100","4.5600","456.0000","","","","","11540.4840","11540.4840","1","","",""
"line_detail","D143","Peri Peri Pizza","raw","meyonese","50","meyonese_gm_reciepe","100","gm","1","100","4.5600","456.0000","","","","","11540.4840","11540.4840","1","","",""
"line_detail","D143","Peri Peri Pizza","raw","meyonese","50","meyonese_gm_reciepe","100","gm","1","100","4.5600","456.0000","","","","","11540.4840","11540.4840","1","","",""
"line_detail","D143","Peri Peri Pizza","raw","meyonese","50","meyonese_gm_reciepe","100","gm","1","100","4.5600","456.0000","","","","","11540.4840","11540.4840","1","","",""
"line_detail","D143","Peri Peri Pizza","raw","meyonese","50","meyonese_gm_reciepe","100","gm","1","100","4.5600","456.0000","","","","","11540.4840","11540.4840","1","","",""
"line_detail","D143","Peri Peri Pizza","raw","meyonese","50","meyonese_gm_reciepe","100","gm","1","100","4.5600","456.0000","","","","","11540.4840","11540.4840","1","","",""
"line_detail","D143","Peri Peri Pizza","raw","meyonese","50","meyonese_gm_reciepe","100","gm","1","100","4.5600","456.0000","","","","","11540.4840","11540.4840","1","","",""
"line_detail","D143","Peri Peri Pizza","raw","meyonese","50","meyonese_gm_reciepe","100","gm","1","100","4.5600","456.0000","","","","","11540.4840","11540.4840","1","","",""
"line_detail","D143","Peri Peri Pizza","raw","meyonese","50","meyonese_gm_reciepe","100","gm","1","100","4.5600","456.0000","","","","","11540.4840","11540.4840","1","","",""
"line_detail","D143","Peri Peri Pizza","raw","meyonese","50","meyonese_gm_reciepe","100","gm","1","100","4.5600","456.0000","","","","","11540.4840","11540.4840","1","","",""
"line_detail","D143","Peri Peri Pizza","raw","meyonese","50","meyonese_gm_reciepe","100","gm","1","100","4.5600","456.0000","","","","","11540.4840","11540.4840","1","","",""
"line_detail","D143","Peri Peri Pizza","raw","mozerella","74","mozerella_gm_reciepe","100","gm","1","100","","","","","","","11540.4840","11540.4840","1","","",""
"line_detail","D143","Peri Peri Pizza","raw","mozerella","74","mozerella_gm_reciepe","100","gm","1","100","","","","","","","11540.4840","11540.4840","1","","",""
"line_detail","D143","Peri Peri Pizza","raw","mozerella","74","mozerella_gm_reciepe","100","gm","1","100","","","","","","","11540.4840","11540.4840","1","","",""
"line_detail","D143","Peri Peri Pizza","raw","mozerella","74","mozerella_gm_reciepe","100","gm","1","100","","","","","","","11540.4840","11540.4840","1","","",""
"line_detail","D143","Peri Peri Pizza","raw","mozerella","74","mozerella_gm_reciepe","100","gm","1","100","","","","","","","11540.4840","11540.4840","1","","",""
"line_detail","D143","Peri Peri Pizza","raw","mozerella","74","mozerella_gm_reciepe","100","gm","1","100","","","","","","","11540.4840","11540.4840","1","","",""
"line_detail","D143","Peri Peri Pizza","raw","peri peri masala","64","peri peri masala_gm_reciepe","10","gm","1","10","","","","","","","11540.4840","11540.4840","1","","",""
"line_detail","D143","Peri Peri Pizza","raw","peri peri masala","64","peri peri masala_gm_reciepe","10","gm","1","10","","","","","","","11540.4840","11540.4840","1","","",""
"line_detail","D143","Peri Peri Pizza","raw","peri peri masala","64","peri peri masala_gm_reciepe","10","gm","1","10","","","","","","","11540.4840","11540.4840","1","","",""
"line_detail","D143","Peri Peri Pizza","raw","peri peri masala","64","peri peri masala_gm_reciepe","10","gm","1","10","","","","","","","11540.4840","11540.4840","1","","",""
"line_detail","D143","Peri Peri Pizza","raw","peri peri masala","64","peri peri masala_gm_reciepe","10","gm","1","10","","","","","","","11540.4840","11540.4840","1","","",""
"line_detail","D143","Peri Peri Pizza","raw","peri peri masala","64","peri peri masala_gm_reciepe","10","gm","1","10","","","","","","","11540.4840","11540.4840","1","","",""
"line_detail","D143","Peri Peri Pizza","raw","peri peri masala","64","peri peri masala_gm_reciepe","10","gm","1","10","","","","","","","11540.4840","11540.4840","1","","",""
"line_detail","D143","Peri Peri Pizza","raw","peri peri masala","64","peri peri masala_gm_reciepe","10","gm","1","10","","","","","","","11540.4840","11540.4840","1","","",""
"line_detail","D143","Peri Peri Pizza","raw","peri peri masala","64","peri peri masala_gm_reciepe","10","gm","1","10","","","","","","","11540.4840","11540.4840","1","","",""
"line_detail","D143","Peri Peri Pizza","raw","peri peri sauce","49","peri peri sauce_gm_reciepe","8","gm","1","8","","","","","","","11540.4840","11540.4840","1","","",""
"line_detail","D143","Peri Peri Pizza","raw","peri peri sauce","49","peri peri sauce_gm_reciepe","8","gm","1","8","","","","","","","11540.4840","11540.4840","1","","",""
"line_detail","D143","Peri Peri Pizza","raw","peri peri sauce","49","peri peri sauce_gm_reciepe","8","gm","1","8","","","","","","","11540.4840","11540.4840","1","","",""
"line_detail","D143","Peri Peri Pizza","raw","peri peri sauce","49","peri peri sauce_gm_reciepe","8","gm","1","8","","","","","","","11540.4840","11540.4840","1","","",""
"line_detail","D143","Peri Peri Pizza","raw","peri peri sauce","49","peri peri sauce_gm_reciepe","8","gm","1","8","","","","","","","11540.4840","11540.4840","1","","",""
"line_detail","D143","Peri Peri Pizza","raw","peri peri sauce","49","peri peri sauce_gm_reciepe","8","gm","1","8","","","","","","","11540.4840","11540.4840","1","","",""
"line_detail","D143","Peri Peri Pizza","raw","pizza sauce","48","pizza sauce_gm_reciepe","30","gm","1","30","0.1369","4.1070","","","","","11540.4840","11540.4840","1","","",""
"line_detail","D143","Peri Peri Pizza","raw","pizza sauce","48","pizza sauce_gm_reciepe","30","gm","1","30","0.1369","4.1070","","","","","11540.4840","11540.4840","1","","",""
"line_detail","D143","Peri Peri Pizza","raw","pizza sauce","48","pizza sauce_gm_reciepe","30","gm","1","30","0.1369","4.1070","","","","","11540.4840","11540.4840","1","","",""
"line_detail","D143","Peri Peri Pizza","raw","pizza sauce","48","pizza sauce_gm_reciepe","30","gm","1","30","0.1369","4.1070","","","","","11540.4840","11540.4840","1","","",""
"line_detail","D143","Peri Peri Pizza","raw","pizza sauce","48","pizza sauce_gm_reciepe","30","gm","1","30","0.1369","4.1070","","","","","11540.4840","11540.4840","1","","",""
"line_detail","D143","Peri Peri Pizza","raw","pizza sauce","48","pizza sauce_gm_reciepe","30","gm","1","30","0.1369","4.1070","","","","","11540.4840","11540.4840","1","","",""
"line_detail","D143","Peri Peri Pizza","raw","pizza sauce","48","pizza sauce_gm_reciepe","30","gm","1","30","0.1369","4.1070","","","","","11540.4840","11540.4840","1","","",""
"line_detail","D143","Peri Peri Pizza","raw","pizza sauce","48","pizza sauce_gm_reciepe","30","gm","1","30","0.1369","4.1070","","","","","11540.4840","11540.4840","1","","",""
"line_detail","D143","Peri Peri Pizza","raw","pizza sauce","48","pizza sauce_gm_reciepe","30","gm","1","30","0.1369","4.1070","","","","","11540.4840","11540.4840","1","","",""
"line_detail","D143","Peri Peri Pizza","raw","pizza sauce","48","pizza sauce_gm_reciepe","30","gm","1","30","0.1369","4.1070","","","","","11540.4840","11540.4840","1","","",""
"line_detail","D143","Peri Peri Pizza","raw","pizza sauce","48","pizza sauce_gm_reciepe","30","gm","1","30","0.1369","4.1070","","","","","11540.4840","11540.4840","1","","",""
"line_detail","D143","Peri Peri Pizza","raw","pizza sauce","48","pizza sauce_gm_reciepe","30","gm","1","30","0.1369","4.1070","","","","","11540.4840","11540.4840","1","","",""
"line_detail","D143","Peri Peri Pizza","raw","red peperica","60A","red peperica_gm_reciepe","10","gm","1","10","","","","","","","11540.4840","11540.4840","1","","",""
"line_detail","D143","Peri Peri Pizza","raw","red peperica","60A","red peperica_gm_reciepe","10","gm","1","10","","","","","","","11540.4840","11540.4840","1","","",""
"line_detail","D143","Peri Peri Pizza","raw","red peperica","60A","red peperica_gm_reciepe","10","gm","1","10","","","","","","","11540.4840","11540.4840","1","","",""
"line_detail","D143","Peri Peri Pizza","raw","red peperica","60A","red peperica_gm_reciepe","10","gm","1","10","","","","","","","11540.4840","11540.4840","1","","",""
"line_detail","D143","Peri Peri Pizza","raw","red peperica","60A","red peperica_gm_reciepe","10","gm","1","10","","","","","","","11540.4840","11540.4840","1","","",""
"line_detail","D143","Peri Peri Pizza","raw","red peperica","60A","red peperica_gm_reciepe","10","gm","1","10","","","","","","","11540.4840","11540.4840","1","","",""
"line_detail","D143","Peri Peri Pizza","raw","red peprica","60A","red peprica_gm_reciepe","5","gm","1","5","","","","","","","11540.4840","11540.4840","1","","",""
"line_detail","D143","Peri Peri Pizza","raw","red peprica","60A","red peprica_gm_reciepe","5","gm","1","5","","","","","","","11540.4840","11540.4840","1","","",""
"line_detail","D143","Peri Peri Pizza","raw","red peprica","60A","red peprica_gm_reciepe","5","gm","1","5","","","","","","","11540.4840","11540.4840","1","","",""
"line_detail","D143","Peri Peri Pizza","raw","red peprica","60A","red peprica_gm_reciepe","5","gm","1","5","","","","","","","11540.4840","11540.4840","1","","",""
"line_detail","D143","Peri Peri Pizza","raw","red peprica","60A","red peprica_gm_reciepe","5","gm","1","5","","","","","","","11540.4840","11540.4840","1","","",""
"line_detail","D143","Peri Peri Pizza","raw","red peprica","60A","red peprica_gm_reciepe","5","gm","1","5","","","","","","","11540.4840","11540.4840","1","","",""
"dish_summary","D143","Peri Peri Pizza","","","","Peri Peri Pizza_1_portion","","","","","","11540.4840","standard","false","Peri Peri Pizza_1_portion","","11540.4840","11540.4840","1","0","74","0"
"line_detail","D145","Paneer Schezwan Pizza","raw","Capsicum","V1","Capsicum_gm_reciepe","40","gm","1","40","","","","","","","563.6280","563.6280","1","","",""
"line_detail","D145","Paneer Schezwan Pizza","raw","Capsicum","V1","Capsicum_gm_reciepe","40","gm","1","40","","","","","","","563.6280","563.6280","1","","",""
"line_detail","D145","Paneer Schezwan Pizza","raw","Capsicum","V1","Capsicum_gm_reciepe","40","gm","1","40","","","","","","","563.6280","563.6280","1","","",""
"line_detail","D145","Paneer Schezwan Pizza","raw","Capsicum","V1","Capsicum_gm_reciepe","40","gm","1","40","","","","","","","563.6280","563.6280","1","","",""
"line_detail","D145","Paneer Schezwan Pizza","raw","Coriander","V9","Coriander_gm_reciepe","10","gm","1","10","","","","","","","563.6280","563.6280","1","","",""
"line_detail","D145","Paneer Schezwan Pizza","raw","Coriander","V9","Coriander_gm_reciepe","10","gm","1","10","","","","","","","563.6280","563.6280","1","","",""
"line_detail","D145","Paneer Schezwan Pizza","raw","Coriander","V9","Coriander_gm_reciepe","10","gm","1","10","","","","","","","563.6280","563.6280","1","","",""
"line_detail","D145","Paneer Schezwan Pizza","raw","Coriander","V9","Coriander_gm_reciepe","10","gm","1","10","","","","","","","563.6280","563.6280","1","","",""
"line_detail","D145","Paneer Schezwan Pizza","raw","Onion","V11","Onion_gm_reciepe","25","gm","1","25","","","","","","","563.6280","563.6280","1","","",""
"line_detail","D145","Paneer Schezwan Pizza","raw","Onion","V11","Onion_gm_reciepe","25","gm","1","25","","","","","","","563.6280","563.6280","1","","",""
"line_detail","D145","Paneer Schezwan Pizza","raw","Onion","V11","Onion_gm_reciepe","25","gm","1","25","","","","","","","563.6280","563.6280","1","","",""
"line_detail","D145","Paneer Schezwan Pizza","raw","Onion","V11","Onion_gm_reciepe","25","gm","1","25","","","","","","","563.6280","563.6280","1","","",""
"line_detail","D145","Paneer Schezwan Pizza","raw","PANEER","D3","PANEER_gm_reciepe","100","","","","","","","","","","563.6280","563.6280","1","","",""
"line_detail","D145","Paneer Schezwan Pizza","raw","PIZZA BASE","B3","PIZZA BASE_gm_reciepe","1","","","","","","","","","","563.6280","563.6280","1","","",""
"line_detail","D145","Paneer Schezwan Pizza","raw","TOMATO KETCHUP","71B","TOMATO KETCHUP_gm_reciepe","10","","","","","","","","","","563.6280","563.6280","1","","",""
"line_detail","D145","Paneer Schezwan Pizza","raw","TOMATO KETCHUP","71B","TOMATO KETCHUP_gm_reciepe","10","","","","","","","","","","563.6280","563.6280","1","","",""
"line_detail","D145","Paneer Schezwan Pizza","raw","TOMATO KETCHUP","71B","TOMATO KETCHUP_gm_reciepe","10","","","","","","","","","","563.6280","563.6280","1","","",""
"line_detail","D145","Paneer Schezwan Pizza","raw","meyo","50","meyo_gm_reciepe","5","gm","1","5","4.5600","22.8000","","","","","563.6280","563.6280","1","","",""
"line_detail","D145","Paneer Schezwan Pizza","raw","meyo","50","meyo_gm_reciepe","5","gm","1","5","4.5600","22.8000","","","","","563.6280","563.6280","1","","",""
"line_detail","D145","Paneer Schezwan Pizza","raw","meyo","50","meyo_gm_reciepe","5","gm","1","5","4.5600","22.8000","","","","","563.6280","563.6280","1","","",""
"line_detail","D145","Paneer Schezwan Pizza","raw","meyo","50","meyo_gm_reciepe","5","gm","1","5","4.5600","22.8000","","","","","563.6280","563.6280","1","","",""
"line_detail","D145","Paneer Schezwan Pizza","raw","meyo","50","meyo_gm_reciepe","5","gm","1","5","4.5600","22.8000","","","","","563.6280","563.6280","1","","",""
"line_detail","D145","Paneer Schezwan Pizza","raw","meyo","50","meyo_gm_reciepe","5","gm","1","5","4.5600","22.8000","","","","","563.6280","563.6280","1","","",""
"line_detail","D145","Paneer Schezwan Pizza","raw","meyo","50","meyo_gm_reciepe","5","gm","1","5","4.5600","22.8000","","","","","563.6280","563.6280","1","","",""
"line_detail","D145","Paneer Schezwan Pizza","raw","meyo","50","meyo_gm_reciepe","5","gm","1","5","4.5600","22.8000","","","","","563.6280","563.6280","1","","",""
"line_detail","D145","Paneer Schezwan Pizza","raw","meyo","50","meyo_gm_reciepe","5","gm","1","5","4.5600","22.8000","","","","","563.6280","563.6280","1","","",""
"line_detail","D145","Paneer Schezwan Pizza","raw","meyo","50","meyo_gm_reciepe","5","gm","1","5","4.5600","22.8000","","","","","563.6280","563.6280","1","","",""
"line_detail","D145","Paneer Schezwan Pizza","raw","meyo","50","meyo_gm_reciepe","5","gm","1","5","4.5600","22.8000","","","","","563.6280","563.6280","1","","",""
"line_detail","D145","Paneer Schezwan Pizza","raw","meyo","50","meyo_gm_reciepe","5","gm","1","5","4.5600","22.8000","","","","","563.6280","563.6280","1","","",""
"line_detail","D145","Paneer Schezwan Pizza","raw","meyo","50","meyo_gm_reciepe","5","gm","1","5","4.5600","22.8000","","","","","563.6280","563.6280","1","","",""
"line_detail","D145","Paneer Schezwan Pizza","raw","meyo","50","meyo_gm_reciepe","5","gm","1","5","4.5600","22.8000","","","","","563.6280","563.6280","1","","",""
"line_detail","D145","Paneer Schezwan Pizza","raw","meyo","50","meyo_gm_reciepe","5","gm","1","5","4.5600","22.8000","","","","","563.6280","563.6280","1","","",""
"line_detail","D145","Paneer Schezwan Pizza","raw","meyo","50","meyo_gm_reciepe","5","gm","1","5","4.5600","22.8000","","","","","563.6280","563.6280","1","","",""
"line_detail","D145","Paneer Schezwan Pizza","raw","meyo","50","meyo_gm_reciepe","5","gm","1","5","4.5600","22.8000","","","","","563.6280","563.6280","1","","",""
"line_detail","D145","Paneer Schezwan Pizza","raw","meyo","50","meyo_gm_reciepe","5","gm","1","5","4.5600","22.8000","","","","","563.6280","563.6280","1","","",""
"line_detail","D145","Paneer Schezwan Pizza","raw","meyo","50","meyo_gm_reciepe","5","gm","1","5","4.5600","22.8000","","","","","563.6280","563.6280","1","","",""
"line_detail","D145","Paneer Schezwan Pizza","raw","meyo","50","meyo_gm_reciepe","5","gm","1","5","4.5600","22.8000","","","","","563.6280","563.6280","1","","",""
"line_detail","D145","Paneer Schezwan Pizza","raw","meyo","50","meyo_gm_reciepe","5","gm","1","5","4.5600","22.8000","","","","","563.6280","563.6280","1","","",""
"line_detail","D145","Paneer Schezwan Pizza","raw","meyo","50","meyo_gm_reciepe","5","gm","1","5","4.5600","22.8000","","","","","563.6280","563.6280","1","","",""
"line_detail","D145","Paneer Schezwan Pizza","raw","meyo","50","meyo_gm_reciepe","5","gm","1","5","4.5600","22.8000","","","","","563.6280","563.6280","1","","",""
"line_detail","D145","Paneer Schezwan Pizza","raw","meyo","50","meyo_gm_reciepe","5","gm","1","5","4.5600","22.8000","","","","","563.6280","563.6280","1","","",""
"line_detail","D145","Paneer Schezwan Pizza","raw","pasta pizza sauce","48","pasta pizza sauce_gm_reciepe","10","gm","1","10","0.1369","1.3690","","","","","563.6280","563.6280","1","","",""
"line_detail","D145","Paneer Schezwan Pizza","raw","pasta pizza sauce","48","pasta pizza sauce_gm_reciepe","10","gm","1","10","0.1369","1.3690","","","","","563.6280","563.6280","1","","",""
"line_detail","D145","Paneer Schezwan Pizza","raw","pasta pizza sauce","48","pasta pizza sauce_gm_reciepe","10","gm","1","10","0.1369","1.3690","","","","","563.6280","563.6280","1","","",""
"line_detail","D145","Paneer Schezwan Pizza","raw","pasta pizza sauce","48","pasta pizza sauce_gm_reciepe","10","gm","1","10","0.1369","1.3690","","","","","563.6280","563.6280","1","","",""
"line_detail","D145","Paneer Schezwan Pizza","raw","pasta pizza sauce","48","pasta pizza sauce_gm_reciepe","10","gm","1","10","0.1369","1.3690","","","","","563.6280","563.6280","1","","",""
"line_detail","D145","Paneer Schezwan Pizza","raw","pasta pizza sauce","48","pasta pizza sauce_gm_reciepe","10","gm","1","10","0.1369","1.3690","","","","","563.6280","563.6280","1","","",""
"line_detail","D145","Paneer Schezwan Pizza","raw","pasta pizza sauce","48","pasta pizza sauce_gm_reciepe","10","gm","1","10","0.1369","1.3690","","","","","563.6280","563.6280","1","","",""
"line_detail","D145","Paneer Schezwan Pizza","raw","pasta pizza sauce","48","pasta pizza sauce_gm_reciepe","10","gm","1","10","0.1369","1.3690","","","","","563.6280","563.6280","1","","",""
"line_detail","D145","Paneer Schezwan Pizza","raw","pasta pizza sauce","48","pasta pizza sauce_gm_reciepe","10","gm","1","10","0.1369","1.3690","","","","","563.6280","563.6280","1","","",""
"line_detail","D145","Paneer Schezwan Pizza","raw","pasta pizza sauce","48","pasta pizza sauce_gm_reciepe","10","gm","1","10","0.1369","1.3690","","","","","563.6280","563.6280","1","","",""
"line_detail","D145","Paneer Schezwan Pizza","raw","pasta pizza sauce","48","pasta pizza sauce_gm_reciepe","10","gm","1","10","0.1369","1.3690","","","","","563.6280","563.6280","1","","",""
"line_detail","D145","Paneer Schezwan Pizza","raw","pasta pizza sauce","48","pasta pizza sauce_gm_reciepe","10","gm","1","10","0.1369","1.3690","","","","","563.6280","563.6280","1","","",""
"line_detail","D145","Paneer Schezwan Pizza","raw","schezwan","41","schezwan_gm_reciepe","60","gm","1","60","","","","","","","563.6280","563.6280","1","","",""
"line_detail","D145","Paneer Schezwan Pizza","raw","schezwan","41","schezwan_gm_reciepe","60","gm","1","60","","","","","","","563.6280","563.6280","1","","",""
"line_detail","D145","Paneer Schezwan Pizza","raw","schezwan","41","schezwan_gm_reciepe","60","gm","1","60","","","","","","","563.6280","563.6280","1","","",""
"line_detail","D145","Paneer Schezwan Pizza","raw","schezwan","41","schezwan_gm_reciepe","60","gm","1","60","","","","","","","563.6280","563.6280","1","","",""
"line_detail","D145","Paneer Schezwan Pizza","raw","schezwan","41","schezwan_gm_reciepe","60","gm","1","60","","","","","","","563.6280","563.6280","1","","",""
"line_detail","D145","Paneer Schezwan Pizza","raw","schezwan","41","schezwan_gm_reciepe","60","gm","1","60","","","","","","","563.6280","563.6280","1","","",""
"dish_summary","D145","Paneer Schezwan Pizza","","","","Paneer Schezwan Pizza_1_portion","","","","","","563.6280","standard","false","Paneer Schezwan Pizza_1_portion","","563.6280","563.6280","1","0","23","0"
"line_detail","D146","ALOO TIKKI BURGER","raw","BURGER BUN","B2","","1","","","","","","","","","","766.0800","766.0800","1","","",""
"line_detail","D146","ALOO TIKKI BURGER","raw","Cabbage","V7","Cabbage_gm_reciepe","10","gm","1","10","","","","","","","766.0800","766.0800","1","","",""
"line_detail","D146","ALOO TIKKI BURGER","raw","Cabbage","V7","Cabbage_gm_reciepe","10","gm","1","10","","","","","","","766.0800","766.0800","1","","",""
"line_detail","D146","ALOO TIKKI BURGER","raw","Cabbage","V7","Cabbage_gm_reciepe","10","gm","1","10","","","","","","","766.0800","766.0800","1","","",""
"line_detail","D146","ALOO TIKKI BURGER","raw","Cabbage","V7","Cabbage_gm_reciepe","10","gm","1","10","","","","","","","766.0800","766.0800","1","","",""
"line_detail","D146","ALOO TIKKI BURGER","raw","aloo tikki","77A","aloo tikki_gm_reciepe","60","gm","1","60","","","","","","","766.0800","766.0800","1","","",""
"line_detail","D146","ALOO TIKKI BURGER","raw","aloo tikki","77A","aloo tikki_gm_reciepe","60","gm","1","60","","","","","","","766.0800","766.0800","1","","",""
"line_detail","D146","ALOO TIKKI BURGER","raw","aloo tikki","77A","aloo tikki_gm_reciepe","60","gm","1","60","","","","","","","766.0800","766.0800","1","","",""
"line_detail","D146","ALOO TIKKI BURGER","raw","metonese","50","metonese_gm_reciepe","7","gm","1","7","4.5600","31.9200","","","","","766.0800","766.0800","1","","",""
"line_detail","D146","ALOO TIKKI BURGER","raw","metonese","50","metonese_gm_reciepe","7","gm","1","7","4.5600","31.9200","","","","","766.0800","766.0800","1","","",""
"line_detail","D146","ALOO TIKKI BURGER","raw","metonese","50","metonese_gm_reciepe","7","gm","1","7","4.5600","31.9200","","","","","766.0800","766.0800","1","","",""
"line_detail","D146","ALOO TIKKI BURGER","raw","metonese","50","metonese_gm_reciepe","7","gm","1","7","4.5600","31.9200","","","","","766.0800","766.0800","1","","",""
"line_detail","D146","ALOO TIKKI BURGER","raw","metonese","50","metonese_gm_reciepe","7","gm","1","7","4.5600","31.9200","","","","","766.0800","766.0800","1","","",""
"line_detail","D146","ALOO TIKKI BURGER","raw","metonese","50","metonese_gm_reciepe","7","gm","1","7","4.5600","31.9200","","","","","766.0800","766.0800","1","","",""
"line_detail","D146","ALOO TIKKI BURGER","raw","metonese","50","metonese_gm_reciepe","7","gm","1","7","4.5600","31.9200","","","","","766.0800","766.0800","1","","",""
"line_detail","D146","ALOO TIKKI BURGER","raw","metonese","50","metonese_gm_reciepe","7","gm","1","7","4.5600","31.9200","","","","","766.0800","766.0800","1","","",""
"line_detail","D146","ALOO TIKKI BURGER","raw","metonese","50","metonese_gm_reciepe","7","gm","1","7","4.5600","31.9200","","","","","766.0800","766.0800","1","","",""
"line_detail","D146","ALOO TIKKI BURGER","raw","metonese","50","metonese_gm_reciepe","7","gm","1","7","4.5600","31.9200","","","","","766.0800","766.0800","1","","",""
"line_detail","D146","ALOO TIKKI BURGER","raw","metonese","50","metonese_gm_reciepe","7","gm","1","7","4.5600","31.9200","","","","","766.0800","766.0800","1","","",""
"line_detail","D146","ALOO TIKKI BURGER","raw","metonese","50","metonese_gm_reciepe","7","gm","1","7","4.5600","31.9200","","","","","766.0800","766.0800","1","","",""
"line_detail","D146","ALOO TIKKI BURGER","raw","metonese","50","metonese_gm_reciepe","7","gm","1","7","4.5600","31.9200","","","","","766.0800","766.0800","1","","",""
"line_detail","D146","ALOO TIKKI BURGER","raw","metonese","50","metonese_gm_reciepe","7","gm","1","7","4.5600","31.9200","","","","","766.0800","766.0800","1","","",""
"line_detail","D146","ALOO TIKKI BURGER","raw","metonese","50","metonese_gm_reciepe","7","gm","1","7","4.5600","31.9200","","","","","766.0800","766.0800","1","","",""
"line_detail","D146","ALOO TIKKI BURGER","raw","metonese","50","metonese_gm_reciepe","7","gm","1","7","4.5600","31.9200","","","","","766.0800","766.0800","1","","",""
"line_detail","D146","ALOO TIKKI BURGER","raw","metonese","50","metonese_gm_reciepe","7","gm","1","7","4.5600","31.9200","","","","","766.0800","766.0800","1","","",""
"line_detail","D146","ALOO TIKKI BURGER","raw","metonese","50","metonese_gm_reciepe","7","gm","1","7","4.5600","31.9200","","","","","766.0800","766.0800","1","","",""
"line_detail","D146","ALOO TIKKI BURGER","raw","metonese","50","metonese_gm_reciepe","7","gm","1","7","4.5600","31.9200","","","","","766.0800","766.0800","1","","",""
"line_detail","D146","ALOO TIKKI BURGER","raw","metonese","50","metonese_gm_reciepe","7","gm","1","7","4.5600","31.9200","","","","","766.0800","766.0800","1","","",""
"line_detail","D146","ALOO TIKKI BURGER","raw","metonese","50","metonese_gm_reciepe","7","gm","1","7","4.5600","31.9200","","","","","766.0800","766.0800","1","","",""
"line_detail","D146","ALOO TIKKI BURGER","raw","metonese","50","metonese_gm_reciepe","7","gm","1","7","4.5600","31.9200","","","","","766.0800","766.0800","1","","",""
"line_detail","D146","ALOO TIKKI BURGER","raw","metonese","50","metonese_gm_reciepe","7","gm","1","7","4.5600","31.9200","","","","","766.0800","766.0800","1","","",""
"line_detail","D146","ALOO TIKKI BURGER","raw","metonese","50","metonese_gm_reciepe","7","gm","1","7","4.5600","31.9200","","","","","766.0800","766.0800","1","","",""
"line_detail","D146","ALOO TIKKI BURGER","raw","thousand sauce","54","thousand sauce_gm_reciepe","7","gm","1","7","","","","","","","766.0800","766.0800","1","","",""
"line_detail","D146","ALOO TIKKI BURGER","raw","thousand sauce","54","thousand sauce_gm_reciepe","7","gm","1","7","","","","","","","766.0800","766.0800","1","","",""
"line_detail","D146","ALOO TIKKI BURGER","raw","thousand sauce","54","thousand sauce_gm_reciepe","7","gm","1","7","","","","","","","766.0800","766.0800","1","","",""
"dish_summary","D146","ALOO TIKKI BURGER","","","","ALOO TIKKI BURGER_1_portion","","","","","","766.0800","standard","false","ALOO TIKKI BURGER_1_portion","","766.0800","766.0800","1","0","11","0"
"line_detail","D147","CHEESE  BURGER","raw","BURGER BUN","B2","BURGER BUN_gm_reciepe","1","gm","1","1","","","","","","","8098.5600","8098.5600","1","","",""
"line_detail","D147","CHEESE  BURGER","raw","BURGER BUN","B2","BURGER BUN_gm_reciepe","1","gm","1","1","","","","","","","8098.5600","8098.5600","1","","",""
"line_detail","D147","CHEESE  BURGER","raw","Cabbage","V7","Cabbage_gm_reciepe","5","gm","1","5","","","","","","","8098.5600","8098.5600","1","","",""
"line_detail","D147","CHEESE  BURGER","raw","Cabbage","V7","Cabbage_gm_reciepe","5","gm","1","5","","","","","","","8098.5600","8098.5600","1","","",""
"line_detail","D147","CHEESE  BURGER","raw","Cabbage","V7","Cabbage_gm_reciepe","5","gm","1","5","","","","","","","8098.5600","8098.5600","1","","",""
"line_detail","D147","CHEESE  BURGER","raw","Cabbage","V7","Cabbage_gm_reciepe","5","gm","1","5","","","","","","","8098.5600","8098.5600","1","","",""
"line_detail","D147","CHEESE  BURGER","raw","Cabbage","V7","Cabbage_gm_reciepe","5","gm","1","5","","","","","","","8098.5600","8098.5600","1","","",""
"line_detail","D147","CHEESE  BURGER","raw","Cabbage","V7","Cabbage_gm_reciepe","5","gm","1","5","","","","","","","8098.5600","8098.5600","1","","",""
"line_detail","D147","CHEESE  BURGER","raw","Cabbage","V7","Cabbage_gm_reciepe","5","gm","1","5","","","","","","","8098.5600","8098.5600","1","","",""
"line_detail","D147","CHEESE  BURGER","raw","Cabbage","V7","Cabbage_gm_reciepe","5","gm","1","5","","","","","","","8098.5600","8098.5600","1","","",""
"line_detail","D147","CHEESE  BURGER","raw","Cucumber","V12","Cucumber_gm_reciepe","30","gm","1","30","","","","","","","8098.5600","8098.5600","1","","",""
"line_detail","D147","CHEESE  BURGER","raw","Cucumber","V12","Cucumber_gm_reciepe","30","gm","1","30","","","","","","","8098.5600","8098.5600","1","","",""
"line_detail","D147","CHEESE  BURGER","raw","Cucumber","V12","Cucumber_gm_reciepe","30","gm","1","30","","","","","","","8098.5600","8098.5600","1","","",""
"line_detail","D147","CHEESE  BURGER","raw","Cucumber","V12","Cucumber_gm_reciepe","30","gm","1","30","","","","","","","8098.5600","8098.5600","1","","",""
"line_detail","D147","CHEESE  BURGER","raw","Cucumber","V12","Cucumber_gm_reciepe","30","gm","1","30","","","","","","","8098.5600","8098.5600","1","","",""
"line_detail","D147","CHEESE  BURGER","raw","Cucumber","V12","Cucumber_gm_reciepe","30","gm","1","30","","","","","","","8098.5600","8098.5600","1","","",""
"line_detail","D147","CHEESE  BURGER","raw","Cucumber","V12","Cucumber_gm_reciepe","30","gm","1","30","","","","","","","8098.5600","8098.5600","1","","",""
"line_detail","D147","CHEESE  BURGER","raw","Cucumber","V12","Cucumber_gm_reciepe","30","gm","1","30","","","","","","","8098.5600","8098.5600","1","","",""
"line_detail","D147","CHEESE  BURGER","raw","Onion","V11","Onion_gm_reciepe","10","gm","1","10","","","","","","","8098.5600","8098.5600","1","","",""
"line_detail","D147","CHEESE  BURGER","raw","Onion","V11","Onion_gm_reciepe","10","gm","1","10","","","","","","","8098.5600","8098.5600","1","","",""
"line_detail","D147","CHEESE  BURGER","raw","Onion","V11","Onion_gm_reciepe","10","gm","1","10","","","","","","","8098.5600","8098.5600","1","","",""
"line_detail","D147","CHEESE  BURGER","raw","Onion","V11","Onion_gm_reciepe","10","gm","1","10","","","","","","","8098.5600","8098.5600","1","","",""
"line_detail","D147","CHEESE  BURGER","raw","Onion","V11","Onion_gm_reciepe","10","gm","1","10","","","","","","","8098.5600","8098.5600","1","","",""
"line_detail","D147","CHEESE  BURGER","raw","Onion","V11","Onion_gm_reciepe","10","gm","1","10","","","","","","","8098.5600","8098.5600","1","","",""
"line_detail","D147","CHEESE  BURGER","raw","Onion","V11","Onion_gm_reciepe","10","gm","1","10","","","","","","","8098.5600","8098.5600","1","","",""
"line_detail","D147","CHEESE  BURGER","raw","Onion","V11","Onion_gm_reciepe","10","gm","1","10","","","","","","","8098.5600","8098.5600","1","","",""
"line_detail","D147","CHEESE  BURGER","raw","Tomato","V18","Tomato_gm_reciepe","10","gm","1","10","","","","","","","8098.5600","8098.5600","1","","",""
"line_detail","D147","CHEESE  BURGER","raw","Tomato","V18","Tomato_gm_reciepe","10","gm","1","10","","","","","","","8098.5600","8098.5600","1","","",""
"line_detail","D147","CHEESE  BURGER","raw","Tomato","V18","Tomato_gm_reciepe","10","gm","1","10","","","","","","","8098.5600","8098.5600","1","","",""
"line_detail","D147","CHEESE  BURGER","raw","Tomato","V18","Tomato_gm_reciepe","10","gm","1","10","","","","","","","8098.5600","8098.5600","1","","",""
"line_detail","D147","CHEESE  BURGER","raw","Tomato","V18","Tomato_gm_reciepe","10","gm","1","10","","","","","","","8098.5600","8098.5600","1","","",""
"line_detail","D147","CHEESE  BURGER","raw","Tomato","V18","Tomato_gm_reciepe","10","gm","1","10","","","","","","","8098.5600","8098.5600","1","","",""
"line_detail","D147","CHEESE  BURGER","raw","Tomato","V18","Tomato_gm_reciepe","10","gm","1","10","","","","","","","8098.5600","8098.5600","1","","",""
"line_detail","D147","CHEESE  BURGER","raw","Tomato","V18","Tomato_gm_reciepe","10","gm","1","10","","","","","","","8098.5600","8098.5600","1","","",""
"line_detail","D147","CHEESE  BURGER","raw","aloo tikki","77A","aloo tikki_gm_reciepe","60","gm","1","60","","","","","","","8098.5600","8098.5600","1","","",""
"line_detail","D147","CHEESE  BURGER","raw","aloo tikki","77A","aloo tikki_gm_reciepe","60","gm","1","60","","","","","","","8098.5600","8098.5600","1","","",""
"line_detail","D147","CHEESE  BURGER","raw","aloo tikki","77A","aloo tikki_gm_reciepe","60","gm","1","60","","","","","","","8098.5600","8098.5600","1","","",""
"line_detail","D147","CHEESE  BURGER","raw","aloo tikki","77A","aloo tikki_gm_reciepe","70","gm","1","70","","","","","","","8098.5600","8098.5600","1","","",""
"line_detail","D147","CHEESE  BURGER","raw","aloo tikki","77A","aloo tikki_gm_reciepe","70","gm","1","70","","","","","","","8098.5600","8098.5600","1","","",""
"line_detail","D147","CHEESE  BURGER","raw","aloo tikki","77A","aloo tikki_gm_reciepe","60","gm","1","60","","","","","","","8098.5600","8098.5600","1","","",""
"line_detail","D147","CHEESE  BURGER","raw","aloo tikki","77A","aloo tikki_gm_reciepe","70","gm","1","70","","","","","","","8098.5600","8098.5600","1","","",""
"line_detail","D147","CHEESE  BURGER","raw","aloo tikki","77A","aloo tikki_gm_reciepe","60","gm","1","60","","","","","","","8098.5600","8098.5600","1","","",""
"line_detail","D147","CHEESE  BURGER","raw","aloo tikki","77A","aloo tikki_gm_reciepe","70","gm","1","70","","","","","","","8098.5600","8098.5600","1","","",""
"line_detail","D147","CHEESE  BURGER","raw","aloo tikki","77A","aloo tikki_gm_reciepe","70","gm","1","70","","","","","","","8098.5600","8098.5600","1","","",""
"line_detail","D147","CHEESE  BURGER","raw","aloo tikki","77A","aloo tikki_gm_reciepe","70","gm","1","70","","","","","","","8098.5600","8098.5600","1","","",""
"line_detail","D147","CHEESE  BURGER","raw","aloo tikki","77A","aloo tikki_gm_reciepe","60","gm","1","60","","","","","","","8098.5600","8098.5600","1","","",""
"line_detail","D147","CHEESE  BURGER","raw","cheese 1pc","82A","cheese 1pc_gm_reciepe","10","gm","1","10","","","","","","","8098.5600","8098.5600","1","","",""
"line_detail","D147","CHEESE  BURGER","raw","cheese 1pc","82A","cheese 1pc_gm_reciepe","10","gm","1","10","","","","","","","8098.5600","8098.5600","1","","",""
"line_detail","D147","CHEESE  BURGER","raw","cheese 1pc","82A","cheese 1pc_gm_reciepe","1","gm","1","1","","","","","","","8098.5600","8098.5600","1","","",""
"line_detail","D147","CHEESE  BURGER","raw","cheese 1pc","82A","cheese 1pc_gm_reciepe","1","gm","1","1","","","","","","","8098.5600","8098.5600","1","","",""
"line_detail","D147","CHEESE  BURGER","raw","cheese 1pc","82A","cheese 1pc_gm_reciepe","1","gm","1","1","","","","","","","8098.5600","8098.5600","1","","",""
"line_detail","D147","CHEESE  BURGER","raw","cheese 1pc","82A","cheese 1pc_gm_reciepe","1","gm","1","1","","","","","","","8098.5600","8098.5600","1","","",""
"line_detail","D147","CHEESE  BURGER","raw","cheese 1pc","82A","cheese 1pc_gm_reciepe","1","gm","1","1","","","","","","","8098.5600","8098.5600","1","","",""
"line_detail","D147","CHEESE  BURGER","raw","cheese 1pc","82A","cheese 1pc_gm_reciepe","1","gm","1","1","","","","","","","8098.5600","8098.5600","1","","",""
"line_detail","D147","CHEESE  BURGER","raw","cheese 1pc","82A","cheese 1pc_gm_reciepe","10","gm","1","10","","","","","","","8098.5600","8098.5600","1","","",""
"line_detail","D147","CHEESE  BURGER","raw","cheese 1pc","82A","cheese 1pc_gm_reciepe","10","gm","1","10","","","","","","","8098.5600","8098.5600","1","","",""
"line_detail","D147","CHEESE  BURGER","raw","cheese 1pc","82A","cheese 1pc_gm_reciepe","10","gm","1","10","","","","","","","8098.5600","8098.5600","1","","",""
"line_detail","D147","CHEESE  BURGER","raw","cheese 1pc","82A","cheese 1pc_gm_reciepe","10","gm","1","10","","","","","","","8098.5600","8098.5600","1","","",""
"line_detail","D147","CHEESE  BURGER","raw","cheese processed","81","cheese processed_gm_reciepe","10","gm","1","10","","","","","","","8098.5600","8098.5600","1","","",""
"line_detail","D147","CHEESE  BURGER","raw","cheese processed","81","cheese processed_gm_reciepe","10","gm","1","10","","","","","","","8098.5600","8098.5600","1","","",""
"line_detail","D147","CHEESE  BURGER","raw","cheese processed","81","cheese processed_gm_reciepe","10","gm","1","10","","","","","","","8098.5600","8098.5600","1","","",""
"line_detail","D147","CHEESE  BURGER","raw","cheese processed","81","cheese processed_gm_reciepe","10","gm","1","10","","","","","","","8098.5600","8098.5600","1","","",""
"line_detail","D147","CHEESE  BURGER","raw","cheese processed","81","cheese processed_gm_reciepe","10","gm","1","10","","","","","","","8098.5600","8098.5600","1","","",""
"line_detail","D147","CHEESE  BURGER","raw","cheese processed","81","cheese processed_gm_reciepe","10","gm","1","10","","","","","","","8098.5600","8098.5600","1","","",""
"line_detail","D147","CHEESE  BURGER","raw","cheese processed","81","cheese processed_gm_reciepe","10","gm","1","10","","","","","","","8098.5600","8098.5600","1","","",""
"line_detail","D147","CHEESE  BURGER","raw","cheese processed","81","cheese processed_gm_reciepe","10","gm","1","10","","","","","","","8098.5600","8098.5600","1","","",""
"line_detail","D147","CHEESE  BURGER","raw","cheese processed","81","cheese processed_gm_reciepe","10","gm","1","10","","","","","","","8098.5600","8098.5600","1","","",""
"line_detail","D147","CHEESE  BURGER","raw","cheese processed","81","cheese processed_gm_reciepe","10","gm","1","10","","","","","","","8098.5600","8098.5600","1","","",""
"line_detail","D147","CHEESE  BURGER","raw","cheese processed","81","cheese processed_gm_reciepe","10","gm","1","10","","","","","","","8098.5600","8098.5600","1","","",""
"line_detail","D147","CHEESE  BURGER","raw","cheese processed","81","cheese processed_gm_reciepe","10","gm","1","10","","","","","","","8098.5600","8098.5600","1","","",""
"line_detail","D147","CHEESE  BURGER","raw","cheese processed","81","cheese processed_gm_reciepe","10","gm","1","10","","","","","","","8098.5600","8098.5600","1","","",""
"line_detail","D147","CHEESE  BURGER","raw","cheese processed","81","cheese processed_gm_reciepe","10","gm","1","10","","","","","","","8098.5600","8098.5600","1","","",""
"line_detail","D147","CHEESE  BURGER","raw","cheese processed","81","cheese processed_gm_reciepe","10","gm","1","10","","","","","","","8098.5600","8098.5600","1","","",""
"line_detail","D147","CHEESE  BURGER","raw","cheese processed","81","cheese processed_gm_reciepe","10","gm","1","10","","","","","","","8098.5600","8098.5600","1","","",""
"line_detail","D147","CHEESE  BURGER","raw","cheese processed","81","cheese processed_gm_reciepe","10","gm","1","10","","","","","","","8098.5600","8098.5600","1","","",""
"line_detail","D147","CHEESE  BURGER","raw","cheese processed","81","cheese processed_gm_reciepe","10","gm","1","10","","","","","","","8098.5600","8098.5600","1","","",""
"line_detail","D147","CHEESE  BURGER","raw","cheese processed","81","cheese processed_gm_reciepe","10","gm","1","10","","","","","","","8098.5600","8098.5600","1","","",""
"line_detail","D147","CHEESE  BURGER","raw","cheese processed","81","cheese processed_gm_reciepe","10","gm","1","10","","","","","","","8098.5600","8098.5600","1","","",""
"line_detail","D147","CHEESE  BURGER","raw","cheese processed","81","cheese processed_gm_reciepe","10","gm","1","10","","","","","","","8098.5600","8098.5600","1","","",""
"line_detail","D147","CHEESE  BURGER","raw","cheese processed","81","cheese processed_gm_reciepe","10","gm","1","10","","","","","","","8098.5600","8098.5600","1","","",""
"line_detail","D147","CHEESE  BURGER","raw","cheese processed","81","cheese processed_gm_reciepe","10","gm","1","10","","","","","","","8098.5600","8098.5600","1","","",""
"line_detail","D147","CHEESE  BURGER","raw","cheese processed","81","cheese processed_gm_reciepe","10","gm","1","10","","","","","","","8098.5600","8098.5600","1","","",""
"line_detail","D147","CHEESE  BURGER","raw","cheese processed","81","cheese processed_gm_reciepe","10","gm","1","10","","","","","","","8098.5600","8098.5600","1","","",""
"line_detail","D147","CHEESE  BURGER","raw","cheese processed","81","cheese processed_gm_reciepe","10","gm","1","10","","","","","","","8098.5600","8098.5600","1","","",""
"line_detail","D147","CHEESE  BURGER","raw","cheese processed","81","cheese processed_gm_reciepe","10","gm","1","10","","","","","","","8098.5600","8098.5600","1","","",""
"line_detail","D147","CHEESE  BURGER","raw","cheese processed","81","cheese processed_gm_reciepe","10","gm","1","10","","","","","","","8098.5600","8098.5600","1","","",""
"line_detail","D147","CHEESE  BURGER","raw","cheese processed","81","cheese processed_gm_reciepe","10","gm","1","10","","","","","","","8098.5600","8098.5600","1","","",""
"line_detail","D147","CHEESE  BURGER","raw","cheese processed","81","cheese processed_gm_reciepe","10","gm","1","10","","","","","","","8098.5600","8098.5600","1","","",""
"line_detail","D147","CHEESE  BURGER","raw","metonese","50","metonese_gm_reciepe","30","gm","1","30","4.5600","136.8000","","","","","8098.5600","8098.5600","1","","",""
"line_detail","D147","CHEESE  BURGER","raw","metonese","50","metonese_gm_reciepe","7","gm","1","7","4.5600","31.9200","","","","","8098.5600","8098.5600","1","","",""
"line_detail","D147","CHEESE  BURGER","raw","metonese","50","metonese_gm_reciepe","7","gm","1","7","4.5600","31.9200","","","","","8098.5600","8098.5600","1","","",""
"line_detail","D147","CHEESE  BURGER","raw","metonese","50","metonese_gm_reciepe","30","gm","1","30","4.5600","136.8000","","","","","8098.5600","8098.5600","1","","",""
"line_detail","D147","CHEESE  BURGER","raw","metonese","50","metonese_gm_reciepe","30","gm","1","30","4.5600","136.8000","","","","","8098.5600","8098.5600","1","","",""
"line_detail","D147","CHEESE  BURGER","raw","metonese","50","metonese_gm_reciepe","7","gm","1","7","4.5600","31.9200","","","","","8098.5600","8098.5600","1","","",""
"line_detail","D147","CHEESE  BURGER","raw","metonese","50","metonese_gm_reciepe","7","gm","1","7","4.5600","31.9200","","","","","8098.5600","8098.5600","1","","",""
"line_detail","D147","CHEESE  BURGER","raw","metonese","50","metonese_gm_reciepe","30","gm","1","30","4.5600","136.8000","","","","","8098.5600","8098.5600","1","","",""
"line_detail","D147","CHEESE  BURGER","raw","metonese","50","metonese_gm_reciepe","30","gm","1","30","4.5600","136.8000","","","","","8098.5600","8098.5600","1","","",""
"line_detail","D147","CHEESE  BURGER","raw","metonese","50","metonese_gm_reciepe","7","gm","1","7","4.5600","31.9200","","","","","8098.5600","8098.5600","1","","",""
"line_detail","D147","CHEESE  BURGER","raw","metonese","50","metonese_gm_reciepe","7","gm","1","7","4.5600","31.9200","","","","","8098.5600","8098.5600","1","","",""
"line_detail","D147","CHEESE  BURGER","raw","metonese","50","metonese_gm_reciepe","30","gm","1","30","4.5600","136.8000","","","","","8098.5600","8098.5600","1","","",""
"line_detail","D147","CHEESE  BURGER","raw","metonese","50","metonese_gm_reciepe","30","gm","1","30","4.5600","136.8000","","","","","8098.5600","8098.5600","1","","",""
"line_detail","D147","CHEESE  BURGER","raw","metonese","50","metonese_gm_reciepe","30","gm","1","30","4.5600","136.8000","","","","","8098.5600","8098.5600","1","","",""
"line_detail","D147","CHEESE  BURGER","raw","metonese","50","metonese_gm_reciepe","30","gm","1","30","4.5600","136.8000","","","","","8098.5600","8098.5600","1","","",""
"line_detail","D147","CHEESE  BURGER","raw","metonese","50","metonese_gm_reciepe","30","gm","1","30","4.5600","136.8000","","","","","8098.5600","8098.5600","1","","",""
"line_detail","D147","CHEESE  BURGER","raw","metonese","50","metonese_gm_reciepe","7","gm","1","7","4.5600","31.9200","","","","","8098.5600","8098.5600","1","","",""
"line_detail","D147","CHEESE  BURGER","raw","metonese","50","metonese_gm_reciepe","30","gm","1","30","4.5600","136.8000","","","","","8098.5600","8098.5600","1","","",""
"line_detail","D147","CHEESE  BURGER","raw","metonese","50","metonese_gm_reciepe","7","gm","1","7","4.5600","31.9200","","","","","8098.5600","8098.5600","1","","",""
"line_detail","D147","CHEESE  BURGER","raw","metonese","50","metonese_gm_reciepe","7","gm","1","7","4.5600","31.9200","","","","","8098.5600","8098.5600","1","","",""
"line_detail","D147","CHEESE  BURGER","raw","metonese","50","metonese_gm_reciepe","7","gm","1","7","4.5600","31.9200","","","","","8098.5600","8098.5600","1","","",""
"line_detail","D147","CHEESE  BURGER","raw","metonese","50","metonese_gm_reciepe","7","gm","1","7","4.5600","31.9200","","","","","8098.5600","8098.5600","1","","",""
"line_detail","D147","CHEESE  BURGER","raw","metonese","50","metonese_gm_reciepe","30","gm","1","30","4.5600","136.8000","","","","","8098.5600","8098.5600","1","","",""
"line_detail","D147","CHEESE  BURGER","raw","metonese","50","metonese_gm_reciepe","30","gm","1","30","4.5600","136.8000","","","","","8098.5600","8098.5600","1","","",""
"line_detail","D147","CHEESE  BURGER","raw","metonese","50","metonese_gm_reciepe","7","gm","1","7","4.5600","31.9200","","","","","8098.5600","8098.5600","1","","",""
"line_detail","D147","CHEESE  BURGER","raw","metonese","50","metonese_gm_reciepe","7","gm","1","7","4.5600","31.9200","","","","","8098.5600","8098.5600","1","","",""
"line_detail","D147","CHEESE  BURGER","raw","metonese","50","metonese_gm_reciepe","7","gm","1","7","4.5600","31.9200","","","","","8098.5600","8098.5600","1","","",""
"line_detail","D147","CHEESE  BURGER","raw","metonese","50","metonese_gm_reciepe","7","gm","1","7","4.5600","31.9200","","","","","8098.5600","8098.5600","1","","",""
"line_detail","D147","CHEESE  BURGER","raw","metonese","50","metonese_gm_reciepe","30","gm","1","30","4.5600","136.8000","","","","","8098.5600","8098.5600","1","","",""
"line_detail","D147","CHEESE  BURGER","raw","metonese","50","metonese_gm_reciepe","30","gm","1","30","4.5600","136.8000","","","","","8098.5600","8098.5600","1","","",""
"line_detail","D147","CHEESE  BURGER","raw","metonese","50","metonese_gm_reciepe","7","gm","1","7","4.5600","31.9200","","","","","8098.5600","8098.5600","1","","",""
"line_detail","D147","CHEESE  BURGER","raw","metonese","50","metonese_gm_reciepe","7","gm","1","7","4.5600","31.9200","","","","","8098.5600","8098.5600","1","","",""
"line_detail","D147","CHEESE  BURGER","raw","metonese","50","metonese_gm_reciepe","30","gm","1","30","4.5600","136.8000","","","","","8098.5600","8098.5600","1","","",""
"line_detail","D147","CHEESE  BURGER","raw","metonese","50","metonese_gm_reciepe","30","gm","1","30","4.5600","136.8000","","","","","8098.5600","8098.5600","1","","",""
"line_detail","D147","CHEESE  BURGER","raw","metonese","50","metonese_gm_reciepe","7","gm","1","7","4.5600","31.9200","","","","","8098.5600","8098.5600","1","","",""
"line_detail","D147","CHEESE  BURGER","raw","metonese","50","metonese_gm_reciepe","7","gm","1","7","4.5600","31.9200","","","","","8098.5600","8098.5600","1","","",""
"line_detail","D147","CHEESE  BURGER","raw","metonese","50","metonese_gm_reciepe","30","gm","1","30","4.5600","136.8000","","","","","8098.5600","8098.5600","1","","",""
"line_detail","D147","CHEESE  BURGER","raw","metonese","50","metonese_gm_reciepe","30","gm","1","30","4.5600","136.8000","","","","","8098.5600","8098.5600","1","","",""
"line_detail","D147","CHEESE  BURGER","raw","metonese","50","metonese_gm_reciepe","7","gm","1","7","4.5600","31.9200","","","","","8098.5600","8098.5600","1","","",""
"line_detail","D147","CHEESE  BURGER","raw","metonese","50","metonese_gm_reciepe","7","gm","1","7","4.5600","31.9200","","","","","8098.5600","8098.5600","1","","",""
"line_detail","D147","CHEESE  BURGER","raw","metonese","50","metonese_gm_reciepe","30","gm","1","30","4.5600","136.8000","","","","","8098.5600","8098.5600","1","","",""
"line_detail","D147","CHEESE  BURGER","raw","metonese","50","metonese_gm_reciepe","30","gm","1","30","4.5600","136.8000","","","","","8098.5600","8098.5600","1","","",""
"line_detail","D147","CHEESE  BURGER","raw","metonese","50","metonese_gm_reciepe","7","gm","1","7","4.5600","31.9200","","","","","8098.5600","8098.5600","1","","",""
"line_detail","D147","CHEESE  BURGER","raw","metonese","50","metonese_gm_reciepe","7","gm","1","7","4.5600","31.9200","","","","","8098.5600","8098.5600","1","","",""
"line_detail","D147","CHEESE  BURGER","raw","metonese","50","metonese_gm_reciepe","30","gm","1","30","4.5600","136.8000","","","","","8098.5600","8098.5600","1","","",""
"line_detail","D147","CHEESE  BURGER","raw","metonese","50","metonese_gm_reciepe","30","gm","1","30","4.5600","136.8000","","","","","8098.5600","8098.5600","1","","",""
"line_detail","D147","CHEESE  BURGER","raw","metonese","50","metonese_gm_reciepe","7","gm","1","7","4.5600","31.9200","","","","","8098.5600","8098.5600","1","","",""
"line_detail","D147","CHEESE  BURGER","raw","metonese","50","metonese_gm_reciepe","7","gm","1","7","4.5600","31.9200","","","","","8098.5600","8098.5600","1","","",""
"line_detail","D147","CHEESE  BURGER","raw","metonese","50","metonese_gm_reciepe","30","gm","1","30","4.5600","136.8000","","","","","8098.5600","8098.5600","1","","",""
"line_detail","D147","CHEESE  BURGER","raw","metonese","50","metonese_gm_reciepe","30","gm","1","30","4.5600","136.8000","","","","","8098.5600","8098.5600","1","","",""
"line_detail","D147","CHEESE  BURGER","raw","metonese","50","metonese_gm_reciepe","7","gm","1","7","4.5600","31.9200","","","","","8098.5600","8098.5600","1","","",""
"line_detail","D147","CHEESE  BURGER","raw","metonese","50","metonese_gm_reciepe","7","gm","1","7","4.5600","31.9200","","","","","8098.5600","8098.5600","1","","",""
"line_detail","D147","CHEESE  BURGER","raw","metonese","50","metonese_gm_reciepe","30","gm","1","30","4.5600","136.8000","","","","","8098.5600","8098.5600","1","","",""
"line_detail","D147","CHEESE  BURGER","raw","metonese","50","metonese_gm_reciepe","7","gm","1","7","4.5600","31.9200","","","","","8098.5600","8098.5600","1","","",""
"line_detail","D147","CHEESE  BURGER","raw","metonese","50","metonese_gm_reciepe","30","gm","1","30","4.5600","136.8000","","","","","8098.5600","8098.5600","1","","",""
"line_detail","D147","CHEESE  BURGER","raw","metonese","50","metonese_gm_reciepe","7","gm","1","7","4.5600","31.9200","","","","","8098.5600","8098.5600","1","","",""
"line_detail","D147","CHEESE  BURGER","raw","metonese","50","metonese_gm_reciepe","7","gm","1","7","4.5600","31.9200","","","","","8098.5600","8098.5600","1","","",""
"line_detail","D147","CHEESE  BURGER","raw","metonese","50","metonese_gm_reciepe","30","gm","1","30","4.5600","136.8000","","","","","8098.5600","8098.5600","1","","",""
"line_detail","D147","CHEESE  BURGER","raw","metonese","50","metonese_gm_reciepe","30","gm","1","30","4.5600","136.8000","","","","","8098.5600","8098.5600","1","","",""
"line_detail","D147","CHEESE  BURGER","raw","metonese","50","metonese_gm_reciepe","7","gm","1","7","4.5600","31.9200","","","","","8098.5600","8098.5600","1","","",""
"line_detail","D147","CHEESE  BURGER","raw","metonese","50","metonese_gm_reciepe","7","gm","1","7","4.5600","31.9200","","","","","8098.5600","8098.5600","1","","",""
"line_detail","D147","CHEESE  BURGER","raw","metonese","50","metonese_gm_reciepe","30","gm","1","30","4.5600","136.8000","","","","","8098.5600","8098.5600","1","","",""
"line_detail","D147","CHEESE  BURGER","raw","metonese","50","metonese_gm_reciepe","30","gm","1","30","4.5600","136.8000","","","","","8098.5600","8098.5600","1","","",""
"line_detail","D147","CHEESE  BURGER","raw","metonese","50","metonese_gm_reciepe","30","gm","1","30","4.5600","136.8000","","","","","8098.5600","8098.5600","1","","",""
"line_detail","D147","CHEESE  BURGER","raw","metonese","50","metonese_gm_reciepe","7","gm","1","7","4.5600","31.9200","","","","","8098.5600","8098.5600","1","","",""
"line_detail","D147","CHEESE  BURGER","raw","metonese","50","metonese_gm_reciepe","7","gm","1","7","4.5600","31.9200","","","","","8098.5600","8098.5600","1","","",""
"line_detail","D147","CHEESE  BURGER","raw","metonese","50","metonese_gm_reciepe","30","gm","1","30","4.5600","136.8000","","","","","8098.5600","8098.5600","1","","",""
"line_detail","D147","CHEESE  BURGER","raw","metonese","50","metonese_gm_reciepe","30","gm","1","30","4.5600","136.8000","","","","","8098.5600","8098.5600","1","","",""
"line_detail","D147","CHEESE  BURGER","raw","metonese","50","metonese_gm_reciepe","7","gm","1","7","4.5600","31.9200","","","","","8098.5600","8098.5600","1","","",""
"line_detail","D147","CHEESE  BURGER","raw","metonese","50","metonese_gm_reciepe","7","gm","1","7","4.5600","31.9200","","","","","8098.5600","8098.5600","1","","",""
"line_detail","D147","CHEESE  BURGER","raw","metonese","50","metonese_gm_reciepe","30","gm","1","30","4.5600","136.8000","","","","","8098.5600","8098.5600","1","","",""
"line_detail","D147","CHEESE  BURGER","raw","metonese","50","metonese_gm_reciepe","30","gm","1","30","4.5600","136.8000","","","","","8098.5600","8098.5600","1","","",""
"line_detail","D147","CHEESE  BURGER","raw","metonese","50","metonese_gm_reciepe","7","gm","1","7","4.5600","31.9200","","","","","8098.5600","8098.5600","1","","",""
"line_detail","D147","CHEESE  BURGER","raw","metonese","50","metonese_gm_reciepe","7","gm","1","7","4.5600","31.9200","","","","","8098.5600","8098.5600","1","","",""
"line_detail","D147","CHEESE  BURGER","raw","metonese","50","metonese_gm_reciepe","30","gm","1","30","4.5600","136.8000","","","","","8098.5600","8098.5600","1","","",""
"line_detail","D147","CHEESE  BURGER","raw","metonese","50","metonese_gm_reciepe","7","gm","1","7","4.5600","31.9200","","","","","8098.5600","8098.5600","1","","",""
"line_detail","D147","CHEESE  BURGER","raw","metonese","50","metonese_gm_reciepe","7","gm","1","7","4.5600","31.9200","","","","","8098.5600","8098.5600","1","","",""
"line_detail","D147","CHEESE  BURGER","raw","metonese","50","metonese_gm_reciepe","30","gm","1","30","4.5600","136.8000","","","","","8098.5600","8098.5600","1","","",""
"line_detail","D147","CHEESE  BURGER","raw","metonese","50","metonese_gm_reciepe","30","gm","1","30","4.5600","136.8000","","","","","8098.5600","8098.5600","1","","",""
"line_detail","D147","CHEESE  BURGER","raw","metonese","50","metonese_gm_reciepe","7","gm","1","7","4.5600","31.9200","","","","","8098.5600","8098.5600","1","","",""
"line_detail","D147","CHEESE  BURGER","raw","metonese","50","metonese_gm_reciepe","7","gm","1","7","4.5600","31.9200","","","","","8098.5600","8098.5600","1","","",""
"line_detail","D147","CHEESE  BURGER","raw","metonese","50","metonese_gm_reciepe","30","gm","1","30","4.5600","136.8000","","","","","8098.5600","8098.5600","1","","",""
"line_detail","D147","CHEESE  BURGER","raw","metonese","50","metonese_gm_reciepe","30","gm","1","30","4.5600","136.8000","","","","","8098.5600","8098.5600","1","","",""
"line_detail","D147","CHEESE  BURGER","raw","metonese","50","metonese_gm_reciepe","30","gm","1","30","4.5600","136.8000","","","","","8098.5600","8098.5600","1","","",""
"line_detail","D147","CHEESE  BURGER","raw","metonese","50","metonese_gm_reciepe","7","gm","1","7","4.5600","31.9200","","","","","8098.5600","8098.5600","1","","",""
"line_detail","D147","CHEESE  BURGER","raw","metonese","50","metonese_gm_reciepe","7","gm","1","7","4.5600","31.9200","","","","","8098.5600","8098.5600","1","","",""
"line_detail","D147","CHEESE  BURGER","raw","metonese","50","metonese_gm_reciepe","30","gm","1","30","4.5600","136.8000","","","","","8098.5600","8098.5600","1","","",""
"line_detail","D147","CHEESE  BURGER","raw","metonese","50","metonese_gm_reciepe","30","gm","1","30","4.5600","136.8000","","","","","8098.5600","8098.5600","1","","",""
"line_detail","D147","CHEESE  BURGER","raw","metonese","50","metonese_gm_reciepe","7","gm","1","7","4.5600","31.9200","","","","","8098.5600","8098.5600","1","","",""
"line_detail","D147","CHEESE  BURGER","raw","metonese","50","metonese_gm_reciepe","7","gm","1","7","4.5600","31.9200","","","","","8098.5600","8098.5600","1","","",""
"line_detail","D147","CHEESE  BURGER","raw","metonese","50","metonese_gm_reciepe","30","gm","1","30","4.5600","136.8000","","","","","8098.5600","8098.5600","1","","",""
"line_detail","D147","CHEESE  BURGER","raw","metonese","50","metonese_gm_reciepe","30","gm","1","30","4.5600","136.8000","","","","","8098.5600","8098.5600","1","","",""
"line_detail","D147","CHEESE  BURGER","raw","metonese","50","metonese_gm_reciepe","7","gm","1","7","4.5600","31.9200","","","","","8098.5600","8098.5600","1","","",""
"line_detail","D147","CHEESE  BURGER","raw","metonese","50","metonese_gm_reciepe","7","gm","1","7","4.5600","31.9200","","","","","8098.5600","8098.5600","1","","",""
"line_detail","D147","CHEESE  BURGER","raw","metonese","50","metonese_gm_reciepe","30","gm","1","30","4.5600","136.8000","","","","","8098.5600","8098.5600","1","","",""
"line_detail","D147","CHEESE  BURGER","raw","metonese","50","metonese_gm_reciepe","30","gm","1","30","4.5600","136.8000","","","","","8098.5600","8098.5600","1","","",""
"line_detail","D147","CHEESE  BURGER","raw","thousand sauce","54","thousand sauce_gm_reciepe","20","gm","1","20","","","","","","","8098.5600","8098.5600","1","","",""
"line_detail","D147","CHEESE  BURGER","raw","thousand sauce","54","thousand sauce_gm_reciepe","7","gm","1","7","","","","","","","8098.5600","8098.5600","1","","",""
"line_detail","D147","CHEESE  BURGER","raw","thousand sauce","54","thousand sauce_gm_reciepe","7","gm","1","7","","","","","","","8098.5600","8098.5600","1","","",""
"line_detail","D147","CHEESE  BURGER","raw","thousand sauce","54","thousand sauce_gm_reciepe","20","gm","1","20","","","","","","","8098.5600","8098.5600","1","","",""
"line_detail","D147","CHEESE  BURGER","raw","thousand sauce","54","thousand sauce_gm_reciepe","7","gm","1","7","","","","","","","8098.5600","8098.5600","1","","",""
"line_detail","D147","CHEESE  BURGER","raw","thousand sauce","54","thousand sauce_gm_reciepe","20","gm","1","20","","","","","","","8098.5600","8098.5600","1","","",""
"line_detail","D147","CHEESE  BURGER","raw","thousand sauce","54","thousand sauce_gm_reciepe","20","gm","1","20","","","","","","","8098.5600","8098.5600","1","","",""
"line_detail","D147","CHEESE  BURGER","raw","thousand sauce","54","thousand sauce_gm_reciepe","7","gm","1","7","","","","","","","8098.5600","8098.5600","1","","",""
"line_detail","D147","CHEESE  BURGER","raw","thousand sauce","54","thousand sauce_gm_reciepe","7","gm","1","7","","","","","","","8098.5600","8098.5600","1","","",""
"line_detail","D147","CHEESE  BURGER","raw","thousand sauce","54","thousand sauce_gm_reciepe","7","gm","1","7","","","","","","","8098.5600","8098.5600","1","","",""
"line_detail","D147","CHEESE  BURGER","raw","thousand sauce","54","thousand sauce_gm_reciepe","20","gm","1","20","","","","","","","8098.5600","8098.5600","1","","",""
"line_detail","D147","CHEESE  BURGER","raw","thousand sauce","54","thousand sauce_gm_reciepe","20","gm","1","20","","","","","","","8098.5600","8098.5600","1","","",""
"dish_summary","D147","CHEESE  BURGER","","","","CHEESE  BURGER_1_portion","","","","","","8098.5600","standard","false","CHEESE  BURGER_1_portion","","8098.5600","8098.5600","1","2","100","0"
"line_detail","D148","PERI PERI BURGER","raw","BURGER BUN","B2","","1","","","","","","","","","","4049.2800","4049.2800","1","","",""
"line_detail","D148","PERI PERI BURGER","raw","BURGER BUN","B2","BURGER BUN_gm_reciepe","1","gm","1","1","","","","","","","4049.2800","4049.2800","1","","",""
"line_detail","D148","PERI PERI BURGER","raw","Cabbage","V7","Cabbage_gm_reciepe","5","gm","1","5","","","","","","","4049.2800","4049.2800","1","","",""
"line_detail","D148","PERI PERI BURGER","raw","Cabbage","V7","Cabbage_gm_reciepe","5","gm","1","5","","","","","","","4049.2800","4049.2800","1","","",""
"line_detail","D148","PERI PERI BURGER","raw","Cabbage","V7","Cabbage_gm_reciepe","5","gm","1","5","","","","","","","4049.2800","4049.2800","1","","",""
"line_detail","D148","PERI PERI BURGER","raw","Cabbage","V7","Cabbage_gm_reciepe","5","gm","1","5","","","","","","","4049.2800","4049.2800","1","","",""
"line_detail","D148","PERI PERI BURGER","raw","Capsicum","V1","Capsicum_gm_reciepe","10","gm","1","10","","","","","","","4049.2800","4049.2800","1","","",""
"line_detail","D148","PERI PERI BURGER","raw","Capsicum","V1","Capsicum_gm_reciepe","10","gm","1","10","","","","","","","4049.2800","4049.2800","1","","",""
"line_detail","D148","PERI PERI BURGER","raw","Capsicum","V1","Capsicum_gm_reciepe","10","gm","1","10","","","","","","","4049.2800","4049.2800","1","","",""
"line_detail","D148","PERI PERI BURGER","raw","Capsicum","V1","Capsicum_gm_reciepe","10","gm","1","10","","","","","","","4049.2800","4049.2800","1","","",""
"line_detail","D148","PERI PERI BURGER","raw","Cucumber","V12","Cucumber_gm_reciepe","30","gm","1","30","","","","","","","4049.2800","4049.2800","1","","",""
"line_detail","D148","PERI PERI BURGER","raw","Cucumber","V12","Cucumber_gm_reciepe","30","gm","1","30","","","","","","","4049.2800","4049.2800","1","","",""
"line_detail","D148","PERI PERI BURGER","raw","Cucumber","V12","Cucumber_gm_reciepe","30","gm","1","30","","","","","","","4049.2800","4049.2800","1","","",""
"line_detail","D148","PERI PERI BURGER","raw","Cucumber","V12","Cucumber_gm_reciepe","30","gm","1","30","","","","","","","4049.2800","4049.2800","1","","",""
"line_detail","D148","PERI PERI BURGER","raw","Onion","V11","Onion_gm_reciepe","10","gm","1","10","","","","","","","4049.2800","4049.2800","1","","",""
"line_detail","D148","PERI PERI BURGER","raw","Onion","V11","Onion_gm_reciepe","10","gm","1","10","","","","","","","4049.2800","4049.2800","1","","",""
"line_detail","D148","PERI PERI BURGER","raw","Onion","V11","Onion_gm_reciepe","10","gm","1","10","","","","","","","4049.2800","4049.2800","1","","",""
"line_detail","D148","PERI PERI BURGER","raw","Onion","V11","Onion_gm_reciepe","10","gm","1","10","","","","","","","4049.2800","4049.2800","1","","",""
"line_detail","D148","PERI PERI BURGER","raw","Tomato","V18","Tomato_gm_reciepe","10","gm","1","10","","","","","","","4049.2800","4049.2800","1","","",""
"line_detail","D148","PERI PERI BURGER","raw","Tomato","V18","Tomato_gm_reciepe","10","gm","1","10","","","","","","","4049.2800","4049.2800","1","","",""
"line_detail","D148","PERI PERI BURGER","raw","Tomato","V18","Tomato_gm_reciepe","10","gm","1","10","","","","","","","4049.2800","4049.2800","1","","",""
"line_detail","D148","PERI PERI BURGER","raw","Tomato","V18","Tomato_gm_reciepe","10","gm","1","10","","","","","","","4049.2800","4049.2800","1","","",""
"line_detail","D148","PERI PERI BURGER","raw","aloo tikki","77A","aloo tikki_gm_reciepe","70","gm","1","70","","","","","","","4049.2800","4049.2800","1","","",""
"line_detail","D148","PERI PERI BURGER","raw","aloo tikki","77A","aloo tikki_gm_reciepe","60","gm","1","60","","","","","","","4049.2800","4049.2800","1","","",""
"line_detail","D148","PERI PERI BURGER","raw","aloo tikki","77A","aloo tikki_gm_reciepe","70","gm","1","70","","","","","","","4049.2800","4049.2800","1","","",""
"line_detail","D148","PERI PERI BURGER","raw","aloo tikki","77A","aloo tikki_gm_reciepe","60","gm","1","60","","","","","","","4049.2800","4049.2800","1","","",""
"line_detail","D148","PERI PERI BURGER","raw","aloo tikki","77A","aloo tikki_gm_reciepe","60","gm","1","60","","","","","","","4049.2800","4049.2800","1","","",""
"line_detail","D148","PERI PERI BURGER","raw","aloo tikki","77A","aloo tikki_gm_reciepe","70","gm","1","70","","","","","","","4049.2800","4049.2800","1","","",""
"line_detail","D148","PERI PERI BURGER","raw","cheese 1pc","82A","cheese 1pc_gm_reciepe","1","gm","1","1","","","","","","","4049.2800","4049.2800","1","","",""
"line_detail","D148","PERI PERI BURGER","raw","cheese 1pc","82A","cheese 1pc_gm_reciepe","1","gm","1","1","","","","","","","4049.2800","4049.2800","1","","",""
"line_detail","D148","PERI PERI BURGER","raw","cheese 1pc","82A","cheese 1pc_gm_reciepe","1","gm","1","1","","","","","","","4049.2800","4049.2800","1","","",""
"line_detail","D148","PERI PERI BURGER","raw","metonese","50","metonese_gm_reciepe","30","gm","1","30","4.5600","136.8000","","","","","4049.2800","4049.2800","1","","",""
"line_detail","D148","PERI PERI BURGER","raw","metonese","50","metonese_gm_reciepe","7","gm","1","7","4.5600","31.9200","","","","","4049.2800","4049.2800","1","","",""
"line_detail","D148","PERI PERI BURGER","raw","metonese","50","metonese_gm_reciepe","30","gm","1","30","4.5600","136.8000","","","","","4049.2800","4049.2800","1","","",""
"line_detail","D148","PERI PERI BURGER","raw","metonese","50","metonese_gm_reciepe","7","gm","1","7","4.5600","31.9200","","","","","4049.2800","4049.2800","1","","",""
"line_detail","D148","PERI PERI BURGER","raw","metonese","50","metonese_gm_reciepe","30","gm","1","30","4.5600","136.8000","","","","","4049.2800","4049.2800","1","","",""
"line_detail","D148","PERI PERI BURGER","raw","metonese","50","metonese_gm_reciepe","7","gm","1","7","4.5600","31.9200","","","","","4049.2800","4049.2800","1","","",""
"line_detail","D148","PERI PERI BURGER","raw","metonese","50","metonese_gm_reciepe","30","gm","1","30","4.5600","136.8000","","","","","4049.2800","4049.2800","1","","",""
"line_detail","D148","PERI PERI BURGER","raw","metonese","50","metonese_gm_reciepe","30","gm","1","30","4.5600","136.8000","","","","","4049.2800","4049.2800","1","","",""
"line_detail","D148","PERI PERI BURGER","raw","metonese","50","metonese_gm_reciepe","7","gm","1","7","4.5600","31.9200","","","","","4049.2800","4049.2800","1","","",""
"line_detail","D148","PERI PERI BURGER","raw","metonese","50","metonese_gm_reciepe","7","gm","1","7","4.5600","31.9200","","","","","4049.2800","4049.2800","1","","",""
"line_detail","D148","PERI PERI BURGER","raw","metonese","50","metonese_gm_reciepe","30","gm","1","30","4.5600","136.8000","","","","","4049.2800","4049.2800","1","","",""
"line_detail","D148","PERI PERI BURGER","raw","metonese","50","metonese_gm_reciepe","7","gm","1","7","4.5600","31.9200","","","","","4049.2800","4049.2800","1","","",""
"line_detail","D148","PERI PERI BURGER","raw","metonese","50","metonese_gm_reciepe","30","gm","1","30","4.5600","136.8000","","","","","4049.2800","4049.2800","1","","",""
"line_detail","D148","PERI PERI BURGER","raw","metonese","50","metonese_gm_reciepe","7","gm","1","7","4.5600","31.9200","","","","","4049.2800","4049.2800","1","","",""
"line_detail","D148","PERI PERI BURGER","raw","metonese","50","metonese_gm_reciepe","30","gm","1","30","4.5600","136.8000","","","","","4049.2800","4049.2800","1","","",""
"line_detail","D148","PERI PERI BURGER","raw","metonese","50","metonese_gm_reciepe","7","gm","1","7","4.5600","31.9200","","","","","4049.2800","4049.2800","1","","",""
"line_detail","D148","PERI PERI BURGER","raw","metonese","50","metonese_gm_reciepe","7","gm","1","7","4.5600","31.9200","","","","","4049.2800","4049.2800","1","","",""
"line_detail","D148","PERI PERI BURGER","raw","metonese","50","metonese_gm_reciepe","30","gm","1","30","4.5600","136.8000","","","","","4049.2800","4049.2800","1","","",""
"line_detail","D148","PERI PERI BURGER","raw","metonese","50","metonese_gm_reciepe","7","gm","1","7","4.5600","31.9200","","","","","4049.2800","4049.2800","1","","",""
"line_detail","D148","PERI PERI BURGER","raw","metonese","50","metonese_gm_reciepe","30","gm","1","30","4.5600","136.8000","","","","","4049.2800","4049.2800","1","","",""
"line_detail","D148","PERI PERI BURGER","raw","metonese","50","metonese_gm_reciepe","7","gm","1","7","4.5600","31.9200","","","","","4049.2800","4049.2800","1","","",""
"line_detail","D148","PERI PERI BURGER","raw","metonese","50","metonese_gm_reciepe","30","gm","1","30","4.5600","136.8000","","","","","4049.2800","4049.2800","1","","",""
"line_detail","D148","PERI PERI BURGER","raw","metonese","50","metonese_gm_reciepe","7","gm","1","7","4.5600","31.9200","","","","","4049.2800","4049.2800","1","","",""
"line_detail","D148","PERI PERI BURGER","raw","metonese","50","metonese_gm_reciepe","30","gm","1","30","4.5600","136.8000","","","","","4049.2800","4049.2800","1","","",""
"line_detail","D148","PERI PERI BURGER","raw","metonese","50","metonese_gm_reciepe","7","gm","1","7","4.5600","31.9200","","","","","4049.2800","4049.2800","1","","",""
"line_detail","D148","PERI PERI BURGER","raw","metonese","50","metonese_gm_reciepe","30","gm","1","30","4.5600","136.8000","","","","","4049.2800","4049.2800","1","","",""
"line_detail","D148","PERI PERI BURGER","raw","metonese","50","metonese_gm_reciepe","7","gm","1","7","4.5600","31.9200","","","","","4049.2800","4049.2800","1","","",""
"line_detail","D148","PERI PERI BURGER","raw","metonese","50","metonese_gm_reciepe","30","gm","1","30","4.5600","136.8000","","","","","4049.2800","4049.2800","1","","",""
"line_detail","D148","PERI PERI BURGER","raw","metonese","50","metonese_gm_reciepe","7","gm","1","7","4.5600","31.9200","","","","","4049.2800","4049.2800","1","","",""
"line_detail","D148","PERI PERI BURGER","raw","metonese","50","metonese_gm_reciepe","30","gm","1","30","4.5600","136.8000","","","","","4049.2800","4049.2800","1","","",""
"line_detail","D148","PERI PERI BURGER","raw","metonese","50","metonese_gm_reciepe","7","gm","1","7","4.5600","31.9200","","","","","4049.2800","4049.2800","1","","",""
"line_detail","D148","PERI PERI BURGER","raw","metonese","50","metonese_gm_reciepe","30","gm","1","30","4.5600","136.8000","","","","","4049.2800","4049.2800","1","","",""
"line_detail","D148","PERI PERI BURGER","raw","metonese","50","metonese_gm_reciepe","7","gm","1","7","4.5600","31.9200","","","","","4049.2800","4049.2800","1","","",""
"line_detail","D148","PERI PERI BURGER","raw","metonese","50","metonese_gm_reciepe","30","gm","1","30","4.5600","136.8000","","","","","4049.2800","4049.2800","1","","",""
"line_detail","D148","PERI PERI BURGER","raw","metonese","50","metonese_gm_reciepe","7","gm","1","7","4.5600","31.9200","","","","","4049.2800","4049.2800","1","","",""
"line_detail","D148","PERI PERI BURGER","raw","metonese","50","metonese_gm_reciepe","30","gm","1","30","4.5600","136.8000","","","","","4049.2800","4049.2800","1","","",""
"line_detail","D148","PERI PERI BURGER","raw","metonese","50","metonese_gm_reciepe","7","gm","1","7","4.5600","31.9200","","","","","4049.2800","4049.2800","1","","",""
"line_detail","D148","PERI PERI BURGER","raw","metonese","50","metonese_gm_reciepe","30","gm","1","30","4.5600","136.8000","","","","","4049.2800","4049.2800","1","","",""
"line_detail","D148","PERI PERI BURGER","raw","metonese","50","metonese_gm_reciepe","7","gm","1","7","4.5600","31.9200","","","","","4049.2800","4049.2800","1","","",""
"line_detail","D148","PERI PERI BURGER","raw","metonese","50","metonese_gm_reciepe","30","gm","1","30","4.5600","136.8000","","","","","4049.2800","4049.2800","1","","",""
"line_detail","D148","PERI PERI BURGER","raw","metonese","50","metonese_gm_reciepe","7","gm","1","7","4.5600","31.9200","","","","","4049.2800","4049.2800","1","","",""
"line_detail","D148","PERI PERI BURGER","raw","metonese","50","metonese_gm_reciepe","30","gm","1","30","4.5600","136.8000","","","","","4049.2800","4049.2800","1","","",""
"line_detail","D148","PERI PERI BURGER","raw","metonese","50","metonese_gm_reciepe","7","gm","1","7","4.5600","31.9200","","","","","4049.2800","4049.2800","1","","",""
"line_detail","D148","PERI PERI BURGER","raw","metonese","50","metonese_gm_reciepe","30","gm","1","30","4.5600","136.8000","","","","","4049.2800","4049.2800","1","","",""
"line_detail","D148","PERI PERI BURGER","raw","metonese","50","metonese_gm_reciepe","7","gm","1","7","4.5600","31.9200","","","","","4049.2800","4049.2800","1","","",""
"line_detail","D148","PERI PERI BURGER","raw","metonese","50","metonese_gm_reciepe","30","gm","1","30","4.5600","136.8000","","","","","4049.2800","4049.2800","1","","",""
"line_detail","D148","PERI PERI BURGER","raw","metonese","50","metonese_gm_reciepe","7","gm","1","7","4.5600","31.9200","","","","","4049.2800","4049.2800","1","","",""
"line_detail","D148","PERI PERI BURGER","raw","metonese","50","metonese_gm_reciepe","30","gm","1","30","4.5600","136.8000","","","","","4049.2800","4049.2800","1","","",""
"line_detail","D148","PERI PERI BURGER","raw","peri peri masala","64","peri peri masala_gm_reciepe","5","gm","1","5","","","","","","","4049.2800","4049.2800","1","","",""
"line_detail","D148","PERI PERI BURGER","raw","peri peri masala","64","peri peri masala_gm_reciepe","5","gm","1","5","","","","","","","4049.2800","4049.2800","1","","",""
"line_detail","D148","PERI PERI BURGER","raw","peri peri masala","64","peri peri masala_gm_reciepe","5","gm","1","5","","","","","","","4049.2800","4049.2800","1","","",""
"line_detail","D148","PERI PERI BURGER","raw","peri peri masala","64","peri peri masala_gm_reciepe","5","gm","1","5","","","","","","","4049.2800","4049.2800","1","","",""
"line_detail","D148","PERI PERI BURGER","raw","peri peri masala","64","peri peri masala_gm_reciepe","5","gm","1","5","","","","","","","4049.2800","4049.2800","1","","",""
"line_detail","D148","PERI PERI BURGER","raw","peri peri masala","64","peri peri masala_gm_reciepe","5","gm","1","5","","","","","","","4049.2800","4049.2800","1","","",""
"line_detail","D148","PERI PERI BURGER","raw","peri peri masala","64","peri peri masala_gm_reciepe","5","gm","1","5","","","","","","","4049.2800","4049.2800","1","","",""
"line_detail","D148","PERI PERI BURGER","raw","peri peri masala","64","peri peri masala_gm_reciepe","5","gm","1","5","","","","","","","4049.2800","4049.2800","1","","",""
"line_detail","D148","PERI PERI BURGER","raw","peri peri masala","64","peri peri masala_gm_reciepe","5","gm","1","5","","","","","","","4049.2800","4049.2800","1","","",""
"line_detail","D148","PERI PERI BURGER","raw","peri peri sauce","49","peri peri sauce_gm_reciepe","7","gm","1","7","","","","","","","4049.2800","4049.2800","1","","",""
"line_detail","D148","PERI PERI BURGER","raw","peri peri sauce","49","peri peri sauce_gm_reciepe","7","gm","1","7","","","","","","","4049.2800","4049.2800","1","","",""
"line_detail","D148","PERI PERI BURGER","raw","peri peri sauce","49","peri peri sauce_gm_reciepe","7","gm","1","7","","","","","","","4049.2800","4049.2800","1","","",""
"line_detail","D148","PERI PERI BURGER","raw","peri peri sauce","49","peri peri sauce_gm_reciepe","7","gm","1","7","","","","","","","4049.2800","4049.2800","1","","",""
"line_detail","D148","PERI PERI BURGER","raw","peri peri sauce","49","peri peri sauce_gm_reciepe","7","gm","1","7","","","","","","","4049.2800","4049.2800","1","","",""
"line_detail","D148","PERI PERI BURGER","raw","peri peri sauce","49","peri peri sauce_gm_reciepe","7","gm","1","7","","","","","","","4049.2800","4049.2800","1","","",""
"line_detail","D148","PERI PERI BURGER","raw","thousand sauce","54","thousand sauce_gm_reciepe","20","gm","1","20","","","","","","","4049.2800","4049.2800","1","","",""
"line_detail","D148","PERI PERI BURGER","raw","thousand sauce","54","thousand sauce_gm_reciepe","20","gm","1","20","","","","","","","4049.2800","4049.2800","1","","",""
"line_detail","D148","PERI PERI BURGER","raw","thousand sauce","54","thousand sauce_gm_reciepe","20","gm","1","20","","","","","","","4049.2800","4049.2800","1","","",""
"dish_summary","D148","PERI PERI BURGER","","","","PERI PERI BURGER_1_portion","","","","","","4049.2800","standard","false","PERI PERI BURGER_1_portion","","4049.2800","4049.2800","1","1","49","0"
"line_detail","D149","VEGGIE BURGER","raw","BURGER BUN","B2","","1","","","","","","","","","","4049.2800","4049.2800","1","","",""
"line_detail","D149","VEGGIE BURGER","raw","BURGER BUN","B2","BURGER BUN_gm_reciepe","1","gm","1","1","","","","","","","4049.2800","4049.2800","1","","",""
"line_detail","D149","VEGGIE BURGER","raw","Cabbage","V7","Cabbage_gm_reciepe","5","gm","1","5","","","","","","","4049.2800","4049.2800","1","","",""
"line_detail","D149","VEGGIE BURGER","raw","Cabbage","V7","Cabbage_gm_reciepe","5","gm","1","5","","","","","","","4049.2800","4049.2800","1","","",""
"line_detail","D149","VEGGIE BURGER","raw","Cabbage","V7","Cabbage_gm_reciepe","5","gm","1","5","","","","","","","4049.2800","4049.2800","1","","",""
"line_detail","D149","VEGGIE BURGER","raw","Cabbage","V7","Cabbage_gm_reciepe","5","gm","1","5","","","","","","","4049.2800","4049.2800","1","","",""
"line_detail","D149","VEGGIE BURGER","raw","Capsicum","V1","Capsicum_gm_reciepe","10","gm","1","10","","","","","","","4049.2800","4049.2800","1","","",""
"line_detail","D149","VEGGIE BURGER","raw","Capsicum","V1","Capsicum_gm_reciepe","10","gm","1","10","","","","","","","4049.2800","4049.2800","1","","",""
"line_detail","D149","VEGGIE BURGER","raw","Capsicum","V1","Capsicum_gm_reciepe","10","gm","1","10","","","","","","","4049.2800","4049.2800","1","","",""
"line_detail","D149","VEGGIE BURGER","raw","Capsicum","V1","Capsicum_gm_reciepe","10","gm","1","10","","","","","","","4049.2800","4049.2800","1","","",""
"line_detail","D149","VEGGIE BURGER","raw","Onion","V11","Onion_gm_reciepe","10","gm","1","10","","","","","","","4049.2800","4049.2800","1","","",""
"line_detail","D149","VEGGIE BURGER","raw","Onion","V11","Onion_gm_reciepe","10","gm","1","10","","","","","","","4049.2800","4049.2800","1","","",""
"line_detail","D149","VEGGIE BURGER","raw","Onion","V11","Onion_gm_reciepe","10","gm","1","10","","","","","","","4049.2800","4049.2800","1","","",""
"line_detail","D149","VEGGIE BURGER","raw","Onion","V11","Onion_gm_reciepe","10","gm","1","10","","","","","","","4049.2800","4049.2800","1","","",""
"line_detail","D149","VEGGIE BURGER","raw","Tomato","V18","Tomato_gm_reciepe","10","gm","1","10","","","","","","","4049.2800","4049.2800","1","","",""
"line_detail","D149","VEGGIE BURGER","raw","Tomato","V18","Tomato_gm_reciepe","10","gm","1","10","","","","","","","4049.2800","4049.2800","1","","",""
"line_detail","D149","VEGGIE BURGER","raw","Tomato","V18","Tomato_gm_reciepe","10","gm","1","10","","","","","","","4049.2800","4049.2800","1","","",""
"line_detail","D149","VEGGIE BURGER","raw","Tomato","V18","Tomato_gm_reciepe","10","gm","1","10","","","","","","","4049.2800","4049.2800","1","","",""
"line_detail","D149","VEGGIE BURGER","raw","aloo tikki","77A","aloo tikki_gm_reciepe","60","gm","1","60","","","","","","","4049.2800","4049.2800","1","","",""
"line_detail","D149","VEGGIE BURGER","raw","aloo tikki","77A","aloo tikki_gm_reciepe","60","gm","1","60","","","","","","","4049.2800","4049.2800","1","","",""
"line_detail","D149","VEGGIE BURGER","raw","aloo tikki","77A","aloo tikki_gm_reciepe","70","gm","1","70","","","","","","","4049.2800","4049.2800","1","","",""
"line_detail","D149","VEGGIE BURGER","raw","aloo tikki","77A","aloo tikki_gm_reciepe","70","gm","1","70","","","","","","","4049.2800","4049.2800","1","","",""
"line_detail","D149","VEGGIE BURGER","raw","aloo tikki","77A","aloo tikki_gm_reciepe","70","gm","1","70","","","","","","","4049.2800","4049.2800","1","","",""
"line_detail","D149","VEGGIE BURGER","raw","aloo tikki","77A","aloo tikki_gm_reciepe","60","gm","1","60","","","","","","","4049.2800","4049.2800","1","","",""
"line_detail","D149","VEGGIE BURGER","raw","metonese","50","metonese_gm_reciepe","7","gm","1","7","4.5600","31.9200","","","","","4049.2800","4049.2800","1","","",""
"line_detail","D149","VEGGIE BURGER","raw","metonese","50","metonese_gm_reciepe","30","gm","1","30","4.5600","136.8000","","","","","4049.2800","4049.2800","1","","",""
"line_detail","D149","VEGGIE BURGER","raw","metonese","50","metonese_gm_reciepe","7","gm","1","7","4.5600","31.9200","","","","","4049.2800","4049.2800","1","","",""
"line_detail","D149","VEGGIE BURGER","raw","metonese","50","metonese_gm_reciepe","30","gm","1","30","4.5600","136.8000","","","","","4049.2800","4049.2800","1","","",""
"line_detail","D149","VEGGIE BURGER","raw","metonese","50","metonese_gm_reciepe","30","gm","1","30","4.5600","136.8000","","","","","4049.2800","4049.2800","1","","",""
"line_detail","D149","VEGGIE BURGER","raw","metonese","50","metonese_gm_reciepe","30","gm","1","30","4.5600","136.8000","","","","","4049.2800","4049.2800","1","","",""
"line_detail","D149","VEGGIE BURGER","raw","metonese","50","metonese_gm_reciepe","7","gm","1","7","4.5600","31.9200","","","","","4049.2800","4049.2800","1","","",""
"line_detail","D149","VEGGIE BURGER","raw","metonese","50","metonese_gm_reciepe","30","gm","1","30","4.5600","136.8000","","","","","4049.2800","4049.2800","1","","",""
"line_detail","D149","VEGGIE BURGER","raw","metonese","50","metonese_gm_reciepe","7","gm","1","7","4.5600","31.9200","","","","","4049.2800","4049.2800","1","","",""
"line_detail","D149","VEGGIE BURGER","raw","metonese","50","metonese_gm_reciepe","30","gm","1","30","4.5600","136.8000","","","","","4049.2800","4049.2800","1","","",""
"line_detail","D149","VEGGIE BURGER","raw","metonese","50","metonese_gm_reciepe","7","gm","1","7","4.5600","31.9200","","","","","4049.2800","4049.2800","1","","",""
"line_detail","D149","VEGGIE BURGER","raw","metonese","50","metonese_gm_reciepe","30","gm","1","30","4.5600","136.8000","","","","","4049.2800","4049.2800","1","","",""
"line_detail","D149","VEGGIE BURGER","raw","metonese","50","metonese_gm_reciepe","7","gm","1","7","4.5600","31.9200","","","","","4049.2800","4049.2800","1","","",""
"line_detail","D149","VEGGIE BURGER","raw","metonese","50","metonese_gm_reciepe","30","gm","1","30","4.5600","136.8000","","","","","4049.2800","4049.2800","1","","",""
"line_detail","D149","VEGGIE BURGER","raw","metonese","50","metonese_gm_reciepe","7","gm","1","7","4.5600","31.9200","","","","","4049.2800","4049.2800","1","","",""
"line_detail","D149","VEGGIE BURGER","raw","metonese","50","metonese_gm_reciepe","30","gm","1","30","4.5600","136.8000","","","","","4049.2800","4049.2800","1","","",""
"line_detail","D149","VEGGIE BURGER","raw","metonese","50","metonese_gm_reciepe","7","gm","1","7","4.5600","31.9200","","","","","4049.2800","4049.2800","1","","",""
"line_detail","D149","VEGGIE BURGER","raw","metonese","50","metonese_gm_reciepe","30","gm","1","30","4.5600","136.8000","","","","","4049.2800","4049.2800","1","","",""
"line_detail","D149","VEGGIE BURGER","raw","metonese","50","metonese_gm_reciepe","7","gm","1","7","4.5600","31.9200","","","","","4049.2800","4049.2800","1","","",""
"line_detail","D149","VEGGIE BURGER","raw","metonese","50","metonese_gm_reciepe","30","gm","1","30","4.5600","136.8000","","","","","4049.2800","4049.2800","1","","",""
"line_detail","D149","VEGGIE BURGER","raw","metonese","50","metonese_gm_reciepe","7","gm","1","7","4.5600","31.9200","","","","","4049.2800","4049.2800","1","","",""
"line_detail","D149","VEGGIE BURGER","raw","metonese","50","metonese_gm_reciepe","30","gm","1","30","4.5600","136.8000","","","","","4049.2800","4049.2800","1","","",""
"line_detail","D149","VEGGIE BURGER","raw","metonese","50","metonese_gm_reciepe","7","gm","1","7","4.5600","31.9200","","","","","4049.2800","4049.2800","1","","",""
"line_detail","D149","VEGGIE BURGER","raw","metonese","50","metonese_gm_reciepe","30","gm","1","30","4.5600","136.8000","","","","","4049.2800","4049.2800","1","","",""
"line_detail","D149","VEGGIE BURGER","raw","metonese","50","metonese_gm_reciepe","7","gm","1","7","4.5600","31.9200","","","","","4049.2800","4049.2800","1","","",""
"line_detail","D149","VEGGIE BURGER","raw","metonese","50","metonese_gm_reciepe","30","gm","1","30","4.5600","136.8000","","","","","4049.2800","4049.2800","1","","",""
"line_detail","D149","VEGGIE BURGER","raw","metonese","50","metonese_gm_reciepe","30","gm","1","30","4.5600","136.8000","","","","","4049.2800","4049.2800","1","","",""
"line_detail","D149","VEGGIE BURGER","raw","metonese","50","metonese_gm_reciepe","7","gm","1","7","4.5600","31.9200","","","","","4049.2800","4049.2800","1","","",""
"line_detail","D149","VEGGIE BURGER","raw","metonese","50","metonese_gm_reciepe","30","gm","1","30","4.5600","136.8000","","","","","4049.2800","4049.2800","1","","",""
"line_detail","D149","VEGGIE BURGER","raw","metonese","50","metonese_gm_reciepe","7","gm","1","7","4.5600","31.9200","","","","","4049.2800","4049.2800","1","","",""
"line_detail","D149","VEGGIE BURGER","raw","metonese","50","metonese_gm_reciepe","7","gm","1","7","4.5600","31.9200","","","","","4049.2800","4049.2800","1","","",""
"line_detail","D149","VEGGIE BURGER","raw","metonese","50","metonese_gm_reciepe","30","gm","1","30","4.5600","136.8000","","","","","4049.2800","4049.2800","1","","",""
"line_detail","D149","VEGGIE BURGER","raw","metonese","50","metonese_gm_reciepe","7","gm","1","7","4.5600","31.9200","","","","","4049.2800","4049.2800","1","","",""
"line_detail","D149","VEGGIE BURGER","raw","metonese","50","metonese_gm_reciepe","30","gm","1","30","4.5600","136.8000","","","","","4049.2800","4049.2800","1","","",""
"line_detail","D149","VEGGIE BURGER","raw","metonese","50","metonese_gm_reciepe","7","gm","1","7","4.5600","31.9200","","","","","4049.2800","4049.2800","1","","",""
"line_detail","D149","VEGGIE BURGER","raw","metonese","50","metonese_gm_reciepe","30","gm","1","30","4.5600","136.8000","","","","","4049.2800","4049.2800","1","","",""
"line_detail","D149","VEGGIE BURGER","raw","metonese","50","metonese_gm_reciepe","7","gm","1","7","4.5600","31.9200","","","","","4049.2800","4049.2800","1","","",""
"line_detail","D149","VEGGIE BURGER","raw","metonese","50","metonese_gm_reciepe","30","gm","1","30","4.5600","136.8000","","","","","4049.2800","4049.2800","1","","",""
"line_detail","D149","VEGGIE BURGER","raw","metonese","50","metonese_gm_reciepe","7","gm","1","7","4.5600","31.9200","","","","","4049.2800","4049.2800","1","","",""
"line_detail","D149","VEGGIE BURGER","raw","metonese","50","metonese_gm_reciepe","30","gm","1","30","4.5600","136.8000","","","","","4049.2800","4049.2800","1","","",""
"line_detail","D149","VEGGIE BURGER","raw","metonese","50","metonese_gm_reciepe","7","gm","1","7","4.5600","31.9200","","","","","4049.2800","4049.2800","1","","",""
"line_detail","D149","VEGGIE BURGER","raw","metonese","50","metonese_gm_reciepe","30","gm","1","30","4.5600","136.8000","","","","","4049.2800","4049.2800","1","","",""
"line_detail","D149","VEGGIE BURGER","raw","metonese","50","metonese_gm_reciepe","7","gm","1","7","4.5600","31.9200","","","","","4049.2800","4049.2800","1","","",""
"line_detail","D149","VEGGIE BURGER","raw","metonese","50","metonese_gm_reciepe","30","gm","1","30","4.5600","136.8000","","","","","4049.2800","4049.2800","1","","",""
"line_detail","D149","VEGGIE BURGER","raw","metonese","50","metonese_gm_reciepe","7","gm","1","7","4.5600","31.9200","","","","","4049.2800","4049.2800","1","","",""
"line_detail","D149","VEGGIE BURGER","raw","metonese","50","metonese_gm_reciepe","30","gm","1","30","4.5600","136.8000","","","","","4049.2800","4049.2800","1","","",""
"line_detail","D149","VEGGIE BURGER","raw","metonese","50","metonese_gm_reciepe","7","gm","1","7","4.5600","31.9200","","","","","4049.2800","4049.2800","1","","",""
"line_detail","D149","VEGGIE BURGER","raw","metonese","50","metonese_gm_reciepe","7","gm","1","7","4.5600","31.9200","","","","","4049.2800","4049.2800","1","","",""
"line_detail","D149","VEGGIE BURGER","raw","thousand sauce","54","thousand sauce_gm_reciepe","7","gm","1","7","","","","","","","4049.2800","4049.2800","1","","",""
"line_detail","D149","VEGGIE BURGER","raw","thousand sauce","54","thousand sauce_gm_reciepe","30","gm","1","30","","","","","","","4049.2800","4049.2800","1","","",""
"line_detail","D149","VEGGIE BURGER","raw","thousand sauce","54","thousand sauce_gm_reciepe","7","gm","1","7","","","","","","","4049.2800","4049.2800","1","","",""
"line_detail","D149","VEGGIE BURGER","raw","thousand sauce","54","thousand sauce_gm_reciepe","7","gm","1","7","","","","","","","4049.2800","4049.2800","1","","",""
"line_detail","D149","VEGGIE BURGER","raw","thousand sauce","54","thousand sauce_gm_reciepe","30","gm","1","30","","","","","","","4049.2800","4049.2800","1","","",""
"line_detail","D149","VEGGIE BURGER","raw","thousand sauce","54","thousand sauce_gm_reciepe","30","gm","1","30","","","","","","","4049.2800","4049.2800","1","","",""
"dish_summary","D149","VEGGIE BURGER","","","","VEGGIE BURGER_1_portion","","","","","","4049.2800","standard","false","VEGGIE BURGER_1_portion","","4049.2800","4049.2800","1","1","30","0"
"line_detail","D150","MAHARAJA BURGER","raw","BURGER BUN","B2","BURGER BUN_gm_reciepe","1","gm","1","1","","","","","","","4049.2800","4049.2800","1","","",""
"line_detail","D150","MAHARAJA BURGER","raw","Cabbage","V7","Cabbage_gm_reciepe","5","gm","1","5","","","","","","","4049.2800","4049.2800","1","","",""
"line_detail","D150","MAHARAJA BURGER","raw","Cabbage","V7","Cabbage_gm_reciepe","5","gm","1","5","","","","","","","4049.2800","4049.2800","1","","",""
"line_detail","D150","MAHARAJA BURGER","raw","Cabbage","V7","Cabbage_gm_reciepe","5","gm","1","5","","","","","","","4049.2800","4049.2800","1","","",""
"line_detail","D150","MAHARAJA BURGER","raw","Cabbage","V7","Cabbage_gm_reciepe","5","gm","1","5","","","","","","","4049.2800","4049.2800","1","","",""
"line_detail","D150","MAHARAJA BURGER","raw","Cucumber","V12","Cucumber_gm_reciepe","30","gm","1","30","","","","","","","4049.2800","4049.2800","1","","",""
"line_detail","D150","MAHARAJA BURGER","raw","Cucumber","V12","Cucumber_gm_reciepe","30","gm","1","30","","","","","","","4049.2800","4049.2800","1","","",""
"line_detail","D150","MAHARAJA BURGER","raw","Cucumber","V12","Cucumber_gm_reciepe","30","gm","1","30","","","","","","","4049.2800","4049.2800","1","","",""
"line_detail","D150","MAHARAJA BURGER","raw","Cucumber","V12","Cucumber_gm_reciepe","30","gm","1","30","","","","","","","4049.2800","4049.2800","1","","",""
"line_detail","D150","MAHARAJA BURGER","raw","Onion","V11","Onion_gm_reciepe","10","gm","1","10","","","","","","","4049.2800","4049.2800","1","","",""
"line_detail","D150","MAHARAJA BURGER","raw","Onion","V11","Onion_gm_reciepe","10","gm","1","10","","","","","","","4049.2800","4049.2800","1","","",""
"line_detail","D150","MAHARAJA BURGER","raw","Onion","V11","Onion_gm_reciepe","10","gm","1","10","","","","","","","4049.2800","4049.2800","1","","",""
"line_detail","D150","MAHARAJA BURGER","raw","Onion","V11","Onion_gm_reciepe","10","gm","1","10","","","","","","","4049.2800","4049.2800","1","","",""
"line_detail","D150","MAHARAJA BURGER","raw","Tomato","V18","Tomato_gm_reciepe","10","gm","1","10","","","","","","","4049.2800","4049.2800","1","","",""
"line_detail","D150","MAHARAJA BURGER","raw","Tomato","V18","Tomato_gm_reciepe","10","gm","1","10","","","","","","","4049.2800","4049.2800","1","","",""
"line_detail","D150","MAHARAJA BURGER","raw","Tomato","V18","Tomato_gm_reciepe","10","gm","1","10","","","","","","","4049.2800","4049.2800","1","","",""
"line_detail","D150","MAHARAJA BURGER","raw","Tomato","V18","Tomato_gm_reciepe","10","gm","1","10","","","","","","","4049.2800","4049.2800","1","","",""
"line_detail","D150","MAHARAJA BURGER","raw","aloo tikki","77A","aloo tikki_gm_reciepe","70","gm","1","70","","","","","","","4049.2800","4049.2800","1","","",""
"line_detail","D150","MAHARAJA BURGER","raw","aloo tikki","77A","aloo tikki_gm_reciepe","120","gm","1","120","","","","","","","4049.2800","4049.2800","1","","",""
"line_detail","D150","MAHARAJA BURGER","raw","aloo tikki","77A","aloo tikki_gm_reciepe","120","gm","1","120","","","","","","","4049.2800","4049.2800","1","","",""
"line_detail","D150","MAHARAJA BURGER","raw","aloo tikki","77A","aloo tikki_gm_reciepe","70","gm","1","70","","","","","","","4049.2800","4049.2800","1","","",""
"line_detail","D150","MAHARAJA BURGER","raw","aloo tikki","77A","aloo tikki_gm_reciepe","70","gm","1","70","","","","","","","4049.2800","4049.2800","1","","",""
"line_detail","D150","MAHARAJA BURGER","raw","aloo tikki","77A","aloo tikki_gm_reciepe","120","gm","1","120","","","","","","","4049.2800","4049.2800","1","","",""
"line_detail","D150","MAHARAJA BURGER","raw","cheese 1pc","82A","cheese 1pc_gm_reciepe","2","gm","1","2","","","","","","","4049.2800","4049.2800","1","","",""
"line_detail","D150","MAHARAJA BURGER","raw","cheese 1pc","82A","cheese 1pc_gm_reciepe","10","gm","1","10","","","","","","","4049.2800","4049.2800","1","","",""
"line_detail","D150","MAHARAJA BURGER","raw","cheese 1pc","82A","cheese 1pc_gm_reciepe","2","gm","1","2","","","","","","","4049.2800","4049.2800","1","","",""
"line_detail","D150","MAHARAJA BURGER","raw","cheese 1pc","82A","cheese 1pc_gm_reciepe","2","gm","1","2","","","","","","","4049.2800","4049.2800","1","","",""
"line_detail","D150","MAHARAJA BURGER","raw","cheese 1pc","82A","cheese 1pc_gm_reciepe","10","gm","1","10","","","","","","","4049.2800","4049.2800","1","","",""
"line_detail","D150","MAHARAJA BURGER","raw","cheese 1pc","82A","cheese 1pc_gm_reciepe","10","gm","1","10","","","","","","","4049.2800","4049.2800","1","","",""
"line_detail","D150","MAHARAJA BURGER","raw","cheese processed","81","cheese processed_gm_reciepe","10","gm","1","10","","","","","","","4049.2800","4049.2800","1","","",""
"line_detail","D150","MAHARAJA BURGER","raw","cheese processed","81","cheese processed_gm_reciepe","10","gm","1","10","","","","","","","4049.2800","4049.2800","1","","",""
"line_detail","D150","MAHARAJA BURGER","raw","cheese processed","81","cheese processed_gm_reciepe","10","gm","1","10","","","","","","","4049.2800","4049.2800","1","","",""
"line_detail","D150","MAHARAJA BURGER","raw","cheese processed","81","cheese processed_gm_reciepe","10","gm","1","10","","","","","","","4049.2800","4049.2800","1","","",""
"line_detail","D150","MAHARAJA BURGER","raw","cheese processed","81","cheese processed_gm_reciepe","10","gm","1","10","","","","","","","4049.2800","4049.2800","1","","",""
"line_detail","D150","MAHARAJA BURGER","raw","cheese processed","81","cheese processed_gm_reciepe","10","gm","1","10","","","","","","","4049.2800","4049.2800","1","","",""
"line_detail","D150","MAHARAJA BURGER","raw","cheese processed","81","cheese processed_gm_reciepe","10","gm","1","10","","","","","","","4049.2800","4049.2800","1","","",""
"line_detail","D150","MAHARAJA BURGER","raw","cheese processed","81","cheese processed_gm_reciepe","10","gm","1","10","","","","","","","4049.2800","4049.2800","1","","",""
"line_detail","D150","MAHARAJA BURGER","raw","cheese processed","81","cheese processed_gm_reciepe","10","gm","1","10","","","","","","","4049.2800","4049.2800","1","","",""
"line_detail","D150","MAHARAJA BURGER","raw","cheese processed","81","cheese processed_gm_reciepe","10","gm","1","10","","","","","","","4049.2800","4049.2800","1","","",""
"line_detail","D150","MAHARAJA BURGER","raw","cheese processed","81","cheese processed_gm_reciepe","10","gm","1","10","","","","","","","4049.2800","4049.2800","1","","",""
"line_detail","D150","MAHARAJA BURGER","raw","cheese processed","81","cheese processed_gm_reciepe","10","gm","1","10","","","","","","","4049.2800","4049.2800","1","","",""
"line_detail","D150","MAHARAJA BURGER","raw","cheese processed","81","cheese processed_gm_reciepe","10","gm","1","10","","","","","","","4049.2800","4049.2800","1","","",""
"line_detail","D150","MAHARAJA BURGER","raw","cheese processed","81","cheese processed_gm_reciepe","10","gm","1","10","","","","","","","4049.2800","4049.2800","1","","",""
"line_detail","D150","MAHARAJA BURGER","raw","cheese processed","81","cheese processed_gm_reciepe","10","gm","1","10","","","","","","","4049.2800","4049.2800","1","","",""
"line_detail","D150","MAHARAJA BURGER","raw","metonese","50","metonese_gm_reciepe","7","gm","1","7","4.5600","31.9200","","","","","4049.2800","4049.2800","1","","",""
"line_detail","D150","MAHARAJA BURGER","raw","metonese","50","metonese_gm_reciepe","30","gm","1","30","4.5600","136.8000","","","","","4049.2800","4049.2800","1","","",""
"line_detail","D150","MAHARAJA BURGER","raw","metonese","50","metonese_gm_reciepe","7","gm","1","7","4.5600","31.9200","","","","","4049.2800","4049.2800","1","","",""
"line_detail","D150","MAHARAJA BURGER","raw","metonese","50","metonese_gm_reciepe","30","gm","1","30","4.5600","136.8000","","","","","4049.2800","4049.2800","1","","",""
"line_detail","D150","MAHARAJA BURGER","raw","metonese","50","metonese_gm_reciepe","7","gm","1","7","4.5600","31.9200","","","","","4049.2800","4049.2800","1","","",""
"line_detail","D150","MAHARAJA BURGER","raw","metonese","50","metonese_gm_reciepe","30","gm","1","30","4.5600","136.8000","","","","","4049.2800","4049.2800","1","","",""
"line_detail","D150","MAHARAJA BURGER","raw","metonese","50","metonese_gm_reciepe","7","gm","1","7","4.5600","31.9200","","","","","4049.2800","4049.2800","1","","",""
"line_detail","D150","MAHARAJA BURGER","raw","metonese","50","metonese_gm_reciepe","30","gm","1","30","4.5600","136.8000","","","","","4049.2800","4049.2800","1","","",""
"line_detail","D150","MAHARAJA BURGER","raw","metonese","50","metonese_gm_reciepe","30","gm","1","30","4.5600","136.8000","","","","","4049.2800","4049.2800","1","","",""
"line_detail","D150","MAHARAJA BURGER","raw","metonese","50","metonese_gm_reciepe","7","gm","1","7","4.5600","31.9200","","","","","4049.2800","4049.2800","1","","",""
"line_detail","D150","MAHARAJA BURGER","raw","metonese","50","metonese_gm_reciepe","7","gm","1","7","4.5600","31.9200","","","","","4049.2800","4049.2800","1","","",""
"line_detail","D150","MAHARAJA BURGER","raw","metonese","50","metonese_gm_reciepe","30","gm","1","30","4.5600","136.8000","","","","","4049.2800","4049.2800","1","","",""
"line_detail","D150","MAHARAJA BURGER","raw","metonese","50","metonese_gm_reciepe","30","gm","1","30","4.5600","136.8000","","","","","4049.2800","4049.2800","1","","",""
"line_detail","D150","MAHARAJA BURGER","raw","metonese","50","metonese_gm_reciepe","30","gm","1","30","4.5600","136.8000","","","","","4049.2800","4049.2800","1","","",""
"line_detail","D150","MAHARAJA BURGER","raw","metonese","50","metonese_gm_reciepe","7","gm","1","7","4.5600","31.9200","","","","","4049.2800","4049.2800","1","","",""
"line_detail","D150","MAHARAJA BURGER","raw","metonese","50","metonese_gm_reciepe","30","gm","1","30","4.5600","136.8000","","","","","4049.2800","4049.2800","1","","",""
"line_detail","D150","MAHARAJA BURGER","raw","metonese","50","metonese_gm_reciepe","7","gm","1","7","4.5600","31.9200","","","","","4049.2800","4049.2800","1","","",""
"line_detail","D150","MAHARAJA BURGER","raw","metonese","50","metonese_gm_reciepe","7","gm","1","7","4.5600","31.9200","","","","","4049.2800","4049.2800","1","","",""
"line_detail","D150","MAHARAJA BURGER","raw","metonese","50","metonese_gm_reciepe","30","gm","1","30","4.5600","136.8000","","","","","4049.2800","4049.2800","1","","",""
"line_detail","D150","MAHARAJA BURGER","raw","metonese","50","metonese_gm_reciepe","7","gm","1","7","4.5600","31.9200","","","","","4049.2800","4049.2800","1","","",""
"line_detail","D150","MAHARAJA BURGER","raw","metonese","50","metonese_gm_reciepe","30","gm","1","30","4.5600","136.8000","","","","","4049.2800","4049.2800","1","","",""
"line_detail","D150","MAHARAJA BURGER","raw","metonese","50","metonese_gm_reciepe","7","gm","1","7","4.5600","31.9200","","","","","4049.2800","4049.2800","1","","",""
"line_detail","D150","MAHARAJA BURGER","raw","metonese","50","metonese_gm_reciepe","30","gm","1","30","4.5600","136.8000","","","","","4049.2800","4049.2800","1","","",""
"line_detail","D150","MAHARAJA BURGER","raw","metonese","50","metonese_gm_reciepe","7","gm","1","7","4.5600","31.9200","","","","","4049.2800","4049.2800","1","","",""
"line_detail","D150","MAHARAJA BURGER","raw","metonese","50","metonese_gm_reciepe","30","gm","1","30","4.5600","136.8000","","","","","4049.2800","4049.2800","1","","",""
"line_detail","D150","MAHARAJA BURGER","raw","metonese","50","metonese_gm_reciepe","7","gm","1","7","4.5600","31.9200","","","","","4049.2800","4049.2800","1","","",""
"line_detail","D150","MAHARAJA BURGER","raw","metonese","50","metonese_gm_reciepe","30","gm","1","30","4.5600","136.8000","","","","","4049.2800","4049.2800","1","","",""
"line_detail","D150","MAHARAJA BURGER","raw","metonese","50","metonese_gm_reciepe","7","gm","1","7","4.5600","31.9200","","","","","4049.2800","4049.2800","1","","",""
"line_detail","D150","MAHARAJA BURGER","raw","metonese","50","metonese_gm_reciepe","30","gm","1","30","4.5600","136.8000","","","","","4049.2800","4049.2800","1","","",""
"line_detail","D150","MAHARAJA BURGER","raw","metonese","50","metonese_gm_reciepe","7","gm","1","7","4.5600","31.9200","","","","","4049.2800","4049.2800","1","","",""
"line_detail","D150","MAHARAJA BURGER","raw","metonese","50","metonese_gm_reciepe","30","gm","1","30","4.5600","136.8000","","","","","4049.2800","4049.2800","1","","",""
"line_detail","D150","MAHARAJA BURGER","raw","metonese","50","metonese_gm_reciepe","7","gm","1","7","4.5600","31.9200","","","","","4049.2800","4049.2800","1","","",""
"line_detail","D150","MAHARAJA BURGER","raw","metonese","50","metonese_gm_reciepe","30","gm","1","30","4.5600","136.8000","","","","","4049.2800","4049.2800","1","","",""
"line_detail","D150","MAHARAJA BURGER","raw","metonese","50","metonese_gm_reciepe","30","gm","1","30","4.5600","136.8000","","","","","4049.2800","4049.2800","1","","",""
"line_detail","D150","MAHARAJA BURGER","raw","metonese","50","metonese_gm_reciepe","7","gm","1","7","4.5600","31.9200","","","","","4049.2800","4049.2800","1","","",""
"line_detail","D150","MAHARAJA BURGER","raw","metonese","50","metonese_gm_reciepe","30","gm","1","30","4.5600","136.8000","","","","","4049.2800","4049.2800","1","","",""
"line_detail","D150","MAHARAJA BURGER","raw","metonese","50","metonese_gm_reciepe","7","gm","1","7","4.5600","31.9200","","","","","4049.2800","4049.2800","1","","",""
"line_detail","D150","MAHARAJA BURGER","raw","metonese","50","metonese_gm_reciepe","30","gm","1","30","4.5600","136.8000","","","","","4049.2800","4049.2800","1","","",""
"line_detail","D150","MAHARAJA BURGER","raw","metonese","50","metonese_gm_reciepe","7","gm","1","7","4.5600","31.9200","","","","","4049.2800","4049.2800","1","","",""
"line_detail","D150","MAHARAJA BURGER","raw","metonese","50","metonese_gm_reciepe","30","gm","1","30","4.5600","136.8000","","","","","4049.2800","4049.2800","1","","",""
"line_detail","D150","MAHARAJA BURGER","raw","metonese","50","metonese_gm_reciepe","7","gm","1","7","4.5600","31.9200","","","","","4049.2800","4049.2800","1","","",""
"line_detail","D150","MAHARAJA BURGER","raw","metonese","50","metonese_gm_reciepe","7","gm","1","7","4.5600","31.9200","","","","","4049.2800","4049.2800","1","","",""
"line_detail","D150","MAHARAJA BURGER","raw","metonese","50","metonese_gm_reciepe","30","gm","1","30","4.5600","136.8000","","","","","4049.2800","4049.2800","1","","",""
"line_detail","D150","MAHARAJA BURGER","raw","metonese","50","metonese_gm_reciepe","7","gm","1","7","4.5600","31.9200","","","","","4049.2800","4049.2800","1","","",""
"line_detail","D150","MAHARAJA BURGER","raw","metonese","50","metonese_gm_reciepe","30","gm","1","30","4.5600","136.8000","","","","","4049.2800","4049.2800","1","","",""
"line_detail","D150","MAHARAJA BURGER","raw","metonese","50","metonese_gm_reciepe","7","gm","1","7","4.5600","31.9200","","","","","4049.2800","4049.2800","1","","",""
"line_detail","D150","MAHARAJA BURGER","raw","metonese","50","metonese_gm_reciepe","30","gm","1","30","4.5600","136.8000","","","","","4049.2800","4049.2800","1","","",""
"line_detail","D150","MAHARAJA BURGER","raw","metonese","50","metonese_gm_reciepe","7","gm","1","7","4.5600","31.9200","","","","","4049.2800","4049.2800","1","","",""
"line_detail","D150","MAHARAJA BURGER","raw","peri peri sauce","49","peri peri sauce_gm_reciepe","7","gm","1","7","","","","","","","4049.2800","4049.2800","1","","",""
"line_detail","D150","MAHARAJA BURGER","raw","peri peri sauce","49","peri peri sauce_gm_reciepe","7","gm","1","7","","","","","","","4049.2800","4049.2800","1","","",""
"line_detail","D150","MAHARAJA BURGER","raw","peri peri sauce","49","peri peri sauce_gm_reciepe","7","gm","1","7","","","","","","","4049.2800","4049.2800","1","","",""
"line_detail","D150","MAHARAJA BURGER","raw","peri peri sauce","49","peri peri sauce_gm_reciepe","7","gm","1","7","","","","","","","4049.2800","4049.2800","1","","",""
"line_detail","D150","MAHARAJA BURGER","raw","peri peri sauce","49","peri peri sauce_gm_reciepe","7","gm","1","7","","","","","","","4049.2800","4049.2800","1","","",""
"line_detail","D150","MAHARAJA BURGER","raw","peri peri sauce","49","peri peri sauce_gm_reciepe","7","gm","1","7","","","","","","","4049.2800","4049.2800","1","","",""
"line_detail","D150","MAHARAJA BURGER","raw","thousand sauce","54","thousand sauce_gm_reciepe","20","gm","1","20","","","","","","","4049.2800","4049.2800","1","","",""
"line_detail","D150","MAHARAJA BURGER","raw","thousand sauce","54","thousand sauce_gm_reciepe","20","gm","1","20","","","","","","","4049.2800","4049.2800","1","","",""
"line_detail","D150","MAHARAJA BURGER","raw","thousand sauce","54","thousand sauce_gm_reciepe","20","gm","1","20","","","","","","","4049.2800","4049.2800","1","","",""
"dish_summary","D150","MAHARAJA BURGER","","","","MAHARAJA BURGER_1_portion","","","","","","4049.2800","standard","false","MAHARAJA BURGER_1_portion","","4049.2800","4049.2800","1","1","53","0"
"line_detail","D151","Makhani Sandwich","raw","Capsicum","V1","Capsicum_gm_reciepe","15","gm","1","15","","","","","","","3305.2000","3305.2000","1","","",""
"line_detail","D151","Makhani Sandwich","raw","Capsicum","V1","Capsicum_gm_reciepe","15","gm","1","15","","","","","","","3305.2000","3305.2000","1","","",""
"line_detail","D151","Makhani Sandwich","raw","Capsicum","V1","Capsicum_gm_reciepe","15","gm","1","15","","","","","","","3305.2000","3305.2000","1","","",""
"line_detail","D151","Makhani Sandwich","raw","Capsicum","V1","Capsicum_gm_reciepe","15","gm","1","15","","","","","","","3305.2000","3305.2000","1","","",""
"line_detail","D151","Makhani Sandwich","raw","Capsicum","V1","Capsicum_gm_reciepe","15","gm","1","15","","","","","","","3305.2000","3305.2000","1","","",""
"line_detail","D151","Makhani Sandwich","raw","Capsicum","V1","Capsicum_gm_reciepe","15","gm","1","15","","","","","","","3305.2000","3305.2000","1","","",""
"line_detail","D151","Makhani Sandwich","raw","Capsicum","V1","Capsicum_gm_reciepe","15","gm","1","15","","","","","","","3305.2000","3305.2000","1","","",""
"line_detail","D151","Makhani Sandwich","raw","Capsicum","V1","Capsicum_gm_reciepe","15","gm","1","15","","","","","","","3305.2000","3305.2000","1","","",""
"line_detail","D151","Makhani Sandwich","raw","Coriander","V9","Coriander_gm_reciepe","5","gm","1","5","","","","","","","3305.2000","3305.2000","1","","",""
"line_detail","D151","Makhani Sandwich","raw","Coriander","V9","Coriander_gm_reciepe","2","gm","1","2","","","","","","","3305.2000","3305.2000","1","","",""
"line_detail","D151","Makhani Sandwich","raw","Coriander","V9","Coriander_gm_reciepe","5","gm","1","5","","","","","","","3305.2000","3305.2000","1","","",""
"line_detail","D151","Makhani Sandwich","raw","Coriander","V9","Coriander_gm_reciepe","5","gm","1","5","","","","","","","3305.2000","3305.2000","1","","",""
"line_detail","D151","Makhani Sandwich","raw","Coriander","V9","Coriander_gm_reciepe","2","gm","1","2","","","","","","","3305.2000","3305.2000","1","","",""
"line_detail","D151","Makhani Sandwich","raw","Coriander","V9","Coriander_gm_reciepe","5","gm","1","5","","","","","","","3305.2000","3305.2000","1","","",""
"line_detail","D151","Makhani Sandwich","raw","Coriander","V9","Coriander_gm_reciepe","2","gm","1","2","","","","","","","3305.2000","3305.2000","1","","",""
"line_detail","D151","Makhani Sandwich","raw","Coriander","V9","Coriander_gm_reciepe","2","gm","1","2","","","","","","","3305.2000","3305.2000","1","","",""
"line_detail","D151","Makhani Sandwich","raw","Onion","V11","Onion_gm_reciepe","15","gm","1","15","","","","","","","3305.2000","3305.2000","1","","",""
"line_detail","D151","Makhani Sandwich","raw","Onion","V11","Onion_gm_reciepe","10","gm","1","10","","","","","","","3305.2000","3305.2000","1","","",""
"line_detail","D151","Makhani Sandwich","raw","Onion","V11","Onion_gm_reciepe","15","gm","1","15","","","","","","","3305.2000","3305.2000","1","","",""
"line_detail","D151","Makhani Sandwich","raw","Onion","V11","Onion_gm_reciepe","10","gm","1","10","","","","","","","3305.2000","3305.2000","1","","",""
"line_detail","D151","Makhani Sandwich","raw","Onion","V11","Onion_gm_reciepe","10","gm","1","10","","","","","","","3305.2000","3305.2000","1","","",""
"line_detail","D151","Makhani Sandwich","raw","Onion","V11","Onion_gm_reciepe","15","gm","1","15","","","","","","","3305.2000","3305.2000","1","","",""
"line_detail","D151","Makhani Sandwich","raw","Onion","V11","Onion_gm_reciepe","15","gm","1","15","","","","","","","3305.2000","3305.2000","1","","",""
"line_detail","D151","Makhani Sandwich","raw","Onion","V11","Onion_gm_reciepe","10","gm","1","10","","","","","","","3305.2000","3305.2000","1","","",""
"line_detail","D151","Makhani Sandwich","raw","PANEER","D3","PANEER_gm_reciepe","30","","","","","","","","","","3305.2000","3305.2000","1","","",""
"line_detail","D151","Makhani Sandwich","raw","PANEER","D3","","60","","","","","","","","","","3305.2000","3305.2000","1","","",""
"line_detail","D151","Makhani Sandwich","raw","WHITE BREAD","B1","","1","","","","","","","","","","3305.2000","3305.2000","1","","",""
"line_detail","D151","Makhani Sandwich","raw","WHITE BREAD","B1","WHITE BREAD_gm_reciepe","100","gm","1","100","0.2200","22.0000","","","","","3305.2000","3305.2000","1","","",""
"line_detail","D151","Makhani Sandwich","raw","makhani sauce","51A","makhani sauce_gm_reciepe","30","gm","1","30","","","","","","","3305.2000","3305.2000","1","","",""
"line_detail","D151","Makhani Sandwich","raw","makhani sauce","51A","makhani sauce_gm_reciepe","30","gm","1","30","","","","","","","3305.2000","3305.2000","1","","",""
"line_detail","D151","Makhani Sandwich","raw","makhani sauce","51A","makhani sauce_gm_reciepe","30","gm","1","30","","","","","","","3305.2000","3305.2000","1","","",""
"line_detail","D151","Makhani Sandwich","raw","makhani sauce","51A","makhani sauce_gm_reciepe","30","gm","1","30","","","","","","","3305.2000","3305.2000","1","","",""
"line_detail","D151","Makhani Sandwich","raw","makhani sauce","51A","makhani sauce_gm_reciepe","30","gm","1","30","","","","","","","3305.2000","3305.2000","1","","",""
"line_detail","D151","Makhani Sandwich","raw","makhani sauce","51A","makhani sauce_gm_reciepe","30","gm","1","30","","","","","","","3305.2000","3305.2000","1","","",""
"line_detail","D151","Makhani Sandwich","raw","metonese","50","metonese_gm_reciepe","30","gm","1","30","4.5600","136.8000","","","","","3305.2000","3305.2000","1","","",""
"line_detail","D151","Makhani Sandwich","raw","metonese","50","metonese_gm_reciepe","30","gm","1","30","4.5600","136.8000","","","","","3305.2000","3305.2000","1","","",""
"line_detail","D151","Makhani Sandwich","raw","metonese","50","metonese_gm_reciepe","30","gm","1","30","4.5600","136.8000","","","","","3305.2000","3305.2000","1","","",""
"line_detail","D151","Makhani Sandwich","raw","metonese","50","metonese_gm_reciepe","30","gm","1","30","4.5600","136.8000","","","","","3305.2000","3305.2000","1","","",""
"line_detail","D151","Makhani Sandwich","raw","metonese","50","metonese_gm_reciepe","30","gm","1","30","4.5600","136.8000","","","","","3305.2000","3305.2000","1","","",""
"line_detail","D151","Makhani Sandwich","raw","metonese","50","metonese_gm_reciepe","30","gm","1","30","4.5600","136.8000","","","","","3305.2000","3305.2000","1","","",""
"line_detail","D151","Makhani Sandwich","raw","metonese","50","metonese_gm_reciepe","30","gm","1","30","4.5600","136.8000","","","","","3305.2000","3305.2000","1","","",""
"line_detail","D151","Makhani Sandwich","raw","metonese","50","metonese_gm_reciepe","30","gm","1","30","4.5600","136.8000","","","","","3305.2000","3305.2000","1","","",""
"line_detail","D151","Makhani Sandwich","raw","metonese","50","metonese_gm_reciepe","30","gm","1","30","4.5600","136.8000","","","","","3305.2000","3305.2000","1","","",""
"line_detail","D151","Makhani Sandwich","raw","metonese","50","metonese_gm_reciepe","30","gm","1","30","4.5600","136.8000","","","","","3305.2000","3305.2000","1","","",""
"line_detail","D151","Makhani Sandwich","raw","metonese","50","metonese_gm_reciepe","30","gm","1","30","4.5600","136.8000","","","","","3305.2000","3305.2000","1","","",""
"line_detail","D151","Makhani Sandwich","raw","metonese","50","metonese_gm_reciepe","30","gm","1","30","4.5600","136.8000","","","","","3305.2000","3305.2000","1","","",""
"line_detail","D151","Makhani Sandwich","raw","metonese","50","metonese_gm_reciepe","30","gm","1","30","4.5600","136.8000","","","","","3305.2000","3305.2000","1","","",""
"line_detail","D151","Makhani Sandwich","raw","metonese","50","metonese_gm_reciepe","30","gm","1","30","4.5600","136.8000","","","","","3305.2000","3305.2000","1","","",""
"line_detail","D151","Makhani Sandwich","raw","metonese","50","metonese_gm_reciepe","30","gm","1","30","4.5600","136.8000","","","","","3305.2000","3305.2000","1","","",""
"line_detail","D151","Makhani Sandwich","raw","metonese","50","metonese_gm_reciepe","30","gm","1","30","4.5600","136.8000","","","","","3305.2000","3305.2000","1","","",""
"line_detail","D151","Makhani Sandwich","raw","metonese","50","metonese_gm_reciepe","30","gm","1","30","4.5600","136.8000","","","","","3305.2000","3305.2000","1","","",""
"line_detail","D151","Makhani Sandwich","raw","metonese","50","metonese_gm_reciepe","30","gm","1","30","4.5600","136.8000","","","","","3305.2000","3305.2000","1","","",""
"line_detail","D151","Makhani Sandwich","raw","metonese","50","metonese_gm_reciepe","30","gm","1","30","4.5600","136.8000","","","","","3305.2000","3305.2000","1","","",""
"line_detail","D151","Makhani Sandwich","raw","metonese","50","metonese_gm_reciepe","30","gm","1","30","4.5600","136.8000","","","","","3305.2000","3305.2000","1","","",""
"line_detail","D151","Makhani Sandwich","raw","metonese","50","metonese_gm_reciepe","30","gm","1","30","4.5600","136.8000","","","","","3305.2000","3305.2000","1","","",""
"line_detail","D151","Makhani Sandwich","raw","metonese","50","metonese_gm_reciepe","30","gm","1","30","4.5600","136.8000","","","","","3305.2000","3305.2000","1","","",""
"line_detail","D151","Makhani Sandwich","raw","metonese","50","metonese_gm_reciepe","30","gm","1","30","4.5600","136.8000","","","","","3305.2000","3305.2000","1","","",""
"line_detail","D151","Makhani Sandwich","raw","metonese","50","metonese_gm_reciepe","30","gm","1","30","4.5600","136.8000","","","","","3305.2000","3305.2000","1","","",""
"line_detail","D151","Makhani Sandwich","raw","proccess chese","81","proccess chese_gm_reciepe","15","gm","1","15","","","","","","","3305.2000","3305.2000","1","","",""
"line_detail","D151","Makhani Sandwich","raw","proccess chese","81","proccess chese_gm_reciepe","15","gm","1","15","","","","","","","3305.2000","3305.2000","1","","",""
"line_detail","D151","Makhani Sandwich","raw","proccess chese","81","proccess chese_gm_reciepe","15","gm","1","15","","","","","","","3305.2000","3305.2000","1","","",""
"line_detail","D151","Makhani Sandwich","raw","proccess chese","81","proccess chese_gm_reciepe","15","gm","1","15","","","","","","","3305.2000","3305.2000","1","","",""
"line_detail","D151","Makhani Sandwich","raw","proccess chese","81","proccess chese_gm_reciepe","15","gm","1","15","","","","","","","3305.2000","3305.2000","1","","",""
"line_detail","D151","Makhani Sandwich","raw","proccess chese","81","proccess chese_gm_reciepe","15","gm","1","15","","","","","","","3305.2000","3305.2000","1","","",""
"line_detail","D151","Makhani Sandwich","raw","proccess chese","81","proccess chese_gm_reciepe","15","gm","1","15","","","","","","","3305.2000","3305.2000","1","","",""
"line_detail","D151","Makhani Sandwich","raw","proccess chese","81","proccess chese_gm_reciepe","15","gm","1","15","","","","","","","3305.2000","3305.2000","1","","",""
"line_detail","D151","Makhani Sandwich","raw","proccess chese","81","proccess chese_gm_reciepe","15","gm","1","15","","","","","","","3305.2000","3305.2000","1","","",""
"line_detail","D151","Makhani Sandwich","raw","proccess chese","81","proccess chese_gm_reciepe","15","gm","1","15","","","","","","","3305.2000","3305.2000","1","","",""
"line_detail","D151","Makhani Sandwich","raw","proccess chese","81","proccess chese_gm_reciepe","15","gm","1","15","","","","","","","3305.2000","3305.2000","1","","",""
"line_detail","D151","Makhani Sandwich","raw","proccess chese","81","proccess chese_gm_reciepe","15","gm","1","15","","","","","","","3305.2000","3305.2000","1","","",""
"line_detail","D151","Makhani Sandwich","raw","proccess chese","81","proccess chese_gm_reciepe","15","gm","1","15","","","","","","","3305.2000","3305.2000","1","","",""
"line_detail","D151","Makhani Sandwich","raw","proccess chese","81","proccess chese_gm_reciepe","15","gm","1","15","","","","","","","3305.2000","3305.2000","1","","",""
"line_detail","D151","Makhani Sandwich","raw","proccess chese","81","proccess chese_gm_reciepe","15","gm","1","15","","","","","","","3305.2000","3305.2000","1","","",""
"dish_summary","D151","Makhani Sandwich","","","","Makhani Sandwich_1_portion","","","","","","3305.2000","standard","false","Makhani Sandwich_1_portion","","3305.2000","3305.2000","1","0","48","0"
"line_detail","D152","Vegetable Sandwich","raw","MYONESE","50","MYONESE_gm_reciepe","15","gm","1","15","4.5600","68.4000","","","","","1666.2700","1666.2700","1","","",""
"line_detail","D152","Vegetable Sandwich","raw","MYONESE","50","MYONESE_gm_reciepe","15","gm","1","15","4.5600","68.4000","","","","","1666.2700","1666.2700","1","","",""
"line_detail","D152","Vegetable Sandwich","raw","MYONESE","50","MYONESE_gm_reciepe","15","gm","1","15","4.5600","68.4000","","","","","1666.2700","1666.2700","1","","",""
"line_detail","D152","Vegetable Sandwich","raw","MYONESE","50","MYONESE_gm_reciepe","15","gm","1","15","4.5600","68.4000","","","","","1666.2700","1666.2700","1","","",""
"line_detail","D152","Vegetable Sandwich","raw","MYONESE","50","MYONESE_gm_reciepe","15","gm","1","15","4.5600","68.4000","","","","","1666.2700","1666.2700","1","","",""
"line_detail","D152","Vegetable Sandwich","raw","MYONESE","50","MYONESE_gm_reciepe","15","gm","1","15","4.5600","68.4000","","","","","1666.2700","1666.2700","1","","",""
"line_detail","D152","Vegetable Sandwich","raw","MYONESE","50","MYONESE_gm_reciepe","15","gm","1","15","4.5600","68.4000","","","","","1666.2700","1666.2700","1","","",""
"line_detail","D152","Vegetable Sandwich","raw","MYONESE","50","MYONESE_gm_reciepe","15","gm","1","15","4.5600","68.4000","","","","","1666.2700","1666.2700","1","","",""
"line_detail","D152","Vegetable Sandwich","raw","MYONESE","50","MYONESE_gm_reciepe","15","gm","1","15","4.5600","68.4000","","","","","1666.2700","1666.2700","1","","",""
"line_detail","D152","Vegetable Sandwich","raw","MYONESE","50","MYONESE_gm_reciepe","15","gm","1","15","4.5600","68.4000","","","","","1666.2700","1666.2700","1","","",""
"line_detail","D152","Vegetable Sandwich","raw","MYONESE","50","MYONESE_gm_reciepe","15","gm","1","15","4.5600","68.4000","","","","","1666.2700","1666.2700","1","","",""
"line_detail","D152","Vegetable Sandwich","raw","MYONESE","50","MYONESE_gm_reciepe","15","gm","1","15","4.5600","68.4000","","","","","1666.2700","1666.2700","1","","",""
"line_detail","D152","Vegetable Sandwich","raw","MYONESE","50","MYONESE_gm_reciepe","15","gm","1","15","4.5600","68.4000","","","","","1666.2700","1666.2700","1","","",""
"line_detail","D152","Vegetable Sandwich","raw","MYONESE","50","MYONESE_gm_reciepe","15","gm","1","15","4.5600","68.4000","","","","","1666.2700","1666.2700","1","","",""
"line_detail","D152","Vegetable Sandwich","raw","MYONESE","50","MYONESE_gm_reciepe","15","gm","1","15","4.5600","68.4000","","","","","1666.2700","1666.2700","1","","",""
"line_detail","D152","Vegetable Sandwich","raw","MYONESE","50","MYONESE_gm_reciepe","15","gm","1","15","4.5600","68.4000","","","","","1666.2700","1666.2700","1","","",""
"line_detail","D152","Vegetable Sandwich","raw","MYONESE","50","MYONESE_gm_reciepe","15","gm","1","15","4.5600","68.4000","","","","","1666.2700","1666.2700","1","","",""
"line_detail","D152","Vegetable Sandwich","raw","MYONESE","50","MYONESE_gm_reciepe","15","gm","1","15","4.5600","68.4000","","","","","1666.2700","1666.2700","1","","",""
"line_detail","D152","Vegetable Sandwich","raw","MYONESE","50","MYONESE_gm_reciepe","15","gm","1","15","4.5600","68.4000","","","","","1666.2700","1666.2700","1","","",""
"line_detail","D152","Vegetable Sandwich","raw","MYONESE","50","MYONESE_gm_reciepe","15","gm","1","15","4.5600","68.4000","","","","","1666.2700","1666.2700","1","","",""
"line_detail","D152","Vegetable Sandwich","raw","MYONESE","50","MYONESE_gm_reciepe","15","gm","1","15","4.5600","68.4000","","","","","1666.2700","1666.2700","1","","",""
"line_detail","D152","Vegetable Sandwich","raw","MYONESE","50","MYONESE_gm_reciepe","15","gm","1","15","4.5600","68.4000","","","","","1666.2700","1666.2700","1","","",""
"line_detail","D152","Vegetable Sandwich","raw","MYONESE","50","MYONESE_gm_reciepe","15","gm","1","15","4.5600","68.4000","","","","","1666.2700","1666.2700","1","","",""
"line_detail","D152","Vegetable Sandwich","raw","MYONESE","50","MYONESE_gm_reciepe","15","gm","1","15","4.5600","68.4000","","","","","1666.2700","1666.2700","1","","",""
"line_detail","D152","Vegetable Sandwich","raw","WHITE BREAD","B1","WHITE BREAD_gm_reciepe","100","gm","1","100","0.2200","22.0000","","","","","1666.2700","1666.2700","1","","",""
"line_detail","D152","Vegetable Sandwich","raw","butter","73","butter_gm_reciepe","5","gm","1","5","0.1780","0.8900","","","","","1666.2700","1666.2700","1","","",""
"line_detail","D152","Vegetable Sandwich","raw","butter","73","butter_gm_reciepe","5","gm","1","5","0.1780","0.8900","","","","","1666.2700","1666.2700","1","","",""
"line_detail","D152","Vegetable Sandwich","raw","butter","73","butter_gm_reciepe","5","gm","1","5","0.1780","0.8900","","","","","1666.2700","1666.2700","1","","",""
"line_detail","D152","Vegetable Sandwich","raw","chaat masala","21B","chaat masala_gm_reciepe","3","gm","1","3","","","","","","","1666.2700","1666.2700","1","","",""
"line_detail","D152","Vegetable Sandwich","raw","chaat masala","21B","chaat masala_gm_reciepe","3","gm","1","3","","","","","","","1666.2700","1666.2700","1","","",""
"line_detail","D152","Vegetable Sandwich","raw","chaat masala","21B","chaat masala_gm_reciepe","3","gm","1","3","","","","","","","1666.2700","1666.2700","1","","",""
"line_detail","D152","Vegetable Sandwich","raw","chaat masala","21B","chaat masala_gm_reciepe","3","gm","1","3","","","","","","","1666.2700","1666.2700","1","","",""
"line_detail","D152","Vegetable Sandwich","raw","chaat masala","21B","chaat masala_gm_reciepe","3","gm","1","3","","","","","","","1666.2700","1666.2700","1","","",""
"line_detail","D152","Vegetable Sandwich","raw","chaat masala","21B","chaat masala_gm_reciepe","3","gm","1","3","","","","","","","1666.2700","1666.2700","1","","",""
"line_detail","D152","Vegetable Sandwich","raw","chaat masala","21B","chaat masala_gm_reciepe","3","gm","1","3","","","","","","","1666.2700","1666.2700","1","","",""
"line_detail","D152","Vegetable Sandwich","raw","chaat masala","21B","chaat masala_gm_reciepe","3","gm","1","3","","","","","","","1666.2700","1666.2700","1","","",""
"line_detail","D152","Vegetable Sandwich","raw","chaat masala","21B","chaat masala_gm_reciepe","3","gm","1","3","","","","","","","1666.2700","1666.2700","1","","",""
"line_detail","D152","Vegetable Sandwich","raw","cheese processed","81","cheese processed_gm_reciepe","20","gm","1","20","","","","","","","1666.2700","1666.2700","1","","",""
"line_detail","D152","Vegetable Sandwich","raw","cheese processed","81","cheese processed_gm_reciepe","20","gm","1","20","","","","","","","1666.2700","1666.2700","1","","",""
"line_detail","D152","Vegetable Sandwich","raw","cheese processed","81","cheese processed_gm_reciepe","20","gm","1","20","","","","","","","1666.2700","1666.2700","1","","",""
"line_detail","D152","Vegetable Sandwich","raw","cheese processed","81","cheese processed_gm_reciepe","20","gm","1","20","","","","","","","1666.2700","1666.2700","1","","",""
"line_detail","D152","Vegetable Sandwich","raw","cheese processed","81","cheese processed_gm_reciepe","20","gm","1","20","","","","","","","1666.2700","1666.2700","1","","",""
"line_detail","D152","Vegetable Sandwich","raw","cheese processed","81","cheese processed_gm_reciepe","20","gm","1","20","","","","","","","1666.2700","1666.2700","1","","",""
"line_detail","D152","Vegetable Sandwich","raw","cheese processed","81","cheese processed_gm_reciepe","20","gm","1","20","","","","","","","1666.2700","1666.2700","1","","",""
"line_detail","D152","Vegetable Sandwich","raw","cheese processed","81","cheese processed_gm_reciepe","20","gm","1","20","","","","","","","1666.2700","1666.2700","1","","",""
"line_detail","D152","Vegetable Sandwich","raw","cheese processed","81","cheese processed_gm_reciepe","20","gm","1","20","","","","","","","1666.2700","1666.2700","1","","",""
"line_detail","D152","Vegetable Sandwich","raw","cheese processed","81","cheese processed_gm_reciepe","20","gm","1","20","","","","","","","1666.2700","1666.2700","1","","",""
"line_detail","D152","Vegetable Sandwich","raw","cheese processed","81","cheese processed_gm_reciepe","20","gm","1","20","","","","","","","1666.2700","1666.2700","1","","",""
"line_detail","D152","Vegetable Sandwich","raw","cheese processed","81","cheese processed_gm_reciepe","20","gm","1","20","","","","","","","1666.2700","1666.2700","1","","",""
"line_detail","D152","Vegetable Sandwich","raw","cheese processed","81","cheese processed_gm_reciepe","20","gm","1","20","","","","","","","1666.2700","1666.2700","1","","",""
"line_detail","D152","Vegetable Sandwich","raw","cheese processed","81","cheese processed_gm_reciepe","20","gm","1","20","","","","","","","1666.2700","1666.2700","1","","",""
"line_detail","D152","Vegetable Sandwich","raw","cheese processed","81","cheese processed_gm_reciepe","20","gm","1","20","","","","","","","1666.2700","1666.2700","1","","",""
"dish_summary","D152","Vegetable Sandwich","","","","Vegetable Sandwich_1_portion","","","","","","1666.2700","standard","false","Vegetable Sandwich_1_portion","","1666.2700","1666.2700","1","1","24","0"
"line_detail","D153","Cheese Corn Sandwich","raw","MYONESE","50","MYONESE_gm_reciepe","15","gm","1","15","4.5600","68.4000","","","","","1679.1400","1679.1400","1","","",""
"line_detail","D153","Cheese Corn Sandwich","raw","MYONESE","50","MYONESE_gm_reciepe","15","gm","1","15","4.5600","68.4000","","","","","1679.1400","1679.1400","1","","",""
"line_detail","D153","Cheese Corn Sandwich","raw","MYONESE","50","MYONESE_gm_reciepe","15","gm","1","15","4.5600","68.4000","","","","","1679.1400","1679.1400","1","","",""
"line_detail","D153","Cheese Corn Sandwich","raw","MYONESE","50","MYONESE_gm_reciepe","15","gm","1","15","4.5600","68.4000","","","","","1679.1400","1679.1400","1","","",""
"line_detail","D153","Cheese Corn Sandwich","raw","MYONESE","50","MYONESE_gm_reciepe","15","gm","1","15","4.5600","68.4000","","","","","1679.1400","1679.1400","1","","",""
"line_detail","D153","Cheese Corn Sandwich","raw","MYONESE","50","MYONESE_gm_reciepe","15","gm","1","15","4.5600","68.4000","","","","","1679.1400","1679.1400","1","","",""
"line_detail","D153","Cheese Corn Sandwich","raw","MYONESE","50","MYONESE_gm_reciepe","15","gm","1","15","4.5600","68.4000","","","","","1679.1400","1679.1400","1","","",""
"line_detail","D153","Cheese Corn Sandwich","raw","MYONESE","50","MYONESE_gm_reciepe","15","gm","1","15","4.5600","68.4000","","","","","1679.1400","1679.1400","1","","",""
"line_detail","D153","Cheese Corn Sandwich","raw","MYONESE","50","MYONESE_gm_reciepe","15","gm","1","15","4.5600","68.4000","","","","","1679.1400","1679.1400","1","","",""
"line_detail","D153","Cheese Corn Sandwich","raw","MYONESE","50","MYONESE_gm_reciepe","15","gm","1","15","4.5600","68.4000","","","","","1679.1400","1679.1400","1","","",""
"line_detail","D153","Cheese Corn Sandwich","raw","MYONESE","50","MYONESE_gm_reciepe","15","gm","1","15","4.5600","68.4000","","","","","1679.1400","1679.1400","1","","",""
"line_detail","D153","Cheese Corn Sandwich","raw","MYONESE","50","MYONESE_gm_reciepe","15","gm","1","15","4.5600","68.4000","","","","","1679.1400","1679.1400","1","","",""
"line_detail","D153","Cheese Corn Sandwich","raw","MYONESE","50","MYONESE_gm_reciepe","15","gm","1","15","4.5600","68.4000","","","","","1679.1400","1679.1400","1","","",""
"line_detail","D153","Cheese Corn Sandwich","raw","MYONESE","50","MYONESE_gm_reciepe","15","gm","1","15","4.5600","68.4000","","","","","1679.1400","1679.1400","1","","",""
"line_detail","D153","Cheese Corn Sandwich","raw","MYONESE","50","MYONESE_gm_reciepe","15","gm","1","15","4.5600","68.4000","","","","","1679.1400","1679.1400","1","","",""
"line_detail","D153","Cheese Corn Sandwich","raw","MYONESE","50","MYONESE_gm_reciepe","15","gm","1","15","4.5600","68.4000","","","","","1679.1400","1679.1400","1","","",""
"line_detail","D153","Cheese Corn Sandwich","raw","MYONESE","50","MYONESE_gm_reciepe","15","gm","1","15","4.5600","68.4000","","","","","1679.1400","1679.1400","1","","",""
"line_detail","D153","Cheese Corn Sandwich","raw","MYONESE","50","MYONESE_gm_reciepe","15","gm","1","15","4.5600","68.4000","","","","","1679.1400","1679.1400","1","","",""
"line_detail","D153","Cheese Corn Sandwich","raw","MYONESE","50","MYONESE_gm_reciepe","15","gm","1","15","4.5600","68.4000","","","","","1679.1400","1679.1400","1","","",""
"line_detail","D153","Cheese Corn Sandwich","raw","MYONESE","50","MYONESE_gm_reciepe","15","gm","1","15","4.5600","68.4000","","","","","1679.1400","1679.1400","1","","",""
"line_detail","D153","Cheese Corn Sandwich","raw","MYONESE","50","MYONESE_gm_reciepe","15","gm","1","15","4.5600","68.4000","","","","","1679.1400","1679.1400","1","","",""
"line_detail","D153","Cheese Corn Sandwich","raw","MYONESE","50","MYONESE_gm_reciepe","15","gm","1","15","4.5600","68.4000","","","","","1679.1400","1679.1400","1","","",""
"line_detail","D153","Cheese Corn Sandwich","raw","MYONESE","50","MYONESE_gm_reciepe","15","gm","1","15","4.5600","68.4000","","","","","1679.1400","1679.1400","1","","",""
"line_detail","D153","Cheese Corn Sandwich","raw","MYONESE","50","MYONESE_gm_reciepe","15","gm","1","15","4.5600","68.4000","","","","","1679.1400","1679.1400","1","","",""
"line_detail","D153","Cheese Corn Sandwich","raw","TOMATO KETCHUP","71B","TOMATO KETCHUP_gm_reciepe","10","","","","","","","","","","1679.1400","1679.1400","1","","",""
"line_detail","D153","Cheese Corn Sandwich","raw","TOMATO KETCHUP","71B","TOMATO KETCHUP_gm_reciepe","10","","","","","","","","","","1679.1400","1679.1400","1","","",""
"line_detail","D153","Cheese Corn Sandwich","raw","TOMATO KETCHUP","71B","TOMATO KETCHUP_gm_reciepe","10","","","","","","","","","","1679.1400","1679.1400","1","","",""
"line_detail","D153","Cheese Corn Sandwich","raw","WHITE BREAD","B1","WHITE BREAD_gm_reciepe","100","gm","1","100","0.2200","22.0000","","","","","1679.1400","1679.1400","1","","",""
"line_detail","D153","Cheese Corn Sandwich","raw","butter","73","butter_gm_reciepe","5","gm","1","5","0.1780","0.8900","","","","","1679.1400","1679.1400","1","","",""
"line_detail","D153","Cheese Corn Sandwich","raw","butter","73","butter_gm_reciepe","5","gm","1","5","0.1780","0.8900","","","","","1679.1400","1679.1400","1","","",""
"line_detail","D153","Cheese Corn Sandwich","raw","butter","73","butter_gm_reciepe","5","gm","1","5","0.1780","0.8900","","","","","1679.1400","1679.1400","1","","",""
"line_detail","D153","Cheese Corn Sandwich","raw","cheese processed","81","cheese processed_gm_reciepe","20","gm","1","20","","","","","","","1679.1400","1679.1400","1","","",""
"line_detail","D153","Cheese Corn Sandwich","raw","cheese processed","81","cheese processed_gm_reciepe","20","gm","1","20","","","","","","","1679.1400","1679.1400","1","","",""
"line_detail","D153","Cheese Corn Sandwich","raw","cheese processed","81","cheese processed_gm_reciepe","20","gm","1","20","","","","","","","1679.1400","1679.1400","1","","",""
"line_detail","D153","Cheese Corn Sandwich","raw","cheese processed","81","cheese processed_gm_reciepe","20","gm","1","20","","","","","","","1679.1400","1679.1400","1","","",""
"line_detail","D153","Cheese Corn Sandwich","raw","cheese processed","81","cheese processed_gm_reciepe","20","gm","1","20","","","","","","","1679.1400","1679.1400","1","","",""
"line_detail","D153","Cheese Corn Sandwich","raw","cheese processed","81","cheese processed_gm_reciepe","20","gm","1","20","","","","","","","1679.1400","1679.1400","1","","",""
"line_detail","D153","Cheese Corn Sandwich","raw","cheese processed","81","cheese processed_gm_reciepe","20","gm","1","20","","","","","","","1679.1400","1679.1400","1","","",""
"line_detail","D153","Cheese Corn Sandwich","raw","cheese processed","81","cheese processed_gm_reciepe","20","gm","1","20","","","","","","","1679.1400","1679.1400","1","","",""
"line_detail","D153","Cheese Corn Sandwich","raw","cheese processed","81","cheese processed_gm_reciepe","20","gm","1","20","","","","","","","1679.1400","1679.1400","1","","",""
"line_detail","D153","Cheese Corn Sandwich","raw","cheese processed","81","cheese processed_gm_reciepe","20","gm","1","20","","","","","","","1679.1400","1679.1400","1","","",""
"line_detail","D153","Cheese Corn Sandwich","raw","cheese processed","81","cheese processed_gm_reciepe","20","gm","1","20","","","","","","","1679.1400","1679.1400","1","","",""
"line_detail","D153","Cheese Corn Sandwich","raw","cheese processed","81","cheese processed_gm_reciepe","20","gm","1","20","","","","","","","1679.1400","1679.1400","1","","",""
"line_detail","D153","Cheese Corn Sandwich","raw","cheese processed","81","cheese processed_gm_reciepe","20","gm","1","20","","","","","","","1679.1400","1679.1400","1","","",""
"line_detail","D153","Cheese Corn Sandwich","raw","cheese processed","81","cheese processed_gm_reciepe","20","gm","1","20","","","","","","","1679.1400","1679.1400","1","","",""
"line_detail","D153","Cheese Corn Sandwich","raw","cheese processed","81","cheese processed_gm_reciepe","20","gm","1","20","","","","","","","1679.1400","1679.1400","1","","",""
"line_detail","D153","Cheese Corn Sandwich","raw","corn","80","corn_gm_reciepe","65","gm","1","65","0.0660","4.2900","","","","","1679.1400","1679.1400","1","","",""
"line_detail","D153","Cheese Corn Sandwich","raw","corn","80","corn_gm_reciepe","65","gm","1","65","0.0660","4.2900","","","","","1679.1400","1679.1400","1","","",""
"line_detail","D153","Cheese Corn Sandwich","raw","corn","80","corn_gm_reciepe","65","gm","1","65","0.0660","4.2900","","","","","1679.1400","1679.1400","1","","",""
"line_detail","D153","Cheese Corn Sandwich","raw","thai chilly","42B","thai chilly_gm_reciepe","20","gm","1","20","","","","","","","1679.1400","1679.1400","1","","",""
"line_detail","D153","Cheese Corn Sandwich","raw","thai chilly","42B","thai chilly_gm_reciepe","20","gm","1","20","","","","","","","1679.1400","1679.1400","1","","",""
"line_detail","D153","Cheese Corn Sandwich","raw","thai chilly","42B","thai chilly_gm_reciepe","20","gm","1","20","","","","","","","1679.1400","1679.1400","1","","",""
"line_detail","D153","Cheese Corn Sandwich","raw","thai chilly","42B","thai chilly_gm_reciepe","20","gm","1","20","","","","","","","1679.1400","1679.1400","1","","",""
"line_detail","D153","Cheese Corn Sandwich","raw","thai chilly","42B","thai chilly_gm_reciepe","20","gm","1","20","","","","","","","1679.1400","1679.1400","1","","",""
"line_detail","D153","Cheese Corn Sandwich","raw","thai chilly","42B","thai chilly_gm_reciepe","20","gm","1","20","","","","","","","1679.1400","1679.1400","1","","",""
"dish_summary","D153","Cheese Corn Sandwich","","","","Cheese Corn Sandwich_1_portion","","","","","","1679.1400","standard","false","Cheese Corn Sandwich_1_portion","","1679.1400","1679.1400","1","0","24","0"
"line_detail","D154","Mexican Sandwich","raw","PANEER","D3","PANEER_gm_reciepe","25","","","","","","","","","","24.6700","24.6700","1","","",""
"line_detail","D154","Mexican Sandwich","raw","TOM MAKHAN SAUCE","51B","TOM MAKHAN SAUCE_gm_reciepe","30","gm","1","30","","","","","","","24.6700","24.6700","1","","",""
"line_detail","D154","Mexican Sandwich","raw","TOM MAKHAN SAUCE","51B","TOM MAKHAN SAUCE_gm_reciepe","30","gm","1","30","","","","","","","24.6700","24.6700","1","","",""
"line_detail","D154","Mexican Sandwich","raw","TOM MAKHAN SAUCE","51B","TOM MAKHAN SAUCE_gm_reciepe","30","gm","1","30","","","","","","","24.6700","24.6700","1","","",""
"line_detail","D154","Mexican Sandwich","raw","WHITE BREAD","B1","WHITE BREAD_gm_reciepe","100","gm","1","100","0.2200","22.0000","","","","","24.6700","24.6700","1","","",""
"line_detail","D154","Mexican Sandwich","raw","butter","73","butter_gm_reciepe","5","gm","1","5","0.1780","0.8900","","","","","24.6700","24.6700","1","","",""
"line_detail","D154","Mexican Sandwich","raw","butter","73","butter_gm_reciepe","5","gm","1","5","0.1780","0.8900","","","","","24.6700","24.6700","1","","",""
"line_detail","D154","Mexican Sandwich","raw","butter","73","butter_gm_reciepe","5","gm","1","5","0.1780","0.8900","","","","","24.6700","24.6700","1","","",""
"line_detail","D154","Mexican Sandwich","raw","cheese processed","81","cheese processed_gm_reciepe","20","gm","1","20","","","","","","","24.6700","24.6700","1","","",""
"line_detail","D154","Mexican Sandwich","raw","cheese processed","81","cheese processed_gm_reciepe","20","gm","1","20","","","","","","","24.6700","24.6700","1","","",""
"line_detail","D154","Mexican Sandwich","raw","cheese processed","81","cheese processed_gm_reciepe","20","gm","1","20","","","","","","","24.6700","24.6700","1","","",""
"line_detail","D154","Mexican Sandwich","raw","cheese processed","81","cheese processed_gm_reciepe","20","gm","1","20","","","","","","","24.6700","24.6700","1","","",""
"line_detail","D154","Mexican Sandwich","raw","cheese processed","81","cheese processed_gm_reciepe","20","gm","1","20","","","","","","","24.6700","24.6700","1","","",""
"line_detail","D154","Mexican Sandwich","raw","cheese processed","81","cheese processed_gm_reciepe","20","gm","1","20","","","","","","","24.6700","24.6700","1","","",""
"line_detail","D154","Mexican Sandwich","raw","cheese processed","81","cheese processed_gm_reciepe","20","gm","1","20","","","","","","","24.6700","24.6700","1","","",""
"line_detail","D154","Mexican Sandwich","raw","cheese processed","81","cheese processed_gm_reciepe","20","gm","1","20","","","","","","","24.6700","24.6700","1","","",""
"line_detail","D154","Mexican Sandwich","raw","cheese processed","81","cheese processed_gm_reciepe","20","gm","1","20","","","","","","","24.6700","24.6700","1","","",""
"line_detail","D154","Mexican Sandwich","raw","cheese processed","81","cheese processed_gm_reciepe","20","gm","1","20","","","","","","","24.6700","24.6700","1","","",""
"line_detail","D154","Mexican Sandwich","raw","cheese processed","81","cheese processed_gm_reciepe","20","gm","1","20","","","","","","","24.6700","24.6700","1","","",""
"line_detail","D154","Mexican Sandwich","raw","cheese processed","81","cheese processed_gm_reciepe","20","gm","1","20","","","","","","","24.6700","24.6700","1","","",""
"line_detail","D154","Mexican Sandwich","raw","cheese processed","81","cheese processed_gm_reciepe","20","gm","1","20","","","","","","","24.6700","24.6700","1","","",""
"line_detail","D154","Mexican Sandwich","raw","cheese processed","81","cheese processed_gm_reciepe","20","gm","1","20","","","","","","","24.6700","24.6700","1","","",""
"line_detail","D154","Mexican Sandwich","raw","cheese processed","81","cheese processed_gm_reciepe","20","gm","1","20","","","","","","","24.6700","24.6700","1","","",""
"dish_summary","D154","Mexican Sandwich","","","","Mexican Sandwich_1_portion","","","","","","24.6700","standard","false","Mexican Sandwich_1_portion","","24.6700","24.6700","1","1","19","0"
"line_detail","D155","Paneer Tikka Sandwich","raw","PANEER","D3","PANEER_gm_reciepe","60","","","","","","","","","","3307.8700","3307.8700","1","","",""
"line_detail","D155","Paneer Tikka Sandwich","raw","PANEER","D3","","100","","","","","","","","","","3307.8700","3307.8700","1","","",""
"line_detail","D155","Paneer Tikka Sandwich","raw","WHITE BREAD","B1","WHITE BREAD_gm_reciepe","100","gm","1","100","0.2200","22.0000","","","","","3307.8700","3307.8700","1","","",""
"line_detail","D155","Paneer Tikka Sandwich","raw","butter","73","butter_gm_reciepe","5","gm","1","5","0.1780","0.8900","","","","","3307.8700","3307.8700","1","","",""
"line_detail","D155","Paneer Tikka Sandwich","raw","butter","73","butter_gm_reciepe","5","gm","1","5","0.1780","0.8900","","","","","3307.8700","3307.8700","1","","",""
"line_detail","D155","Paneer Tikka Sandwich","raw","butter","73","butter_gm_reciepe","5","gm","1","5","0.1780","0.8900","","","","","3307.8700","3307.8700","1","","",""
"line_detail","D155","Paneer Tikka Sandwich","raw","cheese processed","81","cheese processed_gm_reciepe","20","gm","1","20","","","","","","","3307.8700","3307.8700","1","","",""
"line_detail","D155","Paneer Tikka Sandwich","raw","cheese processed","81","cheese processed_gm_reciepe","20","gm","1","20","","","","","","","3307.8700","3307.8700","1","","",""
"line_detail","D155","Paneer Tikka Sandwich","raw","cheese processed","81","cheese processed_gm_reciepe","15","gm","1","15","","","","","","","3307.8700","3307.8700","1","","",""
"line_detail","D155","Paneer Tikka Sandwich","raw","cheese processed","81","cheese processed_gm_reciepe","15","gm","1","15","","","","","","","3307.8700","3307.8700","1","","",""
"line_detail","D155","Paneer Tikka Sandwich","raw","cheese processed","81","cheese processed_gm_reciepe","15","gm","1","15","","","","","","","3307.8700","3307.8700","1","","",""
"line_detail","D155","Paneer Tikka Sandwich","raw","cheese processed","81","cheese processed_gm_reciepe","20","gm","1","20","","","","","","","3307.8700","3307.8700","1","","",""
"line_detail","D155","Paneer Tikka Sandwich","raw","cheese processed","81","cheese processed_gm_reciepe","15","gm","1","15","","","","","","","3307.8700","3307.8700","1","","",""
"line_detail","D155","Paneer Tikka Sandwich","raw","cheese processed","81","cheese processed_gm_reciepe","20","gm","1","20","","","","","","","3307.8700","3307.8700","1","","",""
"line_detail","D155","Paneer Tikka Sandwich","raw","cheese processed","81","cheese processed_gm_reciepe","15","gm","1","15","","","","","","","3307.8700","3307.8700","1","","",""
"line_detail","D155","Paneer Tikka Sandwich","raw","cheese processed","81","cheese processed_gm_reciepe","20","gm","1","20","","","","","","","3307.8700","3307.8700","1","","",""
"line_detail","D155","Paneer Tikka Sandwich","raw","cheese processed","81","cheese processed_gm_reciepe","20","gm","1","20","","","","","","","3307.8700","3307.8700","1","","",""
"line_detail","D155","Paneer Tikka Sandwich","raw","cheese processed","81","cheese processed_gm_reciepe","20","gm","1","20","","","","","","","3307.8700","3307.8700","1","","",""
"line_detail","D155","Paneer Tikka Sandwich","raw","cheese processed","81","cheese processed_gm_reciepe","15","gm","1","15","","","","","","","3307.8700","3307.8700","1","","",""
"line_detail","D155","Paneer Tikka Sandwich","raw","cheese processed","81","cheese processed_gm_reciepe","15","gm","1","15","","","","","","","3307.8700","3307.8700","1","","",""
"line_detail","D155","Paneer Tikka Sandwich","raw","cheese processed","81","cheese processed_gm_reciepe","15","gm","1","15","","","","","","","3307.8700","3307.8700","1","","",""
"line_detail","D155","Paneer Tikka Sandwich","raw","cheese processed","81","cheese processed_gm_reciepe","20","gm","1","20","","","","","","","3307.8700","3307.8700","1","","",""
"line_detail","D155","Paneer Tikka Sandwich","raw","cheese processed","81","cheese processed_gm_reciepe","15","gm","1","15","","","","","","","3307.8700","3307.8700","1","","",""
"line_detail","D155","Paneer Tikka Sandwich","raw","cheese processed","81","cheese processed_gm_reciepe","20","gm","1","20","","","","","","","3307.8700","3307.8700","1","","",""
"line_detail","D155","Paneer Tikka Sandwich","raw","cheese processed","81","cheese processed_gm_reciepe","15","gm","1","15","","","","","","","3307.8700","3307.8700","1","","",""
"line_detail","D155","Paneer Tikka Sandwich","raw","cheese processed","81","cheese processed_gm_reciepe","20","gm","1","20","","","","","","","3307.8700","3307.8700","1","","",""
"line_detail","D155","Paneer Tikka Sandwich","raw","cheese processed","81","cheese processed_gm_reciepe","20","gm","1","20","","","","","","","3307.8700","3307.8700","1","","",""
"line_detail","D155","Paneer Tikka Sandwich","raw","cheese processed","81","cheese processed_gm_reciepe","20","gm","1","20","","","","","","","3307.8700","3307.8700","1","","",""
"line_detail","D155","Paneer Tikka Sandwich","raw","cheese processed","81","cheese processed_gm_reciepe","15","gm","1","15","","","","","","","3307.8700","3307.8700","1","","",""
"line_detail","D155","Paneer Tikka Sandwich","raw","cheese processed","81","cheese processed_gm_reciepe","20","gm","1","20","","","","","","","3307.8700","3307.8700","1","","",""
"line_detail","D155","Paneer Tikka Sandwich","raw","cheese processed","81","cheese processed_gm_reciepe","15","gm","1","15","","","","","","","3307.8700","3307.8700","1","","",""
"line_detail","D155","Paneer Tikka Sandwich","raw","cheese processed","81","cheese processed_gm_reciepe","20","gm","1","20","","","","","","","3307.8700","3307.8700","1","","",""
"line_detail","D155","Paneer Tikka Sandwich","raw","cheese processed","81","cheese processed_gm_reciepe","15","gm","1","15","","","","","","","3307.8700","3307.8700","1","","",""
"line_detail","D155","Paneer Tikka Sandwich","raw","cheese processed","81","cheese processed_gm_reciepe","20","gm","1","20","","","","","","","3307.8700","3307.8700","1","","",""
"line_detail","D155","Paneer Tikka Sandwich","raw","cheese processed","81","cheese processed_gm_reciepe","15","gm","1","15","","","","","","","3307.8700","3307.8700","1","","",""
"line_detail","D155","Paneer Tikka Sandwich","raw","cheese processed","81","cheese processed_gm_reciepe","15","gm","1","15","","","","","","","3307.8700","3307.8700","1","","",""
"line_detail","D155","Paneer Tikka Sandwich","raw","metonese","50","metonese_gm_reciepe","30","gm","1","30","4.5600","136.8000","","","","","3307.8700","3307.8700","1","","",""
"line_detail","D155","Paneer Tikka Sandwich","raw","metonese","50","metonese_gm_reciepe","30","gm","1","30","4.5600","136.8000","","","","","3307.8700","3307.8700","1","","",""
"line_detail","D155","Paneer Tikka Sandwich","raw","metonese","50","metonese_gm_reciepe","30","gm","1","30","4.5600","136.8000","","","","","3307.8700","3307.8700","1","","",""
"line_detail","D155","Paneer Tikka Sandwich","raw","metonese","50","metonese_gm_reciepe","30","gm","1","30","4.5600","136.8000","","","","","3307.8700","3307.8700","1","","",""
"line_detail","D155","Paneer Tikka Sandwich","raw","metonese","50","metonese_gm_reciepe","30","gm","1","30","4.5600","136.8000","","","","","3307.8700","3307.8700","1","","",""
"line_detail","D155","Paneer Tikka Sandwich","raw","metonese","50","metonese_gm_reciepe","30","gm","1","30","4.5600","136.8000","","","","","3307.8700","3307.8700","1","","",""
"line_detail","D155","Paneer Tikka Sandwich","raw","metonese","50","metonese_gm_reciepe","30","gm","1","30","4.5600","136.8000","","","","","3307.8700","3307.8700","1","","",""
"line_detail","D155","Paneer Tikka Sandwich","raw","metonese","50","metonese_gm_reciepe","30","gm","1","30","4.5600","136.8000","","","","","3307.8700","3307.8700","1","","",""
"line_detail","D155","Paneer Tikka Sandwich","raw","metonese","50","metonese_gm_reciepe","30","gm","1","30","4.5600","136.8000","","","","","3307.8700","3307.8700","1","","",""
"line_detail","D155","Paneer Tikka Sandwich","raw","metonese","50","metonese_gm_reciepe","30","gm","1","30","4.5600","136.8000","","","","","3307.8700","3307.8700","1","","",""
"line_detail","D155","Paneer Tikka Sandwich","raw","metonese","50","metonese_gm_reciepe","30","gm","1","30","4.5600","136.8000","","","","","3307.8700","3307.8700","1","","",""
"line_detail","D155","Paneer Tikka Sandwich","raw","metonese","50","metonese_gm_reciepe","30","gm","1","30","4.5600","136.8000","","","","","3307.8700","3307.8700","1","","",""
"line_detail","D155","Paneer Tikka Sandwich","raw","metonese","50","metonese_gm_reciepe","30","gm","1","30","4.5600","136.8000","","","","","3307.8700","3307.8700","1","","",""
"line_detail","D155","Paneer Tikka Sandwich","raw","metonese","50","metonese_gm_reciepe","30","gm","1","30","4.5600","136.8000","","","","","3307.8700","3307.8700","1","","",""
"line_detail","D155","Paneer Tikka Sandwich","raw","metonese","50","metonese_gm_reciepe","30","gm","1","30","4.5600","136.8000","","","","","3307.8700","3307.8700","1","","",""
"line_detail","D155","Paneer Tikka Sandwich","raw","metonese","50","metonese_gm_reciepe","30","gm","1","30","4.5600","136.8000","","","","","3307.8700","3307.8700","1","","",""
"line_detail","D155","Paneer Tikka Sandwich","raw","metonese","50","metonese_gm_reciepe","30","gm","1","30","4.5600","136.8000","","","","","3307.8700","3307.8700","1","","",""
"line_detail","D155","Paneer Tikka Sandwich","raw","metonese","50","metonese_gm_reciepe","30","gm","1","30","4.5600","136.8000","","","","","3307.8700","3307.8700","1","","",""
"line_detail","D155","Paneer Tikka Sandwich","raw","metonese","50","metonese_gm_reciepe","30","gm","1","30","4.5600","136.8000","","","","","3307.8700","3307.8700","1","","",""
"line_detail","D155","Paneer Tikka Sandwich","raw","metonese","50","metonese_gm_reciepe","30","gm","1","30","4.5600","136.8000","","","","","3307.8700","3307.8700","1","","",""
"line_detail","D155","Paneer Tikka Sandwich","raw","metonese","50","metonese_gm_reciepe","30","gm","1","30","4.5600","136.8000","","","","","3307.8700","3307.8700","1","","",""
"line_detail","D155","Paneer Tikka Sandwich","raw","metonese","50","metonese_gm_reciepe","30","gm","1","30","4.5600","136.8000","","","","","3307.8700","3307.8700","1","","",""
"line_detail","D155","Paneer Tikka Sandwich","raw","metonese","50","metonese_gm_reciepe","30","gm","1","30","4.5600","136.8000","","","","","3307.8700","3307.8700","1","","",""
"line_detail","D155","Paneer Tikka Sandwich","raw","metonese","50","metonese_gm_reciepe","30","gm","1","30","4.5600","136.8000","","","","","3307.8700","3307.8700","1","","",""
"line_detail","D155","Paneer Tikka Sandwich","raw","tika sauce","52","tika sauce_gm_reciepe","30","gm","1","30","","","","","","","3307.8700","3307.8700","1","","",""
"line_detail","D155","Paneer Tikka Sandwich","raw","tika sauce","52","tika sauce_gm_reciepe","30","gm","1","30","","","","","","","3307.8700","3307.8700","1","","",""
"line_detail","D155","Paneer Tikka Sandwich","raw","tika sauce","52","tika sauce_gm_reciepe","30","gm","1","30","","","","","","","3307.8700","3307.8700","1","","",""
"line_detail","D155","Paneer Tikka Sandwich","raw","tika sauce","52","tika sauce_gm_reciepe","30","gm","1","30","","","","","","","3307.8700","3307.8700","1","","",""
"line_detail","D155","Paneer Tikka Sandwich","raw","tika sauce","52","tika sauce_gm_reciepe","30","gm","1","30","","","","","","","3307.8700","3307.8700","1","","",""
"line_detail","D155","Paneer Tikka Sandwich","raw","tika sauce","52","tika sauce_gm_reciepe","30","gm","1","30","","","","","","","3307.8700","3307.8700","1","","",""
"dish_summary","D155","Paneer Tikka Sandwich","","","","Paneer Tikka Sandwich_1_portion","","","","","","3307.8700","standard","false","Paneer Tikka Sandwich_1_portion","","3307.8700","3307.8700","1","0","38","0"
"line_detail","D156","Paneer Schezwan Sandwich","raw","PANEER","D3","PANEER_gm_reciepe","30","","","","","","","","","","24.6700","24.6700","1","","",""
"line_detail","D156","Paneer Schezwan Sandwich","raw","TOMATO KETCHUP","71B","TOMATO KETCHUP_gm_reciepe","10","","","","","","","","","","24.6700","24.6700","1","","",""
"line_detail","D156","Paneer Schezwan Sandwich","raw","TOMATO KETCHUP","71B","TOMATO KETCHUP_gm_reciepe","10","","","","","","","","","","24.6700","24.6700","1","","",""
"line_detail","D156","Paneer Schezwan Sandwich","raw","TOMATO KETCHUP","71B","TOMATO KETCHUP_gm_reciepe","10","","","","","","","","","","24.6700","24.6700","1","","",""
"line_detail","D156","Paneer Schezwan Sandwich","raw","WHITE BREAD","B1","WHITE BREAD_gm_reciepe","100","gm","1","100","0.2200","22.0000","","","","","24.6700","24.6700","1","","",""
"line_detail","D156","Paneer Schezwan Sandwich","raw","butter","73","butter_gm_reciepe","5","gm","1","5","0.1780","0.8900","","","","","24.6700","24.6700","1","","",""
"line_detail","D156","Paneer Schezwan Sandwich","raw","butter","73","butter_gm_reciepe","5","gm","1","5","0.1780","0.8900","","","","","24.6700","24.6700","1","","",""
"line_detail","D156","Paneer Schezwan Sandwich","raw","butter","73","butter_gm_reciepe","5","gm","1","5","0.1780","0.8900","","","","","24.6700","24.6700","1","","",""
"line_detail","D156","Paneer Schezwan Sandwich","raw","cheese processed","81","cheese processed_gm_reciepe","20","gm","1","20","","","","","","","24.6700","24.6700","1","","",""
"line_detail","D156","Paneer Schezwan Sandwich","raw","cheese processed","81","cheese processed_gm_reciepe","20","gm","1","20","","","","","","","24.6700","24.6700","1","","",""
"line_detail","D156","Paneer Schezwan Sandwich","raw","cheese processed","81","cheese processed_gm_reciepe","20","gm","1","20","","","","","","","24.6700","24.6700","1","","",""
"line_detail","D156","Paneer Schezwan Sandwich","raw","cheese processed","81","cheese processed_gm_reciepe","20","gm","1","20","","","","","","","24.6700","24.6700","1","","",""
"line_detail","D156","Paneer Schezwan Sandwich","raw","cheese processed","81","cheese processed_gm_reciepe","20","gm","1","20","","","","","","","24.6700","24.6700","1","","",""
"line_detail","D156","Paneer Schezwan Sandwich","raw","cheese processed","81","cheese processed_gm_reciepe","20","gm","1","20","","","","","","","24.6700","24.6700","1","","",""
"line_detail","D156","Paneer Schezwan Sandwich","raw","cheese processed","81","cheese processed_gm_reciepe","20","gm","1","20","","","","","","","24.6700","24.6700","1","","",""
"line_detail","D156","Paneer Schezwan Sandwich","raw","cheese processed","81","cheese processed_gm_reciepe","20","gm","1","20","","","","","","","24.6700","24.6700","1","","",""
"line_detail","D156","Paneer Schezwan Sandwich","raw","cheese processed","81","cheese processed_gm_reciepe","20","gm","1","20","","","","","","","24.6700","24.6700","1","","",""
"line_detail","D156","Paneer Schezwan Sandwich","raw","cheese processed","81","cheese processed_gm_reciepe","20","gm","1","20","","","","","","","24.6700","24.6700","1","","",""
"line_detail","D156","Paneer Schezwan Sandwich","raw","cheese processed","81","cheese processed_gm_reciepe","20","gm","1","20","","","","","","","24.6700","24.6700","1","","",""
"line_detail","D156","Paneer Schezwan Sandwich","raw","cheese processed","81","cheese processed_gm_reciepe","20","gm","1","20","","","","","","","24.6700","24.6700","1","","",""
"line_detail","D156","Paneer Schezwan Sandwich","raw","cheese processed","81","cheese processed_gm_reciepe","20","gm","1","20","","","","","","","24.6700","24.6700","1","","",""
"line_detail","D156","Paneer Schezwan Sandwich","raw","cheese processed","81","cheese processed_gm_reciepe","20","gm","1","20","","","","","","","24.6700","24.6700","1","","",""
"line_detail","D156","Paneer Schezwan Sandwich","raw","cheese processed","81","cheese processed_gm_reciepe","20","gm","1","20","","","","","","","24.6700","24.6700","1","","",""
"line_detail","D156","Paneer Schezwan Sandwich","raw","schezwan","41","schezwan_gm_reciepe","25","gm","1","25","","","","","","","24.6700","24.6700","1","","",""
"line_detail","D156","Paneer Schezwan Sandwich","raw","schezwan","41","schezwan_gm_reciepe","25","gm","1","25","","","","","","","24.6700","24.6700","1","","",""
"line_detail","D156","Paneer Schezwan Sandwich","raw","schezwan","41","schezwan_gm_reciepe","25","gm","1","25","","","","","","","24.6700","24.6700","1","","",""
"line_detail","D156","Paneer Schezwan Sandwich","raw","schezwan","41","schezwan_gm_reciepe","25","gm","1","25","","","","","","","24.6700","24.6700","1","","",""
"line_detail","D156","Paneer Schezwan Sandwich","raw","schezwan","41","schezwan_gm_reciepe","25","gm","1","25","","","","","","","24.6700","24.6700","1","","",""
"line_detail","D156","Paneer Schezwan Sandwich","raw","schezwan","41","schezwan_gm_reciepe","25","gm","1","25","","","","","","","24.6700","24.6700","1","","",""
"dish_summary","D156","Paneer Schezwan Sandwich","","","","Paneer Schezwan Sandwich_1_portion","","","","","","24.6700","standard","false","Paneer Schezwan Sandwich_1_portion","","24.6700","24.6700","1","1","25","0"
"line_detail","D157","Bombay Sandwich","raw","Cucumber","V12","Cucumber_gm_reciepe","10","gm","1","10","","","","","","","19699.4700","19699.4700","1","","",""
"line_detail","D157","Bombay Sandwich","raw","Cucumber","V12","Cucumber_gm_reciepe","10","gm","1","10","","","","","","","19699.4700","19699.4700","1","","",""
"line_detail","D157","Bombay Sandwich","raw","Cucumber","V12","Cucumber_gm_reciepe","10","gm","1","10","","","","","","","19699.4700","19699.4700","1","","",""
"line_detail","D157","Bombay Sandwich","raw","Cucumber","V12","Cucumber_gm_reciepe","10","gm","1","10","","","","","","","19699.4700","19699.4700","1","","",""
"line_detail","D157","Bombay Sandwich","raw","Cucumber","V12","Cucumber_gm_reciepe","10","gm","1","10","","","","","","","19699.4700","19699.4700","1","","",""
"line_detail","D157","Bombay Sandwich","raw","Cucumber","V12","Cucumber_gm_reciepe","10","gm","1","10","","","","","","","19699.4700","19699.4700","1","","",""
"line_detail","D157","Bombay Sandwich","raw","Cucumber","V12","Cucumber_gm_reciepe","10","gm","1","10","","","","","","","19699.4700","19699.4700","1","","",""
"line_detail","D157","Bombay Sandwich","raw","Cucumber","V12","Cucumber_gm_reciepe","10","gm","1","10","","","","","","","19699.4700","19699.4700","1","","",""
"line_detail","D157","Bombay Sandwich","raw","Cucumber","V12","Cucumber_gm_reciepe","10","gm","1","10","","","","","","","19699.4700","19699.4700","1","","",""
"line_detail","D157","Bombay Sandwich","raw","Cucumber","V12","Cucumber_gm_reciepe","10","gm","1","10","","","","","","","19699.4700","19699.4700","1","","",""
"line_detail","D157","Bombay Sandwich","raw","Cucumber","V12","Cucumber_gm_reciepe","10","gm","1","10","","","","","","","19699.4700","19699.4700","1","","",""
"line_detail","D157","Bombay Sandwich","raw","Cucumber","V12","Cucumber_gm_reciepe","10","gm","1","10","","","","","","","19699.4700","19699.4700","1","","",""
"line_detail","D157","Bombay Sandwich","raw","Cucumber","V12","Cucumber_gm_reciepe","10","gm","1","10","","","","","","","19699.4700","19699.4700","1","","",""
"line_detail","D157","Bombay Sandwich","raw","Cucumber","V12","Cucumber_gm_reciepe","10","gm","1","10","","","","","","","19699.4700","19699.4700","1","","",""
"line_detail","D157","Bombay Sandwich","raw","Cucumber","V12","Cucumber_gm_reciepe","10","gm","1","10","","","","","","","19699.4700","19699.4700","1","","",""
"line_detail","D157","Bombay Sandwich","raw","Cucumber","V12","Cucumber_gm_reciepe","10","gm","1","10","","","","","","","19699.4700","19699.4700","1","","",""
"line_detail","D157","Bombay Sandwich","raw","Cucumber","V12","Cucumber_gm_reciepe","10","gm","1","10","","","","","","","19699.4700","19699.4700","1","","",""
"line_detail","D157","Bombay Sandwich","raw","Cucumber","V12","Cucumber_gm_reciepe","10","gm","1","10","","","","","","","19699.4700","19699.4700","1","","",""
"line_detail","D157","Bombay Sandwich","raw","Cucumber","V12","Cucumber_gm_reciepe","10","gm","1","10","","","","","","","19699.4700","19699.4700","1","","",""
"line_detail","D157","Bombay Sandwich","raw","Cucumber","V12","Cucumber_gm_reciepe","10","gm","1","10","","","","","","","19699.4700","19699.4700","1","","",""
"line_detail","D157","Bombay Sandwich","raw","Cucumber","V12","Cucumber_gm_reciepe","10","gm","1","10","","","","","","","19699.4700","19699.4700","1","","",""
"line_detail","D157","Bombay Sandwich","raw","Cucumber","V12","Cucumber_gm_reciepe","10","gm","1","10","","","","","","","19699.4700","19699.4700","1","","",""
"line_detail","D157","Bombay Sandwich","raw","Cucumber","V12","Cucumber_gm_reciepe","10","gm","1","10","","","","","","","19699.4700","19699.4700","1","","",""
"line_detail","D157","Bombay Sandwich","raw","Cucumber","V12","Cucumber_gm_reciepe","10","gm","1","10","","","","","","","19699.4700","19699.4700","1","","",""
"line_detail","D157","Bombay Sandwich","raw","Green Chilli","V2","Green Chilli_gm_reciepe","10","gm","1","10","","","","","","","19699.4700","19699.4700","1","","",""
"line_detail","D157","Bombay Sandwich","raw","Green Chilli","V2","Green Chilli_gm_reciepe","10","gm","1","10","","","","","","","19699.4700","19699.4700","1","","",""
"line_detail","D157","Bombay Sandwich","raw","Green Chilli","V2","Green Chilli_gm_reciepe","10","gm","1","10","","","","","","","19699.4700","19699.4700","1","","",""
"line_detail","D157","Bombay Sandwich","raw","Green Chilli","V2","Green Chilli_gm_reciepe","10","gm","1","10","","","","","","","19699.4700","19699.4700","1","","",""
"line_detail","D157","Bombay Sandwich","raw","Green Chilli","V2","Green Chilli_gm_reciepe","10","gm","1","10","","","","","","","19699.4700","19699.4700","1","","",""
"line_detail","D157","Bombay Sandwich","raw","Green Chilli","V2","Green Chilli_gm_reciepe","10","gm","1","10","","","","","","","19699.4700","19699.4700","1","","",""
"line_detail","D157","Bombay Sandwich","raw","Green Chilli","V2","Green Chilli_gm_reciepe","10","gm","1","10","","","","","","","19699.4700","19699.4700","1","","",""
"line_detail","D157","Bombay Sandwich","raw","Green Chilli","V2","Green Chilli_gm_reciepe","10","gm","1","10","","","","","","","19699.4700","19699.4700","1","","",""
"line_detail","D157","Bombay Sandwich","raw","Green Chilli","V2","Green Chilli_gm_reciepe","10","gm","1","10","","","","","","","19699.4700","19699.4700","1","","",""
"line_detail","D157","Bombay Sandwich","raw","Green Chilli","V2","Green Chilli_gm_reciepe","10","gm","1","10","","","","","","","19699.4700","19699.4700","1","","",""
"line_detail","D157","Bombay Sandwich","raw","Green Chilli","V2","Green Chilli_gm_reciepe","10","gm","1","10","","","","","","","19699.4700","19699.4700","1","","",""
"line_detail","D157","Bombay Sandwich","raw","Green Chilli","V2","Green Chilli_gm_reciepe","10","gm","1","10","","","","","","","19699.4700","19699.4700","1","","",""
"line_detail","D157","Bombay Sandwich","raw","Green Chilli","V2","Green Chilli_gm_reciepe","10","gm","1","10","","","","","","","19699.4700","19699.4700","1","","",""
"line_detail","D157","Bombay Sandwich","raw","Green Chilli","V2","Green Chilli_gm_reciepe","10","gm","1","10","","","","","","","19699.4700","19699.4700","1","","",""
"line_detail","D157","Bombay Sandwich","raw","Green Chilli","V2","Green Chilli_gm_reciepe","10","gm","1","10","","","","","","","19699.4700","19699.4700","1","","",""
"line_detail","D157","Bombay Sandwich","raw","Green Chilli","V2","Green Chilli_gm_reciepe","10","gm","1","10","","","","","","","19699.4700","19699.4700","1","","",""
"line_detail","D157","Bombay Sandwich","raw","Green Chilli","V2","Green Chilli_gm_reciepe","10","gm","1","10","","","","","","","19699.4700","19699.4700","1","","",""
"line_detail","D157","Bombay Sandwich","raw","Green Chilli","V2","Green Chilli_gm_reciepe","10","gm","1","10","","","","","","","19699.4700","19699.4700","1","","",""
"line_detail","D157","Bombay Sandwich","raw","Green Chilli","V2","Green Chilli_gm_reciepe","10","gm","1","10","","","","","","","19699.4700","19699.4700","1","","",""
"line_detail","D157","Bombay Sandwich","raw","Green Chilli","V2","Green Chilli_gm_reciepe","10","gm","1","10","","","","","","","19699.4700","19699.4700","1","","",""
"line_detail","D157","Bombay Sandwich","raw","Green Chilli","V2","Green Chilli_gm_reciepe","10","gm","1","10","","","","","","","19699.4700","19699.4700","1","","",""
"line_detail","D157","Bombay Sandwich","raw","Green Chilli","V2","Green Chilli_gm_reciepe","10","gm","1","10","","","","","","","19699.4700","19699.4700","1","","",""
"line_detail","D157","Bombay Sandwich","raw","Green Chilli","V2","Green Chilli_gm_reciepe","10","gm","1","10","","","","","","","19699.4700","19699.4700","1","","",""
"line_detail","D157","Bombay Sandwich","raw","Green Chilli","V2","Green Chilli_gm_reciepe","10","gm","1","10","","","","","","","19699.4700","19699.4700","1","","",""
"line_detail","D157","Bombay Sandwich","raw","Tomato","V18","Tomato_gm_reciepe","10","gm","1","10","","","","","","","19699.4700","19699.4700","1","","",""
"line_detail","D157","Bombay Sandwich","raw","Tomato","V18","Tomato_gm_reciepe","10","gm","1","10","","","","","","","19699.4700","19699.4700","1","","",""
"line_detail","D157","Bombay Sandwich","raw","Tomato","V18","Tomato_gm_reciepe","10","gm","1","10","","","","","","","19699.4700","19699.4700","1","","",""
"line_detail","D157","Bombay Sandwich","raw","Tomato","V18","Tomato_gm_reciepe","10","gm","1","10","","","","","","","19699.4700","19699.4700","1","","",""
"line_detail","D157","Bombay Sandwich","raw","Tomato","V18","Tomato_gm_reciepe","10","gm","1","10","","","","","","","19699.4700","19699.4700","1","","",""
"line_detail","D157","Bombay Sandwich","raw","Tomato","V18","Tomato_gm_reciepe","10","gm","1","10","","","","","","","19699.4700","19699.4700","1","","",""
"line_detail","D157","Bombay Sandwich","raw","Tomato","V18","Tomato_gm_reciepe","10","gm","1","10","","","","","","","19699.4700","19699.4700","1","","",""
"line_detail","D157","Bombay Sandwich","raw","Tomato","V18","Tomato_gm_reciepe","10","gm","1","10","","","","","","","19699.4700","19699.4700","1","","",""
"line_detail","D157","Bombay Sandwich","raw","Tomato","V18","Tomato_gm_reciepe","10","gm","1","10","","","","","","","19699.4700","19699.4700","1","","",""
"line_detail","D157","Bombay Sandwich","raw","Tomato","V18","Tomato_gm_reciepe","10","gm","1","10","","","","","","","19699.4700","19699.4700","1","","",""
"line_detail","D157","Bombay Sandwich","raw","Tomato","V18","Tomato_gm_reciepe","10","gm","1","10","","","","","","","19699.4700","19699.4700","1","","",""
"line_detail","D157","Bombay Sandwich","raw","Tomato","V18","Tomato_gm_reciepe","10","gm","1","10","","","","","","","19699.4700","19699.4700","1","","",""
"line_detail","D157","Bombay Sandwich","raw","Tomato","V18","Tomato_gm_reciepe","10","gm","1","10","","","","","","","19699.4700","19699.4700","1","","",""
"line_detail","D157","Bombay Sandwich","raw","Tomato","V18","Tomato_gm_reciepe","10","gm","1","10","","","","","","","19699.4700","19699.4700","1","","",""
"line_detail","D157","Bombay Sandwich","raw","Tomato","V18","Tomato_gm_reciepe","10","gm","1","10","","","","","","","19699.4700","19699.4700","1","","",""
"line_detail","D157","Bombay Sandwich","raw","Tomato","V18","Tomato_gm_reciepe","10","gm","1","10","","","","","","","19699.4700","19699.4700","1","","",""
"line_detail","D157","Bombay Sandwich","raw","Tomato","V18","Tomato_gm_reciepe","10","gm","1","10","","","","","","","19699.4700","19699.4700","1","","",""
"line_detail","D157","Bombay Sandwich","raw","Tomato","V18","Tomato_gm_reciepe","10","gm","1","10","","","","","","","19699.4700","19699.4700","1","","",""
"line_detail","D157","Bombay Sandwich","raw","Tomato","V18","Tomato_gm_reciepe","10","gm","1","10","","","","","","","19699.4700","19699.4700","1","","",""
"line_detail","D157","Bombay Sandwich","raw","Tomato","V18","Tomato_gm_reciepe","10","gm","1","10","","","","","","","19699.4700","19699.4700","1","","",""
"line_detail","D157","Bombay Sandwich","raw","Tomato","V18","Tomato_gm_reciepe","10","gm","1","10","","","","","","","19699.4700","19699.4700","1","","",""
"line_detail","D157","Bombay Sandwich","raw","Tomato","V18","Tomato_gm_reciepe","10","gm","1","10","","","","","","","19699.4700","19699.4700","1","","",""
"line_detail","D157","Bombay Sandwich","raw","Tomato","V18","Tomato_gm_reciepe","10","gm","1","10","","","","","","","19699.4700","19699.4700","1","","",""
"line_detail","D157","Bombay Sandwich","raw","Tomato","V18","Tomato_gm_reciepe","10","gm","1","10","","","","","","","19699.4700","19699.4700","1","","",""
"line_detail","D157","Bombay Sandwich","raw","chaat masala","21B","chaat masala_gm_reciepe","0.5","gm","1","0.5","","","","","","","19699.4700","19699.4700","1","","",""
"line_detail","D157","Bombay Sandwich","raw","chaat masala","21B","chaat masala_gm_reciepe","0.5","gm","1","0.5","","","","","","","19699.4700","19699.4700","1","","",""
"line_detail","D157","Bombay Sandwich","raw","chaat masala","21B","chaat masala_gm_reciepe","0.5","gm","1","0.5","","","","","","","19699.4700","19699.4700","1","","",""
"line_detail","D157","Bombay Sandwich","raw","chaat masala","21B","chaat masala_gm_reciepe","0.5","gm","1","0.5","","","","","","","19699.4700","19699.4700","1","","",""
"line_detail","D157","Bombay Sandwich","raw","chaat masala","21B","chaat masala_gm_reciepe","0.5","gm","1","0.5","","","","","","","19699.4700","19699.4700","1","","",""
"line_detail","D157","Bombay Sandwich","raw","chaat masala","21B","chaat masala_gm_reciepe","0.5","gm","1","0.5","","","","","","","19699.4700","19699.4700","1","","",""
"line_detail","D157","Bombay Sandwich","raw","chaat masala","21B","chaat masala_gm_reciepe","0.5","gm","1","0.5","","","","","","","19699.4700","19699.4700","1","","",""
"line_detail","D157","Bombay Sandwich","raw","chaat masala","21B","chaat masala_gm_reciepe","0.5","gm","1","0.5","","","","","","","19699.4700","19699.4700","1","","",""
"line_detail","D157","Bombay Sandwich","raw","chaat masala","21B","chaat masala_gm_reciepe","0.5","gm","1","0.5","","","","","","","19699.4700","19699.4700","1","","",""
"line_detail","D157","Bombay Sandwich","raw","chaat masala","21B","chaat masala_gm_reciepe","0.5","gm","1","0.5","","","","","","","19699.4700","19699.4700","1","","",""
"line_detail","D157","Bombay Sandwich","raw","chaat masala","21B","chaat masala_gm_reciepe","0.5","gm","1","0.5","","","","","","","19699.4700","19699.4700","1","","",""
"line_detail","D157","Bombay Sandwich","raw","chaat masala","21B","chaat masala_gm_reciepe","0.5","gm","1","0.5","","","","","","","19699.4700","19699.4700","1","","",""
"line_detail","D157","Bombay Sandwich","raw","chaat masala","21B","chaat masala_gm_reciepe","0.5","gm","1","0.5","","","","","","","19699.4700","19699.4700","1","","",""
"line_detail","D157","Bombay Sandwich","raw","chaat masala","21B","chaat masala_gm_reciepe","0.5","gm","1","0.5","","","","","","","19699.4700","19699.4700","1","","",""
"line_detail","D157","Bombay Sandwich","raw","chaat masala","21B","chaat masala_gm_reciepe","0.5","gm","1","0.5","","","","","","","19699.4700","19699.4700","1","","",""
"line_detail","D157","Bombay Sandwich","raw","chaat masala","21B","chaat masala_gm_reciepe","0.5","gm","1","0.5","","","","","","","19699.4700","19699.4700","1","","",""
"line_detail","D157","Bombay Sandwich","raw","chaat masala","21B","chaat masala_gm_reciepe","0.5","gm","1","0.5","","","","","","","19699.4700","19699.4700","1","","",""
"line_detail","D157","Bombay Sandwich","raw","chaat masala","21B","chaat masala_gm_reciepe","0.5","gm","1","0.5","","","","","","","19699.4700","19699.4700","1","","",""
"line_detail","D157","Bombay Sandwich","raw","chaat masala","21B","chaat masala_gm_reciepe","0.5","gm","1","0.5","","","","","","","19699.4700","19699.4700","1","","",""
"line_detail","D157","Bombay Sandwich","raw","chaat masala","21B","chaat masala_gm_reciepe","0.5","gm","1","0.5","","","","","","","19699.4700","19699.4700","1","","",""
"line_detail","D157","Bombay Sandwich","raw","chaat masala","21B","chaat masala_gm_reciepe","0.5","gm","1","0.5","","","","","","","19699.4700","19699.4700","1","","",""
"line_detail","D157","Bombay Sandwich","raw","chaat masala","21B","chaat masala_gm_reciepe","0.5","gm","1","0.5","","","","","","","19699.4700","19699.4700","1","","",""
"line_detail","D157","Bombay Sandwich","raw","chaat masala","21B","chaat masala_gm_reciepe","0.5","gm","1","0.5","","","","","","","19699.4700","19699.4700","1","","",""
"line_detail","D157","Bombay Sandwich","raw","chaat masala","21B","chaat masala_gm_reciepe","0.5","gm","1","0.5","","","","","","","19699.4700","19699.4700","1","","",""
"line_detail","D157","Bombay Sandwich","raw","chaat masala","21B","chaat masala_gm_reciepe","0.5","gm","1","0.5","","","","","","","19699.4700","19699.4700","1","","",""
"line_detail","D157","Bombay Sandwich","raw","chaat masala","21B","chaat masala_gm_reciepe","0.5","gm","1","0.5","","","","","","","19699.4700","19699.4700","1","","",""
"line_detail","D157","Bombay Sandwich","raw","chaat masala","21B","chaat masala_gm_reciepe","0.5","gm","1","0.5","","","","","","","19699.4700","19699.4700","1","","",""
"line_detail","D157","Bombay Sandwich","raw","chaat masala","21B","chaat masala_gm_reciepe","0.5","gm","1","0.5","","","","","","","19699.4700","19699.4700","1","","",""
"line_detail","D157","Bombay Sandwich","raw","chaat masala","21B","chaat masala_gm_reciepe","0.5","gm","1","0.5","","","","","","","19699.4700","19699.4700","1","","",""
"line_detail","D157","Bombay Sandwich","raw","chaat masala","21B","chaat masala_gm_reciepe","0.5","gm","1","0.5","","","","","","","19699.4700","19699.4700","1","","",""
"line_detail","D157","Bombay Sandwich","raw","chaat masala","21B","chaat masala_gm_reciepe","0.5","gm","1","0.5","","","","","","","19699.4700","19699.4700","1","","",""
"line_detail","D157","Bombay Sandwich","raw","chaat masala","21B","chaat masala_gm_reciepe","0.5","gm","1","0.5","","","","","","","19699.4700","19699.4700","1","","",""
"line_detail","D157","Bombay Sandwich","raw","chaat masala","21B","chaat masala_gm_reciepe","0.5","gm","1","0.5","","","","","","","19699.4700","19699.4700","1","","",""
"line_detail","D157","Bombay Sandwich","raw","chaat masala","21B","chaat masala_gm_reciepe","0.5","gm","1","0.5","","","","","","","19699.4700","19699.4700","1","","",""
"line_detail","D157","Bombay Sandwich","raw","chaat masala","21B","chaat masala_gm_reciepe","0.5","gm","1","0.5","","","","","","","19699.4700","19699.4700","1","","",""
"line_detail","D157","Bombay Sandwich","raw","chaat masala","21B","chaat masala_gm_reciepe","0.5","gm","1","0.5","","","","","","","19699.4700","19699.4700","1","","",""
"line_detail","D157","Bombay Sandwich","raw","chaat masala","21B","chaat masala_gm_reciepe","0.5","gm","1","0.5","","","","","","","19699.4700","19699.4700","1","","",""
"line_detail","D157","Bombay Sandwich","raw","chaat masala","21B","chaat masala_gm_reciepe","0.5","gm","1","0.5","","","","","","","19699.4700","19699.4700","1","","",""
"line_detail","D157","Bombay Sandwich","raw","chaat masala","21B","chaat masala_gm_reciepe","0.5","gm","1","0.5","","","","","","","19699.4700","19699.4700","1","","",""
"line_detail","D157","Bombay Sandwich","raw","chaat masala","21B","chaat masala_gm_reciepe","0.5","gm","1","0.5","","","","","","","19699.4700","19699.4700","1","","",""
"line_detail","D157","Bombay Sandwich","raw","chaat masala","21B","chaat masala_gm_reciepe","0.5","gm","1","0.5","","","","","","","19699.4700","19699.4700","1","","",""
"line_detail","D157","Bombay Sandwich","raw","chaat masala","21B","chaat masala_gm_reciepe","0.5","gm","1","0.5","","","","","","","19699.4700","19699.4700","1","","",""
"line_detail","D157","Bombay Sandwich","raw","chaat masala","21B","chaat masala_gm_reciepe","0.5","gm","1","0.5","","","","","","","19699.4700","19699.4700","1","","",""
"line_detail","D157","Bombay Sandwich","raw","chaat masala","21B","chaat masala_gm_reciepe","0.5","gm","1","0.5","","","","","","","19699.4700","19699.4700","1","","",""
"line_detail","D157","Bombay Sandwich","raw","chaat masala","21B","chaat masala_gm_reciepe","0.5","gm","1","0.5","","","","","","","19699.4700","19699.4700","1","","",""
"line_detail","D157","Bombay Sandwich","raw","chaat masala","21B","chaat masala_gm_reciepe","0.5","gm","1","0.5","","","","","","","19699.4700","19699.4700","1","","",""
"line_detail","D157","Bombay Sandwich","raw","chaat masala","21B","chaat masala_gm_reciepe","0.5","gm","1","0.5","","","","","","","19699.4700","19699.4700","1","","",""
"line_detail","D157","Bombay Sandwich","raw","chaat masala","21B","chaat masala_gm_reciepe","0.5","gm","1","0.5","","","","","","","19699.4700","19699.4700","1","","",""
"line_detail","D157","Bombay Sandwich","raw","chaat masala","21B","chaat masala_gm_reciepe","0.5","gm","1","0.5","","","","","","","19699.4700","19699.4700","1","","",""
"line_detail","D157","Bombay Sandwich","raw","chaat masala","21B","chaat masala_gm_reciepe","0.5","gm","1","0.5","","","","","","","19699.4700","19699.4700","1","","",""
"line_detail","D157","Bombay Sandwich","raw","chaat masala","21B","chaat masala_gm_reciepe","0.5","gm","1","0.5","","","","","","","19699.4700","19699.4700","1","","",""
"line_detail","D157","Bombay Sandwich","raw","chaat masala","21B","chaat masala_gm_reciepe","0.5","gm","1","0.5","","","","","","","19699.4700","19699.4700","1","","",""
"line_detail","D157","Bombay Sandwich","raw","chaat masala","21B","chaat masala_gm_reciepe","0.5","gm","1","0.5","","","","","","","19699.4700","19699.4700","1","","",""
"line_detail","D157","Bombay Sandwich","raw","chaat masala","21B","chaat masala_gm_reciepe","0.5","gm","1","0.5","","","","","","","19699.4700","19699.4700","1","","",""
"line_detail","D157","Bombay Sandwich","raw","cheese processed","81","cheese processed_gm_reciepe","30","gm","1","30","","","","","","","19699.4700","19699.4700","1","","",""
"line_detail","D157","Bombay Sandwich","raw","cheese processed","81","cheese processed_gm_reciepe","30","gm","1","30","","","","","","","19699.4700","19699.4700","1","","",""
"line_detail","D157","Bombay Sandwich","raw","cheese processed","81","cheese processed_gm_reciepe","30","gm","1","30","","","","","","","19699.4700","19699.4700","1","","",""
"line_detail","D157","Bombay Sandwich","raw","cheese processed","81","cheese processed_gm_reciepe","30","gm","1","30","","","","","","","19699.4700","19699.4700","1","","",""
"line_detail","D157","Bombay Sandwich","raw","cheese processed","81","cheese processed_gm_reciepe","30","gm","1","30","","","","","","","19699.4700","19699.4700","1","","",""
"line_detail","D157","Bombay Sandwich","raw","cheese processed","81","cheese processed_gm_reciepe","30","gm","1","30","","","","","","","19699.4700","19699.4700","1","","",""
"line_detail","D157","Bombay Sandwich","raw","cheese processed","81","cheese processed_gm_reciepe","30","gm","1","30","","","","","","","19699.4700","19699.4700","1","","",""
"line_detail","D157","Bombay Sandwich","raw","cheese processed","81","cheese processed_gm_reciepe","30","gm","1","30","","","","","","","19699.4700","19699.4700","1","","",""
"line_detail","D157","Bombay Sandwich","raw","cheese processed","81","cheese processed_gm_reciepe","30","gm","1","30","","","","","","","19699.4700","19699.4700","1","","",""
"line_detail","D157","Bombay Sandwich","raw","cheese processed","81","cheese processed_gm_reciepe","30","gm","1","30","","","","","","","19699.4700","19699.4700","1","","",""
"line_detail","D157","Bombay Sandwich","raw","cheese processed","81","cheese processed_gm_reciepe","30","gm","1","30","","","","","","","19699.4700","19699.4700","1","","",""
"line_detail","D157","Bombay Sandwich","raw","cheese processed","81","cheese processed_gm_reciepe","30","gm","1","30","","","","","","","19699.4700","19699.4700","1","","",""
"line_detail","D157","Bombay Sandwich","raw","cheese processed","81","cheese processed_gm_reciepe","30","gm","1","30","","","","","","","19699.4700","19699.4700","1","","",""
"line_detail","D157","Bombay Sandwich","raw","cheese processed","81","cheese processed_gm_reciepe","30","gm","1","30","","","","","","","19699.4700","19699.4700","1","","",""
"line_detail","D157","Bombay Sandwich","raw","cheese processed","81","cheese processed_gm_reciepe","30","gm","1","30","","","","","","","19699.4700","19699.4700","1","","",""
"line_detail","D157","Bombay Sandwich","raw","cheese processed","81","cheese processed_gm_reciepe","30","gm","1","30","","","","","","","19699.4700","19699.4700","1","","",""
"line_detail","D157","Bombay Sandwich","raw","cheese processed","81","cheese processed_gm_reciepe","30","gm","1","30","","","","","","","19699.4700","19699.4700","1","","",""
"line_detail","D157","Bombay Sandwich","raw","cheese processed","81","cheese processed_gm_reciepe","30","gm","1","30","","","","","","","19699.4700","19699.4700","1","","",""
"line_detail","D157","Bombay Sandwich","raw","cheese processed","81","cheese processed_gm_reciepe","30","gm","1","30","","","","","","","19699.4700","19699.4700","1","","",""
"line_detail","D157","Bombay Sandwich","raw","cheese processed","81","cheese processed_gm_reciepe","30","gm","1","30","","","","","","","19699.4700","19699.4700","1","","",""
"line_detail","D157","Bombay Sandwich","raw","cheese processed","81","cheese processed_gm_reciepe","30","gm","1","30","","","","","","","19699.4700","19699.4700","1","","",""
"line_detail","D157","Bombay Sandwich","raw","cheese processed","81","cheese processed_gm_reciepe","30","gm","1","30","","","","","","","19699.4700","19699.4700","1","","",""
"line_detail","D157","Bombay Sandwich","raw","cheese processed","81","cheese processed_gm_reciepe","30","gm","1","30","","","","","","","19699.4700","19699.4700","1","","",""
"line_detail","D157","Bombay Sandwich","raw","cheese processed","81","cheese processed_gm_reciepe","30","gm","1","30","","","","","","","19699.4700","19699.4700","1","","",""
"line_detail","D157","Bombay Sandwich","raw","cheese processed","81","cheese processed_gm_reciepe","30","gm","1","30","","","","","","","19699.4700","19699.4700","1","","",""
"line_detail","D157","Bombay Sandwich","raw","cheese processed","81","cheese processed_gm_reciepe","30","gm","1","30","","","","","","","19699.4700","19699.4700","1","","",""
"line_detail","D157","Bombay Sandwich","raw","cheese processed","81","cheese processed_gm_reciepe","30","gm","1","30","","","","","","","19699.4700","19699.4700","1","","",""
"line_detail","D157","Bombay Sandwich","raw","cheese processed","81","cheese processed_gm_reciepe","30","gm","1","30","","","","","","","19699.4700","19699.4700","1","","",""
"line_detail","D157","Bombay Sandwich","raw","cheese processed","81","cheese processed_gm_reciepe","30","gm","1","30","","","","","","","19699.4700","19699.4700","1","","",""
"line_detail","D157","Bombay Sandwich","raw","cheese processed","81","cheese processed_gm_reciepe","30","gm","1","30","","","","","","","19699.4700","19699.4700","1","","",""
"line_detail","D157","Bombay Sandwich","raw","cheese processed","81","cheese processed_gm_reciepe","30","gm","1","30","","","","","","","19699.4700","19699.4700","1","","",""
"line_detail","D157","Bombay Sandwich","raw","cheese processed","81","cheese processed_gm_reciepe","30","gm","1","30","","","","","","","19699.4700","19699.4700","1","","",""
"line_detail","D157","Bombay Sandwich","raw","cheese processed","81","cheese processed_gm_reciepe","30","gm","1","30","","","","","","","19699.4700","19699.4700","1","","",""
"line_detail","D157","Bombay Sandwich","raw","cheese processed","81","cheese processed_gm_reciepe","30","gm","1","30","","","","","","","19699.4700","19699.4700","1","","",""
"line_detail","D157","Bombay Sandwich","raw","cheese processed","81","cheese processed_gm_reciepe","30","gm","1","30","","","","","","","19699.4700","19699.4700","1","","",""
"line_detail","D157","Bombay Sandwich","raw","cheese processed","81","cheese processed_gm_reciepe","30","gm","1","30","","","","","","","19699.4700","19699.4700","1","","",""
"line_detail","D157","Bombay Sandwich","raw","cheese processed","81","cheese processed_gm_reciepe","30","gm","1","30","","","","","","","19699.4700","19699.4700","1","","",""
"line_detail","D157","Bombay Sandwich","raw","cheese processed","81","cheese processed_gm_reciepe","30","gm","1","30","","","","","","","19699.4700","19699.4700","1","","",""
"line_detail","D157","Bombay Sandwich","raw","cheese processed","81","cheese processed_gm_reciepe","30","gm","1","30","","","","","","","19699.4700","19699.4700","1","","",""
"line_detail","D157","Bombay Sandwich","raw","cheese processed","81","cheese processed_gm_reciepe","30","gm","1","30","","","","","","","19699.4700","19699.4700","1","","",""
"line_detail","D157","Bombay Sandwich","raw","cheese processed","81","cheese processed_gm_reciepe","30","gm","1","30","","","","","","","19699.4700","19699.4700","1","","",""
"line_detail","D157","Bombay Sandwich","raw","cheese processed","81","cheese processed_gm_reciepe","30","gm","1","30","","","","","","","19699.4700","19699.4700","1","","",""
"line_detail","D157","Bombay Sandwich","raw","cheese processed","81","cheese processed_gm_reciepe","30","gm","1","30","","","","","","","19699.4700","19699.4700","1","","",""
"line_detail","D157","Bombay Sandwich","raw","cheese processed","81","cheese processed_gm_reciepe","30","gm","1","30","","","","","","","19699.4700","19699.4700","1","","",""
"line_detail","D157","Bombay Sandwich","raw","cheese processed","81","cheese processed_gm_reciepe","30","gm","1","30","","","","","","","19699.4700","19699.4700","1","","",""
"line_detail","D157","Bombay Sandwich","raw","cheese processed","81","cheese processed_gm_reciepe","30","gm","1","30","","","","","","","19699.4700","19699.4700","1","","",""
"line_detail","D157","Bombay Sandwich","raw","cheese processed","81","cheese processed_gm_reciepe","30","gm","1","30","","","","","","","19699.4700","19699.4700","1","","",""
"line_detail","D157","Bombay Sandwich","raw","cheese processed","81","cheese processed_gm_reciepe","30","gm","1","30","","","","","","","19699.4700","19699.4700","1","","",""
"line_detail","D157","Bombay Sandwich","raw","cheese processed","81","cheese processed_gm_reciepe","30","gm","1","30","","","","","","","19699.4700","19699.4700","1","","",""
"line_detail","D157","Bombay Sandwich","raw","cheese processed","81","cheese processed_gm_reciepe","30","gm","1","30","","","","","","","19699.4700","19699.4700","1","","",""
"line_detail","D157","Bombay Sandwich","raw","cheese processed","81","cheese processed_gm_reciepe","30","gm","1","30","","","","","","","19699.4700","19699.4700","1","","",""
"line_detail","D157","Bombay Sandwich","raw","cheese processed","81","cheese processed_gm_reciepe","30","gm","1","30","","","","","","","19699.4700","19699.4700","1","","",""
"line_detail","D157","Bombay Sandwich","raw","cheese processed","81","cheese processed_gm_reciepe","30","gm","1","30","","","","","","","19699.4700","19699.4700","1","","",""
"line_detail","D157","Bombay Sandwich","raw","cheese processed","81","cheese processed_gm_reciepe","30","gm","1","30","","","","","","","19699.4700","19699.4700","1","","",""
"line_detail","D157","Bombay Sandwich","raw","cheese processed","81","cheese processed_gm_reciepe","30","gm","1","30","","","","","","","19699.4700","19699.4700","1","","",""
"line_detail","D157","Bombay Sandwich","raw","cheese processed","81","cheese processed_gm_reciepe","30","gm","1","30","","","","","","","19699.4700","19699.4700","1","","",""
"line_detail","D157","Bombay Sandwich","raw","cheese processed","81","cheese processed_gm_reciepe","30","gm","1","30","","","","","","","19699.4700","19699.4700","1","","",""
"line_detail","D157","Bombay Sandwich","raw","cheese processed","81","cheese processed_gm_reciepe","30","gm","1","30","","","","","","","19699.4700","19699.4700","1","","",""
"line_detail","D157","Bombay Sandwich","raw","cheese processed","81","cheese processed_gm_reciepe","30","gm","1","30","","","","","","","19699.4700","19699.4700","1","","",""
"line_detail","D157","Bombay Sandwich","raw","cheese processed","81","cheese processed_gm_reciepe","30","gm","1","30","","","","","","","19699.4700","19699.4700","1","","",""
"line_detail","D157","Bombay Sandwich","raw","cheese processed","81","cheese processed_gm_reciepe","30","gm","1","30","","","","","","","19699.4700","19699.4700","1","","",""
"line_detail","D157","Bombay Sandwich","raw","cheese processed","81","cheese processed_gm_reciepe","30","gm","1","30","","","","","","","19699.4700","19699.4700","1","","",""
"line_detail","D157","Bombay Sandwich","raw","cheese processed","81","cheese processed_gm_reciepe","30","gm","1","30","","","","","","","19699.4700","19699.4700","1","","",""
"line_detail","D157","Bombay Sandwich","raw","cheese processed","81","cheese processed_gm_reciepe","30","gm","1","30","","","","","","","19699.4700","19699.4700","1","","",""
"line_detail","D157","Bombay Sandwich","raw","cheese processed","81","cheese processed_gm_reciepe","30","gm","1","30","","","","","","","19699.4700","19699.4700","1","","",""
"line_detail","D157","Bombay Sandwich","raw","cheese processed","81","cheese processed_gm_reciepe","30","gm","1","30","","","","","","","19699.4700","19699.4700","1","","",""
"line_detail","D157","Bombay Sandwich","raw","cheese processed","81","cheese processed_gm_reciepe","30","gm","1","30","","","","","","","19699.4700","19699.4700","1","","",""
"line_detail","D157","Bombay Sandwich","raw","cheese processed","81","cheese processed_gm_reciepe","30","gm","1","30","","","","","","","19699.4700","19699.4700","1","","",""
"line_detail","D157","Bombay Sandwich","raw","cheese processed","81","cheese processed_gm_reciepe","30","gm","1","30","","","","","","","19699.4700","19699.4700","1","","",""
"line_detail","D157","Bombay Sandwich","raw","cheese processed","81","cheese processed_gm_reciepe","30","gm","1","30","","","","","","","19699.4700","19699.4700","1","","",""
"line_detail","D157","Bombay Sandwich","raw","cheese processed","81","cheese processed_gm_reciepe","30","gm","1","30","","","","","","","19699.4700","19699.4700","1","","",""
"line_detail","D157","Bombay Sandwich","raw","cheese processed","81","cheese processed_gm_reciepe","30","gm","1","30","","","","","","","19699.4700","19699.4700","1","","",""
"line_detail","D157","Bombay Sandwich","raw","cheese processed","81","cheese processed_gm_reciepe","30","gm","1","30","","","","","","","19699.4700","19699.4700","1","","",""
"line_detail","D157","Bombay Sandwich","raw","cheese processed","81","cheese processed_gm_reciepe","30","gm","1","30","","","","","","","19699.4700","19699.4700","1","","",""
"line_detail","D157","Bombay Sandwich","raw","cheese processed","81","cheese processed_gm_reciepe","30","gm","1","30","","","","","","","19699.4700","19699.4700","1","","",""
"line_detail","D157","Bombay Sandwich","raw","cheese processed","81","cheese processed_gm_reciepe","30","gm","1","30","","","","","","","19699.4700","19699.4700","1","","",""
"line_detail","D157","Bombay Sandwich","raw","cheese processed","81","cheese processed_gm_reciepe","30","gm","1","30","","","","","","","19699.4700","19699.4700","1","","",""
"line_detail","D157","Bombay Sandwich","raw","cheese processed","81","cheese processed_gm_reciepe","30","gm","1","30","","","","","","","19699.4700","19699.4700","1","","",""
"line_detail","D157","Bombay Sandwich","raw","cheese processed","81","cheese processed_gm_reciepe","30","gm","1","30","","","","","","","19699.4700","19699.4700","1","","",""
"line_detail","D157","Bombay Sandwich","raw","cheese processed","81","cheese processed_gm_reciepe","30","gm","1","30","","","","","","","19699.4700","19699.4700","1","","",""
"line_detail","D157","Bombay Sandwich","raw","cheese processed","81","cheese processed_gm_reciepe","30","gm","1","30","","","","","","","19699.4700","19699.4700","1","","",""
"line_detail","D157","Bombay Sandwich","raw","cheese processed","81","cheese processed_gm_reciepe","30","gm","1","30","","","","","","","19699.4700","19699.4700","1","","",""
"line_detail","D157","Bombay Sandwich","raw","cheese processed","81","cheese processed_gm_reciepe","30","gm","1","30","","","","","","","19699.4700","19699.4700","1","","",""
"line_detail","D157","Bombay Sandwich","raw","cheese processed","81","cheese processed_gm_reciepe","30","gm","1","30","","","","","","","19699.4700","19699.4700","1","","",""
"line_detail","D157","Bombay Sandwich","raw","cheese processed","81","cheese processed_gm_reciepe","30","gm","1","30","","","","","","","19699.4700","19699.4700","1","","",""
"line_detail","D157","Bombay Sandwich","raw","cheese processed","81","cheese processed_gm_reciepe","30","gm","1","30","","","","","","","19699.4700","19699.4700","1","","",""
"line_detail","D157","Bombay Sandwich","raw","cheese processed","81","cheese processed_gm_reciepe","30","gm","1","30","","","","","","","19699.4700","19699.4700","1","","",""
"line_detail","D157","Bombay Sandwich","raw","cheese processed","81","cheese processed_gm_reciepe","30","gm","1","30","","","","","","","19699.4700","19699.4700","1","","",""
"line_detail","D157","Bombay Sandwich","raw","cheese processed","81","cheese processed_gm_reciepe","30","gm","1","30","","","","","","","19699.4700","19699.4700","1","","",""
"line_detail","D157","Bombay Sandwich","raw","cheese processed","81","cheese processed_gm_reciepe","30","gm","1","30","","","","","","","19699.4700","19699.4700","1","","",""
"line_detail","D157","Bombay Sandwich","raw","dhaniiya masala","9","dhaniiya masala_gm_reciepe","0.5","gm","1","0.5","","","","","","","19699.4700","19699.4700","1","","",""
"line_detail","D157","Bombay Sandwich","raw","dhaniiya masala","9","dhaniiya masala_gm_reciepe","0.5","gm","1","0.5","","","","","","","19699.4700","19699.4700","1","","",""
"line_detail","D157","Bombay Sandwich","raw","dhaniiya masala","9","dhaniiya masala_gm_reciepe","0.5","gm","1","0.5","","","","","","","19699.4700","19699.4700","1","","",""
"line_detail","D157","Bombay Sandwich","raw","dhaniiya masala","9","dhaniiya masala_gm_reciepe","0.5","gm","1","0.5","","","","","","","19699.4700","19699.4700","1","","",""
"line_detail","D157","Bombay Sandwich","raw","dhaniiya masala","9","dhaniiya masala_gm_reciepe","0.5","gm","1","0.5","","","","","","","19699.4700","19699.4700","1","","",""
"line_detail","D157","Bombay Sandwich","raw","dhaniiya masala","9","dhaniiya masala_gm_reciepe","0.5","gm","1","0.5","","","","","","","19699.4700","19699.4700","1","","",""
"line_detail","D157","Bombay Sandwich","raw","dhaniiya masala","9","dhaniiya masala_gm_reciepe","0.5","gm","1","0.5","","","","","","","19699.4700","19699.4700","1","","",""
"line_detail","D157","Bombay Sandwich","raw","dhaniiya masala","9","dhaniiya masala_gm_reciepe","0.5","gm","1","0.5","","","","","","","19699.4700","19699.4700","1","","",""
"line_detail","D157","Bombay Sandwich","raw","dhaniiya masala","9","dhaniiya masala_gm_reciepe","0.5","gm","1","0.5","","","","","","","19699.4700","19699.4700","1","","",""
"line_detail","D157","Bombay Sandwich","raw","dhaniiya masala","9","dhaniiya masala_gm_reciepe","0.5","gm","1","0.5","","","","","","","19699.4700","19699.4700","1","","",""
"line_detail","D157","Bombay Sandwich","raw","dhaniiya masala","9","dhaniiya masala_gm_reciepe","0.5","gm","1","0.5","","","","","","","19699.4700","19699.4700","1","","",""
"line_detail","D157","Bombay Sandwich","raw","dhaniiya masala","9","dhaniiya masala_gm_reciepe","0.5","gm","1","0.5","","","","","","","19699.4700","19699.4700","1","","",""
"line_detail","D157","Bombay Sandwich","raw","dhaniiya masala","9","dhaniiya masala_gm_reciepe","0.5","gm","1","0.5","","","","","","","19699.4700","19699.4700","1","","",""
"line_detail","D157","Bombay Sandwich","raw","dhaniiya masala","9","dhaniiya masala_gm_reciepe","0.5","gm","1","0.5","","","","","","","19699.4700","19699.4700","1","","",""
"line_detail","D157","Bombay Sandwich","raw","dhaniiya masala","9","dhaniiya masala_gm_reciepe","0.5","gm","1","0.5","","","","","","","19699.4700","19699.4700","1","","",""
"line_detail","D157","Bombay Sandwich","raw","dhaniiya masala","9","dhaniiya masala_gm_reciepe","0.5","gm","1","0.5","","","","","","","19699.4700","19699.4700","1","","",""
"line_detail","D157","Bombay Sandwich","raw","dhaniiya masala","9","dhaniiya masala_gm_reciepe","0.5","gm","1","0.5","","","","","","","19699.4700","19699.4700","1","","",""
"line_detail","D157","Bombay Sandwich","raw","dhaniiya masala","9","dhaniiya masala_gm_reciepe","0.5","gm","1","0.5","","","","","","","19699.4700","19699.4700","1","","",""
"line_detail","D157","Bombay Sandwich","raw","dhaniiya masala","9","dhaniiya masala_gm_reciepe","0.5","gm","1","0.5","","","","","","","19699.4700","19699.4700","1","","",""
"line_detail","D157","Bombay Sandwich","raw","dhaniiya masala","9","dhaniiya masala_gm_reciepe","0.5","gm","1","0.5","","","","","","","19699.4700","19699.4700","1","","",""
"line_detail","D157","Bombay Sandwich","raw","dhaniiya masala","9","dhaniiya masala_gm_reciepe","0.5","gm","1","0.5","","","","","","","19699.4700","19699.4700","1","","",""
"line_detail","D157","Bombay Sandwich","raw","dhaniiya masala","9","dhaniiya masala_gm_reciepe","0.5","gm","1","0.5","","","","","","","19699.4700","19699.4700","1","","",""
"line_detail","D157","Bombay Sandwich","raw","dhaniiya masala","9","dhaniiya masala_gm_reciepe","0.5","gm","1","0.5","","","","","","","19699.4700","19699.4700","1","","",""
"line_detail","D157","Bombay Sandwich","raw","dhaniiya masala","9","dhaniiya masala_gm_reciepe","0.5","gm","1","0.5","","","","","","","19699.4700","19699.4700","1","","",""
"line_detail","D157","Bombay Sandwich","raw","dhaniiya masala","9","dhaniiya masala_gm_reciepe","0.5","gm","1","0.5","","","","","","","19699.4700","19699.4700","1","","",""
"line_detail","D157","Bombay Sandwich","raw","dhaniiya masala","9","dhaniiya masala_gm_reciepe","0.5","gm","1","0.5","","","","","","","19699.4700","19699.4700","1","","",""
"line_detail","D157","Bombay Sandwich","raw","dhaniiya masala","9","dhaniiya masala_gm_reciepe","0.5","gm","1","0.5","","","","","","","19699.4700","19699.4700","1","","",""
"line_detail","D157","Bombay Sandwich","raw","dhaniiya masala","9","dhaniiya masala_gm_reciepe","0.5","gm","1","0.5","","","","","","","19699.4700","19699.4700","1","","",""
"line_detail","D157","Bombay Sandwich","raw","dhaniiya masala","9","dhaniiya masala_gm_reciepe","0.5","gm","1","0.5","","","","","","","19699.4700","19699.4700","1","","",""
"line_detail","D157","Bombay Sandwich","raw","dhaniiya masala","9","dhaniiya masala_gm_reciepe","0.5","gm","1","0.5","","","","","","","19699.4700","19699.4700","1","","",""
"line_detail","D157","Bombay Sandwich","raw","dhaniiya masala","9","dhaniiya masala_gm_reciepe","0.5","gm","1","0.5","","","","","","","19699.4700","19699.4700","1","","",""
"line_detail","D157","Bombay Sandwich","raw","dhaniiya masala","9","dhaniiya masala_gm_reciepe","0.5","gm","1","0.5","","","","","","","19699.4700","19699.4700","1","","",""
"line_detail","D157","Bombay Sandwich","raw","dhaniiya masala","9","dhaniiya masala_gm_reciepe","0.5","gm","1","0.5","","","","","","","19699.4700","19699.4700","1","","",""
"line_detail","D157","Bombay Sandwich","raw","dhaniiya masala","9","dhaniiya masala_gm_reciepe","0.5","gm","1","0.5","","","","","","","19699.4700","19699.4700","1","","",""
"line_detail","D157","Bombay Sandwich","raw","dhaniiya masala","9","dhaniiya masala_gm_reciepe","0.5","gm","1","0.5","","","","","","","19699.4700","19699.4700","1","","",""
"line_detail","D157","Bombay Sandwich","raw","dhaniiya masala","9","dhaniiya masala_gm_reciepe","0.5","gm","1","0.5","","","","","","","19699.4700","19699.4700","1","","",""
"line_detail","D157","Bombay Sandwich","raw","green sauce","42","green sauce_gm_reciepe","10","gm","1","10","","","","","","","19699.4700","19699.4700","1","","",""
"line_detail","D157","Bombay Sandwich","raw","green sauce","42","green sauce_gm_reciepe","10","gm","1","10","","","","","","","19699.4700","19699.4700","1","","",""
"line_detail","D157","Bombay Sandwich","raw","green sauce","42","green sauce_gm_reciepe","10","gm","1","10","","","","","","","19699.4700","19699.4700","1","","",""
"line_detail","D157","Bombay Sandwich","raw","green sauce","42","green sauce_gm_reciepe","10","gm","1","10","","","","","","","19699.4700","19699.4700","1","","",""
"line_detail","D157","Bombay Sandwich","raw","green sauce","42","green sauce_gm_reciepe","10","gm","1","10","","","","","","","19699.4700","19699.4700","1","","",""
"line_detail","D157","Bombay Sandwich","raw","green sauce","42","green sauce_gm_reciepe","10","gm","1","10","","","","","","","19699.4700","19699.4700","1","","",""
"line_detail","D157","Bombay Sandwich","raw","green sauce","42","green sauce_gm_reciepe","10","gm","1","10","","","","","","","19699.4700","19699.4700","1","","",""
"line_detail","D157","Bombay Sandwich","raw","green sauce","42","green sauce_gm_reciepe","10","gm","1","10","","","","","","","19699.4700","19699.4700","1","","",""
"line_detail","D157","Bombay Sandwich","raw","green sauce","42","green sauce_gm_reciepe","10","gm","1","10","","","","","","","19699.4700","19699.4700","1","","",""
"line_detail","D157","Bombay Sandwich","raw","green sauce","42","green sauce_gm_reciepe","10","gm","1","10","","","","","","","19699.4700","19699.4700","1","","",""
"line_detail","D157","Bombay Sandwich","raw","green sauce","42","green sauce_gm_reciepe","10","gm","1","10","","","","","","","19699.4700","19699.4700","1","","",""
"line_detail","D157","Bombay Sandwich","raw","green sauce","42","green sauce_gm_reciepe","10","gm","1","10","","","","","","","19699.4700","19699.4700","1","","",""
"line_detail","D157","Bombay Sandwich","raw","green sauce","42","green sauce_gm_reciepe","10","gm","1","10","","","","","","","19699.4700","19699.4700","1","","",""
"line_detail","D157","Bombay Sandwich","raw","green sauce","42","green sauce_gm_reciepe","10","gm","1","10","","","","","","","19699.4700","19699.4700","1","","",""
"line_detail","D157","Bombay Sandwich","raw","green sauce","42","green sauce_gm_reciepe","10","gm","1","10","","","","","","","19699.4700","19699.4700","1","","",""
"line_detail","D157","Bombay Sandwich","raw","green sauce","42","green sauce_gm_reciepe","10","gm","1","10","","","","","","","19699.4700","19699.4700","1","","",""
"line_detail","D157","Bombay Sandwich","raw","green sauce","42","green sauce_gm_reciepe","10","gm","1","10","","","","","","","19699.4700","19699.4700","1","","",""
"line_detail","D157","Bombay Sandwich","raw","green sauce","42","green sauce_gm_reciepe","10","gm","1","10","","","","","","","19699.4700","19699.4700","1","","",""
"line_detail","D157","Bombay Sandwich","raw","imli chutney","56","imli chutney_gm_reciepe","10","gm","1","10","","","","","","","19699.4700","19699.4700","1","","",""
"line_detail","D157","Bombay Sandwich","raw","imli chutney","56","imli chutney_gm_reciepe","10","gm","1","10","","","","","","","19699.4700","19699.4700","1","","",""
"line_detail","D157","Bombay Sandwich","raw","imli chutney","56","imli chutney_gm_reciepe","10","gm","1","10","","","","","","","19699.4700","19699.4700","1","","",""
"line_detail","D157","Bombay Sandwich","raw","imli chutney","56","imli chutney_gm_reciepe","10","gm","1","10","","","","","","","19699.4700","19699.4700","1","","",""
"line_detail","D157","Bombay Sandwich","raw","imli chutney","56","imli chutney_gm_reciepe","10","gm","1","10","","","","","","","19699.4700","19699.4700","1","","",""
"line_detail","D157","Bombay Sandwich","raw","imli chutney","56","imli chutney_gm_reciepe","10","gm","1","10","","","","","","","19699.4700","19699.4700","1","","",""
"line_detail","D157","Bombay Sandwich","raw","imli chutney","56","imli chutney_gm_reciepe","10","gm","1","10","","","","","","","19699.4700","19699.4700","1","","",""
"line_detail","D157","Bombay Sandwich","raw","imli chutney","56","imli chutney_gm_reciepe","10","gm","1","10","","","","","","","19699.4700","19699.4700","1","","",""
"line_detail","D157","Bombay Sandwich","raw","imli chutney","56","imli chutney_gm_reciepe","10","gm","1","10","","","","","","","19699.4700","19699.4700","1","","",""
"line_detail","D157","Bombay Sandwich","raw","imli chutney","56","imli chutney_gm_reciepe","10","gm","1","10","","","","","","","19699.4700","19699.4700","1","","",""
"line_detail","D157","Bombay Sandwich","raw","imli chutney","56","imli chutney_gm_reciepe","10","gm","1","10","","","","","","","19699.4700","19699.4700","1","","",""
"line_detail","D157","Bombay Sandwich","raw","imli chutney","56","imli chutney_gm_reciepe","10","gm","1","10","","","","","","","19699.4700","19699.4700","1","","",""
"line_detail","D157","Bombay Sandwich","raw","imli chutney","56","imli chutney_gm_reciepe","10","gm","1","10","","","","","","","19699.4700","19699.4700","1","","",""
"line_detail","D157","Bombay Sandwich","raw","imli chutney","56","imli chutney_gm_reciepe","10","gm","1","10","","","","","","","19699.4700","19699.4700","1","","",""
"line_detail","D157","Bombay Sandwich","raw","imli chutney","56","imli chutney_gm_reciepe","10","gm","1","10","","","","","","","19699.4700","19699.4700","1","","",""
"line_detail","D157","Bombay Sandwich","raw","imli chutney","56","imli chutney_gm_reciepe","10","gm","1","10","","","","","","","19699.4700","19699.4700","1","","",""
"line_detail","D157","Bombay Sandwich","raw","imli chutney","56","imli chutney_gm_reciepe","10","gm","1","10","","","","","","","19699.4700","19699.4700","1","","",""
"line_detail","D157","Bombay Sandwich","raw","imli chutney","56","imli chutney_gm_reciepe","10","gm","1","10","","","","","","","19699.4700","19699.4700","1","","",""
"line_detail","D157","Bombay Sandwich","raw","imli chutney","56","imli chutney_gm_reciepe","10","gm","1","10","","","","","","","19699.4700","19699.4700","1","","",""
"line_detail","D157","Bombay Sandwich","raw","imli chutney","56","imli chutney_gm_reciepe","10","gm","1","10","","","","","","","19699.4700","19699.4700","1","","",""
"line_detail","D157","Bombay Sandwich","raw","imli chutney","56","imli chutney_gm_reciepe","10","gm","1","10","","","","","","","19699.4700","19699.4700","1","","",""
"line_detail","D157","Bombay Sandwich","raw","imli chutney","56","imli chutney_gm_reciepe","10","gm","1","10","","","","","","","19699.4700","19699.4700","1","","",""
"line_detail","D157","Bombay Sandwich","raw","imli chutney","56","imli chutney_gm_reciepe","10","gm","1","10","","","","","","","19699.4700","19699.4700","1","","",""
"line_detail","D157","Bombay Sandwich","raw","imli chutney","56","imli chutney_gm_reciepe","10","gm","1","10","","","","","","","19699.4700","19699.4700","1","","",""
"line_detail","D157","Bombay Sandwich","raw","imli chutney","56","imli chutney_gm_reciepe","10","gm","1","10","","","","","","","19699.4700","19699.4700","1","","",""
"line_detail","D157","Bombay Sandwich","raw","imli chutney","56","imli chutney_gm_reciepe","10","gm","1","10","","","","","","","19699.4700","19699.4700","1","","",""
"line_detail","D157","Bombay Sandwich","raw","imli chutney","56","imli chutney_gm_reciepe","10","gm","1","10","","","","","","","19699.4700","19699.4700","1","","",""
"line_detail","D157","Bombay Sandwich","raw","imli chutney","56","imli chutney_gm_reciepe","10","gm","1","10","","","","","","","19699.4700","19699.4700","1","","",""
"line_detail","D157","Bombay Sandwich","raw","imli chutney","56","imli chutney_gm_reciepe","10","gm","1","10","","","","","","","19699.4700","19699.4700","1","","",""
"line_detail","D157","Bombay Sandwich","raw","imli chutney","56","imli chutney_gm_reciepe","10","gm","1","10","","","","","","","19699.4700","19699.4700","1","","",""
"line_detail","D157","Bombay Sandwich","raw","imli chutney","56","imli chutney_gm_reciepe","10","gm","1","10","","","","","","","19699.4700","19699.4700","1","","",""
"line_detail","D157","Bombay Sandwich","raw","imli chutney","56","imli chutney_gm_reciepe","10","gm","1","10","","","","","","","19699.4700","19699.4700","1","","",""
"line_detail","D157","Bombay Sandwich","raw","imli chutney","56","imli chutney_gm_reciepe","10","gm","1","10","","","","","","","19699.4700","19699.4700","1","","",""
"line_detail","D157","Bombay Sandwich","raw","imli chutney","56","imli chutney_gm_reciepe","10","gm","1","10","","","","","","","19699.4700","19699.4700","1","","",""
"line_detail","D157","Bombay Sandwich","raw","imli chutney","56","imli chutney_gm_reciepe","10","gm","1","10","","","","","","","19699.4700","19699.4700","1","","",""
"line_detail","D157","Bombay Sandwich","raw","imli chutney","56","imli chutney_gm_reciepe","10","gm","1","10","","","","","","","19699.4700","19699.4700","1","","",""
"line_detail","D157","Bombay Sandwich","raw","metonese","50","metonese_gm_reciepe","30","gm","1","30","4.5600","136.8000","","","","","19699.4700","19699.4700","1","","",""
"line_detail","D157","Bombay Sandwich","raw","metonese","50","metonese_gm_reciepe","30","gm","1","30","4.5600","136.8000","","","","","19699.4700","19699.4700","1","","",""
"line_detail","D157","Bombay Sandwich","raw","metonese","50","metonese_gm_reciepe","30","gm","1","30","4.5600","136.8000","","","","","19699.4700","19699.4700","1","","",""
"line_detail","D157","Bombay Sandwich","raw","metonese","50","metonese_gm_reciepe","30","gm","1","30","4.5600","136.8000","","","","","19699.4700","19699.4700","1","","",""
"line_detail","D157","Bombay Sandwich","raw","metonese","50","metonese_gm_reciepe","30","gm","1","30","4.5600","136.8000","","","","","19699.4700","19699.4700","1","","",""
"line_detail","D157","Bombay Sandwich","raw","metonese","50","metonese_gm_reciepe","30","gm","1","30","4.5600","136.8000","","","","","19699.4700","19699.4700","1","","",""
"line_detail","D157","Bombay Sandwich","raw","metonese","50","metonese_gm_reciepe","30","gm","1","30","4.5600","136.8000","","","","","19699.4700","19699.4700","1","","",""
"line_detail","D157","Bombay Sandwich","raw","metonese","50","metonese_gm_reciepe","30","gm","1","30","4.5600","136.8000","","","","","19699.4700","19699.4700","1","","",""
"line_detail","D157","Bombay Sandwich","raw","metonese","50","metonese_gm_reciepe","30","gm","1","30","4.5600","136.8000","","","","","19699.4700","19699.4700","1","","",""
"line_detail","D157","Bombay Sandwich","raw","metonese","50","metonese_gm_reciepe","30","gm","1","30","4.5600","136.8000","","","","","19699.4700","19699.4700","1","","",""
"line_detail","D157","Bombay Sandwich","raw","metonese","50","metonese_gm_reciepe","30","gm","1","30","4.5600","136.8000","","","","","19699.4700","19699.4700","1","","",""
"line_detail","D157","Bombay Sandwich","raw","metonese","50","metonese_gm_reciepe","30","gm","1","30","4.5600","136.8000","","","","","19699.4700","19699.4700","1","","",""
"line_detail","D157","Bombay Sandwich","raw","metonese","50","metonese_gm_reciepe","30","gm","1","30","4.5600","136.8000","","","","","19699.4700","19699.4700","1","","",""
"line_detail","D157","Bombay Sandwich","raw","metonese","50","metonese_gm_reciepe","30","gm","1","30","4.5600","136.8000","","","","","19699.4700","19699.4700","1","","",""
"line_detail","D157","Bombay Sandwich","raw","metonese","50","metonese_gm_reciepe","30","gm","1","30","4.5600","136.8000","","","","","19699.4700","19699.4700","1","","",""
"line_detail","D157","Bombay Sandwich","raw","metonese","50","metonese_gm_reciepe","30","gm","1","30","4.5600","136.8000","","","","","19699.4700","19699.4700","1","","",""
"line_detail","D157","Bombay Sandwich","raw","metonese","50","metonese_gm_reciepe","30","gm","1","30","4.5600","136.8000","","","","","19699.4700","19699.4700","1","","",""
"line_detail","D157","Bombay Sandwich","raw","metonese","50","metonese_gm_reciepe","30","gm","1","30","4.5600","136.8000","","","","","19699.4700","19699.4700","1","","",""
"line_detail","D157","Bombay Sandwich","raw","metonese","50","metonese_gm_reciepe","30","gm","1","30","4.5600","136.8000","","","","","19699.4700","19699.4700","1","","",""
"line_detail","D157","Bombay Sandwich","raw","metonese","50","metonese_gm_reciepe","30","gm","1","30","4.5600","136.8000","","","","","19699.4700","19699.4700","1","","",""
"line_detail","D157","Bombay Sandwich","raw","metonese","50","metonese_gm_reciepe","30","gm","1","30","4.5600","136.8000","","","","","19699.4700","19699.4700","1","","",""
"line_detail","D157","Bombay Sandwich","raw","metonese","50","metonese_gm_reciepe","30","gm","1","30","4.5600","136.8000","","","","","19699.4700","19699.4700","1","","",""
"line_detail","D157","Bombay Sandwich","raw","metonese","50","metonese_gm_reciepe","30","gm","1","30","4.5600","136.8000","","","","","19699.4700","19699.4700","1","","",""
"line_detail","D157","Bombay Sandwich","raw","metonese","50","metonese_gm_reciepe","30","gm","1","30","4.5600","136.8000","","","","","19699.4700","19699.4700","1","","",""
"line_detail","D157","Bombay Sandwich","raw","metonese","50","metonese_gm_reciepe","30","gm","1","30","4.5600","136.8000","","","","","19699.4700","19699.4700","1","","",""
"line_detail","D157","Bombay Sandwich","raw","metonese","50","metonese_gm_reciepe","30","gm","1","30","4.5600","136.8000","","","","","19699.4700","19699.4700","1","","",""
"line_detail","D157","Bombay Sandwich","raw","metonese","50","metonese_gm_reciepe","30","gm","1","30","4.5600","136.8000","","","","","19699.4700","19699.4700","1","","",""
"line_detail","D157","Bombay Sandwich","raw","metonese","50","metonese_gm_reciepe","30","gm","1","30","4.5600","136.8000","","","","","19699.4700","19699.4700","1","","",""
"line_detail","D157","Bombay Sandwich","raw","metonese","50","metonese_gm_reciepe","30","gm","1","30","4.5600","136.8000","","","","","19699.4700","19699.4700","1","","",""
"line_detail","D157","Bombay Sandwich","raw","metonese","50","metonese_gm_reciepe","30","gm","1","30","4.5600","136.8000","","","","","19699.4700","19699.4700","1","","",""
"line_detail","D157","Bombay Sandwich","raw","metonese","50","metonese_gm_reciepe","30","gm","1","30","4.5600","136.8000","","","","","19699.4700","19699.4700","1","","",""
"line_detail","D157","Bombay Sandwich","raw","metonese","50","metonese_gm_reciepe","30","gm","1","30","4.5600","136.8000","","","","","19699.4700","19699.4700","1","","",""
"line_detail","D157","Bombay Sandwich","raw","metonese","50","metonese_gm_reciepe","30","gm","1","30","4.5600","136.8000","","","","","19699.4700","19699.4700","1","","",""
"line_detail","D157","Bombay Sandwich","raw","metonese","50","metonese_gm_reciepe","30","gm","1","30","4.5600","136.8000","","","","","19699.4700","19699.4700","1","","",""
"line_detail","D157","Bombay Sandwich","raw","metonese","50","metonese_gm_reciepe","30","gm","1","30","4.5600","136.8000","","","","","19699.4700","19699.4700","1","","",""
"line_detail","D157","Bombay Sandwich","raw","metonese","50","metonese_gm_reciepe","30","gm","1","30","4.5600","136.8000","","","","","19699.4700","19699.4700","1","","",""
"line_detail","D157","Bombay Sandwich","raw","metonese","50","metonese_gm_reciepe","30","gm","1","30","4.5600","136.8000","","","","","19699.4700","19699.4700","1","","",""
"line_detail","D157","Bombay Sandwich","raw","metonese","50","metonese_gm_reciepe","30","gm","1","30","4.5600","136.8000","","","","","19699.4700","19699.4700","1","","",""
"line_detail","D157","Bombay Sandwich","raw","metonese","50","metonese_gm_reciepe","30","gm","1","30","4.5600","136.8000","","","","","19699.4700","19699.4700","1","","",""
"line_detail","D157","Bombay Sandwich","raw","metonese","50","metonese_gm_reciepe","30","gm","1","30","4.5600","136.8000","","","","","19699.4700","19699.4700","1","","",""
"line_detail","D157","Bombay Sandwich","raw","metonese","50","metonese_gm_reciepe","30","gm","1","30","4.5600","136.8000","","","","","19699.4700","19699.4700","1","","",""
"line_detail","D157","Bombay Sandwich","raw","metonese","50","metonese_gm_reciepe","30","gm","1","30","4.5600","136.8000","","","","","19699.4700","19699.4700","1","","",""
"line_detail","D157","Bombay Sandwich","raw","metonese","50","metonese_gm_reciepe","30","gm","1","30","4.5600","136.8000","","","","","19699.4700","19699.4700","1","","",""
"line_detail","D157","Bombay Sandwich","raw","metonese","50","metonese_gm_reciepe","30","gm","1","30","4.5600","136.8000","","","","","19699.4700","19699.4700","1","","",""
"line_detail","D157","Bombay Sandwich","raw","metonese","50","metonese_gm_reciepe","30","gm","1","30","4.5600","136.8000","","","","","19699.4700","19699.4700","1","","",""
"line_detail","D157","Bombay Sandwich","raw","metonese","50","metonese_gm_reciepe","30","gm","1","30","4.5600","136.8000","","","","","19699.4700","19699.4700","1","","",""
"line_detail","D157","Bombay Sandwich","raw","metonese","50","metonese_gm_reciepe","30","gm","1","30","4.5600","136.8000","","","","","19699.4700","19699.4700","1","","",""
"line_detail","D157","Bombay Sandwich","raw","metonese","50","metonese_gm_reciepe","30","gm","1","30","4.5600","136.8000","","","","","19699.4700","19699.4700","1","","",""
"line_detail","D157","Bombay Sandwich","raw","metonese","50","metonese_gm_reciepe","30","gm","1","30","4.5600","136.8000","","","","","19699.4700","19699.4700","1","","",""
"line_detail","D157","Bombay Sandwich","raw","metonese","50","metonese_gm_reciepe","30","gm","1","30","4.5600","136.8000","","","","","19699.4700","19699.4700","1","","",""
"line_detail","D157","Bombay Sandwich","raw","metonese","50","metonese_gm_reciepe","30","gm","1","30","4.5600","136.8000","","","","","19699.4700","19699.4700","1","","",""
"line_detail","D157","Bombay Sandwich","raw","metonese","50","metonese_gm_reciepe","30","gm","1","30","4.5600","136.8000","","","","","19699.4700","19699.4700","1","","",""
"line_detail","D157","Bombay Sandwich","raw","metonese","50","metonese_gm_reciepe","30","gm","1","30","4.5600","136.8000","","","","","19699.4700","19699.4700","1","","",""
"line_detail","D157","Bombay Sandwich","raw","metonese","50","metonese_gm_reciepe","30","gm","1","30","4.5600","136.8000","","","","","19699.4700","19699.4700","1","","",""
"line_detail","D157","Bombay Sandwich","raw","metonese","50","metonese_gm_reciepe","30","gm","1","30","4.5600","136.8000","","","","","19699.4700","19699.4700","1","","",""
"line_detail","D157","Bombay Sandwich","raw","metonese","50","metonese_gm_reciepe","30","gm","1","30","4.5600","136.8000","","","","","19699.4700","19699.4700","1","","",""
"line_detail","D157","Bombay Sandwich","raw","metonese","50","metonese_gm_reciepe","30","gm","1","30","4.5600","136.8000","","","","","19699.4700","19699.4700","1","","",""
"line_detail","D157","Bombay Sandwich","raw","metonese","50","metonese_gm_reciepe","30","gm","1","30","4.5600","136.8000","","","","","19699.4700","19699.4700","1","","",""
"line_detail","D157","Bombay Sandwich","raw","metonese","50","metonese_gm_reciepe","30","gm","1","30","4.5600","136.8000","","","","","19699.4700","19699.4700","1","","",""
"line_detail","D157","Bombay Sandwich","raw","metonese","50","metonese_gm_reciepe","30","gm","1","30","4.5600","136.8000","","","","","19699.4700","19699.4700","1","","",""
"line_detail","D157","Bombay Sandwich","raw","metonese","50","metonese_gm_reciepe","30","gm","1","30","4.5600","136.8000","","","","","19699.4700","19699.4700","1","","",""
"line_detail","D157","Bombay Sandwich","raw","metonese","50","metonese_gm_reciepe","30","gm","1","30","4.5600","136.8000","","","","","19699.4700","19699.4700","1","","",""
"line_detail","D157","Bombay Sandwich","raw","metonese","50","metonese_gm_reciepe","30","gm","1","30","4.5600","136.8000","","","","","19699.4700","19699.4700","1","","",""
"line_detail","D157","Bombay Sandwich","raw","metonese","50","metonese_gm_reciepe","30","gm","1","30","4.5600","136.8000","","","","","19699.4700","19699.4700","1","","",""
"line_detail","D157","Bombay Sandwich","raw","metonese","50","metonese_gm_reciepe","30","gm","1","30","4.5600","136.8000","","","","","19699.4700","19699.4700","1","","",""
"line_detail","D157","Bombay Sandwich","raw","metonese","50","metonese_gm_reciepe","30","gm","1","30","4.5600","136.8000","","","","","19699.4700","19699.4700","1","","",""
"line_detail","D157","Bombay Sandwich","raw","metonese","50","metonese_gm_reciepe","30","gm","1","30","4.5600","136.8000","","","","","19699.4700","19699.4700","1","","",""
"line_detail","D157","Bombay Sandwich","raw","metonese","50","metonese_gm_reciepe","30","gm","1","30","4.5600","136.8000","","","","","19699.4700","19699.4700","1","","",""
"line_detail","D157","Bombay Sandwich","raw","metonese","50","metonese_gm_reciepe","30","gm","1","30","4.5600","136.8000","","","","","19699.4700","19699.4700","1","","",""
"line_detail","D157","Bombay Sandwich","raw","metonese","50","metonese_gm_reciepe","30","gm","1","30","4.5600","136.8000","","","","","19699.4700","19699.4700","1","","",""
"line_detail","D157","Bombay Sandwich","raw","metonese","50","metonese_gm_reciepe","30","gm","1","30","4.5600","136.8000","","","","","19699.4700","19699.4700","1","","",""
"line_detail","D157","Bombay Sandwich","raw","metonese","50","metonese_gm_reciepe","30","gm","1","30","4.5600","136.8000","","","","","19699.4700","19699.4700","1","","",""
"line_detail","D157","Bombay Sandwich","raw","metonese","50","metonese_gm_reciepe","30","gm","1","30","4.5600","136.8000","","","","","19699.4700","19699.4700","1","","",""
"line_detail","D157","Bombay Sandwich","raw","metonese","50","metonese_gm_reciepe","30","gm","1","30","4.5600","136.8000","","","","","19699.4700","19699.4700","1","","",""
"line_detail","D157","Bombay Sandwich","raw","metonese","50","metonese_gm_reciepe","30","gm","1","30","4.5600","136.8000","","","","","19699.4700","19699.4700","1","","",""
"line_detail","D157","Bombay Sandwich","raw","metonese","50","metonese_gm_reciepe","30","gm","1","30","4.5600","136.8000","","","","","19699.4700","19699.4700","1","","",""
"line_detail","D157","Bombay Sandwich","raw","metonese","50","metonese_gm_reciepe","30","gm","1","30","4.5600","136.8000","","","","","19699.4700","19699.4700","1","","",""
"line_detail","D157","Bombay Sandwich","raw","metonese","50","metonese_gm_reciepe","30","gm","1","30","4.5600","136.8000","","","","","19699.4700","19699.4700","1","","",""
"line_detail","D157","Bombay Sandwich","raw","metonese","50","metonese_gm_reciepe","30","gm","1","30","4.5600","136.8000","","","","","19699.4700","19699.4700","1","","",""
"line_detail","D157","Bombay Sandwich","raw","metonese","50","metonese_gm_reciepe","30","gm","1","30","4.5600","136.8000","","","","","19699.4700","19699.4700","1","","",""
"line_detail","D157","Bombay Sandwich","raw","metonese","50","metonese_gm_reciepe","30","gm","1","30","4.5600","136.8000","","","","","19699.4700","19699.4700","1","","",""
"line_detail","D157","Bombay Sandwich","raw","metonese","50","metonese_gm_reciepe","30","gm","1","30","4.5600","136.8000","","","","","19699.4700","19699.4700","1","","",""
"line_detail","D157","Bombay Sandwich","raw","metonese","50","metonese_gm_reciepe","30","gm","1","30","4.5600","136.8000","","","","","19699.4700","19699.4700","1","","",""
"line_detail","D157","Bombay Sandwich","raw","metonese","50","metonese_gm_reciepe","30","gm","1","30","4.5600","136.8000","","","","","19699.4700","19699.4700","1","","",""
"line_detail","D157","Bombay Sandwich","raw","metonese","50","metonese_gm_reciepe","30","gm","1","30","4.5600","136.8000","","","","","19699.4700","19699.4700","1","","",""
"line_detail","D157","Bombay Sandwich","raw","metonese","50","metonese_gm_reciepe","30","gm","1","30","4.5600","136.8000","","","","","19699.4700","19699.4700","1","","",""
"line_detail","D157","Bombay Sandwich","raw","metonese","50","metonese_gm_reciepe","30","gm","1","30","4.5600","136.8000","","","","","19699.4700","19699.4700","1","","",""
"line_detail","D157","Bombay Sandwich","raw","metonese","50","metonese_gm_reciepe","30","gm","1","30","4.5600","136.8000","","","","","19699.4700","19699.4700","1","","",""
"line_detail","D157","Bombay Sandwich","raw","metonese","50","metonese_gm_reciepe","30","gm","1","30","4.5600","136.8000","","","","","19699.4700","19699.4700","1","","",""
"line_detail","D157","Bombay Sandwich","raw","metonese","50","metonese_gm_reciepe","30","gm","1","30","4.5600","136.8000","","","","","19699.4700","19699.4700","1","","",""
"line_detail","D157","Bombay Sandwich","raw","metonese","50","metonese_gm_reciepe","30","gm","1","30","4.5600","136.8000","","","","","19699.4700","19699.4700","1","","",""
"line_detail","D157","Bombay Sandwich","raw","metonese","50","metonese_gm_reciepe","30","gm","1","30","4.5600","136.8000","","","","","19699.4700","19699.4700","1","","",""
"line_detail","D157","Bombay Sandwich","raw","metonese","50","metonese_gm_reciepe","30","gm","1","30","4.5600","136.8000","","","","","19699.4700","19699.4700","1","","",""
"line_detail","D157","Bombay Sandwich","raw","metonese","50","metonese_gm_reciepe","30","gm","1","30","4.5600","136.8000","","","","","19699.4700","19699.4700","1","","",""
"line_detail","D157","Bombay Sandwich","raw","metonese","50","metonese_gm_reciepe","30","gm","1","30","4.5600","136.8000","","","","","19699.4700","19699.4700","1","","",""
"line_detail","D157","Bombay Sandwich","raw","metonese","50","metonese_gm_reciepe","30","gm","1","30","4.5600","136.8000","","","","","19699.4700","19699.4700","1","","",""
"line_detail","D157","Bombay Sandwich","raw","metonese","50","metonese_gm_reciepe","30","gm","1","30","4.5600","136.8000","","","","","19699.4700","19699.4700","1","","",""
"line_detail","D157","Bombay Sandwich","raw","metonese","50","metonese_gm_reciepe","30","gm","1","30","4.5600","136.8000","","","","","19699.4700","19699.4700","1","","",""
"line_detail","D157","Bombay Sandwich","raw","metonese","50","metonese_gm_reciepe","30","gm","1","30","4.5600","136.8000","","","","","19699.4700","19699.4700","1","","",""
"line_detail","D157","Bombay Sandwich","raw","metonese","50","metonese_gm_reciepe","30","gm","1","30","4.5600","136.8000","","","","","19699.4700","19699.4700","1","","",""
"line_detail","D157","Bombay Sandwich","raw","metonese","50","metonese_gm_reciepe","30","gm","1","30","4.5600","136.8000","","","","","19699.4700","19699.4700","1","","",""
"line_detail","D157","Bombay Sandwich","raw","metonese","50","metonese_gm_reciepe","30","gm","1","30","4.5600","136.8000","","","","","19699.4700","19699.4700","1","","",""
"line_detail","D157","Bombay Sandwich","raw","metonese","50","metonese_gm_reciepe","30","gm","1","30","4.5600","136.8000","","","","","19699.4700","19699.4700","1","","",""
"line_detail","D157","Bombay Sandwich","raw","metonese","50","metonese_gm_reciepe","30","gm","1","30","4.5600","136.8000","","","","","19699.4700","19699.4700","1","","",""
"line_detail","D157","Bombay Sandwich","raw","metonese","50","metonese_gm_reciepe","30","gm","1","30","4.5600","136.8000","","","","","19699.4700","19699.4700","1","","",""
"line_detail","D157","Bombay Sandwich","raw","metonese","50","metonese_gm_reciepe","30","gm","1","30","4.5600","136.8000","","","","","19699.4700","19699.4700","1","","",""
"line_detail","D157","Bombay Sandwich","raw","metonese","50","metonese_gm_reciepe","30","gm","1","30","4.5600","136.8000","","","","","19699.4700","19699.4700","1","","",""
"line_detail","D157","Bombay Sandwich","raw","metonese","50","metonese_gm_reciepe","30","gm","1","30","4.5600","136.8000","","","","","19699.4700","19699.4700","1","","",""
"line_detail","D157","Bombay Sandwich","raw","metonese","50","metonese_gm_reciepe","30","gm","1","30","4.5600","136.8000","","","","","19699.4700","19699.4700","1","","",""
"line_detail","D157","Bombay Sandwich","raw","metonese","50","metonese_gm_reciepe","30","gm","1","30","4.5600","136.8000","","","","","19699.4700","19699.4700","1","","",""
"line_detail","D157","Bombay Sandwich","raw","metonese","50","metonese_gm_reciepe","30","gm","1","30","4.5600","136.8000","","","","","19699.4700","19699.4700","1","","",""
"line_detail","D157","Bombay Sandwich","raw","metonese","50","metonese_gm_reciepe","30","gm","1","30","4.5600","136.8000","","","","","19699.4700","19699.4700","1","","",""
"line_detail","D157","Bombay Sandwich","raw","metonese","50","metonese_gm_reciepe","30","gm","1","30","4.5600","136.8000","","","","","19699.4700","19699.4700","1","","",""
"line_detail","D157","Bombay Sandwich","raw","metonese","50","metonese_gm_reciepe","30","gm","1","30","4.5600","136.8000","","","","","19699.4700","19699.4700","1","","",""
"line_detail","D157","Bombay Sandwich","raw","metonese","50","metonese_gm_reciepe","30","gm","1","30","4.5600","136.8000","","","","","19699.4700","19699.4700","1","","",""
"line_detail","D157","Bombay Sandwich","raw","metonese","50","metonese_gm_reciepe","30","gm","1","30","4.5600","136.8000","","","","","19699.4700","19699.4700","1","","",""
"line_detail","D157","Bombay Sandwich","raw","metonese","50","metonese_gm_reciepe","30","gm","1","30","4.5600","136.8000","","","","","19699.4700","19699.4700","1","","",""
"line_detail","D157","Bombay Sandwich","raw","metonese","50","metonese_gm_reciepe","30","gm","1","30","4.5600","136.8000","","","","","19699.4700","19699.4700","1","","",""
"line_detail","D157","Bombay Sandwich","raw","metonese","50","metonese_gm_reciepe","30","gm","1","30","4.5600","136.8000","","","","","19699.4700","19699.4700","1","","",""
"line_detail","D157","Bombay Sandwich","raw","metonese","50","metonese_gm_reciepe","30","gm","1","30","4.5600","136.8000","","","","","19699.4700","19699.4700","1","","",""
"line_detail","D157","Bombay Sandwich","raw","metonese","50","metonese_gm_reciepe","30","gm","1","30","4.5600","136.8000","","","","","19699.4700","19699.4700","1","","",""
"line_detail","D157","Bombay Sandwich","raw","metonese","50","metonese_gm_reciepe","30","gm","1","30","4.5600","136.8000","","","","","19699.4700","19699.4700","1","","",""
"line_detail","D157","Bombay Sandwich","raw","metonese","50","metonese_gm_reciepe","30","gm","1","30","4.5600","136.8000","","","","","19699.4700","19699.4700","1","","",""
"line_detail","D157","Bombay Sandwich","raw","metonese","50","metonese_gm_reciepe","30","gm","1","30","4.5600","136.8000","","","","","19699.4700","19699.4700","1","","",""
"line_detail","D157","Bombay Sandwich","raw","metonese","50","metonese_gm_reciepe","30","gm","1","30","4.5600","136.8000","","","","","19699.4700","19699.4700","1","","",""
"line_detail","D157","Bombay Sandwich","raw","metonese","50","metonese_gm_reciepe","30","gm","1","30","4.5600","136.8000","","","","","19699.4700","19699.4700","1","","",""
"line_detail","D157","Bombay Sandwich","raw","metonese","50","metonese_gm_reciepe","30","gm","1","30","4.5600","136.8000","","","","","19699.4700","19699.4700","1","","",""
"line_detail","D157","Bombay Sandwich","raw","metonese","50","metonese_gm_reciepe","30","gm","1","30","4.5600","136.8000","","","","","19699.4700","19699.4700","1","","",""
"line_detail","D157","Bombay Sandwich","raw","metonese","50","metonese_gm_reciepe","30","gm","1","30","4.5600","136.8000","","","","","19699.4700","19699.4700","1","","",""
"line_detail","D157","Bombay Sandwich","raw","metonese","50","metonese_gm_reciepe","30","gm","1","30","4.5600","136.8000","","","","","19699.4700","19699.4700","1","","",""
"line_detail","D157","Bombay Sandwich","raw","metonese","50","metonese_gm_reciepe","30","gm","1","30","4.5600","136.8000","","","","","19699.4700","19699.4700","1","","",""
"line_detail","D157","Bombay Sandwich","raw","metonese","50","metonese_gm_reciepe","30","gm","1","30","4.5600","136.8000","","","","","19699.4700","19699.4700","1","","",""
"line_detail","D157","Bombay Sandwich","raw","metonese","50","metonese_gm_reciepe","30","gm","1","30","4.5600","136.8000","","","","","19699.4700","19699.4700","1","","",""
"line_detail","D157","Bombay Sandwich","raw","metonese","50","metonese_gm_reciepe","30","gm","1","30","4.5600","136.8000","","","","","19699.4700","19699.4700","1","","",""
"line_detail","D157","Bombay Sandwich","raw","metonese","50","metonese_gm_reciepe","30","gm","1","30","4.5600","136.8000","","","","","19699.4700","19699.4700","1","","",""
"line_detail","D157","Bombay Sandwich","raw","metonese","50","metonese_gm_reciepe","30","gm","1","30","4.5600","136.8000","","","","","19699.4700","19699.4700","1","","",""
"line_detail","D157","Bombay Sandwich","raw","metonese","50","metonese_gm_reciepe","30","gm","1","30","4.5600","136.8000","","","","","19699.4700","19699.4700","1","","",""
"line_detail","D157","Bombay Sandwich","raw","metonese","50","metonese_gm_reciepe","30","gm","1","30","4.5600","136.8000","","","","","19699.4700","19699.4700","1","","",""
"line_detail","D157","Bombay Sandwich","raw","metonese","50","metonese_gm_reciepe","30","gm","1","30","4.5600","136.8000","","","","","19699.4700","19699.4700","1","","",""
"line_detail","D157","Bombay Sandwich","raw","metonese","50","metonese_gm_reciepe","30","gm","1","30","4.5600","136.8000","","","","","19699.4700","19699.4700","1","","",""
"line_detail","D157","Bombay Sandwich","raw","metonese","50","metonese_gm_reciepe","30","gm","1","30","4.5600","136.8000","","","","","19699.4700","19699.4700","1","","",""
"line_detail","D157","Bombay Sandwich","raw","metonese","50","metonese_gm_reciepe","30","gm","1","30","4.5600","136.8000","","","","","19699.4700","19699.4700","1","","",""
"line_detail","D157","Bombay Sandwich","raw","metonese","50","metonese_gm_reciepe","30","gm","1","30","4.5600","136.8000","","","","","19699.4700","19699.4700","1","","",""
"line_detail","D157","Bombay Sandwich","raw","metonese","50","metonese_gm_reciepe","30","gm","1","30","4.5600","136.8000","","","","","19699.4700","19699.4700","1","","",""
"line_detail","D157","Bombay Sandwich","raw","potato","V22","potato_gm_reciepe","100","gm","1","100","","","","","","","19699.4700","19699.4700","1","","",""
"line_detail","D157","Bombay Sandwich","raw","potato","V22","potato_gm_reciepe","100","gm","1","100","","","","","","","19699.4700","19699.4700","1","","",""
"line_detail","D157","Bombay Sandwich","raw","potato","V22","potato_gm_reciepe","100","gm","1","100","","","","","","","19699.4700","19699.4700","1","","",""
"line_detail","D157","Bombay Sandwich","raw","potato","V22","potato_gm_reciepe","100","gm","1","100","","","","","","","19699.4700","19699.4700","1","","",""
"line_detail","D157","Bombay Sandwich","raw","potato","V22","potato_gm_reciepe","100","gm","1","100","","","","","","","19699.4700","19699.4700","1","","",""
"line_detail","D157","Bombay Sandwich","raw","potato","V22","potato_gm_reciepe","100","gm","1","100","","","","","","","19699.4700","19699.4700","1","","",""
"line_detail","D157","Bombay Sandwich","raw","potato","V22","potato_gm_reciepe","100","gm","1","100","","","","","","","19699.4700","19699.4700","1","","",""
"line_detail","D157","Bombay Sandwich","raw","potato","V22","potato_gm_reciepe","100","gm","1","100","","","","","","","19699.4700","19699.4700","1","","",""
"line_detail","D157","Bombay Sandwich","raw","potato","V22","potato_gm_reciepe","100","gm","1","100","","","","","","","19699.4700","19699.4700","1","","",""
"line_detail","D157","Bombay Sandwich","raw","potato","V22","potato_gm_reciepe","100","gm","1","100","","","","","","","19699.4700","19699.4700","1","","",""
"line_detail","D157","Bombay Sandwich","raw","potato","V22","potato_gm_reciepe","100","gm","1","100","","","","","","","19699.4700","19699.4700","1","","",""
"line_detail","D157","Bombay Sandwich","raw","potato","V22","potato_gm_reciepe","100","gm","1","100","","","","","","","19699.4700","19699.4700","1","","",""
"line_detail","D157","Bombay Sandwich","raw","potato","V22","potato_gm_reciepe","100","gm","1","100","","","","","","","19699.4700","19699.4700","1","","",""
"line_detail","D157","Bombay Sandwich","raw","potato","V22","potato_gm_reciepe","100","gm","1","100","","","","","","","19699.4700","19699.4700","1","","",""
"line_detail","D157","Bombay Sandwich","raw","potato","V22","potato_gm_reciepe","100","gm","1","100","","","","","","","19699.4700","19699.4700","1","","",""
"line_detail","D157","Bombay Sandwich","raw","potato","V22","potato_gm_reciepe","100","gm","1","100","","","","","","","19699.4700","19699.4700","1","","",""
"line_detail","D157","Bombay Sandwich","raw","potato","V22","potato_gm_reciepe","100","gm","1","100","","","","","","","19699.4700","19699.4700","1","","",""
"line_detail","D157","Bombay Sandwich","raw","potato","V22","potato_gm_reciepe","100","gm","1","100","","","","","","","19699.4700","19699.4700","1","","",""
"line_detail","D157","Bombay Sandwich","raw","potato","V22","potato_gm_reciepe","100","gm","1","100","","","","","","","19699.4700","19699.4700","1","","",""
"line_detail","D157","Bombay Sandwich","raw","potato","V22","potato_gm_reciepe","100","gm","1","100","","","","","","","19699.4700","19699.4700","1","","",""
"line_detail","D157","Bombay Sandwich","raw","potato","V22","potato_gm_reciepe","100","gm","1","100","","","","","","","19699.4700","19699.4700","1","","",""
"line_detail","D157","Bombay Sandwich","raw","potato","V22","potato_gm_reciepe","100","gm","1","100","","","","","","","19699.4700","19699.4700","1","","",""
"line_detail","D157","Bombay Sandwich","raw","potato","V22","potato_gm_reciepe","100","gm","1","100","","","","","","","19699.4700","19699.4700","1","","",""
"line_detail","D157","Bombay Sandwich","raw","potato","V22","potato_gm_reciepe","100","gm","1","100","","","","","","","19699.4700","19699.4700","1","","",""
"line_detail","D157","Bombay Sandwich","raw","potato","V22","potato_gm_reciepe","100","gm","1","100","","","","","","","19699.4700","19699.4700","1","","",""
"line_detail","D157","Bombay Sandwich","raw","potato","V22","potato_gm_reciepe","100","gm","1","100","","","","","","","19699.4700","19699.4700","1","","",""
"line_detail","D157","Bombay Sandwich","raw","potato","V22","potato_gm_reciepe","100","gm","1","100","","","","","","","19699.4700","19699.4700","1","","",""
"line_detail","D157","Bombay Sandwich","raw","potato","V22","potato_gm_reciepe","100","gm","1","100","","","","","","","19699.4700","19699.4700","1","","",""
"line_detail","D157","Bombay Sandwich","raw","potato","V22","potato_gm_reciepe","100","gm","1","100","","","","","","","19699.4700","19699.4700","1","","",""
"line_detail","D157","Bombay Sandwich","raw","potato","V22","potato_gm_reciepe","100","gm","1","100","","","","","","","19699.4700","19699.4700","1","","",""
"line_detail","D157","Bombay Sandwich","raw","potato","V22","potato_gm_reciepe","100","gm","1","100","","","","","","","19699.4700","19699.4700","1","","",""
"line_detail","D157","Bombay Sandwich","raw","potato","V22","potato_gm_reciepe","100","gm","1","100","","","","","","","19699.4700","19699.4700","1","","",""
"line_detail","D157","Bombay Sandwich","raw","potato","V22","potato_gm_reciepe","100","gm","1","100","","","","","","","19699.4700","19699.4700","1","","",""
"line_detail","D157","Bombay Sandwich","raw","potato","V22","potato_gm_reciepe","100","gm","1","100","","","","","","","19699.4700","19699.4700","1","","",""
"line_detail","D157","Bombay Sandwich","raw","potato","V22","potato_gm_reciepe","100","gm","1","100","","","","","","","19699.4700","19699.4700","1","","",""
"line_detail","D157","Bombay Sandwich","raw","potato","V22","potato_gm_reciepe","100","gm","1","100","","","","","","","19699.4700","19699.4700","1","","",""
"line_detail","D157","Bombay Sandwich","raw","potato","V22","potato_gm_reciepe","100","gm","1","100","","","","","","","19699.4700","19699.4700","1","","",""
"line_detail","D157","Bombay Sandwich","raw","potato","V22","potato_gm_reciepe","100","gm","1","100","","","","","","","19699.4700","19699.4700","1","","",""
"line_detail","D157","Bombay Sandwich","raw","potato","V22","potato_gm_reciepe","100","gm","1","100","","","","","","","19699.4700","19699.4700","1","","",""
"line_detail","D157","Bombay Sandwich","raw","potato","V22","potato_gm_reciepe","100","gm","1","100","","","","","","","19699.4700","19699.4700","1","","",""
"line_detail","D157","Bombay Sandwich","raw","potato","V22","potato_gm_reciepe","100","gm","1","100","","","","","","","19699.4700","19699.4700","1","","",""
"line_detail","D157","Bombay Sandwich","raw","potato","V22","potato_gm_reciepe","100","gm","1","100","","","","","","","19699.4700","19699.4700","1","","",""
"line_detail","D157","Bombay Sandwich","raw","potato","V22","potato_gm_reciepe","100","gm","1","100","","","","","","","19699.4700","19699.4700","1","","",""
"line_detail","D157","Bombay Sandwich","raw","potato","V22","potato_gm_reciepe","100","gm","1","100","","","","","","","19699.4700","19699.4700","1","","",""
"line_detail","D157","Bombay Sandwich","raw","potato","V22","potato_gm_reciepe","100","gm","1","100","","","","","","","19699.4700","19699.4700","1","","",""
"line_detail","D157","Bombay Sandwich","raw","potato","V22","potato_gm_reciepe","100","gm","1","100","","","","","","","19699.4700","19699.4700","1","","",""
"line_detail","D157","Bombay Sandwich","raw","potato","V22","potato_gm_reciepe","100","gm","1","100","","","","","","","19699.4700","19699.4700","1","","",""
"line_detail","D157","Bombay Sandwich","raw","potato","V22","potato_gm_reciepe","100","gm","1","100","","","","","","","19699.4700","19699.4700","1","","",""
"line_detail","D157","Bombay Sandwich","raw","salt","27A","salt_gm_reciepe","0.5","gm","1","0.5","0.0300","0.0150","","","","","19699.4700","19699.4700","1","","",""
"line_detail","D157","Bombay Sandwich","raw","salt","27A","salt_gm_reciepe","0.5","gm","1","0.5","0.0300","0.0150","","","","","19699.4700","19699.4700","1","","",""
"line_detail","D157","Bombay Sandwich","raw","salt","27A","salt_gm_reciepe","0.5","gm","1","0.5","0.0300","0.0150","","","","","19699.4700","19699.4700","1","","",""
"line_detail","D157","Bombay Sandwich","raw","salt","27A","salt_gm_reciepe","0.5","gm","1","0.5","0.0300","0.0150","","","","","19699.4700","19699.4700","1","","",""
"line_detail","D157","Bombay Sandwich","raw","salt","27A","salt_gm_reciepe","0.5","gm","1","0.5","0.0300","0.0150","","","","","19699.4700","19699.4700","1","","",""
"line_detail","D157","Bombay Sandwich","raw","salt","27A","salt_gm_reciepe","0.5","gm","1","0.5","0.0300","0.0150","","","","","19699.4700","19699.4700","1","","",""
"line_detail","D157","Bombay Sandwich","raw","salt","27A","salt_gm_reciepe","0.5","gm","1","0.5","0.0300","0.0150","","","","","19699.4700","19699.4700","1","","",""
"line_detail","D157","Bombay Sandwich","raw","salt","27A","salt_gm_reciepe","0.5","gm","1","0.5","0.0300","0.0150","","","","","19699.4700","19699.4700","1","","",""
"line_detail","D157","Bombay Sandwich","raw","salt","27A","salt_gm_reciepe","0.5","gm","1","0.5","0.0300","0.0150","","","","","19699.4700","19699.4700","1","","",""
"line_detail","D157","Bombay Sandwich","raw","salt","27A","salt_gm_reciepe","0.5","gm","1","0.5","0.0300","0.0150","","","","","19699.4700","19699.4700","1","","",""
"line_detail","D157","Bombay Sandwich","raw","salt","27A","salt_gm_reciepe","0.5","gm","1","0.5","0.0300","0.0150","","","","","19699.4700","19699.4700","1","","",""
"line_detail","D157","Bombay Sandwich","raw","salt","27A","salt_gm_reciepe","0.5","gm","1","0.5","0.0300","0.0150","","","","","19699.4700","19699.4700","1","","",""
"line_detail","D157","Bombay Sandwich","raw","salt","27A","salt_gm_reciepe","0.5","gm","1","0.5","0.0300","0.0150","","","","","19699.4700","19699.4700","1","","",""
"line_detail","D157","Bombay Sandwich","raw","salt","27A","salt_gm_reciepe","0.5","gm","1","0.5","0.0300","0.0150","","","","","19699.4700","19699.4700","1","","",""
"line_detail","D157","Bombay Sandwich","raw","salt","27A","salt_gm_reciepe","0.5","gm","1","0.5","0.0300","0.0150","","","","","19699.4700","19699.4700","1","","",""
"line_detail","D157","Bombay Sandwich","raw","salt","27A","salt_gm_reciepe","0.5","gm","1","0.5","0.0300","0.0150","","","","","19699.4700","19699.4700","1","","",""
"line_detail","D157","Bombay Sandwich","raw","salt","27A","salt_gm_reciepe","0.5","gm","1","0.5","0.0300","0.0150","","","","","19699.4700","19699.4700","1","","",""
"line_detail","D157","Bombay Sandwich","raw","salt","27A","salt_gm_reciepe","0.5","gm","1","0.5","0.0300","0.0150","","","","","19699.4700","19699.4700","1","","",""
"dish_summary","D157","Bombay Sandwich","","","","Bombay Sandwich_1_portion","","","","","","19699.4700","standard","false","Bombay Sandwich_1_portion","","19699.4700","19699.4700","1","0","354","0"
"line_detail","D158","Pizza Sandwich","raw","Capsicum","V1","Capsicum_gm_reciepe","10","gm","1","10","","","","","","","4993.9120","4993.9120","1","","",""
"line_detail","D158","Pizza Sandwich","raw","Capsicum","V1","Capsicum_gm_reciepe","10","gm","1","10","","","","","","","4993.9120","4993.9120","1","","",""
"line_detail","D158","Pizza Sandwich","raw","Capsicum","V1","Capsicum_gm_reciepe","10","gm","1","10","","","","","","","4993.9120","4993.9120","1","","",""
"line_detail","D158","Pizza Sandwich","raw","Capsicum","V1","Capsicum_gm_reciepe","10","gm","1","10","","","","","","","4993.9120","4993.9120","1","","",""
"line_detail","D158","Pizza Sandwich","raw","MYONESE","50","MYONESE_gm_reciepe","15","gm","1","15","4.5600","68.4000","","","","","4993.9120","4993.9120","1","","",""
"line_detail","D158","Pizza Sandwich","raw","MYONESE","50","MYONESE_gm_reciepe","15","gm","1","15","4.5600","68.4000","","","","","4993.9120","4993.9120","1","","",""
"line_detail","D158","Pizza Sandwich","raw","MYONESE","50","MYONESE_gm_reciepe","15","gm","1","15","4.5600","68.4000","","","","","4993.9120","4993.9120","1","","",""
"line_detail","D158","Pizza Sandwich","raw","MYONESE","50","MYONESE_gm_reciepe","15","gm","1","15","4.5600","68.4000","","","","","4993.9120","4993.9120","1","","",""
"line_detail","D158","Pizza Sandwich","raw","MYONESE","50","MYONESE_gm_reciepe","15","gm","1","15","4.5600","68.4000","","","","","4993.9120","4993.9120","1","","",""
"line_detail","D158","Pizza Sandwich","raw","MYONESE","50","MYONESE_gm_reciepe","15","gm","1","15","4.5600","68.4000","","","","","4993.9120","4993.9120","1","","",""
"line_detail","D158","Pizza Sandwich","raw","MYONESE","50","MYONESE_gm_reciepe","15","gm","1","15","4.5600","68.4000","","","","","4993.9120","4993.9120","1","","",""
"line_detail","D158","Pizza Sandwich","raw","MYONESE","50","MYONESE_gm_reciepe","15","gm","1","15","4.5600","68.4000","","","","","4993.9120","4993.9120","1","","",""
"line_detail","D158","Pizza Sandwich","raw","MYONESE","50","MYONESE_gm_reciepe","15","gm","1","15","4.5600","68.4000","","","","","4993.9120","4993.9120","1","","",""
"line_detail","D158","Pizza Sandwich","raw","MYONESE","50","MYONESE_gm_reciepe","15","gm","1","15","4.5600","68.4000","","","","","4993.9120","4993.9120","1","","",""
"line_detail","D158","Pizza Sandwich","raw","MYONESE","50","MYONESE_gm_reciepe","15","gm","1","15","4.5600","68.4000","","","","","4993.9120","4993.9120","1","","",""
"line_detail","D158","Pizza Sandwich","raw","MYONESE","50","MYONESE_gm_reciepe","15","gm","1","15","4.5600","68.4000","","","","","4993.9120","4993.9120","1","","",""
"line_detail","D158","Pizza Sandwich","raw","MYONESE","50","MYONESE_gm_reciepe","15","gm","1","15","4.5600","68.4000","","","","","4993.9120","4993.9120","1","","",""
"line_detail","D158","Pizza Sandwich","raw","MYONESE","50","MYONESE_gm_reciepe","15","gm","1","15","4.5600","68.4000","","","","","4993.9120","4993.9120","1","","",""
"line_detail","D158","Pizza Sandwich","raw","MYONESE","50","MYONESE_gm_reciepe","15","gm","1","15","4.5600","68.4000","","","","","4993.9120","4993.9120","1","","",""
"line_detail","D158","Pizza Sandwich","raw","MYONESE","50","MYONESE_gm_reciepe","15","gm","1","15","4.5600","68.4000","","","","","4993.9120","4993.9120","1","","",""
"line_detail","D158","Pizza Sandwich","raw","MYONESE","50","MYONESE_gm_reciepe","15","gm","1","15","4.5600","68.4000","","","","","4993.9120","4993.9120","1","","",""
"line_detail","D158","Pizza Sandwich","raw","MYONESE","50","MYONESE_gm_reciepe","15","gm","1","15","4.5600","68.4000","","","","","4993.9120","4993.9120","1","","",""
"line_detail","D158","Pizza Sandwich","raw","MYONESE","50","MYONESE_gm_reciepe","15","gm","1","15","4.5600","68.4000","","","","","4993.9120","4993.9120","1","","",""
"line_detail","D158","Pizza Sandwich","raw","MYONESE","50","MYONESE_gm_reciepe","15","gm","1","15","4.5600","68.4000","","","","","4993.9120","4993.9120","1","","",""
"line_detail","D158","Pizza Sandwich","raw","MYONESE","50","MYONESE_gm_reciepe","15","gm","1","15","4.5600","68.4000","","","","","4993.9120","4993.9120","1","","",""
"line_detail","D158","Pizza Sandwich","raw","MYONESE","50","MYONESE_gm_reciepe","15","gm","1","15","4.5600","68.4000","","","","","4993.9120","4993.9120","1","","",""
"line_detail","D158","Pizza Sandwich","raw","MYONESE","50","MYONESE_gm_reciepe","15","gm","1","15","4.5600","68.4000","","","","","4993.9120","4993.9120","1","","",""
"line_detail","D158","Pizza Sandwich","raw","MYONESE","50","MYONESE_gm_reciepe","15","gm","1","15","4.5600","68.4000","","","","","4993.9120","4993.9120","1","","",""
"line_detail","D158","Pizza Sandwich","raw","WHITE BREAD","B1","WHITE BREAD_gm_reciepe","100","gm","1","100","0.2200","22.0000","","","","","4993.9120","4993.9120","1","","",""
"line_detail","D158","Pizza Sandwich","raw","butter","73","butter_gm_reciepe","5","gm","1","5","0.1780","0.8900","","","","","4993.9120","4993.9120","1","","",""
"line_detail","D158","Pizza Sandwich","raw","butter","73","butter_gm_reciepe","5","gm","1","5","0.1780","0.8900","","","","","4993.9120","4993.9120","1","","",""
"line_detail","D158","Pizza Sandwich","raw","butter","73","butter_gm_reciepe","5","gm","1","5","0.1780","0.8900","","","","","4993.9120","4993.9120","1","","",""
"line_detail","D158","Pizza Sandwich","raw","cheese processed","81","cheese processed_gm_reciepe","30","gm","1","30","","","","","","","4993.9120","4993.9120","1","","",""
"line_detail","D158","Pizza Sandwich","raw","cheese processed","81","cheese processed_gm_reciepe","30","gm","1","30","","","","","","","4993.9120","4993.9120","1","","",""
"line_detail","D158","Pizza Sandwich","raw","cheese processed","81","cheese processed_gm_reciepe","30","gm","1","30","","","","","","","4993.9120","4993.9120","1","","",""
"line_detail","D158","Pizza Sandwich","raw","cheese processed","81","cheese processed_gm_reciepe","30","gm","1","30","","","","","","","4993.9120","4993.9120","1","","",""
"line_detail","D158","Pizza Sandwich","raw","cheese processed","81","cheese processed_gm_reciepe","30","gm","1","30","","","","","","","4993.9120","4993.9120","1","","",""
"line_detail","D158","Pizza Sandwich","raw","cheese processed","81","cheese processed_gm_reciepe","30","gm","1","30","","","","","","","4993.9120","4993.9120","1","","",""
"line_detail","D158","Pizza Sandwich","raw","cheese processed","81","cheese processed_gm_reciepe","30","gm","1","30","","","","","","","4993.9120","4993.9120","1","","",""
"line_detail","D158","Pizza Sandwich","raw","cheese processed","81","cheese processed_gm_reciepe","30","gm","1","30","","","","","","","4993.9120","4993.9120","1","","",""
"line_detail","D158","Pizza Sandwich","raw","cheese processed","81","cheese processed_gm_reciepe","30","gm","1","30","","","","","","","4993.9120","4993.9120","1","","",""
"line_detail","D158","Pizza Sandwich","raw","cheese processed","81","cheese processed_gm_reciepe","30","gm","1","30","","","","","","","4993.9120","4993.9120","1","","",""
"line_detail","D158","Pizza Sandwich","raw","cheese processed","81","cheese processed_gm_reciepe","30","gm","1","30","","","","","","","4993.9120","4993.9120","1","","",""
"line_detail","D158","Pizza Sandwich","raw","cheese processed","81","cheese processed_gm_reciepe","30","gm","1","30","","","","","","","4993.9120","4993.9120","1","","",""
"line_detail","D158","Pizza Sandwich","raw","cheese processed","81","cheese processed_gm_reciepe","30","gm","1","30","","","","","","","4993.9120","4993.9120","1","","",""
"line_detail","D158","Pizza Sandwich","raw","cheese processed","81","cheese processed_gm_reciepe","30","gm","1","30","","","","","","","4993.9120","4993.9120","1","","",""
"line_detail","D158","Pizza Sandwich","raw","cheese processed","81","cheese processed_gm_reciepe","30","gm","1","30","","","","","","","4993.9120","4993.9120","1","","",""
"line_detail","D158","Pizza Sandwich","raw","corn","80","corn_gm_reciepe","100","gm","1","100","0.0660","6.6000","","","","","4993.9120","4993.9120","1","","",""
"line_detail","D158","Pizza Sandwich","raw","corn","80","corn_gm_reciepe","100","gm","1","100","0.0660","6.6000","","","","","4993.9120","4993.9120","1","","",""
"line_detail","D158","Pizza Sandwich","raw","corn","80","corn_gm_reciepe","100","gm","1","100","0.0660","6.6000","","","","","4993.9120","4993.9120","1","","",""
"line_detail","D158","Pizza Sandwich","raw","metonese","50","metonese_gm_reciepe","30","gm","1","30","4.5600","136.8000","","","","","4993.9120","4993.9120","1","","",""
"line_detail","D158","Pizza Sandwich","raw","metonese","50","metonese_gm_reciepe","30","gm","1","30","4.5600","136.8000","","","","","4993.9120","4993.9120","1","","",""
"line_detail","D158","Pizza Sandwich","raw","metonese","50","metonese_gm_reciepe","30","gm","1","30","4.5600","136.8000","","","","","4993.9120","4993.9120","1","","",""
"line_detail","D158","Pizza Sandwich","raw","metonese","50","metonese_gm_reciepe","30","gm","1","30","4.5600","136.8000","","","","","4993.9120","4993.9120","1","","",""
"line_detail","D158","Pizza Sandwich","raw","metonese","50","metonese_gm_reciepe","30","gm","1","30","4.5600","136.8000","","","","","4993.9120","4993.9120","1","","",""
"line_detail","D158","Pizza Sandwich","raw","metonese","50","metonese_gm_reciepe","30","gm","1","30","4.5600","136.8000","","","","","4993.9120","4993.9120","1","","",""
"line_detail","D158","Pizza Sandwich","raw","metonese","50","metonese_gm_reciepe","30","gm","1","30","4.5600","136.8000","","","","","4993.9120","4993.9120","1","","",""
"line_detail","D158","Pizza Sandwich","raw","metonese","50","metonese_gm_reciepe","30","gm","1","30","4.5600","136.8000","","","","","4993.9120","4993.9120","1","","",""
"line_detail","D158","Pizza Sandwich","raw","metonese","50","metonese_gm_reciepe","30","gm","1","30","4.5600","136.8000","","","","","4993.9120","4993.9120","1","","",""
"line_detail","D158","Pizza Sandwich","raw","metonese","50","metonese_gm_reciepe","30","gm","1","30","4.5600","136.8000","","","","","4993.9120","4993.9120","1","","",""
"line_detail","D158","Pizza Sandwich","raw","metonese","50","metonese_gm_reciepe","30","gm","1","30","4.5600","136.8000","","","","","4993.9120","4993.9120","1","","",""
"line_detail","D158","Pizza Sandwich","raw","metonese","50","metonese_gm_reciepe","30","gm","1","30","4.5600","136.8000","","","","","4993.9120","4993.9120","1","","",""
"line_detail","D158","Pizza Sandwich","raw","metonese","50","metonese_gm_reciepe","30","gm","1","30","4.5600","136.8000","","","","","4993.9120","4993.9120","1","","",""
"line_detail","D158","Pizza Sandwich","raw","metonese","50","metonese_gm_reciepe","30","gm","1","30","4.5600","136.8000","","","","","4993.9120","4993.9120","1","","",""
"line_detail","D158","Pizza Sandwich","raw","metonese","50","metonese_gm_reciepe","30","gm","1","30","4.5600","136.8000","","","","","4993.9120","4993.9120","1","","",""
"line_detail","D158","Pizza Sandwich","raw","metonese","50","metonese_gm_reciepe","30","gm","1","30","4.5600","136.8000","","","","","4993.9120","4993.9120","1","","",""
"line_detail","D158","Pizza Sandwich","raw","metonese","50","metonese_gm_reciepe","30","gm","1","30","4.5600","136.8000","","","","","4993.9120","4993.9120","1","","",""
"line_detail","D158","Pizza Sandwich","raw","metonese","50","metonese_gm_reciepe","30","gm","1","30","4.5600","136.8000","","","","","4993.9120","4993.9120","1","","",""
"line_detail","D158","Pizza Sandwich","raw","metonese","50","metonese_gm_reciepe","30","gm","1","30","4.5600","136.8000","","","","","4993.9120","4993.9120","1","","",""
"line_detail","D158","Pizza Sandwich","raw","metonese","50","metonese_gm_reciepe","30","gm","1","30","4.5600","136.8000","","","","","4993.9120","4993.9120","1","","",""
"line_detail","D158","Pizza Sandwich","raw","metonese","50","metonese_gm_reciepe","30","gm","1","30","4.5600","136.8000","","","","","4993.9120","4993.9120","1","","",""
"line_detail","D158","Pizza Sandwich","raw","metonese","50","metonese_gm_reciepe","30","gm","1","30","4.5600","136.8000","","","","","4993.9120","4993.9120","1","","",""
"line_detail","D158","Pizza Sandwich","raw","metonese","50","metonese_gm_reciepe","30","gm","1","30","4.5600","136.8000","","","","","4993.9120","4993.9120","1","","",""
"line_detail","D158","Pizza Sandwich","raw","metonese","50","metonese_gm_reciepe","30","gm","1","30","4.5600","136.8000","","","","","4993.9120","4993.9120","1","","",""
"line_detail","D158","Pizza Sandwich","raw","mozerella","74","mozerella_gm_reciepe","40","gm","1","40","","","","","","","4993.9120","4993.9120","1","","",""
"line_detail","D158","Pizza Sandwich","raw","mozerella","74","mozerella_gm_reciepe","40","gm","1","40","","","","","","","4993.9120","4993.9120","1","","",""
"line_detail","D158","Pizza Sandwich","raw","mozerella","74","mozerella_gm_reciepe","40","gm","1","40","","","","","","","4993.9120","4993.9120","1","","",""
"line_detail","D158","Pizza Sandwich","raw","mozerella","74","mozerella_gm_reciepe","40","gm","1","40","","","","","","","4993.9120","4993.9120","1","","",""
"line_detail","D158","Pizza Sandwich","raw","mozerella","74","mozerella_gm_reciepe","50","gm","1","50","","","","","","","4993.9120","4993.9120","1","","",""
"line_detail","D158","Pizza Sandwich","raw","mozerella","74","mozerella_gm_reciepe","40","gm","1","40","","","","","","","4993.9120","4993.9120","1","","",""
"line_detail","D158","Pizza Sandwich","raw","mozerella","74","mozerella_gm_reciepe","50","gm","1","50","","","","","","","4993.9120","4993.9120","1","","",""
"line_detail","D158","Pizza Sandwich","raw","mozerella","74","mozerella_gm_reciepe","50","gm","1","50","","","","","","","4993.9120","4993.9120","1","","",""
"line_detail","D158","Pizza Sandwich","raw","mozerella","74","mozerella_gm_reciepe","50","gm","1","50","","","","","","","4993.9120","4993.9120","1","","",""
"line_detail","D158","Pizza Sandwich","raw","mozerella","74","mozerella_gm_reciepe","50","gm","1","50","","","","","","","4993.9120","4993.9120","1","","",""
"line_detail","D158","Pizza Sandwich","raw","mozerella","74","mozerella_gm_reciepe","40","gm","1","40","","","","","","","4993.9120","4993.9120","1","","",""
"line_detail","D158","Pizza Sandwich","raw","mozerella","74","mozerella_gm_reciepe","50","gm","1","50","","","","","","","4993.9120","4993.9120","1","","",""
"line_detail","D158","Pizza Sandwich","raw","olive","35A","olive_gm_reciepe","5","gm","1","5","","","","","","","4993.9120","4993.9120","1","","",""
"line_detail","D158","Pizza Sandwich","raw","olive","35A","olive_gm_reciepe","5","gm","1","5","","","","","","","4993.9120","4993.9120","1","","",""
"line_detail","D158","Pizza Sandwich","raw","olive","35A","olive_gm_reciepe","5","gm","1","5","","","","","","","4993.9120","4993.9120","1","","",""
"line_detail","D158","Pizza Sandwich","raw","pasta pizza sauce","48","pasta pizza sauce_gm_reciepe","15","gm","1","15","0.1369","2.0535","","","","","4993.9120","4993.9120","1","","",""
"line_detail","D158","Pizza Sandwich","raw","pasta pizza sauce","48","pasta pizza sauce_gm_reciepe","15","gm","1","15","0.1369","2.0535","","","","","4993.9120","4993.9120","1","","",""
"line_detail","D158","Pizza Sandwich","raw","pasta pizza sauce","48","pasta pizza sauce_gm_reciepe","15","gm","1","15","0.1369","2.0535","","","","","4993.9120","4993.9120","1","","",""
"line_detail","D158","Pizza Sandwich","raw","pasta pizza sauce","48","pasta pizza sauce_gm_reciepe","15","gm","1","15","0.1369","2.0535","","","","","4993.9120","4993.9120","1","","",""
"line_detail","D158","Pizza Sandwich","raw","pasta pizza sauce","48","pasta pizza sauce_gm_reciepe","15","gm","1","15","0.1369","2.0535","","","","","4993.9120","4993.9120","1","","",""
"line_detail","D158","Pizza Sandwich","raw","pasta pizza sauce","48","pasta pizza sauce_gm_reciepe","15","gm","1","15","0.1369","2.0535","","","","","4993.9120","4993.9120","1","","",""
"line_detail","D158","Pizza Sandwich","raw","pasta pizza sauce","48","pasta pizza sauce_gm_reciepe","15","gm","1","15","0.1369","2.0535","","","","","4993.9120","4993.9120","1","","",""
"line_detail","D158","Pizza Sandwich","raw","pasta pizza sauce","48","pasta pizza sauce_gm_reciepe","15","gm","1","15","0.1369","2.0535","","","","","4993.9120","4993.9120","1","","",""
"line_detail","D158","Pizza Sandwich","raw","pasta pizza sauce","48","pasta pizza sauce_gm_reciepe","15","gm","1","15","0.1369","2.0535","","","","","4993.9120","4993.9120","1","","",""
"line_detail","D158","Pizza Sandwich","raw","pasta pizza sauce","48","pasta pizza sauce_gm_reciepe","15","gm","1","15","0.1369","2.0535","","","","","4993.9120","4993.9120","1","","",""
"line_detail","D158","Pizza Sandwich","raw","pasta pizza sauce","48","pasta pizza sauce_gm_reciepe","15","gm","1","15","0.1369","2.0535","","","","","4993.9120","4993.9120","1","","",""
"line_detail","D158","Pizza Sandwich","raw","pasta pizza sauce","48","pasta pizza sauce_gm_reciepe","15","gm","1","15","0.1369","2.0535","","","","","4993.9120","4993.9120","1","","",""
"dish_summary","D158","Pizza Sandwich","","","","Pizza Sandwich_1_portion","","","","","","4993.9120","standard","false","Pizza Sandwich_1_portion","","4993.9120","4993.9120","1","1","34","0"
"line_detail","D159","Alfredo Pasta","raw","Basil","V16","Basil_gm_reciepe","10","gm","1","10","","","","","","","426.8400","426.8400","1","","",""
"line_detail","D159","Alfredo Pasta","raw","Basil","V16","Basil_gm_reciepe","10","gm","1","10","","","","","","","426.8400","426.8400","1","","",""
"line_detail","D159","Alfredo Pasta","raw","Basil","V16","Basil_gm_reciepe","10","gm","1","10","","","","","","","426.8400","426.8400","1","","",""
"line_detail","D159","Alfredo Pasta","raw","Basil","V16","Basil_gm_reciepe","10","gm","1","10","","","","","","","426.8400","426.8400","1","","",""
"line_detail","D159","Alfredo Pasta","raw","Broccoli","V15","Broccoli_gm_reciepe","25","gm","1","25","","","","","","","426.8400","426.8400","1","","",""
"line_detail","D159","Alfredo Pasta","raw","Broccoli","V15","Broccoli_gm_reciepe","25","gm","1","25","","","","","","","426.8400","426.8400","1","","",""
"line_detail","D159","Alfredo Pasta","raw","Broccoli","V15","Broccoli_gm_reciepe","25","gm","1","25","","","","","","","426.8400","426.8400","1","","",""
"line_detail","D159","Alfredo Pasta","raw","Broccoli","V15","Broccoli_gm_reciepe","25","gm","1","25","","","","","","","426.8400","426.8400","1","","",""
"line_detail","D159","Alfredo Pasta","raw","Garlic","V10","Garlic_gm_reciepe","10","gm","1","10","","","","","","","426.8400","426.8400","1","","",""
"line_detail","D159","Alfredo Pasta","raw","Garlic","V10","Garlic_gm_reciepe","10","gm","1","10","","","","","","","426.8400","426.8400","1","","",""
"line_detail","D159","Alfredo Pasta","raw","Garlic","V10","Garlic_gm_reciepe","10","gm","1","10","","","","","","","426.8400","426.8400","1","","",""
"line_detail","D159","Alfredo Pasta","raw","Garlic","V10","Garlic_gm_reciepe","10","gm","1","10","","","","","","","426.8400","426.8400","1","","",""
"line_detail","D159","Alfredo Pasta","raw","RICH COOKING CREAM","75","RICH COOKING CREAM_gm_reciepe","200","gm","1","200","0.2190","43.8000","","","","","426.8400","426.8400","1","","",""
"line_detail","D159","Alfredo Pasta","raw","RICH COOKING CREAM","75","RICH COOKING CREAM_gm_reciepe","200","gm","1","200","0.2190","43.8000","","","","","426.8400","426.8400","1","","",""
"line_detail","D159","Alfredo Pasta","raw","RICH COOKING CREAM","75","RICH COOKING CREAM_gm_reciepe","200","gm","1","200","0.2190","43.8000","","","","","426.8400","426.8400","1","","",""
"line_detail","D159","Alfredo Pasta","raw","RICH COOKING CREAM","75","RICH COOKING CREAM_gm_reciepe","200","gm","1","200","0.2190","43.8000","","","","","426.8400","426.8400","1","","",""
"line_detail","D159","Alfredo Pasta","raw","RICH COOKING CREAM","75","RICH COOKING CREAM_gm_reciepe","200","gm","1","200","0.2190","43.8000","","","","","426.8400","426.8400","1","","",""
"line_detail","D159","Alfredo Pasta","raw","RICH COOKING CREAM","75","RICH COOKING CREAM_gm_reciepe","200","gm","1","200","0.2190","43.8000","","","","","426.8400","426.8400","1","","",""
"line_detail","D159","Alfredo Pasta","raw","RICH COOKING CREAM","75","RICH COOKING CREAM_gm_reciepe","200","gm","1","200","0.2190","43.8000","","","","","426.8400","426.8400","1","","",""
"line_detail","D159","Alfredo Pasta","raw","RICH COOKING CREAM","75","RICH COOKING CREAM_gm_reciepe","200","gm","1","200","0.2190","43.8000","","","","","426.8400","426.8400","1","","",""
"line_detail","D159","Alfredo Pasta","raw","RICH COOKING CREAM","75","RICH COOKING CREAM_gm_reciepe","200","gm","1","200","0.2190","43.8000","","","","","426.8400","426.8400","1","","",""
"line_detail","D159","Alfredo Pasta","raw","Red Bell Pepper","V14","Red Bell Pepper_gm_reciepe","20","gm","1","20","","","","","","","426.8400","426.8400","1","","",""
"line_detail","D159","Alfredo Pasta","raw","Red Bell Pepper","V14","Red Bell Pepper_gm_reciepe","20","gm","1","20","","","","","","","426.8400","426.8400","1","","",""
"line_detail","D159","Alfredo Pasta","raw","Red Bell Pepper","V14","Red Bell Pepper_gm_reciepe","20","gm","1","20","","","","","","","426.8400","426.8400","1","","",""
"line_detail","D159","Alfredo Pasta","raw","Red Bell Pepper","V14","Red Bell Pepper_gm_reciepe","20","gm","1","20","","","","","","","426.8400","426.8400","1","","",""
"line_detail","D159","Alfredo Pasta","raw","butter","73","butter_gm_reciepe","50","gm","1","50","0.1780","8.9000","","","","","426.8400","426.8400","1","","",""
"line_detail","D159","Alfredo Pasta","raw","butter","73","butter_gm_reciepe","50","gm","1","50","0.1780","8.9000","","","","","426.8400","426.8400","1","","",""
"line_detail","D159","Alfredo Pasta","raw","butter","73","butter_gm_reciepe","50","gm","1","50","0.1780","8.9000","","","","","426.8400","426.8400","1","","",""
"line_detail","D159","Alfredo Pasta","raw","cheese processed","81","cheese processed_gm_reciepe","10","gm","1","10","","","","","","","426.8400","426.8400","1","","",""
"line_detail","D159","Alfredo Pasta","raw","cheese processed","81","cheese processed_gm_reciepe","10","gm","1","10","","","","","","","426.8400","426.8400","1","","",""
"line_detail","D159","Alfredo Pasta","raw","cheese processed","81","cheese processed_gm_reciepe","10","gm","1","10","","","","","","","426.8400","426.8400","1","","",""
"line_detail","D159","Alfredo Pasta","raw","cheese processed","81","cheese processed_gm_reciepe","10","gm","1","10","","","","","","","426.8400","426.8400","1","","",""
"line_detail","D159","Alfredo Pasta","raw","cheese processed","81","cheese processed_gm_reciepe","10","gm","1","10","","","","","","","426.8400","426.8400","1","","",""
"line_detail","D159","Alfredo Pasta","raw","cheese processed","81","cheese processed_gm_reciepe","10","gm","1","10","","","","","","","426.8400","426.8400","1","","",""
"line_detail","D159","Alfredo Pasta","raw","cheese processed","81","cheese processed_gm_reciepe","10","gm","1","10","","","","","","","426.8400","426.8400","1","","",""
"line_detail","D159","Alfredo Pasta","raw","cheese processed","81","cheese processed_gm_reciepe","10","gm","1","10","","","","","","","426.8400","426.8400","1","","",""
"line_detail","D159","Alfredo Pasta","raw","cheese processed","81","cheese processed_gm_reciepe","10","gm","1","10","","","","","","","426.8400","426.8400","1","","",""
"line_detail","D159","Alfredo Pasta","raw","cheese processed","81","cheese processed_gm_reciepe","10","gm","1","10","","","","","","","426.8400","426.8400","1","","",""
"line_detail","D159","Alfredo Pasta","raw","cheese processed","81","cheese processed_gm_reciepe","10","gm","1","10","","","","","","","426.8400","426.8400","1","","",""
"line_detail","D159","Alfredo Pasta","raw","cheese processed","81","cheese processed_gm_reciepe","10","gm","1","10","","","","","","","426.8400","426.8400","1","","",""
"line_detail","D159","Alfredo Pasta","raw","cheese processed","81","cheese processed_gm_reciepe","10","gm","1","10","","","","","","","426.8400","426.8400","1","","",""
"line_detail","D159","Alfredo Pasta","raw","cheese processed","81","cheese processed_gm_reciepe","10","gm","1","10","","","","","","","426.8400","426.8400","1","","",""
"line_detail","D159","Alfredo Pasta","raw","cheese processed","81","cheese processed_gm_reciepe","10","gm","1","10","","","","","","","426.8400","426.8400","1","","",""
"line_detail","D159","Alfredo Pasta","raw","corn","80","corn_gm_reciepe","30","gm","1","30","0.0660","1.9800","","","","","426.8400","426.8400","1","","",""
"line_detail","D159","Alfredo Pasta","raw","corn","80","corn_gm_reciepe","30","gm","1","30","0.0660","1.9800","","","","","426.8400","426.8400","1","","",""
"line_detail","D159","Alfredo Pasta","raw","corn","80","corn_gm_reciepe","30","gm","1","30","0.0660","1.9800","","","","","426.8400","426.8400","1","","",""
"line_detail","D159","Alfredo Pasta","raw","olive","35A","olive_gm_reciepe","25","gm","1","25","","","","","","","426.8400","426.8400","1","","",""
"line_detail","D159","Alfredo Pasta","raw","olive","35A","olive_gm_reciepe","25","gm","1","25","","","","","","","426.8400","426.8400","1","","",""
"line_detail","D159","Alfredo Pasta","raw","olive","35A","olive_gm_reciepe","25","gm","1","25","","","","","","","426.8400","426.8400","1","","",""
"dish_summary","D159","Alfredo Pasta","","","","Alfredo Pasta _1_portion","","","","","","426.8400","standard","false","Alfredo Pasta _1_portion","","426.8400","426.8400","1","2","34","0"
"line_detail","D160","Arrabiata Pasta","raw","Basil","V16","Basil_gm_reciepe","8","gm","1","8","","","","","","","1144.2120","1144.2120","1","","",""
"line_detail","D160","Arrabiata Pasta","raw","Basil","V16","Basil_gm_reciepe","8","gm","1","8","","","","","","","1144.2120","1144.2120","1","","",""
"line_detail","D160","Arrabiata Pasta","raw","Basil","V16","Basil_gm_reciepe","8","gm","1","8","","","","","","","1144.2120","1144.2120","1","","",""
"line_detail","D160","Arrabiata Pasta","raw","Basil","V16","Basil_gm_reciepe","8","gm","1","8","","","","","","","1144.2120","1144.2120","1","","",""
"line_detail","D160","Arrabiata Pasta","raw","Broccoli","V15","Broccoli_gm_reciepe","10","gm","1","10","","","","","","","1144.2120","1144.2120","1","","",""
"line_detail","D160","Arrabiata Pasta","raw","Broccoli","V15","Broccoli_gm_reciepe","25","gm","1","25","","","","","","","1144.2120","1144.2120","1","","",""
"line_detail","D160","Arrabiata Pasta","raw","Broccoli","V15","Broccoli_gm_reciepe","25","gm","1","25","","","","","","","1144.2120","1144.2120","1","","",""
"line_detail","D160","Arrabiata Pasta","raw","Broccoli","V15","Broccoli_gm_reciepe","10","gm","1","10","","","","","","","1144.2120","1144.2120","1","","",""
"line_detail","D160","Arrabiata Pasta","raw","Broccoli","V15","Broccoli_gm_reciepe","10","gm","1","10","","","","","","","1144.2120","1144.2120","1","","",""
"line_detail","D160","Arrabiata Pasta","raw","Broccoli","V15","Broccoli_gm_reciepe","10","gm","1","10","","","","","","","1144.2120","1144.2120","1","","",""
"line_detail","D160","Arrabiata Pasta","raw","Broccoli","V15","Broccoli_gm_reciepe","25","gm","1","25","","","","","","","1144.2120","1144.2120","1","","",""
"line_detail","D160","Arrabiata Pasta","raw","Broccoli","V15","Broccoli_gm_reciepe","25","gm","1","25","","","","","","","1144.2120","1144.2120","1","","",""
"line_detail","D160","Arrabiata Pasta","raw","Capsicum","V1","Capsicum_gm_reciepe","10","gm","1","10","","","","","","","1144.2120","1144.2120","1","","",""
"line_detail","D160","Arrabiata Pasta","raw","Capsicum","V1","Capsicum_gm_reciepe","10","gm","1","10","","","","","","","1144.2120","1144.2120","1","","",""
"line_detail","D160","Arrabiata Pasta","raw","Capsicum","V1","Capsicum_gm_reciepe","10","gm","1","10","","","","","","","1144.2120","1144.2120","1","","",""
"line_detail","D160","Arrabiata Pasta","raw","Capsicum","V1","Capsicum_gm_reciepe","10","gm","1","10","","","","","","","1144.2120","1144.2120","1","","",""
"line_detail","D160","Arrabiata Pasta","raw","Garlic","V10","Garlic_gm_reciepe","3","gm","1","3","","","","","","","1144.2120","1144.2120","1","","",""
"line_detail","D160","Arrabiata Pasta","raw","Garlic","V10","Garlic_gm_reciepe","3","gm","1","3","","","","","","","1144.2120","1144.2120","1","","",""
"line_detail","D160","Arrabiata Pasta","raw","Garlic","V10","Garlic_gm_reciepe","3","gm","1","3","","","","","","","1144.2120","1144.2120","1","","",""
"line_detail","D160","Arrabiata Pasta","raw","Garlic","V10","Garlic_gm_reciepe","3","gm","1","3","","","","","","","1144.2120","1144.2120","1","","",""
"line_detail","D160","Arrabiata Pasta","raw","Garlic","V10","Garlic_gm_reciepe","10","gm","1","10","","","","","","","1144.2120","1144.2120","1","","",""
"line_detail","D160","Arrabiata Pasta","raw","Garlic","V10","Garlic_gm_reciepe","10","gm","1","10","","","","","","","1144.2120","1144.2120","1","","",""
"line_detail","D160","Arrabiata Pasta","raw","Garlic","V10","Garlic_gm_reciepe","10","gm","1","10","","","","","","","1144.2120","1144.2120","1","","",""
"line_detail","D160","Arrabiata Pasta","raw","Garlic","V10","Garlic_gm_reciepe","10","gm","1","10","","","","","","","1144.2120","1144.2120","1","","",""
"line_detail","D160","Arrabiata Pasta","raw","RICH COOKING CREAM","75","RICH COOKING CREAM_gm_reciepe","200","gm","1","200","0.2190","43.8000","","","","","1144.2120","1144.2120","1","","",""
"line_detail","D160","Arrabiata Pasta","raw","RICH COOKING CREAM","75","RICH COOKING CREAM_gm_reciepe","200","gm","1","200","0.2190","43.8000","","","","","1144.2120","1144.2120","1","","",""
"line_detail","D160","Arrabiata Pasta","raw","RICH COOKING CREAM","75","RICH COOKING CREAM_gm_reciepe","200","gm","1","200","0.2190","43.8000","","","","","1144.2120","1144.2120","1","","",""
"line_detail","D160","Arrabiata Pasta","raw","RICH COOKING CREAM","75","RICH COOKING CREAM_gm_reciepe","350","gm","1","350","0.2190","76.6500","","","","","1144.2120","1144.2120","1","","",""
"line_detail","D160","Arrabiata Pasta","raw","RICH COOKING CREAM","75","RICH COOKING CREAM_gm_reciepe","200","gm","1","200","0.2190","43.8000","","","","","1144.2120","1144.2120","1","","",""
"line_detail","D160","Arrabiata Pasta","raw","RICH COOKING CREAM","75","RICH COOKING CREAM_gm_reciepe","350","gm","1","350","0.2190","76.6500","","","","","1144.2120","1144.2120","1","","",""
"line_detail","D160","Arrabiata Pasta","raw","RICH COOKING CREAM","75","RICH COOKING CREAM_gm_reciepe","200","gm","1","200","0.2190","43.8000","","","","","1144.2120","1144.2120","1","","",""
"line_detail","D160","Arrabiata Pasta","raw","RICH COOKING CREAM","75","RICH COOKING CREAM_gm_reciepe","200","gm","1","200","0.2190","43.8000","","","","","1144.2120","1144.2120","1","","",""
"line_detail","D160","Arrabiata Pasta","raw","RICH COOKING CREAM","75","RICH COOKING CREAM_gm_reciepe","350","gm","1","350","0.2190","76.6500","","","","","1144.2120","1144.2120","1","","",""
"line_detail","D160","Arrabiata Pasta","raw","RICH COOKING CREAM","75","RICH COOKING CREAM_gm_reciepe","350","gm","1","350","0.2190","76.6500","","","","","1144.2120","1144.2120","1","","",""
"line_detail","D160","Arrabiata Pasta","raw","RICH COOKING CREAM","75","RICH COOKING CREAM_gm_reciepe","200","gm","1","200","0.2190","43.8000","","","","","1144.2120","1144.2120","1","","",""
"line_detail","D160","Arrabiata Pasta","raw","RICH COOKING CREAM","75","RICH COOKING CREAM_gm_reciepe","350","gm","1","350","0.2190","76.6500","","","","","1144.2120","1144.2120","1","","",""
"line_detail","D160","Arrabiata Pasta","raw","RICH COOKING CREAM","75","RICH COOKING CREAM_gm_reciepe","350","gm","1","350","0.2190","76.6500","","","","","1144.2120","1144.2120","1","","",""
"line_detail","D160","Arrabiata Pasta","raw","RICH COOKING CREAM","75","RICH COOKING CREAM_gm_reciepe","350","gm","1","350","0.2190","76.6500","","","","","1144.2120","1144.2120","1","","",""
"line_detail","D160","Arrabiata Pasta","raw","RICH COOKING CREAM","75","RICH COOKING CREAM_gm_reciepe","350","gm","1","350","0.2190","76.6500","","","","","1144.2120","1144.2120","1","","",""
"line_detail","D160","Arrabiata Pasta","raw","RICH COOKING CREAM","75","RICH COOKING CREAM_gm_reciepe","350","gm","1","350","0.2190","76.6500","","","","","1144.2120","1144.2120","1","","",""
"line_detail","D160","Arrabiata Pasta","raw","RICH COOKING CREAM","75","RICH COOKING CREAM_gm_reciepe","200","gm","1","200","0.2190","43.8000","","","","","1144.2120","1144.2120","1","","",""
"line_detail","D160","Arrabiata Pasta","raw","RICH COOKING CREAM","75","RICH COOKING CREAM_gm_reciepe","200","gm","1","200","0.2190","43.8000","","","","","1144.2120","1144.2120","1","","",""
"line_detail","D160","Arrabiata Pasta","raw","Red Bell Pepper","V14","Red Bell Pepper_gm_reciepe","20","gm","1","20","","","","","","","1144.2120","1144.2120","1","","",""
"line_detail","D160","Arrabiata Pasta","raw","Red Bell Pepper","V14","Red Bell Pepper_gm_reciepe","20","gm","1","20","","","","","","","1144.2120","1144.2120","1","","",""
"line_detail","D160","Arrabiata Pasta","raw","Red Bell Pepper","V14","Red Bell Pepper_gm_reciepe","20","gm","1","20","","","","","","","1144.2120","1144.2120","1","","",""
"line_detail","D160","Arrabiata Pasta","raw","Red Bell Pepper","V14","Red Bell Pepper_gm_reciepe","20","gm","1","20","","","","","","","1144.2120","1144.2120","1","","",""
"line_detail","D160","Arrabiata Pasta","raw","black pepper","39B","black pepper_gm_reciepe","10","gm","1","10","","","","","","","1144.2120","1144.2120","1","","",""
"line_detail","D160","Arrabiata Pasta","raw","black pepper","39B","black pepper_gm_reciepe","10","gm","1","10","","","","","","","1144.2120","1144.2120","1","","",""
"line_detail","D160","Arrabiata Pasta","raw","black pepper","39B","black pepper_gm_reciepe","10","gm","1","10","","","","","","","1144.2120","1144.2120","1","","",""
"line_detail","D160","Arrabiata Pasta","raw","butter","73","butter_gm_reciepe","50","gm","1","50","0.1780","8.9000","","","","","1144.2120","1144.2120","1","","",""
"line_detail","D160","Arrabiata Pasta","raw","butter","73","butter_gm_reciepe","50","gm","1","50","0.1780","8.9000","","","","","1144.2120","1144.2120","1","","",""
"line_detail","D160","Arrabiata Pasta","raw","butter","73","butter_gm_reciepe","50","gm","1","50","0.1780","8.9000","","","","","1144.2120","1144.2120","1","","",""
"line_detail","D160","Arrabiata Pasta","raw","cheese processed","81","cheese processed_gm_reciepe","10","gm","1","10","","","","","","","1144.2120","1144.2120","1","","",""
"line_detail","D160","Arrabiata Pasta","raw","cheese processed","81","cheese processed_gm_reciepe","10","gm","1","10","","","","","","","1144.2120","1144.2120","1","","",""
"line_detail","D160","Arrabiata Pasta","raw","cheese processed","81","cheese processed_gm_reciepe","10","gm","1","10","","","","","","","1144.2120","1144.2120","1","","",""
"line_detail","D160","Arrabiata Pasta","raw","cheese processed","81","cheese processed_gm_reciepe","10","gm","1","10","","","","","","","1144.2120","1144.2120","1","","",""
"line_detail","D160","Arrabiata Pasta","raw","cheese processed","81","cheese processed_gm_reciepe","30","gm","1","30","","","","","","","1144.2120","1144.2120","1","","",""
"line_detail","D160","Arrabiata Pasta","raw","cheese processed","81","cheese processed_gm_reciepe","30","gm","1","30","","","","","","","1144.2120","1144.2120","1","","",""
"line_detail","D160","Arrabiata Pasta","raw","cheese processed","81","cheese processed_gm_reciepe","10","gm","1","10","","","","","","","1144.2120","1144.2120","1","","",""
"line_detail","D160","Arrabiata Pasta","raw","cheese processed","81","cheese processed_gm_reciepe","10","gm","1","10","","","","","","","1144.2120","1144.2120","1","","",""
"line_detail","D160","Arrabiata Pasta","raw","cheese processed","81","cheese processed_gm_reciepe","10","gm","1","10","","","","","","","1144.2120","1144.2120","1","","",""
"line_detail","D160","Arrabiata Pasta","raw","cheese processed","81","cheese processed_gm_reciepe","30","gm","1","30","","","","","","","1144.2120","1144.2120","1","","",""
"line_detail","D160","Arrabiata Pasta","raw","cheese processed","81","cheese processed_gm_reciepe","10","gm","1","10","","","","","","","1144.2120","1144.2120","1","","",""
"line_detail","D160","Arrabiata Pasta","raw","cheese processed","81","cheese processed_gm_reciepe","10","gm","1","10","","","","","","","1144.2120","1144.2120","1","","",""
"line_detail","D160","Arrabiata Pasta","raw","cheese processed","81","cheese processed_gm_reciepe","10","gm","1","10","","","","","","","1144.2120","1144.2120","1","","",""
"line_detail","D160","Arrabiata Pasta","raw","cheese processed","81","cheese processed_gm_reciepe","30","gm","1","30","","","","","","","1144.2120","1144.2120","1","","",""
"line_detail","D160","Arrabiata Pasta","raw","cheese processed","81","cheese processed_gm_reciepe","10","gm","1","10","","","","","","","1144.2120","1144.2120","1","","",""
"line_detail","D160","Arrabiata Pasta","raw","cheese processed","81","cheese processed_gm_reciepe","10","gm","1","10","","","","","","","1144.2120","1144.2120","1","","",""
"line_detail","D160","Arrabiata Pasta","raw","cheese processed","81","cheese processed_gm_reciepe","10","gm","1","10","","","","","","","1144.2120","1144.2120","1","","",""
"line_detail","D160","Arrabiata Pasta","raw","cheese processed","81","cheese processed_gm_reciepe","30","gm","1","30","","","","","","","1144.2120","1144.2120","1","","",""
"line_detail","D160","Arrabiata Pasta","raw","cheese processed","81","cheese processed_gm_reciepe","10","gm","1","10","","","","","","","1144.2120","1144.2120","1","","",""
"line_detail","D160","Arrabiata Pasta","raw","cheese processed","81","cheese processed_gm_reciepe","30","gm","1","30","","","","","","","1144.2120","1144.2120","1","","",""
"line_detail","D160","Arrabiata Pasta","raw","cheese processed","81","cheese processed_gm_reciepe","10","gm","1","10","","","","","","","1144.2120","1144.2120","1","","",""
"line_detail","D160","Arrabiata Pasta","raw","cheese processed","81","cheese processed_gm_reciepe","10","gm","1","10","","","","","","","1144.2120","1144.2120","1","","",""
"line_detail","D160","Arrabiata Pasta","raw","cheese processed","81","cheese processed_gm_reciepe","30","gm","1","30","","","","","","","1144.2120","1144.2120","1","","",""
"line_detail","D160","Arrabiata Pasta","raw","cheese processed","81","cheese processed_gm_reciepe","10","gm","1","10","","","","","","","1144.2120","1144.2120","1","","",""
"line_detail","D160","Arrabiata Pasta","raw","cheese processed","81","cheese processed_gm_reciepe","30","gm","1","30","","","","","","","1144.2120","1144.2120","1","","",""
"line_detail","D160","Arrabiata Pasta","raw","cheese processed","81","cheese processed_gm_reciepe","10","gm","1","10","","","","","","","1144.2120","1144.2120","1","","",""
"line_detail","D160","Arrabiata Pasta","raw","cheese processed","81","cheese processed_gm_reciepe","30","gm","1","30","","","","","","","1144.2120","1144.2120","1","","",""
"line_detail","D160","Arrabiata Pasta","raw","cheese processed","81","cheese processed_gm_reciepe","10","gm","1","10","","","","","","","1144.2120","1144.2120","1","","",""
"line_detail","D160","Arrabiata Pasta","raw","cheese processed","81","cheese processed_gm_reciepe","10","gm","1","10","","","","","","","1144.2120","1144.2120","1","","",""
"line_detail","D160","Arrabiata Pasta","raw","cheese processed","81","cheese processed_gm_reciepe","10","gm","1","10","","","","","","","1144.2120","1144.2120","1","","",""
"line_detail","D160","Arrabiata Pasta","raw","cheese processed","81","cheese processed_gm_reciepe","10","gm","1","10","","","","","","","1144.2120","1144.2120","1","","",""
"line_detail","D160","Arrabiata Pasta","raw","cheese processed","81","cheese processed_gm_reciepe","30","gm","1","30","","","","","","","1144.2120","1144.2120","1","","",""
"line_detail","D160","Arrabiata Pasta","raw","cheese processed","81","cheese processed_gm_reciepe","30","gm","1","30","","","","","","","1144.2120","1144.2120","1","","",""
"line_detail","D160","Arrabiata Pasta","raw","cheese processed","81","cheese processed_gm_reciepe","10","gm","1","10","","","","","","","1144.2120","1144.2120","1","","",""
"line_detail","D160","Arrabiata Pasta","raw","cheese processed","81","cheese processed_gm_reciepe","30","gm","1","30","","","","","","","1144.2120","1144.2120","1","","",""
"line_detail","D160","Arrabiata Pasta","raw","cheese processed","81","cheese processed_gm_reciepe","10","gm","1","10","","","","","","","1144.2120","1144.2120","1","","",""
"line_detail","D160","Arrabiata Pasta","raw","cheese processed","81","cheese processed_gm_reciepe","10","gm","1","10","","","","","","","1144.2120","1144.2120","1","","",""
"line_detail","D160","Arrabiata Pasta","raw","cheese processed","81","cheese processed_gm_reciepe","30","gm","1","30","","","","","","","1144.2120","1144.2120","1","","",""
"line_detail","D160","Arrabiata Pasta","raw","cheese processed","81","cheese processed_gm_reciepe","10","gm","1","10","","","","","","","1144.2120","1144.2120","1","","",""
"line_detail","D160","Arrabiata Pasta","raw","cheese processed","81","cheese processed_gm_reciepe","10","gm","1","10","","","","","","","1144.2120","1144.2120","1","","",""
"line_detail","D160","Arrabiata Pasta","raw","cheese processed","81","cheese processed_gm_reciepe","10","gm","1","10","","","","","","","1144.2120","1144.2120","1","","",""
"line_detail","D160","Arrabiata Pasta","raw","cheese processed","81","cheese processed_gm_reciepe","30","gm","1","30","","","","","","","1144.2120","1144.2120","1","","",""
"line_detail","D160","Arrabiata Pasta","raw","cheese processed","81","cheese processed_gm_reciepe","30","gm","1","30","","","","","","","1144.2120","1144.2120","1","","",""
"line_detail","D160","Arrabiata Pasta","raw","cheese processed","81","cheese processed_gm_reciepe","10","gm","1","10","","","","","","","1144.2120","1144.2120","1","","",""
"line_detail","D160","Arrabiata Pasta","raw","cheese processed","81","cheese processed_gm_reciepe","10","gm","1","10","","","","","","","1144.2120","1144.2120","1","","",""
"line_detail","D160","Arrabiata Pasta","raw","chilli flake","61","chilli flake_gm_reciepe","7","gm","1","7","","","","","","","1144.2120","1144.2120","1","","",""
"line_detail","D160","Arrabiata Pasta","raw","chilli flake","61","chilli flake_gm_reciepe","7","gm","1","7","","","","","","","1144.2120","1144.2120","1","","",""
"line_detail","D160","Arrabiata Pasta","raw","chilli flake","61","chilli flake_gm_reciepe","7","gm","1","7","","","","","","","1144.2120","1144.2120","1","","",""
"line_detail","D160","Arrabiata Pasta","raw","chilli flake","61","chilli flake_gm_reciepe","7","gm","1","7","","","","","","","1144.2120","1144.2120","1","","",""
"line_detail","D160","Arrabiata Pasta","raw","chilli flake","61","chilli flake_gm_reciepe","7","gm","1","7","","","","","","","1144.2120","1144.2120","1","","",""
"line_detail","D160","Arrabiata Pasta","raw","chilli flake","61","chilli flake_gm_reciepe","7","gm","1","7","","","","","","","1144.2120","1144.2120","1","","",""
"line_detail","D160","Arrabiata Pasta","raw","corn","80","corn_gm_reciepe","10","gm","1","10","0.0660","0.6600","","","","","1144.2120","1144.2120","1","","",""
"line_detail","D160","Arrabiata Pasta","raw","corn","80","corn_gm_reciepe","10","gm","1","10","0.0660","0.6600","","","","","1144.2120","1144.2120","1","","",""
"line_detail","D160","Arrabiata Pasta","raw","corn","80","corn_gm_reciepe","30","gm","1","30","0.0660","1.9800","","","","","1144.2120","1144.2120","1","","",""
"line_detail","D160","Arrabiata Pasta","raw","corn","80","corn_gm_reciepe","30","gm","1","30","0.0660","1.9800","","","","","1144.2120","1144.2120","1","","",""
"line_detail","D160","Arrabiata Pasta","raw","corn","80","corn_gm_reciepe","10","gm","1","10","0.0660","0.6600","","","","","1144.2120","1144.2120","1","","",""
"line_detail","D160","Arrabiata Pasta","raw","corn","80","corn_gm_reciepe","30","gm","1","30","0.0660","1.9800","","","","","1144.2120","1144.2120","1","","",""
"line_detail","D160","Arrabiata Pasta","raw","olive","35A","olive_gm_reciepe","5","gm","1","5","","","","","","","1144.2120","1144.2120","1","","",""
"line_detail","D160","Arrabiata Pasta","raw","olive","35A","olive_gm_reciepe","25","gm","1","25","","","","","","","1144.2120","1144.2120","1","","",""
"line_detail","D160","Arrabiata Pasta","raw","olive","35A","olive_gm_reciepe","25","gm","1","25","","","","","","","1144.2120","1144.2120","1","","",""
"line_detail","D160","Arrabiata Pasta","raw","olive","35A","olive_gm_reciepe","5","gm","1","5","","","","","","","1144.2120","1144.2120","1","","",""
"line_detail","D160","Arrabiata Pasta","raw","olive","35A","olive_gm_reciepe","5","gm","1","5","","","","","","","1144.2120","1144.2120","1","","",""
"line_detail","D160","Arrabiata Pasta","raw","olive","35A","olive_gm_reciepe","25","gm","1","25","","","","","","","1144.2120","1144.2120","1","","",""
"line_detail","D160","Arrabiata Pasta","raw","oregano","62","oregano_gm_reciepe","7","gm","1","7","","","","","","","1144.2120","1144.2120","1","","",""
"line_detail","D160","Arrabiata Pasta","raw","oregano","62","oregano_gm_reciepe","7","gm","1","7","","","","","","","1144.2120","1144.2120","1","","",""
"line_detail","D160","Arrabiata Pasta","raw","oregano","62","oregano_gm_reciepe","7","gm","1","7","","","","","","","1144.2120","1144.2120","1","","",""
"line_detail","D160","Arrabiata Pasta","raw","oregano","62","oregano_gm_reciepe","7","gm","1","7","","","","","","","1144.2120","1144.2120","1","","",""
"line_detail","D160","Arrabiata Pasta","raw","oregano","62","oregano_gm_reciepe","7","gm","1","7","","","","","","","1144.2120","1144.2120","1","","",""
"line_detail","D160","Arrabiata Pasta","raw","oregano","62","oregano_gm_reciepe","7","gm","1","7","","","","","","","1144.2120","1144.2120","1","","",""
"line_detail","D160","Arrabiata Pasta","raw","pasta pizza sauce","48","pasta pizza sauce_gm_reciepe","15","gm","1","15","0.1369","2.0535","","","","","1144.2120","1144.2120","1","","",""
"line_detail","D160","Arrabiata Pasta","raw","pasta pizza sauce","48","pasta pizza sauce_gm_reciepe","15","gm","1","15","0.1369","2.0535","","","","","1144.2120","1144.2120","1","","",""
"line_detail","D160","Arrabiata Pasta","raw","pasta pizza sauce","48","pasta pizza sauce_gm_reciepe","15","gm","1","15","0.1369","2.0535","","","","","1144.2120","1144.2120","1","","",""
"line_detail","D160","Arrabiata Pasta","raw","pasta pizza sauce","48","pasta pizza sauce_gm_reciepe","15","gm","1","15","0.1369","2.0535","","","","","1144.2120","1144.2120","1","","",""
"line_detail","D160","Arrabiata Pasta","raw","pasta pizza sauce","48","pasta pizza sauce_gm_reciepe","15","gm","1","15","0.1369","2.0535","","","","","1144.2120","1144.2120","1","","",""
"line_detail","D160","Arrabiata Pasta","raw","pasta pizza sauce","48","pasta pizza sauce_gm_reciepe","15","gm","1","15","0.1369","2.0535","","","","","1144.2120","1144.2120","1","","",""
"line_detail","D160","Arrabiata Pasta","raw","pasta pizza sauce","48","pasta pizza sauce_gm_reciepe","15","gm","1","15","0.1369","2.0535","","","","","1144.2120","1144.2120","1","","",""
"line_detail","D160","Arrabiata Pasta","raw","pasta pizza sauce","48","pasta pizza sauce_gm_reciepe","15","gm","1","15","0.1369","2.0535","","","","","1144.2120","1144.2120","1","","",""
"line_detail","D160","Arrabiata Pasta","raw","pasta pizza sauce","48","pasta pizza sauce_gm_reciepe","15","gm","1","15","0.1369","2.0535","","","","","1144.2120","1144.2120","1","","",""
"line_detail","D160","Arrabiata Pasta","raw","pasta pizza sauce","48","pasta pizza sauce_gm_reciepe","15","gm","1","15","0.1369","2.0535","","","","","1144.2120","1144.2120","1","","",""
"line_detail","D160","Arrabiata Pasta","raw","pasta pizza sauce","48","pasta pizza sauce_gm_reciepe","15","gm","1","15","0.1369","2.0535","","","","","1144.2120","1144.2120","1","","",""
"line_detail","D160","Arrabiata Pasta","raw","pasta pizza sauce","48","pasta pizza sauce_gm_reciepe","15","gm","1","15","0.1369","2.0535","","","","","1144.2120","1144.2120","1","","",""
"line_detail","D160","Arrabiata Pasta","raw","salt","27A","salt_gm_reciepe","10","gm","1","10","0.0300","0.3000","","","","","1144.2120","1144.2120","1","","",""
"line_detail","D160","Arrabiata Pasta","raw","salt","27A","salt_gm_reciepe","10","gm","1","10","0.0300","0.3000","","","","","1144.2120","1144.2120","1","","",""
"line_detail","D160","Arrabiata Pasta","raw","salt","27A","salt_gm_reciepe","10","gm","1","10","0.0300","0.3000","","","","","1144.2120","1144.2120","1","","",""
"line_detail","D160","Arrabiata Pasta","raw","schezwan","41","schezwan_gm_reciepe","30","gm","1","30","","","","","","","1144.2120","1144.2120","1","","",""
"line_detail","D160","Arrabiata Pasta","raw","schezwan","41","schezwan_gm_reciepe","30","gm","1","30","","","","","","","1144.2120","1144.2120","1","","",""
"line_detail","D160","Arrabiata Pasta","raw","schezwan","41","schezwan_gm_reciepe","30","gm","1","30","","","","","","","1144.2120","1144.2120","1","","",""
"line_detail","D160","Arrabiata Pasta","raw","schezwan","41","schezwan_gm_reciepe","30","gm","1","30","","","","","","","1144.2120","1144.2120","1","","",""
"line_detail","D160","Arrabiata Pasta","raw","schezwan","41","schezwan_gm_reciepe","30","gm","1","30","","","","","","","1144.2120","1144.2120","1","","",""
"line_detail","D160","Arrabiata Pasta","raw","schezwan","41","schezwan_gm_reciepe","30","gm","1","30","","","","","","","1144.2120","1144.2120","1","","",""
"line_detail","D160","Arrabiata Pasta","raw","white pepper","39A","white pepper_gm_reciepe","10","gm","1","10","","","","","","","1144.2120","1144.2120","1","","",""
"line_detail","D160","Arrabiata Pasta","raw","white pepper","39A","white pepper_gm_reciepe","10","gm","1","10","","","","","","","1144.2120","1144.2120","1","","",""
"line_detail","D160","Arrabiata Pasta","raw","white pepper","39A","white pepper_gm_reciepe","10","gm","1","10","","","","","","","1144.2120","1144.2120","1","","",""
"dish_summary","D160","Arrabiata Pasta","","","","Arrabiata Pasta _1_portion","","","","","","1144.2120","standard","false","Arrabiata Pasta _1_portion","","1144.2120","1144.2120","1","3","103","0"
"line_detail","D161","Pink SauCE Pasta","raw","Basil","V16","Basil_gm_reciepe","8","gm","1","8","","","","","","","1159.7400","1159.7400","1","","",""
"line_detail","D161","Pink SauCE Pasta","raw","Basil","V16","Basil_gm_reciepe","8","gm","1","8","","","","","","","1159.7400","1159.7400","1","","",""
"line_detail","D161","Pink SauCE Pasta","raw","Basil","V16","Basil_gm_reciepe","8","gm","1","8","","","","","","","1159.7400","1159.7400","1","","",""
"line_detail","D161","Pink SauCE Pasta","raw","Basil","V16","Basil_gm_reciepe","8","gm","1","8","","","","","","","1159.7400","1159.7400","1","","",""
"line_detail","D161","Pink SauCE Pasta","raw","Broccoli","V15","Broccoli_gm_reciepe","25","gm","1","25","","","","","","","1159.7400","1159.7400","1","","",""
"line_detail","D161","Pink SauCE Pasta","raw","Broccoli","V15","Broccoli_gm_reciepe","25","gm","1","25","","","","","","","1159.7400","1159.7400","1","","",""
"line_detail","D161","Pink SauCE Pasta","raw","Broccoli","V15","Broccoli_gm_reciepe","20","gm","1","20","","","","","","","1159.7400","1159.7400","1","","",""
"line_detail","D161","Pink SauCE Pasta","raw","Broccoli","V15","Broccoli_gm_reciepe","25","gm","1","25","","","","","","","1159.7400","1159.7400","1","","",""
"line_detail","D161","Pink SauCE Pasta","raw","Broccoli","V15","Broccoli_gm_reciepe","20","gm","1","20","","","","","","","1159.7400","1159.7400","1","","",""
"line_detail","D161","Pink SauCE Pasta","raw","Broccoli","V15","Broccoli_gm_reciepe","20","gm","1","20","","","","","","","1159.7400","1159.7400","1","","",""
"line_detail","D161","Pink SauCE Pasta","raw","Broccoli","V15","Broccoli_gm_reciepe","25","gm","1","25","","","","","","","1159.7400","1159.7400","1","","",""
"line_detail","D161","Pink SauCE Pasta","raw","Broccoli","V15","Broccoli_gm_reciepe","20","gm","1","20","","","","","","","1159.7400","1159.7400","1","","",""
"line_detail","D161","Pink SauCE Pasta","raw","Capsicum","V1","Capsicum_gm_reciepe","10","gm","1","10","","","","","","","1159.7400","1159.7400","1","","",""
"line_detail","D161","Pink SauCE Pasta","raw","Capsicum","V1","Capsicum_gm_reciepe","10","gm","1","10","","","","","","","1159.7400","1159.7400","1","","",""
"line_detail","D161","Pink SauCE Pasta","raw","Capsicum","V1","Capsicum_gm_reciepe","10","gm","1","10","","","","","","","1159.7400","1159.7400","1","","",""
"line_detail","D161","Pink SauCE Pasta","raw","Capsicum","V1","Capsicum_gm_reciepe","10","gm","1","10","","","","","","","1159.7400","1159.7400","1","","",""
"line_detail","D161","Pink SauCE Pasta","raw","Garlic","V10","Garlic_gm_reciepe","10","gm","1","10","","","","","","","1159.7400","1159.7400","1","","",""
"line_detail","D161","Pink SauCE Pasta","raw","Garlic","V10","Garlic_gm_reciepe","10","gm","1","10","","","","","","","1159.7400","1159.7400","1","","",""
"line_detail","D161","Pink SauCE Pasta","raw","Garlic","V10","Garlic_gm_reciepe","10","gm","1","10","","","","","","","1159.7400","1159.7400","1","","",""
"line_detail","D161","Pink SauCE Pasta","raw","Garlic","V10","Garlic_gm_reciepe","10","gm","1","10","","","","","","","1159.7400","1159.7400","1","","",""
"line_detail","D161","Pink SauCE Pasta","raw","Green Chilli","V2","Green Chilli_gm_reciepe","10","gm","1","10","","","","","","","1159.7400","1159.7400","1","","",""
"line_detail","D161","Pink SauCE Pasta","raw","Green Chilli","V2","Green Chilli_gm_reciepe","10","gm","1","10","","","","","","","1159.7400","1159.7400","1","","",""
"line_detail","D161","Pink SauCE Pasta","raw","Green Chilli","V2","Green Chilli_gm_reciepe","10","gm","1","10","","","","","","","1159.7400","1159.7400","1","","",""
"line_detail","D161","Pink SauCE Pasta","raw","Green Chilli","V2","Green Chilli_gm_reciepe","10","gm","1","10","","","","","","","1159.7400","1159.7400","1","","",""
"line_detail","D161","Pink SauCE Pasta","raw","RICH COOKING CREAM","75","RICH COOKING CREAM_gm_reciepe","200","gm","1","200","0.2190","43.8000","","","","","1159.7400","1159.7400","1","","",""
"line_detail","D161","Pink SauCE Pasta","raw","RICH COOKING CREAM","75","RICH COOKING CREAM_gm_reciepe","200","gm","1","200","0.2190","43.8000","","","","","1159.7400","1159.7400","1","","",""
"line_detail","D161","Pink SauCE Pasta","raw","RICH COOKING CREAM","75","RICH COOKING CREAM_gm_reciepe","200","gm","1","200","0.2190","43.8000","","","","","1159.7400","1159.7400","1","","",""
"line_detail","D161","Pink SauCE Pasta","raw","RICH COOKING CREAM","75","RICH COOKING CREAM_gm_reciepe","200","gm","1","200","0.2190","43.8000","","","","","1159.7400","1159.7400","1","","",""
"line_detail","D161","Pink SauCE Pasta","raw","RICH COOKING CREAM","75","RICH COOKING CREAM_gm_reciepe","200","gm","1","200","0.2190","43.8000","","","","","1159.7400","1159.7400","1","","",""
"line_detail","D161","Pink SauCE Pasta","raw","RICH COOKING CREAM","75","RICH COOKING CREAM_gm_reciepe","200","gm","1","200","0.2190","43.8000","","","","","1159.7400","1159.7400","1","","",""
"line_detail","D161","Pink SauCE Pasta","raw","RICH COOKING CREAM","75","RICH COOKING CREAM_gm_reciepe","200","gm","1","200","0.2190","43.8000","","","","","1159.7400","1159.7400","1","","",""
"line_detail","D161","Pink SauCE Pasta","raw","RICH COOKING CREAM","75","RICH COOKING CREAM_gm_reciepe","200","gm","1","200","0.2190","43.8000","","","","","1159.7400","1159.7400","1","","",""
"line_detail","D161","Pink SauCE Pasta","raw","RICH COOKING CREAM","75","RICH COOKING CREAM_gm_reciepe","200","gm","1","200","0.2190","43.8000","","","","","1159.7400","1159.7400","1","","",""
"line_detail","D161","Pink SauCE Pasta","raw","Red Bell Pepper","V14","Red Bell Pepper_gm_reciepe","20","gm","1","20","","","","","","","1159.7400","1159.7400","1","","",""
"line_detail","D161","Pink SauCE Pasta","raw","Red Bell Pepper","V14","Red Bell Pepper_gm_reciepe","20","gm","1","20","","","","","","","1159.7400","1159.7400","1","","",""
"line_detail","D161","Pink SauCE Pasta","raw","Red Bell Pepper","V14","Red Bell Pepper_gm_reciepe","20","gm","1","20","","","","","","","1159.7400","1159.7400","1","","",""
"line_detail","D161","Pink SauCE Pasta","raw","Red Bell Pepper","V14","Red Bell Pepper_gm_reciepe","20","gm","1","20","","","","","","","1159.7400","1159.7400","1","","",""
"line_detail","D161","Pink SauCE Pasta","raw","butter","73","butter_gm_reciepe","50","gm","1","50","0.1780","8.9000","","","","","1159.7400","1159.7400","1","","",""
"line_detail","D161","Pink SauCE Pasta","raw","butter","73","butter_gm_reciepe","50","gm","1","50","0.1780","8.9000","","","","","1159.7400","1159.7400","1","","",""
"line_detail","D161","Pink SauCE Pasta","raw","butter","73","butter_gm_reciepe","50","gm","1","50","0.1780","8.9000","","","","","1159.7400","1159.7400","1","","",""
"line_detail","D161","Pink SauCE Pasta","raw","cheese processed","81","cheese processed_gm_reciepe","10","gm","1","10","","","","","","","1159.7400","1159.7400","1","","",""
"line_detail","D161","Pink SauCE Pasta","raw","cheese processed","81","cheese processed_gm_reciepe","10","gm","1","10","","","","","","","1159.7400","1159.7400","1","","",""
"line_detail","D161","Pink SauCE Pasta","raw","cheese processed","81","cheese processed_gm_reciepe","10","gm","1","10","","","","","","","1159.7400","1159.7400","1","","",""
"line_detail","D161","Pink SauCE Pasta","raw","cheese processed","81","cheese processed_gm_reciepe","10","gm","1","10","","","","","","","1159.7400","1159.7400","1","","",""
"line_detail","D161","Pink SauCE Pasta","raw","cheese processed","81","cheese processed_gm_reciepe","10","gm","1","10","","","","","","","1159.7400","1159.7400","1","","",""
"line_detail","D161","Pink SauCE Pasta","raw","cheese processed","81","cheese processed_gm_reciepe","10","gm","1","10","","","","","","","1159.7400","1159.7400","1","","",""
"line_detail","D161","Pink SauCE Pasta","raw","cheese processed","81","cheese processed_gm_reciepe","10","gm","1","10","","","","","","","1159.7400","1159.7400","1","","",""
"line_detail","D161","Pink SauCE Pasta","raw","cheese processed","81","cheese processed_gm_reciepe","10","gm","1","10","","","","","","","1159.7400","1159.7400","1","","",""
"line_detail","D161","Pink SauCE Pasta","raw","cheese processed","81","cheese processed_gm_reciepe","10","gm","1","10","","","","","","","1159.7400","1159.7400","1","","",""
"line_detail","D161","Pink SauCE Pasta","raw","cheese processed","81","cheese processed_gm_reciepe","10","gm","1","10","","","","","","","1159.7400","1159.7400","1","","",""
"line_detail","D161","Pink SauCE Pasta","raw","cheese processed","81","cheese processed_gm_reciepe","10","gm","1","10","","","","","","","1159.7400","1159.7400","1","","",""
"line_detail","D161","Pink SauCE Pasta","raw","cheese processed","81","cheese processed_gm_reciepe","10","gm","1","10","","","","","","","1159.7400","1159.7400","1","","",""
"line_detail","D161","Pink SauCE Pasta","raw","cheese processed","81","cheese processed_gm_reciepe","10","gm","1","10","","","","","","","1159.7400","1159.7400","1","","",""
"line_detail","D161","Pink SauCE Pasta","raw","cheese processed","81","cheese processed_gm_reciepe","10","gm","1","10","","","","","","","1159.7400","1159.7400","1","","",""
"line_detail","D161","Pink SauCE Pasta","raw","cheese processed","81","cheese processed_gm_reciepe","10","gm","1","10","","","","","","","1159.7400","1159.7400","1","","",""
"line_detail","D161","Pink SauCE Pasta","raw","cheese processed","81","cheese processed_gm_reciepe","10","gm","1","10","","","","","","","1159.7400","1159.7400","1","","",""
"line_detail","D161","Pink SauCE Pasta","raw","cheese processed","81","cheese processed_gm_reciepe","10","gm","1","10","","","","","","","1159.7400","1159.7400","1","","",""
"line_detail","D161","Pink SauCE Pasta","raw","cheese processed","81","cheese processed_gm_reciepe","10","gm","1","10","","","","","","","1159.7400","1159.7400","1","","",""
"line_detail","D161","Pink SauCE Pasta","raw","cheese processed","81","cheese processed_gm_reciepe","10","gm","1","10","","","","","","","1159.7400","1159.7400","1","","",""
"line_detail","D161","Pink SauCE Pasta","raw","cheese processed","81","cheese processed_gm_reciepe","10","gm","1","10","","","","","","","1159.7400","1159.7400","1","","",""
"line_detail","D161","Pink SauCE Pasta","raw","cheese processed","81","cheese processed_gm_reciepe","10","gm","1","10","","","","","","","1159.7400","1159.7400","1","","",""
"line_detail","D161","Pink SauCE Pasta","raw","cheese processed","81","cheese processed_gm_reciepe","10","gm","1","10","","","","","","","1159.7400","1159.7400","1","","",""
"line_detail","D161","Pink SauCE Pasta","raw","cheese processed","81","cheese processed_gm_reciepe","10","gm","1","10","","","","","","","1159.7400","1159.7400","1","","",""
"line_detail","D161","Pink SauCE Pasta","raw","cheese processed","81","cheese processed_gm_reciepe","10","gm","1","10","","","","","","","1159.7400","1159.7400","1","","",""
"line_detail","D161","Pink SauCE Pasta","raw","cheese processed","81","cheese processed_gm_reciepe","10","gm","1","10","","","","","","","1159.7400","1159.7400","1","","",""
"line_detail","D161","Pink SauCE Pasta","raw","cheese processed","81","cheese processed_gm_reciepe","10","gm","1","10","","","","","","","1159.7400","1159.7400","1","","",""
"line_detail","D161","Pink SauCE Pasta","raw","cheese processed","81","cheese processed_gm_reciepe","10","gm","1","10","","","","","","","1159.7400","1159.7400","1","","",""
"line_detail","D161","Pink SauCE Pasta","raw","cheese processed","81","cheese processed_gm_reciepe","10","gm","1","10","","","","","","","1159.7400","1159.7400","1","","",""
"line_detail","D161","Pink SauCE Pasta","raw","cheese processed","81","cheese processed_gm_reciepe","10","gm","1","10","","","","","","","1159.7400","1159.7400","1","","",""
"line_detail","D161","Pink SauCE Pasta","raw","cheese processed","81","cheese processed_gm_reciepe","10","gm","1","10","","","","","","","1159.7400","1159.7400","1","","",""
"line_detail","D161","Pink SauCE Pasta","raw","corn","80","corn_gm_reciepe","30","gm","1","30","0.0660","1.9800","","","","","1159.7400","1159.7400","1","","",""
"line_detail","D161","Pink SauCE Pasta","raw","corn","80","corn_gm_reciepe","10","gm","1","10","0.0660","0.6600","","","","","1159.7400","1159.7400","1","","",""
"line_detail","D161","Pink SauCE Pasta","raw","corn","80","corn_gm_reciepe","30","gm","1","30","0.0660","1.9800","","","","","1159.7400","1159.7400","1","","",""
"line_detail","D161","Pink SauCE Pasta","raw","corn","80","corn_gm_reciepe","30","gm","1","30","0.0660","1.9800","","","","","1159.7400","1159.7400","1","","",""
"line_detail","D161","Pink SauCE Pasta","raw","corn","80","corn_gm_reciepe","10","gm","1","10","0.0660","0.6600","","","","","1159.7400","1159.7400","1","","",""
"line_detail","D161","Pink SauCE Pasta","raw","corn","80","corn_gm_reciepe","10","gm","1","10","0.0660","0.6600","","","","","1159.7400","1159.7400","1","","",""
"line_detail","D161","Pink SauCE Pasta","raw","cream","75","cream_gm_reciepe","350","gm","1","350","0.2190","76.6500","","","","","1159.7400","1159.7400","1","","",""
"line_detail","D161","Pink SauCE Pasta","raw","cream","75","cream_gm_reciepe","350","gm","1","350","0.2190","76.6500","","","","","1159.7400","1159.7400","1","","",""
"line_detail","D161","Pink SauCE Pasta","raw","cream","75","cream_gm_reciepe","350","gm","1","350","0.2190","76.6500","","","","","1159.7400","1159.7400","1","","",""
"line_detail","D161","Pink SauCE Pasta","raw","cream","75","cream_gm_reciepe","350","gm","1","350","0.2190","76.6500","","","","","1159.7400","1159.7400","1","","",""
"line_detail","D161","Pink SauCE Pasta","raw","cream","75","cream_gm_reciepe","350","gm","1","350","0.2190","76.6500","","","","","1159.7400","1159.7400","1","","",""
"line_detail","D161","Pink SauCE Pasta","raw","cream","75","cream_gm_reciepe","350","gm","1","350","0.2190","76.6500","","","","","1159.7400","1159.7400","1","","",""
"line_detail","D161","Pink SauCE Pasta","raw","cream","75","cream_gm_reciepe","350","gm","1","350","0.2190","76.6500","","","","","1159.7400","1159.7400","1","","",""
"line_detail","D161","Pink SauCE Pasta","raw","cream","75","cream_gm_reciepe","350","gm","1","350","0.2190","76.6500","","","","","1159.7400","1159.7400","1","","",""
"line_detail","D161","Pink SauCE Pasta","raw","cream","75","cream_gm_reciepe","350","gm","1","350","0.2190","76.6500","","","","","1159.7400","1159.7400","1","","",""
"line_detail","D161","Pink SauCE Pasta","raw","olive","35A","olive_gm_reciepe","25","gm","1","25","","","","","","","1159.7400","1159.7400","1","","",""
"line_detail","D161","Pink SauCE Pasta","raw","olive","35A","olive_gm_reciepe","25","gm","1","25","","","","","","","1159.7400","1159.7400","1","","",""
"line_detail","D161","Pink SauCE Pasta","raw","olive","35A","olive_gm_reciepe","25","gm","1","25","","","","","","","1159.7400","1159.7400","1","","",""
"line_detail","D161","Pink SauCE Pasta","raw","oregano","62","oregano_gm_reciepe","7","gm","1","7","","","","","","","1159.7400","1159.7400","1","","",""
"line_detail","D161","Pink SauCE Pasta","raw","oregano","62","oregano_gm_reciepe","7","gm","1","7","","","","","","","1159.7400","1159.7400","1","","",""
"line_detail","D161","Pink SauCE Pasta","raw","oregano","62","oregano_gm_reciepe","7","gm","1","7","","","","","","","1159.7400","1159.7400","1","","",""
"line_detail","D161","Pink SauCE Pasta","raw","oregano","62","oregano_gm_reciepe","7","gm","1","7","","","","","","","1159.7400","1159.7400","1","","",""
"line_detail","D161","Pink SauCE Pasta","raw","oregano","62","oregano_gm_reciepe","7","gm","1","7","","","","","","","1159.7400","1159.7400","1","","",""
"line_detail","D161","Pink SauCE Pasta","raw","oregano","62","oregano_gm_reciepe","7","gm","1","7","","","","","","","1159.7400","1159.7400","1","","",""
"line_detail","D161","Pink SauCE Pasta","raw","pasta","63","pasta_gm_reciepe","200","gm","1","200","","","","","","","1159.7400","1159.7400","1","","",""
"line_detail","D161","Pink SauCE Pasta","raw","pasta","63","pasta_gm_reciepe","200","gm","1","200","","","","","","","1159.7400","1159.7400","1","","",""
"line_detail","D161","Pink SauCE Pasta","raw","pasta","63","pasta_gm_reciepe","200","gm","1","200","","","","","","","1159.7400","1159.7400","1","","",""
"line_detail","D161","Pink SauCE Pasta","raw","pasta pizza sauce","48","pasta pizza sauce_gm_reciepe","15","gm","1","15","0.1369","2.0535","","","","","1159.7400","1159.7400","1","","",""
"line_detail","D161","Pink SauCE Pasta","raw","pasta pizza sauce","48","pasta pizza sauce_gm_reciepe","15","gm","1","15","0.1369","2.0535","","","","","1159.7400","1159.7400","1","","",""
"line_detail","D161","Pink SauCE Pasta","raw","pasta pizza sauce","48","pasta pizza sauce_gm_reciepe","15","gm","1","15","0.1369","2.0535","","","","","1159.7400","1159.7400","1","","",""
"line_detail","D161","Pink SauCE Pasta","raw","pasta pizza sauce","48","pasta pizza sauce_gm_reciepe","15","gm","1","15","0.1369","2.0535","","","","","1159.7400","1159.7400","1","","",""
"line_detail","D161","Pink SauCE Pasta","raw","pasta pizza sauce","48","pasta pizza sauce_gm_reciepe","15","gm","1","15","0.1369","2.0535","","","","","1159.7400","1159.7400","1","","",""
"line_detail","D161","Pink SauCE Pasta","raw","pasta pizza sauce","48","pasta pizza sauce_gm_reciepe","15","gm","1","15","0.1369","2.0535","","","","","1159.7400","1159.7400","1","","",""
"line_detail","D161","Pink SauCE Pasta","raw","pasta pizza sauce","48","pasta pizza sauce_gm_reciepe","15","gm","1","15","0.1369","2.0535","","","","","1159.7400","1159.7400","1","","",""
"line_detail","D161","Pink SauCE Pasta","raw","pasta pizza sauce","48","pasta pizza sauce_gm_reciepe","15","gm","1","15","0.1369","2.0535","","","","","1159.7400","1159.7400","1","","",""
"line_detail","D161","Pink SauCE Pasta","raw","pasta pizza sauce","48","pasta pizza sauce_gm_reciepe","15","gm","1","15","0.1369","2.0535","","","","","1159.7400","1159.7400","1","","",""
"line_detail","D161","Pink SauCE Pasta","raw","pasta pizza sauce","48","pasta pizza sauce_gm_reciepe","15","gm","1","15","0.1369","2.0535","","","","","1159.7400","1159.7400","1","","",""
"line_detail","D161","Pink SauCE Pasta","raw","pasta pizza sauce","48","pasta pizza sauce_gm_reciepe","15","gm","1","15","0.1369","2.0535","","","","","1159.7400","1159.7400","1","","",""
"line_detail","D161","Pink SauCE Pasta","raw","pasta pizza sauce","48","pasta pizza sauce_gm_reciepe","15","gm","1","15","0.1369","2.0535","","","","","1159.7400","1159.7400","1","","",""
"line_detail","D161","Pink SauCE Pasta","raw","pasta sauce","48","pasta sauce_gm_reciepe","10","gm","1","10","0.1369","1.3690","","","","","1159.7400","1159.7400","1","","",""
"line_detail","D161","Pink SauCE Pasta","raw","pasta sauce","48","pasta sauce_gm_reciepe","10","gm","1","10","0.1369","1.3690","","","","","1159.7400","1159.7400","1","","",""
"line_detail","D161","Pink SauCE Pasta","raw","pasta sauce","48","pasta sauce_gm_reciepe","10","gm","1","10","0.1369","1.3690","","","","","1159.7400","1159.7400","1","","",""
"line_detail","D161","Pink SauCE Pasta","raw","pasta sauce","48","pasta sauce_gm_reciepe","10","gm","1","10","0.1369","1.3690","","","","","1159.7400","1159.7400","1","","",""
"line_detail","D161","Pink SauCE Pasta","raw","pasta sauce","48","pasta sauce_gm_reciepe","10","gm","1","10","0.1369","1.3690","","","","","1159.7400","1159.7400","1","","",""
"line_detail","D161","Pink SauCE Pasta","raw","pasta sauce","48","pasta sauce_gm_reciepe","10","gm","1","10","0.1369","1.3690","","","","","1159.7400","1159.7400","1","","",""
"line_detail","D161","Pink SauCE Pasta","raw","pasta sauce","48","pasta sauce_gm_reciepe","10","gm","1","10","0.1369","1.3690","","","","","1159.7400","1159.7400","1","","",""
"line_detail","D161","Pink SauCE Pasta","raw","pasta sauce","48","pasta sauce_gm_reciepe","10","gm","1","10","0.1369","1.3690","","","","","1159.7400","1159.7400","1","","",""
"line_detail","D161","Pink SauCE Pasta","raw","pasta sauce","48","pasta sauce_gm_reciepe","10","gm","1","10","0.1369","1.3690","","","","","1159.7400","1159.7400","1","","",""
"line_detail","D161","Pink SauCE Pasta","raw","pasta sauce","48","pasta sauce_gm_reciepe","10","gm","1","10","0.1369","1.3690","","","","","1159.7400","1159.7400","1","","",""
"line_detail","D161","Pink SauCE Pasta","raw","pasta sauce","48","pasta sauce_gm_reciepe","10","gm","1","10","0.1369","1.3690","","","","","1159.7400","1159.7400","1","","",""
"line_detail","D161","Pink SauCE Pasta","raw","pasta sauce","48","pasta sauce_gm_reciepe","10","gm","1","10","0.1369","1.3690","","","","","1159.7400","1159.7400","1","","",""
"line_detail","D161","Pink SauCE Pasta","raw","schezwan","41","schezwan_gm_reciepe","10","gm","1","10","","","","","","","1159.7400","1159.7400","1","","",""
"line_detail","D161","Pink SauCE Pasta","raw","schezwan","41","schezwan_gm_reciepe","10","gm","1","10","","","","","","","1159.7400","1159.7400","1","","",""
"line_detail","D161","Pink SauCE Pasta","raw","schezwan","41","schezwan_gm_reciepe","10","gm","1","10","","","","","","","1159.7400","1159.7400","1","","",""
"line_detail","D161","Pink SauCE Pasta","raw","schezwan","41","schezwan_gm_reciepe","10","gm","1","10","","","","","","","1159.7400","1159.7400","1","","",""
"line_detail","D161","Pink SauCE Pasta","raw","schezwan","41","schezwan_gm_reciepe","10","gm","1","10","","","","","","","1159.7400","1159.7400","1","","",""
"line_detail","D161","Pink SauCE Pasta","raw","schezwan","41","schezwan_gm_reciepe","10","gm","1","10","","","","","","","1159.7400","1159.7400","1","","",""
"line_detail","D161","Pink SauCE Pasta","raw","schezwan","41","schezwan_gm_reciepe","10","gm","1","10","","","","","","","1159.7400","1159.7400","1","","",""
"line_detail","D161","Pink SauCE Pasta","raw","schezwan","41","schezwan_gm_reciepe","10","gm","1","10","","","","","","","1159.7400","1159.7400","1","","",""
"line_detail","D161","Pink SauCE Pasta","raw","schezwan","41","schezwan_gm_reciepe","10","gm","1","10","","","","","","","1159.7400","1159.7400","1","","",""
"line_detail","D161","Pink SauCE Pasta","raw","schezwan","41","schezwan_gm_reciepe","10","gm","1","10","","","","","","","1159.7400","1159.7400","1","","",""
"line_detail","D161","Pink SauCE Pasta","raw","schezwan","41","schezwan_gm_reciepe","10","gm","1","10","","","","","","","1159.7400","1159.7400","1","","",""
"line_detail","D161","Pink SauCE Pasta","raw","schezwan","41","schezwan_gm_reciepe","10","gm","1","10","","","","","","","1159.7400","1159.7400","1","","",""
"dish_summary","D161","Pink SauCE Pasta","","","","Pink SauCE Pasta_1_portion","","","","","","1159.7400","standard","false","Pink SauCE Pasta_1_portion","","1159.7400","1159.7400","1","2","82","0"
"line_detail","D162","PLAIN MAGGI","raw","maggi","67","maggi_gm_reciepe","1","gm","1","1","","","","","","","12.1800","12.1800","1","","",""
"line_detail","D162","PLAIN MAGGI","raw","maggi","67","maggi_gm_reciepe","1","gm","1","1","","","","","","","12.1800","12.1800","1","","",""
"line_detail","D162","PLAIN MAGGI","raw","maggi","67","maggi_gm_reciepe","70","gm","1","70","","","","","","","12.1800","12.1800","1","","",""
"line_detail","D162","PLAIN MAGGI","raw","maggi","67","maggi_gm_reciepe","70","gm","1","70","","","","","","","12.1800","12.1800","1","","",""
"line_detail","D162","PLAIN MAGGI","raw","maggi","67","maggi_gm_reciepe","70","gm","1","70","","","","","","","12.1800","12.1800","1","","",""
"line_detail","D162","PLAIN MAGGI","raw","maggi","67","maggi_gm_reciepe","1","gm","1","1","","","","","","","12.1800","12.1800","1","","",""
"line_detail","D162","PLAIN MAGGI","raw","maggi masala","66","maggi masala_gm_reciepe","6","gm","1","6","0.5800","3.4800","","","","","12.1800","12.1800","1","","",""
"line_detail","D162","PLAIN MAGGI","raw","maggi masala","66","maggi masala_gm_reciepe","6","gm","1","6","0.5800","3.4800","","","","","12.1800","12.1800","1","","",""
"line_detail","D162","PLAIN MAGGI","raw","maggi masala","66","maggi masala_gm_reciepe","6","gm","1","6","0.5800","3.4800","","","","","12.1800","12.1800","1","","",""
"line_detail","D162","PLAIN MAGGI","raw","maggi masala","66","maggi masala_gm_reciepe","1","gm","1","1","0.5800","0.5800","","","","","12.1800","12.1800","1","","",""
"line_detail","D162","PLAIN MAGGI","raw","maggi masala","66","maggi masala_gm_reciepe","1","gm","1","1","0.5800","0.5800","","","","","12.1800","12.1800","1","","",""
"line_detail","D162","PLAIN MAGGI","raw","maggi masala","66","maggi masala_gm_reciepe","1","gm","1","1","0.5800","0.5800","","","","","12.1800","12.1800","1","","",""
"dish_summary","D162","PLAIN MAGGI","","","","PLAIN MAGGI _1_portion","","","","","","12.1800","standard","false","PLAIN MAGGI _1_portion","","12.1800","12.1800","1","0","6","0"
"line_detail","D163","PERI PERI MAGGI","raw","maggi","67","maggi_gm_reciepe","70","gm","1","70","","","","","","","12.1800","12.1800","1","","",""
"line_detail","D163","PERI PERI MAGGI","raw","maggi","67","maggi_gm_reciepe","70","gm","1","70","","","","","","","12.1800","12.1800","1","","",""
"line_detail","D163","PERI PERI MAGGI","raw","maggi","67","maggi_gm_reciepe","70","gm","1","70","","","","","","","12.1800","12.1800","1","","",""
"line_detail","D163","PERI PERI MAGGI","raw","maggi","67","maggi_gm_reciepe","70","gm","1","70","","","","","","","12.1800","12.1800","1","","",""
"line_detail","D163","PERI PERI MAGGI","raw","maggi","67","maggi_gm_reciepe","70","gm","1","70","","","","","","","12.1800","12.1800","1","","",""
"line_detail","D163","PERI PERI MAGGI","raw","maggi","67","maggi_gm_reciepe","70","gm","1","70","","","","","","","12.1800","12.1800","1","","",""
"line_detail","D163","PERI PERI MAGGI","raw","maggi masala","66","maggi masala_gm_reciepe","6","gm","1","6","0.5800","3.4800","","","","","12.1800","12.1800","1","","",""
"line_detail","D163","PERI PERI MAGGI","raw","maggi masala","66","maggi masala_gm_reciepe","6","gm","1","6","0.5800","3.4800","","","","","12.1800","12.1800","1","","",""
"line_detail","D163","PERI PERI MAGGI","raw","maggi masala","66","maggi masala_gm_reciepe","1","gm","1","1","0.5800","0.5800","","","","","12.1800","12.1800","1","","",""
"line_detail","D163","PERI PERI MAGGI","raw","maggi masala","66","maggi masala_gm_reciepe","1","gm","1","1","0.5800","0.5800","","","","","12.1800","12.1800","1","","",""
"line_detail","D163","PERI PERI MAGGI","raw","maggi masala","66","maggi masala_gm_reciepe","6","gm","1","6","0.5800","3.4800","","","","","12.1800","12.1800","1","","",""
"line_detail","D163","PERI PERI MAGGI","raw","maggi masala","66","maggi masala_gm_reciepe","1","gm","1","1","0.5800","0.5800","","","","","12.1800","12.1800","1","","",""
"line_detail","D163","PERI PERI MAGGI","raw","peri peri masala","64","peri peri masala_gm_reciepe","10","gm","1","10","","","","","","","12.1800","12.1800","1","","",""
"line_detail","D163","PERI PERI MAGGI","raw","peri peri masala","64","peri peri masala_gm_reciepe","20","gm","1","20","","","","","","","12.1800","12.1800","1","","",""
"line_detail","D163","PERI PERI MAGGI","raw","peri peri masala","64","peri peri masala_gm_reciepe","10","gm","1","10","","","","","","","12.1800","12.1800","1","","",""
"line_detail","D163","PERI PERI MAGGI","raw","peri peri masala","64","peri peri masala_gm_reciepe","20","gm","1","20","","","","","","","12.1800","12.1800","1","","",""
"line_detail","D163","PERI PERI MAGGI","raw","peri peri masala","64","peri peri masala_gm_reciepe","10","gm","1","10","","","","","","","12.1800","12.1800","1","","",""
"line_detail","D163","PERI PERI MAGGI","raw","peri peri masala","64","peri peri masala_gm_reciepe","10","gm","1","10","","","","","","","12.1800","12.1800","1","","",""
"line_detail","D163","PERI PERI MAGGI","raw","peri peri masala","64","peri peri masala_gm_reciepe","20","gm","1","20","","","","","","","12.1800","12.1800","1","","",""
"line_detail","D163","PERI PERI MAGGI","raw","peri peri masala","64","peri peri masala_gm_reciepe","10","gm","1","10","","","","","","","12.1800","12.1800","1","","",""
"line_detail","D163","PERI PERI MAGGI","raw","peri peri masala","64","peri peri masala_gm_reciepe","10","gm","1","10","","","","","","","12.1800","12.1800","1","","",""
"line_detail","D163","PERI PERI MAGGI","raw","peri peri masala","64","peri peri masala_gm_reciepe","20","gm","1","20","","","","","","","12.1800","12.1800","1","","",""
"line_detail","D163","PERI PERI MAGGI","raw","peri peri masala","64","peri peri masala_gm_reciepe","20","gm","1","20","","","","","","","12.1800","12.1800","1","","",""
"line_detail","D163","PERI PERI MAGGI","raw","peri peri masala","64","peri peri masala_gm_reciepe","10","gm","1","10","","","","","","","12.1800","12.1800","1","","",""
"line_detail","D163","PERI PERI MAGGI","raw","peri peri masala","64","peri peri masala_gm_reciepe","20","gm","1","20","","","","","","","12.1800","12.1800","1","","",""
"line_detail","D163","PERI PERI MAGGI","raw","peri peri masala","64","peri peri masala_gm_reciepe","10","gm","1","10","","","","","","","12.1800","12.1800","1","","",""
"line_detail","D163","PERI PERI MAGGI","raw","peri peri masala","64","peri peri masala_gm_reciepe","20","gm","1","20","","","","","","","12.1800","12.1800","1","","",""
"line_detail","D163","PERI PERI MAGGI","raw","peri peri masala","64","peri peri masala_gm_reciepe","20","gm","1","20","","","","","","","12.1800","12.1800","1","","",""
"line_detail","D163","PERI PERI MAGGI","raw","peri peri masala","64","peri peri masala_gm_reciepe","10","gm","1","10","","","","","","","12.1800","12.1800","1","","",""
"line_detail","D163","PERI PERI MAGGI","raw","peri peri masala","64","peri peri masala_gm_reciepe","20","gm","1","20","","","","","","","12.1800","12.1800","1","","",""
"line_detail","D163","PERI PERI MAGGI","raw","peri peri sauce","49","peri peri sauce_gm_reciepe","10","gm","1","10","","","","","","","12.1800","12.1800","1","","",""
"line_detail","D163","PERI PERI MAGGI","raw","peri peri sauce","49","peri peri sauce_gm_reciepe","20","gm","1","20","","","","","","","12.1800","12.1800","1","","",""
"line_detail","D163","PERI PERI MAGGI","raw","peri peri sauce","49","peri peri sauce_gm_reciepe","10","gm","1","10","","","","","","","12.1800","12.1800","1","","",""
"line_detail","D163","PERI PERI MAGGI","raw","peri peri sauce","49","peri peri sauce_gm_reciepe","20","gm","1","20","","","","","","","12.1800","12.1800","1","","",""
"line_detail","D163","PERI PERI MAGGI","raw","peri peri sauce","49","peri peri sauce_gm_reciepe","10","gm","1","10","","","","","","","12.1800","12.1800","1","","",""
"line_detail","D163","PERI PERI MAGGI","raw","peri peri sauce","49","peri peri sauce_gm_reciepe","20","gm","1","20","","","","","","","12.1800","12.1800","1","","",""
"line_detail","D163","PERI PERI MAGGI","raw","peri peri sauce","49","peri peri sauce_gm_reciepe","20","gm","1","20","","","","","","","12.1800","12.1800","1","","",""
"line_detail","D163","PERI PERI MAGGI","raw","peri peri sauce","49","peri peri sauce_gm_reciepe","10","gm","1","10","","","","","","","12.1800","12.1800","1","","",""
"line_detail","D163","PERI PERI MAGGI","raw","peri peri sauce","49","peri peri sauce_gm_reciepe","10","gm","1","10","","","","","","","12.1800","12.1800","1","","",""
"line_detail","D163","PERI PERI MAGGI","raw","peri peri sauce","49","peri peri sauce_gm_reciepe","20","gm","1","20","","","","","","","12.1800","12.1800","1","","",""
"line_detail","D163","PERI PERI MAGGI","raw","peri peri sauce","49","peri peri sauce_gm_reciepe","20","gm","1","20","","","","","","","12.1800","12.1800","1","","",""
"line_detail","D163","PERI PERI MAGGI","raw","peri peri sauce","49","peri peri sauce_gm_reciepe","10","gm","1","10","","","","","","","12.1800","12.1800","1","","",""
"dish_summary","D163","PERI PERI MAGGI","","","","PERI PERI MAGGI_1_portion","","","","","","12.1800","standard","false","PERI PERI MAGGI_1_portion","","12.1800","12.1800","1","1","36","0"
"line_detail","D164","CHEESE CORN MAGGI","raw","cheese processed","81","cheese processed_gm_reciepe","20","gm","1","20","","","","","","","23.5800","23.5800","1","","",""
"line_detail","D164","CHEESE CORN MAGGI","raw","cheese processed","81","cheese processed_gm_reciepe","20","gm","1","20","","","","","","","23.5800","23.5800","1","","",""
"line_detail","D164","CHEESE CORN MAGGI","raw","cheese processed","81","cheese processed_gm_reciepe","20","gm","1","20","","","","","","","23.5800","23.5800","1","","",""
"line_detail","D164","CHEESE CORN MAGGI","raw","cheese processed","81","cheese processed_gm_reciepe","20","gm","1","20","","","","","","","23.5800","23.5800","1","","",""
"line_detail","D164","CHEESE CORN MAGGI","raw","cheese processed","81","cheese processed_gm_reciepe","20","gm","1","20","","","","","","","23.5800","23.5800","1","","",""
"line_detail","D164","CHEESE CORN MAGGI","raw","cheese processed","81","cheese processed_gm_reciepe","20","gm","1","20","","","","","","","23.5800","23.5800","1","","",""
"line_detail","D164","CHEESE CORN MAGGI","raw","cheese processed","81","cheese processed_gm_reciepe","20","gm","1","20","","","","","","","23.5800","23.5800","1","","",""
"line_detail","D164","CHEESE CORN MAGGI","raw","cheese processed","81","cheese processed_gm_reciepe","20","gm","1","20","","","","","","","23.5800","23.5800","1","","",""
"line_detail","D164","CHEESE CORN MAGGI","raw","cheese processed","81","cheese processed_gm_reciepe","20","gm","1","20","","","","","","","23.5800","23.5800","1","","",""
"line_detail","D164","CHEESE CORN MAGGI","raw","cheese processed","81","cheese processed_gm_reciepe","20","gm","1","20","","","","","","","23.5800","23.5800","1","","",""
"line_detail","D164","CHEESE CORN MAGGI","raw","cheese processed","81","cheese processed_gm_reciepe","20","gm","1","20","","","","","","","23.5800","23.5800","1","","",""
"line_detail","D164","CHEESE CORN MAGGI","raw","cheese processed","81","cheese processed_gm_reciepe","20","gm","1","20","","","","","","","23.5800","23.5800","1","","",""
"line_detail","D164","CHEESE CORN MAGGI","raw","cheese processed","81","cheese processed_gm_reciepe","20","gm","1","20","","","","","","","23.5800","23.5800","1","","",""
"line_detail","D164","CHEESE CORN MAGGI","raw","cheese processed","81","cheese processed_gm_reciepe","20","gm","1","20","","","","","","","23.5800","23.5800","1","","",""
"line_detail","D164","CHEESE CORN MAGGI","raw","cheese processed","81","cheese processed_gm_reciepe","20","gm","1","20","","","","","","","23.5800","23.5800","1","","",""
"line_detail","D164","CHEESE CORN MAGGI","raw","cheese processed","81","cheese processed_gm_reciepe","20","gm","1","20","","","","","","","23.5800","23.5800","1","","",""
"line_detail","D164","CHEESE CORN MAGGI","raw","cheese processed","81","cheese processed_gm_reciepe","20","gm","1","20","","","","","","","23.5800","23.5800","1","","",""
"line_detail","D164","CHEESE CORN MAGGI","raw","cheese processed","81","cheese processed_gm_reciepe","20","gm","1","20","","","","","","","23.5800","23.5800","1","","",""
"line_detail","D164","CHEESE CORN MAGGI","raw","cheese processed","81","cheese processed_gm_reciepe","20","gm","1","20","","","","","","","23.5800","23.5800","1","","",""
"line_detail","D164","CHEESE CORN MAGGI","raw","cheese processed","81","cheese processed_gm_reciepe","20","gm","1","20","","","","","","","23.5800","23.5800","1","","",""
"line_detail","D164","CHEESE CORN MAGGI","raw","cheese processed","81","cheese processed_gm_reciepe","20","gm","1","20","","","","","","","23.5800","23.5800","1","","",""
"line_detail","D164","CHEESE CORN MAGGI","raw","cheese processed","81","cheese processed_gm_reciepe","20","gm","1","20","","","","","","","23.5800","23.5800","1","","",""
"line_detail","D164","CHEESE CORN MAGGI","raw","cheese processed","81","cheese processed_gm_reciepe","20","gm","1","20","","","","","","","23.5800","23.5800","1","","",""
"line_detail","D164","CHEESE CORN MAGGI","raw","cheese processed","81","cheese processed_gm_reciepe","20","gm","1","20","","","","","","","23.5800","23.5800","1","","",""
"line_detail","D164","CHEESE CORN MAGGI","raw","cheese processed","81","cheese processed_gm_reciepe","20","gm","1","20","","","","","","","23.5800","23.5800","1","","",""
"line_detail","D164","CHEESE CORN MAGGI","raw","cheese processed","81","cheese processed_gm_reciepe","20","gm","1","20","","","","","","","23.5800","23.5800","1","","",""
"line_detail","D164","CHEESE CORN MAGGI","raw","cheese processed","81","cheese processed_gm_reciepe","20","gm","1","20","","","","","","","23.5800","23.5800","1","","",""
"line_detail","D164","CHEESE CORN MAGGI","raw","cheese processed","81","cheese processed_gm_reciepe","20","gm","1","20","","","","","","","23.5800","23.5800","1","","",""
"line_detail","D164","CHEESE CORN MAGGI","raw","cheese processed","81","cheese processed_gm_reciepe","20","gm","1","20","","","","","","","23.5800","23.5800","1","","",""
"line_detail","D164","CHEESE CORN MAGGI","raw","cheese processed","81","cheese processed_gm_reciepe","20","gm","1","20","","","","","","","23.5800","23.5800","1","","",""
"line_detail","D164","CHEESE CORN MAGGI","raw","cheese processed","81","cheese processed_gm_reciepe","20","gm","1","20","","","","","","","23.5800","23.5800","1","","",""
"line_detail","D164","CHEESE CORN MAGGI","raw","cheese processed","81","cheese processed_gm_reciepe","20","gm","1","20","","","","","","","23.5800","23.5800","1","","",""
"line_detail","D164","CHEESE CORN MAGGI","raw","cheese processed","81","cheese processed_gm_reciepe","20","gm","1","20","","","","","","","23.5800","23.5800","1","","",""
"line_detail","D164","CHEESE CORN MAGGI","raw","cheese processed","81","cheese processed_gm_reciepe","20","gm","1","20","","","","","","","23.5800","23.5800","1","","",""
"line_detail","D164","CHEESE CORN MAGGI","raw","cheese processed","81","cheese processed_gm_reciepe","20","gm","1","20","","","","","","","23.5800","23.5800","1","","",""
"line_detail","D164","CHEESE CORN MAGGI","raw","cheese processed","81","cheese processed_gm_reciepe","20","gm","1","20","","","","","","","23.5800","23.5800","1","","",""
"line_detail","D164","CHEESE CORN MAGGI","raw","cheese processed","81","cheese processed_gm_reciepe","20","gm","1","20","","","","","","","23.5800","23.5800","1","","",""
"line_detail","D164","CHEESE CORN MAGGI","raw","cheese processed","81","cheese processed_gm_reciepe","20","gm","1","20","","","","","","","23.5800","23.5800","1","","",""
"line_detail","D164","CHEESE CORN MAGGI","raw","cheese processed","81","cheese processed_gm_reciepe","20","gm","1","20","","","","","","","23.5800","23.5800","1","","",""
"line_detail","D164","CHEESE CORN MAGGI","raw","cheese processed","81","cheese processed_gm_reciepe","20","gm","1","20","","","","","","","23.5800","23.5800","1","","",""
"line_detail","D164","CHEESE CORN MAGGI","raw","cheese processed","81","cheese processed_gm_reciepe","20","gm","1","20","","","","","","","23.5800","23.5800","1","","",""
"line_detail","D164","CHEESE CORN MAGGI","raw","cheese processed","81","cheese processed_gm_reciepe","20","gm","1","20","","","","","","","23.5800","23.5800","1","","",""
"line_detail","D164","CHEESE CORN MAGGI","raw","cheese processed","81","cheese processed_gm_reciepe","20","gm","1","20","","","","","","","23.5800","23.5800","1","","",""
"line_detail","D164","CHEESE CORN MAGGI","raw","cheese processed","81","cheese processed_gm_reciepe","20","gm","1","20","","","","","","","23.5800","23.5800","1","","",""
"line_detail","D164","CHEESE CORN MAGGI","raw","cheese processed","81","cheese processed_gm_reciepe","20","gm","1","20","","","","","","","23.5800","23.5800","1","","",""
"line_detail","D164","CHEESE CORN MAGGI","raw","cheese processed","81","cheese processed_gm_reciepe","20","gm","1","20","","","","","","","23.5800","23.5800","1","","",""
"line_detail","D164","CHEESE CORN MAGGI","raw","cheese processed","81","cheese processed_gm_reciepe","20","gm","1","20","","","","","","","23.5800","23.5800","1","","",""
"line_detail","D164","CHEESE CORN MAGGI","raw","cheese processed","81","cheese processed_gm_reciepe","20","gm","1","20","","","","","","","23.5800","23.5800","1","","",""
"line_detail","D164","CHEESE CORN MAGGI","raw","cheese processed","81","cheese processed_gm_reciepe","20","gm","1","20","","","","","","","23.5800","23.5800","1","","",""
"line_detail","D164","CHEESE CORN MAGGI","raw","cheese processed","81","cheese processed_gm_reciepe","20","gm","1","20","","","","","","","23.5800","23.5800","1","","",""
"line_detail","D164","CHEESE CORN MAGGI","raw","cheese processed","81","cheese processed_gm_reciepe","20","gm","1","20","","","","","","","23.5800","23.5800","1","","",""
"line_detail","D164","CHEESE CORN MAGGI","raw","cheese processed","81","cheese processed_gm_reciepe","20","gm","1","20","","","","","","","23.5800","23.5800","1","","",""
"line_detail","D164","CHEESE CORN MAGGI","raw","cheese processed","81","cheese processed_gm_reciepe","20","gm","1","20","","","","","","","23.5800","23.5800","1","","",""
"line_detail","D164","CHEESE CORN MAGGI","raw","cheese processed","81","cheese processed_gm_reciepe","20","gm","1","20","","","","","","","23.5800","23.5800","1","","",""
"line_detail","D164","CHEESE CORN MAGGI","raw","cheese processed","81","cheese processed_gm_reciepe","20","gm","1","20","","","","","","","23.5800","23.5800","1","","",""
"line_detail","D164","CHEESE CORN MAGGI","raw","cheese processed","81","cheese processed_gm_reciepe","20","gm","1","20","","","","","","","23.5800","23.5800","1","","",""
"line_detail","D164","CHEESE CORN MAGGI","raw","cheese processed","81","cheese processed_gm_reciepe","20","gm","1","20","","","","","","","23.5800","23.5800","1","","",""
"line_detail","D164","CHEESE CORN MAGGI","raw","cheese processed","81","cheese processed_gm_reciepe","20","gm","1","20","","","","","","","23.5800","23.5800","1","","",""
"line_detail","D164","CHEESE CORN MAGGI","raw","cheese processed","81","cheese processed_gm_reciepe","20","gm","1","20","","","","","","","23.5800","23.5800","1","","",""
"line_detail","D164","CHEESE CORN MAGGI","raw","cheese processed","81","cheese processed_gm_reciepe","20","gm","1","20","","","","","","","23.5800","23.5800","1","","",""
"line_detail","D164","CHEESE CORN MAGGI","raw","corn","80","corn_gm_reciepe","40","gm","1","40","0.0660","2.6400","","","","","23.5800","23.5800","1","","",""
"line_detail","D164","CHEESE CORN MAGGI","raw","corn","80","corn_gm_reciepe","40","gm","1","40","0.0660","2.6400","","","","","23.5800","23.5800","1","","",""
"line_detail","D164","CHEESE CORN MAGGI","raw","corn","80","corn_gm_reciepe","40","gm","1","40","0.0660","2.6400","","","","","23.5800","23.5800","1","","",""
"line_detail","D164","CHEESE CORN MAGGI","raw","maggi","67","maggi_gm_reciepe","70","gm","1","70","","","","","","","23.5800","23.5800","1","","",""
"line_detail","D164","CHEESE CORN MAGGI","raw","maggi","67","maggi_gm_reciepe","70","gm","1","70","","","","","","","23.5800","23.5800","1","","",""
"line_detail","D164","CHEESE CORN MAGGI","raw","maggi","67","maggi_gm_reciepe","70","gm","1","70","","","","","","","23.5800","23.5800","1","","",""
"line_detail","D164","CHEESE CORN MAGGI","raw","maggi","67","maggi_gm_reciepe","70","gm","1","70","","","","","","","23.5800","23.5800","1","","",""
"line_detail","D164","CHEESE CORN MAGGI","raw","maggi","67","maggi_gm_reciepe","70","gm","1","70","","","","","","","23.5800","23.5800","1","","",""
"line_detail","D164","CHEESE CORN MAGGI","raw","maggi","67","maggi_gm_reciepe","70","gm","1","70","","","","","","","23.5800","23.5800","1","","",""
"line_detail","D164","CHEESE CORN MAGGI","raw","maggi","67","maggi_gm_reciepe","70","gm","1","70","","","","","","","23.5800","23.5800","1","","",""
"line_detail","D164","CHEESE CORN MAGGI","raw","maggi","67","maggi_gm_reciepe","70","gm","1","70","","","","","","","23.5800","23.5800","1","","",""
"line_detail","D164","CHEESE CORN MAGGI","raw","maggi","67","maggi_gm_reciepe","70","gm","1","70","","","","","","","23.5800","23.5800","1","","",""
"line_detail","D164","CHEESE CORN MAGGI","raw","maggi","67","maggi_gm_reciepe","70","gm","1","70","","","","","","","23.5800","23.5800","1","","",""
"line_detail","D164","CHEESE CORN MAGGI","raw","maggi","67","maggi_gm_reciepe","70","gm","1","70","","","","","","","23.5800","23.5800","1","","",""
"line_detail","D164","CHEESE CORN MAGGI","raw","maggi","67","maggi_gm_reciepe","70","gm","1","70","","","","","","","23.5800","23.5800","1","","",""
"line_detail","D164","CHEESE CORN MAGGI","raw","maggi masala","66","maggi masala_gm_reciepe","1","gm","1","1","0.5800","0.5800","","","","","23.5800","23.5800","1","","",""
"line_detail","D164","CHEESE CORN MAGGI","raw","maggi masala","66","maggi masala_gm_reciepe","1","gm","1","1","0.5800","0.5800","","","","","23.5800","23.5800","1","","",""
"line_detail","D164","CHEESE CORN MAGGI","raw","maggi masala","66","maggi masala_gm_reciepe","1","gm","1","1","0.5800","0.5800","","","","","23.5800","23.5800","1","","",""
"line_detail","D164","CHEESE CORN MAGGI","raw","maggi masala","66","maggi masala_gm_reciepe","6","gm","1","6","0.5800","3.4800","","","","","23.5800","23.5800","1","","",""
"line_detail","D164","CHEESE CORN MAGGI","raw","maggi masala","66","maggi masala_gm_reciepe","6","gm","1","6","0.5800","3.4800","","","","","23.5800","23.5800","1","","",""
"line_detail","D164","CHEESE CORN MAGGI","raw","maggi masala","66","maggi masala_gm_reciepe","1","gm","1","1","0.5800","0.5800","","","","","23.5800","23.5800","1","","",""
"line_detail","D164","CHEESE CORN MAGGI","raw","maggi masala","66","maggi masala_gm_reciepe","1","gm","1","1","0.5800","0.5800","","","","","23.5800","23.5800","1","","",""
"line_detail","D164","CHEESE CORN MAGGI","raw","maggi masala","66","maggi masala_gm_reciepe","1","gm","1","1","0.5800","0.5800","","","","","23.5800","23.5800","1","","",""
"line_detail","D164","CHEESE CORN MAGGI","raw","maggi masala","66","maggi masala_gm_reciepe","1","gm","1","1","0.5800","0.5800","","","","","23.5800","23.5800","1","","",""
"line_detail","D164","CHEESE CORN MAGGI","raw","maggi masala","66","maggi masala_gm_reciepe","1","gm","1","1","0.5800","0.5800","","","","","23.5800","23.5800","1","","",""
"line_detail","D164","CHEESE CORN MAGGI","raw","maggi masala","66","maggi masala_gm_reciepe","6","gm","1","6","0.5800","3.4800","","","","","23.5800","23.5800","1","","",""
"line_detail","D164","CHEESE CORN MAGGI","raw","maggi masala","66","maggi masala_gm_reciepe","1","gm","1","1","0.5800","0.5800","","","","","23.5800","23.5800","1","","",""
"dish_summary","D164","CHEESE CORN MAGGI","","","","CHEESE CORN MAGGI_1_portion","","","","","","23.5800","standard","false","CHEESE CORN MAGGI_1_portion","","23.5800","23.5800","1","0","72","0"
"line_detail","D165","VEGETABLE MAGGI","raw","Coriander","V9","Coriander_gm_reciepe","5","gm","1","5","","","","","","","16.2000","16.2000","1","","",""
"line_detail","D165","VEGETABLE MAGGI","raw","Coriander","V9","Coriander_gm_reciepe","5","gm","1","5","","","","","","","16.2000","16.2000","1","","",""
"line_detail","D165","VEGETABLE MAGGI","raw","Coriander","V9","Coriander_gm_reciepe","5","gm","1","5","","","","","","","16.2000","16.2000","1","","",""
"line_detail","D165","VEGETABLE MAGGI","raw","Coriander","V9","Coriander_gm_reciepe","5","gm","1","5","","","","","","","16.2000","16.2000","1","","",""
"line_detail","D165","VEGETABLE MAGGI","raw","Garlic","V10","Garlic_gm_reciepe","20","gm","1","20","","","","","","","16.2000","16.2000","1","","",""
"line_detail","D165","VEGETABLE MAGGI","raw","Garlic","V10","Garlic_gm_reciepe","20","gm","1","20","","","","","","","16.2000","16.2000","1","","",""
"line_detail","D165","VEGETABLE MAGGI","raw","Garlic","V10","Garlic_gm_reciepe","20","gm","1","20","","","","","","","16.2000","16.2000","1","","",""
"line_detail","D165","VEGETABLE MAGGI","raw","Garlic","V10","Garlic_gm_reciepe","20","gm","1","20","","","","","","","16.2000","16.2000","1","","",""
"line_detail","D165","VEGETABLE MAGGI","raw","jeeera","15","jeeera_gm_reciepe","3","gm","1","3","0.3200","0.9600","","","","","16.2000","16.2000","1","","",""
"line_detail","D165","VEGETABLE MAGGI","raw","jeeera","15","jeeera_gm_reciepe","3","gm","1","3","0.3200","0.9600","","","","","16.2000","16.2000","1","","",""
"line_detail","D165","VEGETABLE MAGGI","raw","jeeera","15","jeeera_gm_reciepe","3","gm","1","3","0.3200","0.9600","","","","","16.2000","16.2000","1","","",""
"line_detail","D165","VEGETABLE MAGGI","raw","jeeera","15","jeeera_gm_reciepe","3","gm","1","3","0.3200","0.9600","","","","","16.2000","16.2000","1","","",""
"line_detail","D165","VEGETABLE MAGGI","raw","jeeera","15","jeeera_gm_reciepe","3","gm","1","3","0.3200","0.9600","","","","","16.2000","16.2000","1","","",""
"line_detail","D165","VEGETABLE MAGGI","raw","jeeera","15","jeeera_gm_reciepe","3","gm","1","3","0.3200","0.9600","","","","","16.2000","16.2000","1","","",""
"line_detail","D165","VEGETABLE MAGGI","raw","maggi","67","maggi_gm_reciepe","70","gm","1","70","","","","","","","16.2000","16.2000","1","","",""
"line_detail","D165","VEGETABLE MAGGI","raw","maggi","67","maggi_gm_reciepe","70","gm","1","70","","","","","","","16.2000","16.2000","1","","",""
"line_detail","D165","VEGETABLE MAGGI","raw","maggi","67","maggi_gm_reciepe","70","gm","1","70","","","","","","","16.2000","16.2000","1","","",""
"line_detail","D165","VEGETABLE MAGGI","raw","maggi masala","66","maggi masala_gm_reciepe","6","gm","1","6","0.5800","3.4800","","","","","16.2000","16.2000","1","","",""
"line_detail","D165","VEGETABLE MAGGI","raw","maggi masala","66","maggi masala_gm_reciepe","6","gm","1","6","0.5800","3.4800","","","","","16.2000","16.2000","1","","",""
"line_detail","D165","VEGETABLE MAGGI","raw","maggi masala","66","maggi masala_gm_reciepe","6","gm","1","6","0.5800","3.4800","","","","","16.2000","16.2000","1","","",""
"line_detail","D165","VEGETABLE MAGGI","raw","oil tin","7","oil tin_gm_reciepe","25","gm","1","25","","","","","","","16.2000","16.2000","1","","",""
"line_detail","D165","VEGETABLE MAGGI","raw","oil tin","7","oil tin_gm_reciepe","25","gm","1","25","","","","","","","16.2000","16.2000","1","","",""
"line_detail","D165","VEGETABLE MAGGI","raw","oil tin","7","oil tin_gm_reciepe","25","gm","1","25","","","","","","","16.2000","16.2000","1","","",""
"dish_summary","D165","VEGETABLE MAGGI","","","","VEGETABLE MAGGI_1_portion","","","","","","16.2000","standard","false","VEGETABLE MAGGI_1_portion","","16.2000","16.2000","1","0","14","0"
"line_detail","D166","PUNJABI MAGGI","raw","Capsicum","V1","Capsicum_gm_reciepe","10","gm","1","10","","","","","","","67.8000","67.8000","1","","",""
"line_detail","D166","PUNJABI MAGGI","raw","Capsicum","V1","Capsicum_gm_reciepe","10","gm","1","10","","","","","","","67.8000","67.8000","1","","",""
"line_detail","D166","PUNJABI MAGGI","raw","Capsicum","V1","Capsicum_gm_reciepe","10","gm","1","10","","","","","","","67.8000","67.8000","1","","",""
"line_detail","D166","PUNJABI MAGGI","raw","Capsicum","V1","Capsicum_gm_reciepe","20","gm","1","20","","","","","","","67.8000","67.8000","1","","",""
"line_detail","D166","PUNJABI MAGGI","raw","Capsicum","V1","Capsicum_gm_reciepe","10","gm","1","10","","","","","","","67.8000","67.8000","1","","",""
"line_detail","D166","PUNJABI MAGGI","raw","Capsicum","V1","Capsicum_gm_reciepe","20","gm","1","20","","","","","","","67.8000","67.8000","1","","",""
"line_detail","D166","PUNJABI MAGGI","raw","Capsicum","V1","Capsicum_gm_reciepe","10","gm","1","10","","","","","","","67.8000","67.8000","1","","",""
"line_detail","D166","PUNJABI MAGGI","raw","Capsicum","V1","Capsicum_gm_reciepe","10","gm","1","10","","","","","","","67.8000","67.8000","1","","",""
"line_detail","D166","PUNJABI MAGGI","raw","Capsicum","V1","Capsicum_gm_reciepe","20","gm","1","20","","","","","","","67.8000","67.8000","1","","",""
"line_detail","D166","PUNJABI MAGGI","raw","Capsicum","V1","Capsicum_gm_reciepe","10","gm","1","10","","","","","","","67.8000","67.8000","1","","",""
"line_detail","D166","PUNJABI MAGGI","raw","Capsicum","V1","Capsicum_gm_reciepe","10","gm","1","10","","","","","","","67.8000","67.8000","1","","",""
"line_detail","D166","PUNJABI MAGGI","raw","Capsicum","V1","Capsicum_gm_reciepe","20","gm","1","20","","","","","","","67.8000","67.8000","1","","",""
"line_detail","D166","PUNJABI MAGGI","raw","Carrot","V4","Carrot_gm_reciepe","10","gm","1","10","","","","","","","67.8000","67.8000","1","","",""
"line_detail","D166","PUNJABI MAGGI","raw","Carrot","V4","Carrot_gm_reciepe","10","gm","1","10","","","","","","","67.8000","67.8000","1","","",""
"line_detail","D166","PUNJABI MAGGI","raw","Carrot","V4","Carrot_gm_reciepe","10","gm","1","10","","","","","","","67.8000","67.8000","1","","",""
"line_detail","D166","PUNJABI MAGGI","raw","Carrot","V4","Carrot_gm_reciepe","10","gm","1","10","","","","","","","67.8000","67.8000","1","","",""
"line_detail","D166","PUNJABI MAGGI","raw","Carrot","V4","Carrot_gm_reciepe","10","gm","1","10","","","","","","","67.8000","67.8000","1","","",""
"line_detail","D166","PUNJABI MAGGI","raw","Carrot","V4","Carrot_gm_reciepe","10","gm","1","10","","","","","","","67.8000","67.8000","1","","",""
"line_detail","D166","PUNJABI MAGGI","raw","Carrot","V4","Carrot_gm_reciepe","10","gm","1","10","","","","","","","67.8000","67.8000","1","","",""
"line_detail","D166","PUNJABI MAGGI","raw","Carrot","V4","Carrot_gm_reciepe","10","gm","1","10","","","","","","","67.8000","67.8000","1","","",""
"line_detail","D166","PUNJABI MAGGI","raw","Coriander","V9","Coriander_gm_reciepe","5","gm","1","5","","","","","","","67.8000","67.8000","1","","",""
"line_detail","D166","PUNJABI MAGGI","raw","Coriander","V9","Coriander_gm_reciepe","5","gm","1","5","","","","","","","67.8000","67.8000","1","","",""
"line_detail","D166","PUNJABI MAGGI","raw","Coriander","V9","Coriander_gm_reciepe","5","gm","1","5","","","","","","","67.8000","67.8000","1","","",""
"line_detail","D166","PUNJABI MAGGI","raw","Coriander","V9","Coriander_gm_reciepe","5","gm","1","5","","","","","","","67.8000","67.8000","1","","",""
"line_detail","D166","PUNJABI MAGGI","raw","Garlic","V10","Garlic_gm_reciepe","5","gm","1","5","","","","","","","67.8000","67.8000","1","","",""
"line_detail","D166","PUNJABI MAGGI","raw","Garlic","V10","Garlic_gm_reciepe","5","gm","1","5","","","","","","","67.8000","67.8000","1","","",""
"line_detail","D166","PUNJABI MAGGI","raw","Garlic","V10","Garlic_gm_reciepe","20","gm","1","20","","","","","","","67.8000","67.8000","1","","",""
"line_detail","D166","PUNJABI MAGGI","raw","Garlic","V10","Garlic_gm_reciepe","5","gm","1","5","","","","","","","67.8000","67.8000","1","","",""
"line_detail","D166","PUNJABI MAGGI","raw","Garlic","V10","Garlic_gm_reciepe","5","gm","1","5","","","","","","","67.8000","67.8000","1","","",""
"line_detail","D166","PUNJABI MAGGI","raw","Garlic","V10","Garlic_gm_reciepe","20","gm","1","20","","","","","","","67.8000","67.8000","1","","",""
"line_detail","D166","PUNJABI MAGGI","raw","Garlic","V10","Garlic_gm_reciepe","5","gm","1","5","","","","","","","67.8000","67.8000","1","","",""
"line_detail","D166","PUNJABI MAGGI","raw","Garlic","V10","Garlic_gm_reciepe","5","gm","1","5","","","","","","","67.8000","67.8000","1","","",""
"line_detail","D166","PUNJABI MAGGI","raw","Garlic","V10","Garlic_gm_reciepe","20","gm","1","20","","","","","","","67.8000","67.8000","1","","",""
"line_detail","D166","PUNJABI MAGGI","raw","Garlic","V10","Garlic_gm_reciepe","20","gm","1","20","","","","","","","67.8000","67.8000","1","","",""
"line_detail","D166","PUNJABI MAGGI","raw","Garlic","V10","Garlic_gm_reciepe","5","gm","1","5","","","","","","","67.8000","67.8000","1","","",""
"line_detail","D166","PUNJABI MAGGI","raw","Garlic","V10","Garlic_gm_reciepe","5","gm","1","5","","","","","","","67.8000","67.8000","1","","",""
"line_detail","D166","PUNJABI MAGGI","raw","Onion","V11","Onion_gm_reciepe","40","gm","1","40","","","","","","","67.8000","67.8000","1","","",""
"line_detail","D166","PUNJABI MAGGI","raw","Onion","V11","Onion_gm_reciepe","10","gm","1","10","","","","","","","67.8000","67.8000","1","","",""
"line_detail","D166","PUNJABI MAGGI","raw","Onion","V11","Onion_gm_reciepe","10","gm","1","10","","","","","","","67.8000","67.8000","1","","",""
"line_detail","D166","PUNJABI MAGGI","raw","Onion","V11","Onion_gm_reciepe","40","gm","1","40","","","","","","","67.8000","67.8000","1","","",""
"line_detail","D166","PUNJABI MAGGI","raw","Onion","V11","Onion_gm_reciepe","10","gm","1","10","","","","","","","67.8000","67.8000","1","","",""
"line_detail","D166","PUNJABI MAGGI","raw","Onion","V11","Onion_gm_reciepe","10","gm","1","10","","","","","","","67.8000","67.8000","1","","",""
"line_detail","D166","PUNJABI MAGGI","raw","Onion","V11","Onion_gm_reciepe","40","gm","1","40","","","","","","","67.8000","67.8000","1","","",""
"line_detail","D166","PUNJABI MAGGI","raw","Onion","V11","Onion_gm_reciepe","10","gm","1","10","","","","","","","67.8000","67.8000","1","","",""
"line_detail","D166","PUNJABI MAGGI","raw","Onion","V11","Onion_gm_reciepe","10","gm","1","10","","","","","","","67.8000","67.8000","1","","",""
"line_detail","D166","PUNJABI MAGGI","raw","Onion","V11","Onion_gm_reciepe","10","gm","1","10","","","","","","","67.8000","67.8000","1","","",""
"line_detail","D166","PUNJABI MAGGI","raw","Onion","V11","Onion_gm_reciepe","10","gm","1","10","","","","","","","67.8000","67.8000","1","","",""
"line_detail","D166","PUNJABI MAGGI","raw","Onion","V11","Onion_gm_reciepe","40","gm","1","40","","","","","","","67.8000","67.8000","1","","",""
"line_detail","D166","PUNJABI MAGGI","raw","Red Bell Pepper","V14","Red Bell Pepper_gm_reciepe","25","gm","1","25","","","","","","","67.8000","67.8000","1","","",""
"line_detail","D166","PUNJABI MAGGI","raw","Red Bell Pepper","V14","Red Bell Pepper_gm_reciepe","25","gm","1","25","","","","","","","67.8000","67.8000","1","","",""
"line_detail","D166","PUNJABI MAGGI","raw","Red Bell Pepper","V14","Red Bell Pepper_gm_reciepe","25","gm","1","25","","","","","","","67.8000","67.8000","1","","",""
"line_detail","D166","PUNJABI MAGGI","raw","Red Bell Pepper","V14","Red Bell Pepper_gm_reciepe","25","gm","1","25","","","","","","","67.8000","67.8000","1","","",""
"line_detail","D166","PUNJABI MAGGI","raw","butter","73","butter_gm_reciepe","20","gm","1","20","0.1780","3.5600","","","","","67.8000","67.8000","1","","",""
"line_detail","D166","PUNJABI MAGGI","raw","butter","73","butter_gm_reciepe","20","gm","1","20","0.1780","3.5600","","","","","67.8000","67.8000","1","","",""
"line_detail","D166","PUNJABI MAGGI","raw","butter","73","butter_gm_reciepe","20","gm","1","20","0.1780","3.5600","","","","","67.8000","67.8000","1","","",""
"line_detail","D166","PUNJABI MAGGI","raw","butter","73","butter_gm_reciepe","20","gm","1","20","0.1780","3.5600","","","","","67.8000","67.8000","1","","",""
"line_detail","D166","PUNJABI MAGGI","raw","butter","73","butter_gm_reciepe","20","gm","1","20","0.1780","3.5600","","","","","67.8000","67.8000","1","","",""
"line_detail","D166","PUNJABI MAGGI","raw","butter","73","butter_gm_reciepe","20","gm","1","20","0.1780","3.5600","","","","","67.8000","67.8000","1","","",""
"line_detail","D166","PUNJABI MAGGI","raw","degi mirch","12","degi mirch_gm_reciepe","5","gm","1","5","","","","","","","67.8000","67.8000","1","","",""
"line_detail","D166","PUNJABI MAGGI","raw","degi mirch","12","degi mirch_gm_reciepe","5","gm","1","5","","","","","","","67.8000","67.8000","1","","",""
"line_detail","D166","PUNJABI MAGGI","raw","degi mirch","12","degi mirch_gm_reciepe","5","gm","1","5","","","","","","","67.8000","67.8000","1","","",""
"line_detail","D166","PUNJABI MAGGI","raw","degi mirch","12","degi mirch_gm_reciepe","5","gm","1","5","","","","","","","67.8000","67.8000","1","","",""
"line_detail","D166","PUNJABI MAGGI","raw","degi mirch","12","degi mirch_gm_reciepe","5","gm","1","5","","","","","","","67.8000","67.8000","1","","",""
"line_detail","D166","PUNJABI MAGGI","raw","degi mirch","12","degi mirch_gm_reciepe","5","gm","1","5","","","","","","","67.8000","67.8000","1","","",""
"line_detail","D166","PUNJABI MAGGI","raw","degi mirch","12","degi mirch_gm_reciepe","5","gm","1","5","","","","","","","67.8000","67.8000","1","","",""
"line_detail","D166","PUNJABI MAGGI","raw","degi mirch","12","degi mirch_gm_reciepe","5","gm","1","5","","","","","","","67.8000","67.8000","1","","",""
"line_detail","D166","PUNJABI MAGGI","raw","degi mirch","12","degi mirch_gm_reciepe","5","gm","1","5","","","","","","","67.8000","67.8000","1","","",""
"line_detail","D166","PUNJABI MAGGI","raw","degi mirch","12","degi mirch_gm_reciepe","5","gm","1","5","","","","","","","67.8000","67.8000","1","","",""
"line_detail","D166","PUNJABI MAGGI","raw","degi mirch","12","degi mirch_gm_reciepe","5","gm","1","5","","","","","","","67.8000","67.8000","1","","",""
"line_detail","D166","PUNJABI MAGGI","raw","degi mirch","12","degi mirch_gm_reciepe","5","gm","1","5","","","","","","","67.8000","67.8000","1","","",""
"line_detail","D166","PUNJABI MAGGI","raw","degi mirch","12","degi mirch_gm_reciepe","5","gm","1","5","","","","","","","67.8000","67.8000","1","","",""
"line_detail","D166","PUNJABI MAGGI","raw","degi mirch","12","degi mirch_gm_reciepe","5","gm","1","5","","","","","","","67.8000","67.8000","1","","",""
"line_detail","D166","PUNJABI MAGGI","raw","degi mirch","12","degi mirch_gm_reciepe","5","gm","1","5","","","","","","","67.8000","67.8000","1","","",""
"line_detail","D166","PUNJABI MAGGI","raw","degi mirch","12","degi mirch_gm_reciepe","5","gm","1","5","","","","","","","67.8000","67.8000","1","","",""
"line_detail","D166","PUNJABI MAGGI","raw","degi mirch","12","degi mirch_gm_reciepe","5","gm","1","5","","","","","","","67.8000","67.8000","1","","",""
"line_detail","D166","PUNJABI MAGGI","raw","degi mirch","12","degi mirch_gm_reciepe","5","gm","1","5","","","","","","","67.8000","67.8000","1","","",""
"line_detail","D166","PUNJABI MAGGI","raw","jeeera","15","jeeera_gm_reciepe","3","gm","1","3","0.3200","0.9600","","","","","67.8000","67.8000","1","","",""
"line_detail","D166","PUNJABI MAGGI","raw","jeeera","15","jeeera_gm_reciepe","3","gm","1","3","0.3200","0.9600","","","","","67.8000","67.8000","1","","",""
"line_detail","D166","PUNJABI MAGGI","raw","jeeera","15","jeeera_gm_reciepe","3","gm","1","3","0.3200","0.9600","","","","","67.8000","67.8000","1","","",""
"line_detail","D166","PUNJABI MAGGI","raw","jeeera","15","jeeera_gm_reciepe","3","gm","1","3","0.3200","0.9600","","","","","67.8000","67.8000","1","","",""
"line_detail","D166","PUNJABI MAGGI","raw","jeeera","15","jeeera_gm_reciepe","3","gm","1","3","0.3200","0.9600","","","","","67.8000","67.8000","1","","",""
"line_detail","D166","PUNJABI MAGGI","raw","jeeera","15","jeeera_gm_reciepe","3","gm","1","3","0.3200","0.9600","","","","","67.8000","67.8000","1","","",""
"line_detail","D166","PUNJABI MAGGI","raw","jeera","15","jeera_gm_reciepe","5","gm","1","5","0.3200","1.6000","","","","","67.8000","67.8000","1","","",""
"line_detail","D166","PUNJABI MAGGI","raw","jeera","15","jeera_gm_reciepe","5","gm","1","5","0.3200","1.6000","","","","","67.8000","67.8000","1","","",""
"line_detail","D166","PUNJABI MAGGI","raw","jeera","15","jeera_gm_reciepe","5","gm","1","5","0.3200","1.6000","","","","","67.8000","67.8000","1","","",""
"line_detail","D166","PUNJABI MAGGI","raw","jeera","15","jeera_gm_reciepe","5","gm","1","5","0.3200","1.6000","","","","","67.8000","67.8000","1","","",""
"line_detail","D166","PUNJABI MAGGI","raw","jeera","15","jeera_gm_reciepe","5","gm","1","5","0.3200","1.6000","","","","","67.8000","67.8000","1","","",""
"line_detail","D166","PUNJABI MAGGI","raw","jeera","15","jeera_gm_reciepe","5","gm","1","5","0.3200","1.6000","","","","","67.8000","67.8000","1","","",""
"line_detail","D166","PUNJABI MAGGI","raw","jeera","15","jeera_gm_reciepe","5","gm","1","5","0.3200","1.6000","","","","","67.8000","67.8000","1","","",""
"line_detail","D166","PUNJABI MAGGI","raw","jeera","15","jeera_gm_reciepe","5","gm","1","5","0.3200","1.6000","","","","","67.8000","67.8000","1","","",""
"line_detail","D166","PUNJABI MAGGI","raw","jeera","15","jeera_gm_reciepe","5","gm","1","5","0.3200","1.6000","","","","","67.8000","67.8000","1","","",""
"line_detail","D166","PUNJABI MAGGI","raw","jeera","15","jeera_gm_reciepe","5","gm","1","5","0.3200","1.6000","","","","","67.8000","67.8000","1","","",""
"line_detail","D166","PUNJABI MAGGI","raw","jeera","15","jeera_gm_reciepe","5","gm","1","5","0.3200","1.6000","","","","","67.8000","67.8000","1","","",""
"line_detail","D166","PUNJABI MAGGI","raw","jeera","15","jeera_gm_reciepe","5","gm","1","5","0.3200","1.6000","","","","","67.8000","67.8000","1","","",""
"line_detail","D166","PUNJABI MAGGI","raw","kitchen king","13","kitchen king_gm_reciepe","5","gm","1","5","0.1840","0.9200","","","","","67.8000","67.8000","1","","",""
"line_detail","D166","PUNJABI MAGGI","raw","kitchen king","13","kitchen king_gm_reciepe","5","gm","1","5","0.1840","0.9200","","","","","67.8000","67.8000","1","","",""
"line_detail","D166","PUNJABI MAGGI","raw","kitchen king","13","kitchen king_gm_reciepe","5","gm","1","5","0.1840","0.9200","","","","","67.8000","67.8000","1","","",""
"line_detail","D166","PUNJABI MAGGI","raw","kitchen king","13","kitchen king_gm_reciepe","5","gm","1","5","0.1840","0.9200","","","","","67.8000","67.8000","1","","",""
"line_detail","D166","PUNJABI MAGGI","raw","kitchen king","13","kitchen king_gm_reciepe","5","gm","1","5","0.1840","0.9200","","","","","67.8000","67.8000","1","","",""
"line_detail","D166","PUNJABI MAGGI","raw","kitchen king","13","kitchen king_gm_reciepe","5","gm","1","5","0.1840","0.9200","","","","","67.8000","67.8000","1","","",""
"line_detail","D166","PUNJABI MAGGI","raw","kitchen king","13","kitchen king_gm_reciepe","5","gm","1","5","0.1840","0.9200","","","","","67.8000","67.8000","1","","",""
"line_detail","D166","PUNJABI MAGGI","raw","kitchen king","13","kitchen king_gm_reciepe","5","gm","1","5","0.1840","0.9200","","","","","67.8000","67.8000","1","","",""
"line_detail","D166","PUNJABI MAGGI","raw","kitchen king","13","kitchen king_gm_reciepe","5","gm","1","5","0.1840","0.9200","","","","","67.8000","67.8000","1","","",""
"line_detail","D166","PUNJABI MAGGI","raw","kitchen king","13","kitchen king_gm_reciepe","5","gm","1","5","0.1840","0.9200","","","","","67.8000","67.8000","1","","",""
"line_detail","D166","PUNJABI MAGGI","raw","kitchen king","13","kitchen king_gm_reciepe","5","gm","1","5","0.1840","0.9200","","","","","67.8000","67.8000","1","","",""
"line_detail","D166","PUNJABI MAGGI","raw","kitchen king","13","kitchen king_gm_reciepe","5","gm","1","5","0.1840","0.9200","","","","","67.8000","67.8000","1","","",""
"line_detail","D166","PUNJABI MAGGI","raw","lal mirch","110","lal mirch_gm_reciepe","5","gm","1","5","","","","","","","67.8000","67.8000","1","","",""
"line_detail","D166","PUNJABI MAGGI","raw","lal mirch","110","lal mirch_gm_reciepe","5","gm","1","5","","","","","","","67.8000","67.8000","1","","",""
"line_detail","D166","PUNJABI MAGGI","raw","lal mirch","110","lal mirch_gm_reciepe","5","gm","1","5","","","","","","","67.8000","67.8000","1","","",""
"line_detail","D166","PUNJABI MAGGI","raw","lal mirch","110","lal mirch_gm_reciepe","5","gm","1","5","","","","","","","67.8000","67.8000","1","","",""
"line_detail","D166","PUNJABI MAGGI","raw","lal mirch","110","lal mirch_gm_reciepe","5","gm","1","5","","","","","","","67.8000","67.8000","1","","",""
"line_detail","D166","PUNJABI MAGGI","raw","lal mirch","110","lal mirch_gm_reciepe","5","gm","1","5","","","","","","","67.8000","67.8000","1","","",""
"line_detail","D166","PUNJABI MAGGI","raw","maggi","67","maggi_gm_reciepe","70","gm","1","70","","","","","","","67.8000","67.8000","1","","",""
"line_detail","D166","PUNJABI MAGGI","raw","maggi","67","maggi_gm_reciepe","70","gm","1","70","","","","","","","67.8000","67.8000","1","","",""
"line_detail","D166","PUNJABI MAGGI","raw","maggi","67","maggi_gm_reciepe","70","gm","1","70","","","","","","","67.8000","67.8000","1","","",""
"line_detail","D166","PUNJABI MAGGI","raw","maggi","67","maggi_gm_reciepe","70","gm","1","70","","","","","","","67.8000","67.8000","1","","",""
"line_detail","D166","PUNJABI MAGGI","raw","maggi","67","maggi_gm_reciepe","70","gm","1","70","","","","","","","67.8000","67.8000","1","","",""
"line_detail","D166","PUNJABI MAGGI","raw","maggi","67","maggi_gm_reciepe","70","gm","1","70","","","","","","","67.8000","67.8000","1","","",""
"line_detail","D166","PUNJABI MAGGI","raw","maggi","67","maggi_gm_reciepe","70","gm","1","70","","","","","","","67.8000","67.8000","1","","",""
"line_detail","D166","PUNJABI MAGGI","raw","maggi","67","maggi_gm_reciepe","70","gm","1","70","","","","","","","67.8000","67.8000","1","","",""
"line_detail","D166","PUNJABI MAGGI","raw","maggi","67","maggi_gm_reciepe","70","gm","1","70","","","","","","","67.8000","67.8000","1","","",""
"line_detail","D166","PUNJABI MAGGI","raw","maggi masala","66","maggi masala_gm_reciepe","6","gm","1","6","0.5800","3.4800","","","","","67.8000","67.8000","1","","",""
"line_detail","D166","PUNJABI MAGGI","raw","maggi masala","66","maggi masala_gm_reciepe","6","gm","1","6","0.5800","3.4800","","","","","67.8000","67.8000","1","","",""
"line_detail","D166","PUNJABI MAGGI","raw","maggi masala","66","maggi masala_gm_reciepe","6","gm","1","6","0.5800","3.4800","","","","","67.8000","67.8000","1","","",""
"line_detail","D166","PUNJABI MAGGI","raw","oil tin","7","oil tin_gm_reciepe","25","gm","1","25","","","","","","","67.8000","67.8000","1","","",""
"line_detail","D166","PUNJABI MAGGI","raw","oil tin","7","oil tin_gm_reciepe","25","gm","1","25","","","","","","","67.8000","67.8000","1","","",""
"line_detail","D166","PUNJABI MAGGI","raw","oil tin","7","oil tin_gm_reciepe","25","gm","1","25","","","","","","","67.8000","67.8000","1","","",""
"dish_summary","D166","PUNJABI MAGGI","","","","PUNJABI MAGGI_1_portion","","","","","","67.8000","standard","false","PUNJABI MAGGI_1_portion","","67.8000","67.8000","1","0","88","0"
"line_detail","D176","COCKTAIL NOODLES","raw","Garlic","V10","Garlic_gm_reciepe","10","gm","1","10","","","","","","","0.0000","0.0000","1","","",""
"line_detail","D176","COCKTAIL NOODLES","raw","Garlic","V10","Garlic_gm_reciepe","10","gm","1","10","","","","","","","0.0000","0.0000","1","","",""
"line_detail","D176","COCKTAIL NOODLES","raw","Garlic","V10","Garlic_gm_reciepe","10","gm","1","10","","","","","","","0.0000","0.0000","1","","",""
"line_detail","D176","COCKTAIL NOODLES","raw","Garlic","V10","Garlic_gm_reciepe","10","gm","1","10","","","","","","","0.0000","0.0000","1","","",""
"line_detail","D176","COCKTAIL NOODLES","raw","Ginger","V3","Ginger_gm_reciepe","5","gm","1","5","","","","","","","0.0000","0.0000","1","","",""
"line_detail","D176","COCKTAIL NOODLES","raw","Ginger","V3","Ginger_gm_reciepe","5","gm","1","5","","","","","","","0.0000","0.0000","1","","",""
"line_detail","D176","COCKTAIL NOODLES","raw","Ginger","V3","Ginger_gm_reciepe","5","gm","1","5","","","","","","","0.0000","0.0000","1","","",""
"line_detail","D176","COCKTAIL NOODLES","raw","Ginger","V3","Ginger_gm_reciepe","5","gm","1","5","","","","","","","0.0000","0.0000","1","","",""
"line_detail","D176","COCKTAIL NOODLES","raw","Green Chilli","V2","Green Chilli_gm_reciepe","5","gm","1","5","","","","","","","0.0000","0.0000","1","","",""
"line_detail","D176","COCKTAIL NOODLES","raw","Green Chilli","V2","Green Chilli_gm_reciepe","5","gm","1","5","","","","","","","0.0000","0.0000","1","","",""
"line_detail","D176","COCKTAIL NOODLES","raw","Green Chilli","V2","Green Chilli_gm_reciepe","5","gm","1","5","","","","","","","0.0000","0.0000","1","","",""
"line_detail","D176","COCKTAIL NOODLES","raw","Green Chilli","V2","Green Chilli_gm_reciepe","5","gm","1","5","","","","","","","0.0000","0.0000","1","","",""
"line_detail","D176","COCKTAIL NOODLES","raw","Onion","V11","Onion_gm_reciepe","15","gm","1","15","","","","","","","0.0000","0.0000","1","","",""
"line_detail","D176","COCKTAIL NOODLES","raw","Onion","V11","Onion_gm_reciepe","15","gm","1","15","","","","","","","0.0000","0.0000","1","","",""
"line_detail","D176","COCKTAIL NOODLES","raw","Onion","V11","Onion_gm_reciepe","15","gm","1","15","","","","","","","0.0000","0.0000","1","","",""
"line_detail","D176","COCKTAIL NOODLES","raw","Onion","V11","Onion_gm_reciepe","15","gm","1","15","","","","","","","0.0000","0.0000","1","","",""
"dish_summary","D176","COCKTAIL NOODLES","","","","COCKTAIL NOODLES_1_portion","","","","","","0.0000","standard","false","COCKTAIL NOODLES_1_portion","","0.0000","0.0000","1","4","16","0"
"line_detail","D182","CHILLY MUSHROOM","raw","mushroom","24","mushroom_gm_reciepe","100","gm","1","100","","","","","","","0.0000","0.0000","1","","",""
"line_detail","D182","CHILLY MUSHROOM","raw","mushroom","24","mushroom_gm_reciepe","100","gm","1","100","","","","","","","0.0000","0.0000","1","","",""
"line_detail","D182","CHILLY MUSHROOM","raw","mushroom","24","mushroom_gm_reciepe","100","gm","1","100","","","","","","","0.0000","0.0000","1","","",""
"dish_summary","D182","CHILLY MUSHROOM","","","","CHILLY MUSHROOM_1_portion","","","","","","0.0000","standard","false","CHILLY MUSHROOM_1_portion","","0.0000","0.0000","1","2","3","0"
"line_detail","D185","PANEER SCHEZWAN FRIED RICE","raw","PANEER","D3","PANEER_gm_reciepe","50","","","","","","","","","","0.0000","0.0000","1","","",""
"line_detail","D185","PANEER SCHEZWAN FRIED RICE","raw","schezwan sauce","41","schezwan sauce_gm_reciepe","50","gm","1","50","","","","","","","0.0000","0.0000","1","","",""
"line_detail","D185","PANEER SCHEZWAN FRIED RICE","raw","schezwan sauce","41","schezwan sauce_gm_reciepe","50","gm","1","50","","","","","","","0.0000","0.0000","1","","",""
"line_detail","D185","PANEER SCHEZWAN FRIED RICE","raw","schezwan sauce","41","schezwan sauce_gm_reciepe","50","gm","1","50","","","","","","","0.0000","0.0000","1","","",""
"line_detail","D185","PANEER SCHEZWAN FRIED RICE","raw","schezwan sauce","41","schezwan sauce_gm_reciepe","50","gm","1","50","","","","","","","0.0000","0.0000","1","","",""
"line_detail","D185","PANEER SCHEZWAN FRIED RICE","raw","schezwan sauce","41","schezwan sauce_gm_reciepe","50","gm","1","50","","","","","","","0.0000","0.0000","1","","",""
"line_detail","D185","PANEER SCHEZWAN FRIED RICE","raw","schezwan sauce","41","schezwan sauce_gm_reciepe","50","gm","1","50","","","","","","","0.0000","0.0000","1","","",""
"dish_summary","D185","PANEER SCHEZWAN FRIED RICE","","","","PANEER SCHEZWAN FRIED RICE_1_portion","","","","","","0.0000","standard","false","PANEER SCHEZWAN FRIED RICE_1_portion","","0.0000","0.0000","1","3","7","0"
"line_detail","D191","KITKAT SHAKE","raw","CHOCO CHIPS","82B","CHOCO CHIPS_gm_reciepe","10","gm","1","10","","","","","","","272.2500","272.2500","1","","",""
"line_detail","D191","KITKAT SHAKE","raw","CHOCO CHIPS","82B","CHOCO CHIPS_gm_reciepe","10","gm","1","10","","","","","","","272.2500","272.2500","1","","",""
"line_detail","D191","KITKAT SHAKE","raw","CHOCO CHIPS","82B","CHOCO CHIPS_gm_reciepe","10","gm","1","10","","","","","","","272.2500","272.2500","1","","",""
"line_detail","D191","KITKAT SHAKE","raw","CHOCOLATE SYRUP","55","CHOCOLATE SYRUP_gm_reciepe","15","gm","1","15","","","","","","","272.2500","272.2500","1","","",""
"line_detail","D191","KITKAT SHAKE","raw","CHOCOLATE SYRUP","55","CHOCOLATE SYRUP_gm_reciepe","15","gm","1","15","","","","","","","272.2500","272.2500","1","","",""
"line_detail","D191","KITKAT SHAKE","raw","CHOCOLATE SYRUP","55","CHOCOLATE SYRUP_gm_reciepe","15","gm","1","15","","","","","","","272.2500","272.2500","1","","",""
"line_detail","D191","KITKAT SHAKE","raw","ICE CREAM CHOCOLATE","100","ICE CREAM CHOCOLATE_gm_reciepe","165","gm","1","165","0.5500","90.7500","","","","","272.2500","272.2500","1","","",""
"line_detail","D191","KITKAT SHAKE","raw","ICE CREAM CHOCOLATE","100","ICE CREAM CHOCOLATE_gm_reciepe","165","gm","1","165","0.5500","90.7500","","","","","272.2500","272.2500","1","","",""
"line_detail","D191","KITKAT SHAKE","raw","ICE CREAM CHOCOLATE","100","ICE CREAM CHOCOLATE_gm_reciepe","165","gm","1","165","0.5500","90.7500","","","","","272.2500","272.2500","1","","",""
"line_detail","D191","KITKAT SHAKE","raw","KIT KAT CHOCOLATE","29B","KIT KAT CHOCOLATE_gm_reciepe","2","gm","1","2","","","","","","","272.2500","272.2500","1","","",""
"line_detail","D191","KITKAT SHAKE","raw","KIT KAT CHOCOLATE","29B","KIT KAT CHOCOLATE_gm_reciepe","2","gm","1","2","","","","","","","272.2500","272.2500","1","","",""
"line_detail","D191","KITKAT SHAKE","raw","KIT KAT CHOCOLATE","29B","KIT KAT CHOCOLATE_gm_reciepe","2","gm","1","2","","","","","","","272.2500","272.2500","1","","",""
"line_detail","D191","KITKAT SHAKE","raw","MILK","D1","MILK_gm_reciepe","25","","","","","","","","","","272.2500","272.2500","1","","",""
"dish_summary","D191","KITKAT SHAKE","","","","KITKAT SHAKE_1_portion","","","","","","272.2500","standard","false","KITKAT SHAKE_1_portion","","272.2500","272.2500","1","0","10","0"
"line_detail","P11","PROCESSED GULAB JAMUN","raw","GULAB JAMUN","28A","GULAB JAMUN_gm_reciepe","1000","gm","1","1000","","","","","","","10.3125","825.0000","80.0000000000000000","","",""
"line_detail","P11","PROCESSED GULAB JAMUN","raw","GULAB JAMUN","28A","GULAB JAMUN_gm_reciepe","1000","gm","1","1000","","","","","","","10.3125","825.0000","80.0000000000000000","","",""
"line_detail","P11","PROCESSED GULAB JAMUN","raw","GULAB JAMUN","28A","GULAB JAMUN_gm_reciepe","1000","gm","1","1000","","","","","","","10.3125","825.0000","80.0000000000000000","","",""
"line_detail","P11","PROCESSED GULAB JAMUN","raw","MILK","D1","MILK_gm_reciepe","500","","","","","","","","","","10.3125","825.0000","80.0000000000000000","","",""
"line_detail","P11","PROCESSED GULAB JAMUN","raw","oil tin","7","oil tin_gm_reciepe","3000","gm","1","3000","","","","","","","10.3125","825.0000","80.0000000000000000","","",""
"line_detail","P11","PROCESSED GULAB JAMUN","raw","oil tin","7","oil tin_gm_reciepe","3000","gm","1","3000","","","","","","","10.3125","825.0000","80.0000000000000000","","",""
"line_detail","P11","PROCESSED GULAB JAMUN","raw","oil tin","7","oil tin_gm_reciepe","3000","gm","1","3000","","","","","","","10.3125","825.0000","80.0000000000000000","","",""
"line_detail","P11","PROCESSED GULAB JAMUN","raw","sugar","6","sugar_gm_reciepe","5000","gm","1","5000","0.0550","275.0000","","","","","10.3125","825.0000","80.0000000000000000","","",""
"line_detail","P11","PROCESSED GULAB JAMUN","raw","sugar","6","sugar_gm_reciepe","5000","gm","1","5000","0.0550","275.0000","","","","","10.3125","825.0000","80.0000000000000000","","",""
"line_detail","P11","PROCESSED GULAB JAMUN","raw","sugar","6","sugar_gm_reciepe","5000","gm","1","5000","0.0550","275.0000","","","","","10.3125","825.0000","80.0000000000000000","","",""
"dish_summary","P11","PROCESSED GULAB JAMUN","","","","PROCESSED GULAB JAMUN_1_portion","80","piece","1","","","825.0000","standard","false","PROCESSED GULAB JAMUN_1_portion","","10.3125","825.0000","80.0000000000000000","0","7","0"
"line_detail","P4","TOMATO GREAVY","raw","BADI ELAICHI","33A","","30","","","","","","","","","","0.0280","615.0000","22000.000000000000","","",""
"line_detail","P4","TOMATO GREAVY","raw","Bay leaves","BL1","","50","","","","","","","","","","0.0280","615.0000","22000.000000000000","","",""
"line_detail","P4","TOMATO GREAVY","raw","Capsicum","V1","Capsicum_gm_reciepe","35","gm","1","35","","","","","","","0.0280","615.0000","22000.000000000000","","",""
"line_detail","P4","TOMATO GREAVY","raw","Capsicum","V1","Capsicum_gm_reciepe","35","gm","1","35","","","","","","","0.0280","615.0000","22000.000000000000","","",""
"line_detail","P4","TOMATO GREAVY","raw","Capsicum","V1","Capsicum_gm_reciepe","35","gm","1","35","","","","","","","0.0280","615.0000","22000.000000000000","","",""
"line_detail","P4","TOMATO GREAVY","raw","Capsicum","V1","Capsicum_gm_reciepe","35","gm","1","35","","","","","","","0.0280","615.0000","22000.000000000000","","",""
"line_detail","P4","TOMATO GREAVY","raw","HARI ELAICHI","33B","","30","","","","","","","","","","0.0280","615.0000","22000.000000000000","","",""
"line_detail","P4","TOMATO GREAVY","raw","MACE (JAVITRI)","B5","","30","","","","","","","","","","0.0280","615.0000","22000.000000000000","","",""
"line_detail","P4","TOMATO GREAVY","raw","MAGAJ","20","MAGAJ_gm_reciepe","250","gm","1","250","0.6800","170.0000","","","","","0.0280","615.0000","22000.000000000000","","",""
"line_detail","P4","TOMATO GREAVY","raw","MAGAJ","20","MAGAJ_gm_reciepe","250","gm","1","250","0.6800","170.0000","","","","","0.0280","615.0000","22000.000000000000","","",""
"line_detail","P4","TOMATO GREAVY","raw","MAGAJ","20","MAGAJ_gm_reciepe","250","gm","1","250","0.6800","170.0000","","","","","0.0280","615.0000","22000.000000000000","","",""
"line_detail","P4","TOMATO GREAVY","raw","SAUNF","103","","50","","","","","","","","","","0.0280","615.0000","22000.000000000000","","",""
"line_detail","P4","TOMATO GREAVY","raw","STARFOOL","31A","STARFOOL_gm_reciepe","35","gm","1","35","","","","","","","0.0280","615.0000","22000.000000000000","","",""
"line_detail","P4","TOMATO GREAVY","raw","STARFOOL","31A","STARFOOL_gm_reciepe","35","gm","1","35","","","","","","","0.0280","615.0000","22000.000000000000","","",""
"line_detail","P4","TOMATO GREAVY","raw","STARFOOL","31A","STARFOOL_gm_reciepe","35","gm","1","35","","","","","","","0.0280","615.0000","22000.000000000000","","",""
"line_detail","P4","TOMATO GREAVY","raw","Tomato","V18","Tomato_gm_reciepe","25","gm","1","25","","","","","","","0.0280","615.0000","22000.000000000000","","",""
"line_detail","P4","TOMATO GREAVY","raw","Tomato","V18","Tomato_gm_reciepe","25","gm","1","25","","","","","","","0.0280","615.0000","22000.000000000000","","",""
"line_detail","P4","TOMATO GREAVY","raw","Tomato","V18","Tomato_gm_reciepe","25","gm","1","25","","","","","","","0.0280","615.0000","22000.000000000000","","",""
"line_detail","P4","TOMATO GREAVY","raw","Tomato","V18","Tomato_gm_reciepe","25","gm","1","25","","","","","","","0.0280","615.0000","22000.000000000000","","",""
"line_detail","P4","TOMATO GREAVY","raw","chilly powder","10","chilly powder_gm_reciepe","100","gm","1","100","0.3500","35.0000","","","","","0.0280","615.0000","22000.000000000000","","",""
"line_detail","P4","TOMATO GREAVY","raw","chilly powder","10","chilly powder_gm_reciepe","100","gm","1","100","0.3500","35.0000","","","","","0.0280","615.0000","22000.000000000000","","",""
"line_detail","P4","TOMATO GREAVY","raw","chilly powder","10","chilly powder_gm_reciepe","100","gm","1","100","0.3500","35.0000","","","","","0.0280","615.0000","22000.000000000000","","",""
"line_detail","P4","TOMATO GREAVY","raw","kaju","22A","kaju_gm_reciepe","250","gm","1","250","","","","","","","0.0280","615.0000","22000.000000000000","","",""
"line_detail","P4","TOMATO GREAVY","raw","kaju","22A","kaju_gm_reciepe","250","gm","1","250","","","","","","","0.0280","615.0000","22000.000000000000","","",""
"line_detail","P4","TOMATO GREAVY","raw","kaju","22A","kaju_gm_reciepe","250","gm","1","250","","","","","","","0.0280","615.0000","22000.000000000000","","",""
"line_detail","P4","TOMATO GREAVY","raw","lal mirch","110","lal mirch_gm_reciepe","100","gm","1","100","","","","","","","0.0280","615.0000","22000.000000000000","","",""
"line_detail","P4","TOMATO GREAVY","raw","lal mirch","110","lal mirch_gm_reciepe","100","gm","1","100","","","","","","","0.0280","615.0000","22000.000000000000","","",""
"line_detail","P4","TOMATO GREAVY","raw","lal mirch","110","lal mirch_gm_reciepe","100","gm","1","100","","","","","","","0.0280","615.0000","22000.000000000000","","",""
"line_detail","P4","TOMATO GREAVY","raw","oil tin","7","oil tin_gm_reciepe","3000","gm","1","3000","","","","","","","0.0280","615.0000","22000.000000000000","","",""
"line_detail","P4","TOMATO GREAVY","raw","oil tin","7","oil tin_gm_reciepe","3000","gm","1","3000","","","","","","","0.0280","615.0000","22000.000000000000","","",""
"line_detail","P4","TOMATO GREAVY","raw","oil tin","7","oil tin_gm_reciepe","3000","gm","1","3000","","","","","","","0.0280","615.0000","22000.000000000000","","",""
"dish_summary","P4","TOMATO GREAVY","","","","TOMATO GREAVY_1_portion","22000","gm","1","","","615.0000","standard","false","TOMATO GREAVY_1_portion","","0.0280","615.0000","22000.000000000000","0","25","0"